Mixture	B cells naive	B cells memory	Plasma cells	T cells CD8	T cells CD4 naive	T cells CD4 memory resting	T cells CD4 memory activated	T cells follicular helper	T cells regulatory (Tregs)	T cells gamma delta	NK cells resting	NK cells activated	Monocytes	Macrophages M0	Macrophages M1	Macrophages M2	Dendritic cells resting	Dendritic cells activated	Mast cells resting	Mast cells activated	Eosinophils	Neutrophils	P-value	Correlation	RMSE	Absolute score (sig.score)
BS_00FD2KMP	0.0603753432642787	0	0	0.285046761427508	0.146507105077958	0	0	0.364281245128226	0	0	0	0.126296351261882	0.952347054296985	0	0	1.54585060574316	0	0	0	0.426282098099431	0	0	0.62	-0.0037241762335856	1.10178575609389	3.90698656429942
BS_028YFYJ6	0	0.463138613395232	0	0.274262903062553	0	1.25564217109935	0	0.07599193319034	0	0	0.383931690040151	0.166346740953752	0.678537516115548	0	0	2.57267098113689	0	0.0277077416365497	0.437739870563971	0	0.0123279208765163	0.025387138658509	0.03	0.181047841729424	1.01068013203829	6.37368522072937
BS_052PZFMK	0	0	0.00772210074779814	0.147159453639517	0	0.382228681306783	0	0.173537789581523	0	0	0	0.175191563759193	0.00536506029379885	0	0	1.38435142603691	0	0	0.412267088692686	0	0	0.0130981411241363	0.72	-0.0109845202535701	1.10139749367265	2.70092130518234
BS_056Q8577	0.00672190723526207	0	0	0	0	0.390673247694985	0	1.9211333489647	0	0	0	0.836000838605906	1.92131596852923	0	0.197674990033181	7.14709064499637	0	0	0.108279076011562	0	1.27074529462746	0	0.41	0.0357757669839337	1.09105156042953	13.7996353166987
BS_08ST21QE	0.0592752238922202	0.165510744108149	0	0.255093958065275	0	0.0883838145155564	0	0.0401607161774761	0	0	0	0	0.326919625236902	0.0498949093545686	0.0642581302404835	3.36956948183899	0	0	0.0145483004187757	0	0	0.0255405664011241	0.02	0.253576068355114	1.01948682247505	4.45915547024952
BS_0C7VZC0A	0.0566001752658524	0	0	0.0430038797180907	0	0.731324921606386	0	0.13208376165301	0.0526363852728067	0	0.199737675754453	0.174882661665416	0.163786475655206	0	0	1.06879989974205	0	0	0.313547773202171	0	0	0.0250551236699291	0.44	0.0279100746894442	1.07539111691409	2.96145873320537
BS_0S8E7590	0	0.0969030146601032	0	1.23157198322754	0	2.92108294157956	0	1.27000253768155	0	0	2.14412616090407	0.444616684718748	1.7012768034081	0.542754660082633	1.5647243051591	0	0	0	0.509980563444649	0	0	3.49785477891514	0.42	0.0347666039656482	1.10656253162981	15.9248944337812
BS_0VXZCRJS	0.106306426474977	0.0110787276564636	0	0.711533241467003	0	2.08921706332757	0	0.203860490974884	0.0705146386017926	0	1.37810555418081	0.280126592128778	1.37467109592121	0	0	2.41536392532375	0	0	1.34810810531145	0	0.0195208767158287	0.268215142913568	0.54	0.00794817923125065	1.08213885100424	10.2766218809981
BS_0XEBS3PG	0.0145160236145811	0.0497420761882076	0	0.0895238360058491	0	0.608604047612924	0	0	0	0	0.274054461144732	0	1.18974253418779	0	0.00560500969566338	1.08225865014463	0	0	0.284355060892691	0	0.0777401807834743	0.0197506341248509	0.15	0.0905684938858759	1.05439007190911	3.69589251439539
BS_0ZA67BBC	0	0.175180524012921	0.0364115696714367	0.0713641768668188	0	0.886204636567396	0	0.128880609563691	0	0	0.214905451700061	0.234884970631214	2.03511001338647	0	0	0.689671571328881	0	0.0143441289090957	0	2.2971312584144	0.109577115819016	0	0.01	0.264078050591532	1.00049195931645	6.8936660268714
BS_12G04QJM	0.0039249878469358	0	0	0.725320831662645	0	0	0	0.313369765754913	0.0660177708979064	0	0	0	0.0211292960361234	1.0583217320129	0.173669877626812	2.90612375073774	0.157738699072492	0	2.77848779685628	0	0	0.0394655490768216	0.24	0.0590160117532362	1.08424322032512	8.24357005758157
BS_17ZSMXFH	0.134379429112975	0.697917149128601	0.587072728193106	0.825152223317597	1.17313138394162	0.454491559156495	0	0	0	0	1.26127190596854	0	2.54305851560175	0.695852339363561	0	0	0	0	1.56379125897183	0	0	0.413094559067335	0.99	-0.0540160159145047	1.10015193480508	10.3492130518234
BS_1A6MQ9ZA	0	0	0.0148791451569027	0.0589332329080662	0.00111185608642434	0.00811774814624721	0	0.0400301766086134	0	0	0	0.0375473022249067	0	0.694198501869908	0.0294267287029857	1.6644542237838	0	0	0.335206159953689	0	0	0.490605481180338	0.13	0.101390785977511	1.09656915454691	3.37451055662188
BS_1D93Z575	0	0.00777811448977014	0	0.249922647318426	0	0.869607165543379	0	0.00261432271850298	0	0	0.252914342151943	0.475949984527773	1.51306420961889	0	0	3.51983491361731	0	0.0652832585969983	0	0.264115240960488	0	0.491833266867269	0.0600000000000001	0.140416491161867	1.04679471176438	7.71291746641075
BS_1EN5V3XW	0	0.0229638826586035	0	0.0409921448273095	0	0.333820516280992	0	0.204796310492336	0	0	0	0.298928540366071	0.315888975413431	0	0	1.62567434186118	0	0.00765164036342196	0	0.274120499943948	0	0	0.46	0.0168585758896001	1.10273529417336	3.12483685220729
BS_223BM91B	0	0.0711197463799222	0	0	0	3.68122728515594	0	0.217698459400011	0.0717861808526259	0	0.367783112784918	0	1.81893889909416	0	0.558305465915925	4.7458147463097	0	0	0	0.834579143434942	0.0134276028676508	0.190682121719743	0.03	0.174173522934397	1.01777872982537	12.5713627639155
BS_25HNKZ79	0.436316320331712	0	0.0329339940300764	0.122085835349576	0	0	0	0.0783432940542419	0	0	0.0136477897188157	0.0187401791704713	0.118132040421051	1.76855750596827	0.0745123708923003	5.21296352452947	0	0	0.786435091791211	0	0	0	0.01	0.334331174427015	0.972486110467259	8.6626679462572
BS_2853394H	0.0927194610864979	0	0	0.288629869935685	0	0	0	0.0952979916793664	0	0	0	0.0722997484464067	0.16746686300708	0	0	0.955681940441362	0	0	0	0.626019009326427	0.0466814723759922	0.309330323163754	0.99	-0.0694758000391223	1.14626123350793	2.65412667946257
BS_297H8BT4	0.0577680298569349	0.296807515694023	0	0.337738599776092	0	2.80874273478095	0	0.0833680623619212	0.0798556764217086	0	2.26848054412424	0.0326503430821559	1.90369602598935	0	0.0258858073100847	3.53726553253824	0	0.0348915655458531	0	0.780330152060302	0.15519024722856	0.212972157471434	0.44	0.026231415191776	1.0795253003086	12.6156429942418
BS_29X4ZX6Q	0	0.0438224160924141	0	0.262939344420347	0	0.362215065679787	0	0.0465978047405036	0.026504991910278	0	0.0304657627113699	0.0858298206102313	0.0708938775088	0.389334293014106	0.00343817405454368	0.545908176658052	0	0	0.491512844576535	0	0	0	0.43	0.0289989646748156	1.07480286998634	2.35946257197697
BS_2A5R9MEJ	0.00862253055890925	0.00458352806622033	0	0.0558978553860128	0	0.589383791891164	0	0.130783790482373	0.0319535285810008	0	0.223640065215818	0.150927970911265	0.119902702479047	0	0	0.262874126649782	0	0.00611620917592557	0.357721179176762	0	0	0.0644065410034548	0.98	-0.0470768783909143	1.1209012431697	2.00681381957774
BS_2ARXK0TD	0.581885759507626	0	0.926076717797052	0	0	0.80263867794723	0	1.79098804224485	0	0	0.266746326106444	0	2.66083173271909	0	0	4.70798361360596	0	0.363838099842167	0	0	3.20117278763781	2.25870196620023	0.14	0.0951979637828283	1.05576709940504	17.5608637236084
BS_2AV1H5TV	0	0.115150686688408	0	0.0296158903667821	0	0.156954644372416	0	0.020810075926676	0	0	0	0.0920971353965745	0.329674568716281	0	0	0.489889778456103	0.0031256672314658	0	0.3905011336895	0	0	0.0381305151250839	0.23	0.0622918563467453	1.06012006819789	1.66595009596929
BS_2DMBCHNF	0.0488164496982135	0.162764616669908	0	0	0.0657561417808619	0.781113562279616	0	0.257338198232837	0	0.760636822726517	0	1.25624432101537	1.1554799217735	0.453887661268757	0.032056035410083	6.95892121277506	0	0	0	0.118779611866137	0	0.676343640280492	0.17	0.0832746951348882	1.08263965941871	12.7281381957774
BS_2EN3X6HB	0.0252029283709541	0	0.00915567136348635	0.194882535108982	0	1.17529823765874	0	0.100285184056822	0	0	0.0633765118458143	0.389538606496788	0.614982856789564	0	0.00199027941900152	1.32143591255798	0	0.0129917253831483	0	0.114796540516664	0	0.059345160144148	0.25	0.0557242146135915	1.07322661827056	4.08328214971209
BS_2FEZWH1F	0	0.388411447305012	0	1.1049033308457	0	0.346657290340015	0.326980318215136	0.289107141258971	0.16810160126108	0	0.769236070271371	0	0	1.01174111469198	0	13.3672725642327	0.0826600987933253	0	0	1.32086828502044	0	0.955327532389952	0.13	0.103949934706428	1.08572861810621	20.1312667946257
BS_2HNXVFAS	0.019967783954403	0.134282205849109	0.0255537894343003	0.125559297726567	0	1.29758405513762	0	0.184766813318434	0.173247622997979	0	0.394694318598847	0.0540013429259435	0.246962762861439	0.459386193316372	0.0365170567276378	1.48547341412148	0	0	0.0761684102083709	0	0	0	0.19	0.0690961629138207	1.06318661781934	4.7141650671785
BS_2JH1QMT1	0.00259336933114482	0.159923306162924	0	0.30262349055455	0	0.437033263853874	0	0.19808320431689	0.125168073640526	0	0.0562259793755771	0	0.314363436008008	0	0.0257588781066929	3.29985273877371	0	0	0.463673483758059	0	0.0061390871802619	0.0205194624502584	0.02	0.192211046643791	1.02342291291396	5.41195777351248
BS_2JP7RBMB	0.0771611763970127	0.225935851615966	0.0646190971528937	0.146064807170458	0	0.834502439091501	0	0.141211689852653	0.0367580883226788	0	0.671217353177809	0.0199573780409803	0.31948586753988	0.505140072291972	0	2.39412128611148	0	0	0.903071746020209	0	0	0.124707081955395	0.0600000000000001	0.149778073331583	1.02264144170096	6.46395393474088
BS_2K01T8K6	0.0225809135878965	0.17629412375792	0	0.473028885869112	0	4.17450157586703	0	1.85179040929955	0.0671737531057923	0	0.296610029555462	0.692081540191396	1.59059683318111	3.91380030804345	0.009688036495238	2.17201843127555	0	0	0.542172100664944	0	0.0760456864936085	0.164323706585081	0.14	0.0982704035846777	1.05613007228162	16.2227063339731
BS_2PDS3MSS	0	0.119683040622268	0	1.17491649137999	0	0.0307516301579763	0	0.298482144370616	0	0	0.209940767879144	0	1.74360854553377	0	0.0161320187945334	3.36149495819069	0	0	0	0	0	0	0.01	0.326954933093242	0.957581782216463	6.95500959692898
BS_2T5PJAW8	0.0661604360726762	0	0.00497299657055491	0.00868507674362007	0	0.35502486419744	0	0.0009140161768942	0	0	0	0.224194744304245	0.939994786089957	0	0.0634373077117017	1.09195226713025	0	0	0	0.230871080929518	0	0.238571694706542	0.01	0.295851864041285	0.972630949715046	3.2247792706334
BS_2WANPFBJ	0.0479672677001629	0.0131013190670176	0	0	0	2.74702584898874	0	0.304217898955692	0	0	0.770929311384044	0.184403488046161	1.08033411331073	0	0.0054379924285527	5.67783340915081	0.0138972633076752	0	0	0.00139190017751545	0.40248910090691	0.16945477179673	0.0600000000000001	0.145589291027077	1.03785130575936	11.4184836852207
BS_30F3Z9FS	0.11828528465082	0	0	0	0	1.37868090528242	0	0.898741464459065	0	0	0.779643190877526	0.591885715051387	5.43442346553371	0	0.0293997901519625	4.73920645882862	0	0.00503016868702451	1.58909894995155	0	0	0	0.37	0.0400646887505278	1.08025936445649	15.5643953934741
BS_30VC3R2Q	0.0475722161670155	0	0	0.188193980525885	0	1.46522481968259	0	0.261291079825863	0.172363598178901	0	0.0652863271687311	0.258778714367383	0.407698068830133	0.273812966438908	0.0032271004437444	0.739274506755405	0	0	0.058035010440411	0	0.000850370731515907	0.121347094570195	0.43	0.0317825671445609	1.08961898235009	4.06295585412668
BS_30YWQ3FY	0.0634069250735088	0.174228158403379	0	0	0	0.908596137139844	0	0.758399248861637	0	0	0.563629697634724	0	3.78092458242012	0.503026856366526	0	0.467075446153957	0	0.0211686355950851	0	0.923820982073077	0.711925261851469	5.54671553483742	0.02	0.215169132028548	1.06684046781525	14.4229174664107
BS_31MBRWC4	0.630191121680465	0	0.0402665180738666	0.621143121302342	0	1.40363651526487	0	1.48988221909401	0	0	0	0.415582507248858	3.36236187443199	1.96425681007545	0.0610613630698533	4.47506664537359	0	0	0.146697644851871	0	1.37119386132059	0.264494731033747	0.19	0.0719607460968296	1.06065691841502	16.2458349328215
BS_333KCNDP	0.036074220430306	0.819229732899706	1.54937917633228	2.10122601098299	0	6.34569227999326	0.300162215953516	2.11878015587699	0	0	1.30085321101889	0	5.69047453699131	3.64780139827584	0.210677675445941	6.57470111565451	0.066384146834625	0	0	2.42743649602787	1.14196103122287	1.62302456151015	0.13	0.100809062367998	1.03943392413584	35.9538579654511
BS_399RPKC9	0.0342153074485223	0	0	0.0618933832241688	0	0.32609075851447	0	0.0993892865642458	0.00236159118814581	0	0.173703150016815	0.0541371987947321	0.548368140658426	0	0	0.717136415839318	0	0.0177620799559736	0	0.0594225674378752	0.0070268289874029	0.0260940591242228	0.19	0.0707436220051099	1.06422738073127	2.12760076775432
BS_3AC3SRWH	0	0.0901650291999963	0.00338298157368651	0.00273343895310898	0	0.0728706167612293	0	0	0	0	0.0224193001837345	0.00791834786749721	0.215548795087774	0	0	0.200836834698417	0	0.00393489162881541	0.0123586699958367	0	0	0	0.17	0.0806306861976823	1.06426767304013	0.632168905950096
BS_3MS8WVNR	0.313763263151948	0	0.0826537048873585	0	0.00247214020422344	0.240746142926819	0	0.0685906693819429	0	0	0	0.132148709937063	0.109346798274862	0	0.00921256212687743	0.972206954992282	0	0.00143874891067943	0.245168309588998	0	0	0.0125782912023594	0.5	0.0120752514433687	1.08159523077226	2.19032629558541
BS_3ZPJAK9A	0	0.489914255312867	0	0.0375245593486511	0	0.806906629533983	0	0	0	0	0.318580343995195	0	0.15269014989436	0.249206175252403	0	0.155347936647646	0	0	0.69719532873309	0	0	0.532519458134011	0.97	-0.0452381789584096	1.10182685619731	3.43988483685221
BS_45J79YTF	0	0.0663092285751096	0	0.298045122811677	0	0.464578636618919	0	0.0517884749580458	0	0	0.187632679622023	0.116736306282062	0.261900466179537	0	0	1.43982481272364	0	0.0246219890812428	0.266237981481743	0	0	0.0270459907255022	0.75	-0.0142308067000677	1.09536525598383	3.2047216890595
BS_49BQS7Z6	0.00277209876470464	0.0149494457640446	0	0.0451946139324642	0	0.663811926346388	0	0.109182811492555	0.0839639118576518	0	0.227368003307632	0.0502017934445624	0.17058717511824	0	0	0.733420875773035	0	0.00386984312373865	0.0588165983736213	0	0.00049443570492244	0.0384374842709114	0.2	0.0644142819585103	1.06859094542277	2.20307101727447
BS_49CJNZ06	0.00906963351767879	0	0	0.152693956254005	0	0.520931947840304	0	0.389122270057072	0.0194700023984999	0	0.448038081857184	0.215089200548391	1.17423852792213	0.225369579986194	0	2.83184957370803	0	0	0	0.504417646718673	0.567575786227752	0.242498476265423	0.24	0.0586611823196816	1.07163680007343	7.30036468330134
BS_4B0BAVTX	0.0612549730309791	0.0728929088637141	0	0.024896042024327	0	0.287265426310956	0	0.24368810232151	0	0	0	0.335646915534893	0.775256970653952	0	0.10645247416542	3.58074728890657	0	0	0	0.53266716054216	0	0.0608824094305479	0.34	0.04553248434371	1.10206714571145	6.08165067178503
BS_4BM3F6XJ	0	0.658750203280093	0.132152137022257	1.30188495721036	0	1.98800128326839	0	0.216084511654554	0.215981519177076	0	0	0.255694936209315	0.641807619119561	0.576379371925474	0.790107291580737	2.76692717806755	0.102918990507059	0	0.363027449579113	0	0.0081584939458815	0.284484901982328	0.35	0.0436160236396367	1.0641035392036	10.3023608445297
BS_4C6B11E4	0.0367130325783589	0.0455248463853768	0.00100570289250403	0.123193572636243	0	0.502166689334208	0	0.122496892671092	0.0300700476642728	0	0.515194542060826	0	0.608935792105276	0.489936561356909	0.0108039059960105	2.14652753122829	0	0	0	0.0835665205936732	0	0.481637874972964	0.02	0.204735545196981	1.01459740067488	5.19777351247601
BS_4GNN7J8E	0.81255635220182	0	0	0.525863902797277	0	3.10503780233292	0	1.67147019521631	0	0	0.125433267956776	0.237819178490122	7.86139615493705	0	0.396598318966654	8.9001049169388	0	0.120156742071661	0	0.452151150202459	1.20454061673652	0	0.0600000000000001	0.142785092453323	1.03715359825986	25.4131285988484
BS_4KNBXM3C	0.306819398612779	0	0.524568331971522	0	0.139665334121928	0.0625673476848023	0	0.114846259758455	0	0	0.0339531087621604	0	0.430969168129714	1.17338099412298	0	1.73549161354501	0	0	0	0.682553009321957	0	1.20065568348884	0.02	0.253398251758019	1.00184083692008	6.40547024952015
BS_4Q3KRCZT	0.0398814632651239	0.123277709723993	0	0.524077252253935	0	3.15593567851782	0	0.538271681478634	0.0821043768421238	0	1.73489792805088	0.542179062628752	1.37379023903788	3.73378346820778	0	6.2340774146811	0	0	0	1.68744172633506	0.0795467517352187	0.130773634957647	0.02	0.208606462262496	1.00997995797956	19.9800383877159
BS_4QW2S1Q8	0.0271946414883409	0.046678809122429	0	0.227864404068738	0	0.688890759017873	0	0.11995988764976	0.0308456360121384	0	0	0.483994196951405	0.16598828121958	0	0.0848813406371838	1.84249378293605	0	0.0352042469900468	0	0.492802845572143	0.0105743081171616	0.148960833345746	0.18	0.0746910013312	1.06896753211921	4.4063339731286
BS_4T0HQ9QF	0.115219901651045	0	0	0.615151882317476	0	0.0681810483997426	0	0.0161218505596565	0.00228612839590784	0	0.39439066390031	0	0.64183317102541	0	0.0139958011624271	1.21619256078432	0	0.0144942406201153	0	0.113649065962861	0	0	0.44	0.0277508290884598	1.08487147561868	3.21151631477927
BS_4V42BXBT	0	0.0490048869544415	0	0.291280502980966	0	1.76034852882585	0	0.187947042015757	0.0110432332676011	0	0	0.164922630315627	0.434681715379373	0	0.0666419792888804	1.65166354552456	0	0	0.386950323474486	0	0.0185278586395907	0.0592334347148272	0.12	0.112315142087039	1.04378455258484	5.08224568138196
BS_51RA1PGE	0.0184414423790219	0.0137750617552485	0	0.172075948674299	0	1.26891351772183	0	0.0938591563492224	0	0	0.647613688681042	0.364843447260903	0.30154637514877	0.288382256922309	0	0.869799504916247	0.0116169324601337	0	0.651497048443204	0	0	0.077827557867428	0.45	0.0216279495053031	1.08730977644318	4.78019193857965
BS_52C576HH	0.00764637081437547	0.0286266258622283	0	0.12059338500518	0	0.826140471637116	0	0.0286025016984007	0.0360285047067243	0	0.26800547922048	0.140407422367591	0.218819554755501	0	0	0.962952909798737	0	0	0.405994083802389	0	0	0.0692920953216799	0.4	0.0366001846403013	1.07052968265514	3.1131094049904
BS_5965SFPZ	0.000349027935243069	0.0069404141768962	0	0.0951129850065837	0	0.4121428863225	0	0.0461694680611919	0.052180549437954	0	0.183920861617323	0.0390383353903648	0.0959558749160232	0	0.0164778236616193	0.546607524647834	0	0	0.538695238180791	0	0	0.064815920434543	0.55	0.00745247799779227	1.0816867747688	2.09840690978887
BS_5EFYPZT0	0	0.0331510964831591	0	0.191603825964315	0	0.31837956154373	0	0.047336314163809	0	0	0.0510319159346519	0.200669551407388	0.0837775402849123	0.357564163994301	0	3.37763306545459	0.0282877525524089	0	0.520235606331082	0	0.0420954408184716	0	0.02	0.2311546941315	1.01615967646081	5.25176583493282
BS_5G5BD2MD	0.12671630910555	0.450592868626937	0	0.020055114033343	0	1.95475071922629	0	0	0	0	0	0.88772435884642	3.19727582195859	0	0.00174048820696879	7.77023555717684	0.0311689225876448	0.141084163869119	0	1.07535989819269	0	0.475023225386498	0.03	0.164361767209667	1.0352452068991	16.1317274472169
BS_5K95FX4C	0	0.147395829916992	0.0314622776999571	0.898968590245711	0	1.88196894102925	0	0.259697515225268	0	0	0.316346988489349	0	3.24696632920489	0	0	6.08760012076032	0	0	0.377961929501198	0	0	0	0.02	0.233213764420343	1.000079499639	13.2483685220729
BS_5KBXD2GQ	0.0739502510680684	0	0	0.168786109756673	0	0.768277197794345	0	0.0992678703709869	0.198243855120568	0	0.233707496616123	0	0.186900960838034	0	0.109935204860941	1.34213852451254	0.0112945484591126	0	0.415988049362817	0	0	0.0781893938117705	0.33	0.0460810579427483	1.06232513922126	3.68667946257198
BS_5PXZ8F7W	0.0730350058350407	0	0	0.83686409882072	0	0.214299680128726	0	0.0787616239648624	0	0	0	0.0756321010872232	0.766057508177658	0	0	2.14329210610385	0	0.0333755759556641	0.0611199198878667	0	0	0	0.02	0.190544511733161	1.02067611369775	4.28243761996161
BS_5VPM0F36	0	0.746464873572586	0	0	0	2.93596414731967	0	0.499561404322368	0	0	0.110983940786851	1.47396633029493	4.24888402394742	0	0.0402864305726978	7.16258793399934	0	0.0824923397608301	0	6.84598562143906	0.400756453332534	0.181317940191073	0.02	0.190726159283972	1.02951767904276	24.7292514395393
BS_62SW4CC5	0	0	0.444305625087323	0.753104996604617	0	4.11826340884101	0.146944456029559	0.711056950511863	0	0	0.489534934472896	0	3.16874182518682	1.48183623029044	0.162991026858754	3.19302836553633	0	1.81707750969663	0.243889339911284	0	0.234208013130838	0.542925187323398	0.02	0.198960193278865	1.00103606922831	17.5079078694818
BS_65WPD3DA	0.120339510492276	0	0	0.556515734407513	0	0.651855228195166	0	1.77173908757502	0	0	0	0.692003853907735	1.87831534622812	0	0	6.46981168215742	0	0	0.288498751644213	0	1.06550813744627	0	0.92	-0.0320200816418655	1.11124811014616	13.4945873320537
BS_68KX6A42	0.0412454234219405	0	0	0.612919879969409	0	1.08043401620539	0	0.139635997358084	0	0	0	0.313693815054352	2.05181744310803	0	0.232394599446631	6.57367452116862	0	0	0.129942461657188	0	0	0	0.01	0.259925779793404	0.996866402326561	11.1757581573896
BS_6DCSD5Y6	0	0.10408497001722	0.0131034218105858	0.0366603647868876	0	1.27745274807723	0	0.199991710977621	0	0	0.675769873823067	0.112865235620057	0.334433693331221	0.742462685235407	0.014657878714554	0.192617104557347	0	0	0.980217388206544	0	0.048146434483256	0.0947533809540153	0.46	0.0177184620078197	1.08074198727687	4.82721689059501
BS_6H4Q24WA	0	0.0898074987905511	0	1.16405202875552	0	3.40292546212334	0	0.23982707897921	0.00230154241818594	0	0.757868335787813	0.584372449843573	1.86393255866843	0	0.0829632760766584	6.07515686298322	1.20544517554979e-05	0	2.84980553410532	0	0.0116077900068511	0.00726771894816424	0.19	0.070243170184965	1.05508076352877	17.1319001919386
BS_6M2053M0	0.312706049266051	0	0.0311620745564904	0.0624811439683262	0	0.447718137709816	0	0.417080572879369	0	0	0	0.349956769639969	1.99280663498792	0	0.142121427055561	2.43811358538257	0	0	0	0.689877470012143	0.118087458917983	0	0.02	0.22574182826292	1.00033462546567	7.0021113243762
BS_6SY64H5J	0.0687865986559996	0.16851304638373	0	1.47462618788526	0	3.63790342964623	0	1.32420700935893	0	0	0.191780934279504	0.725660165066932	3.37415774871368	0	0	1.26710030708987	0	0.151161762906197	0	6.5328083185108	0.986311186368297	1.33598522452036	0.12	0.113101393354441	1.06909938293916	21.2390019193858
BS_6VRG1XFB	0	0	0.0081427219152933	0.966187965944804	0	0.727717250185035	0.0182066560572072	0	0	0	0.514156394778545	0.00945322577810223	0.217996249744926	0.853403586196773	0	2.98423482020576	0	0	0.209048067823823	0	0.027959779220018	0	0.51	0.0109362293199291	1.10242296130375	6.53650671785029
BS_6WP1FHTE	0.00633563403511543	0.0261200506704995	0	0.191398053598062	0	0.315882623583931	0	0.0839503764253433	0.00408149766246845	0	0.0877741949166084	0.109612468262739	0.458231880263354	0	0.138549875983195	1.42251650754509	0	0	0.0158654736502444	0	0	0.0234049718486451	0.1	0.121524552234726	1.05018905625289	2.8837236084453
BS_7327SDAQ	0.010189523011243	0.00977414891790497	0	0.0839829156470344	0	1.03680842256413	0	0.136388226661729	0.0646833840866228	0	0.0227274200779434	0.144059550006775	0.158605264729394	0.0681867634149458	0	0.409244367333763	0	0	0.138347913201344	0	0	0.0551019084085897	0.42	0.0336467386884231	1.09356619654834	2.33809980806142
BS_75YRDXET	0.649907294953771	0.0711928786551794	0.0480177582741663	0.834234998196688	0.257353849376259	0	0	0.566133320980709	0	0	0	0.801715528153798	4.48033746036207	0.309299138635279	0.00148982632558128	3.26819249160605	0	0	0	1.3464036019305	0.378284720941572	0.571122352337739	0.01	0.312431156015004	0.9614196424263	13.5836852207294
BS_77SBTNPN	0.0570856991869657	0.00030963031349154	0	0	0	0.893515980083727	0	0.69099594626785	0	0	0	0.142943981488513	1.99928657051169	0	0	2.77621629650043	0	0.0733124425326073	0	0.277250797557074	0.0194349283947273	0.0876131782185836	0.39	0.0378919764617631	1.0868422103088	7.01796545105566
BS_7AEF4D4G	0	0.538139988231251	0	0.903561154334669	0	0.0678815571061133	0.182985360329238	0	0	0	0.522584652353066	0	1.60352253570819	0	0.0560553931213189	2.60771257235485	0	0.0708389361733933	0	0	0	0	0.17	0.0809656658392575	1.06122272640019	6.55328214971209
BS_7APCGCVF	0	0.0319422425078916	0.000715657818060217	0.535253723438754	0	0.176296186567023	0.00108057401138328	0	0	0	0.0554686036234589	0	1.54206948154582	0	0	1.11287311153179	0	0	0.330735750145897	0	0	0.0274994096928405	0.18	0.0747550574977777	1.07432124466686	3.81393474088292
BS_7GJT4A6A	0	0.102470553379618	0.0121652789234249	0.106821932342186	0	0.829508157899791	0	0.125087158960908	0	0	0.0128336033558914	0.333966652689099	0.259558164021507	0.584349381782467	0.0119087062718961	1.45638799071526	0.00905331605369526	0	0.673385381327239	0	0.0439624554823924	0	0.56	0.00661366151166612	1.08218351067032	4.56145873320537
BS_7GKWKGPH	0	0.011225469252739	0	0.546289013376737	0	1.30560341345426	0	0.0239221279086779	0	0	0	0.189082538719274	0.807859092147236	0	0.39277873714193	3.38313229304899	0	0	0.433702120631333	0	0	0.293622084913838	0.28	0.0518069865910488	1.07261944927997	7.38721689059501
BS_7PVJ6Q3D	0	0.278784123482985	0	0.186907956992834	0	0.266354313119187	0	0.12160685589563	0.135093229552619	0	0.338219277335975	0	0.88714602687357	0	0.020310125512594	0.846946235050592	0	0	0.241180117822426	0	0	0.0427684370180187	0.3	0.0509889729112007	1.06053195871637	3.36531669865643
BS_7WKNNRHK	0	0.6457074804732	0.00850824685469757	0	0	1.02928780823731	0	0.287284410376597	0.19785910052156	0	1.93085563044376	0	0.0261142306287496	5.03829481389792	0.104409775396507	0.42036409076912	0	0	0	2.17159267387909	0	0.443963581131865	0.11	0.116006438856415	1.07850709994646	12.3042418426104
BS_84VZX732	0	0.0496535018767384	0	0.160204293443905	0	0.434307412008	0	0.0171924352086072	0.0200089573746557	0	0	0.242216611079518	0.109021864664005	0.0958968329060015	0	1.82620667142649	0.00179870786948461	0	0.429795035036042	0	0.0175364486996444	0	0.05	0.156207286733399	1.03435167024844	3.40383877159309
BS_84XCR9GG	0.0683775461580824	0	0.0138090749791031	0	0	0.197062720782546	0	0.110150876008895	0	0	0	0.0571427358909897	0.611160281707373	0	0.0546801917844475	2.31243463871418	0	0	0	0.0154512593931194	0.033806138930183	0.0946193533094298	0.69	-0.00932747479621679	1.14315306076865	3.56869481765835
BS_8E8JKP01	0	0.0391650214036463	0	0	0	0.155893203520752	0	0.353847930514302	0	0	0	0.152041993909425	0.44260001256556	0	0	3.05607273141305	0	0.135670759865738	0.115791768202669	0	0.130375311810232	0	0.74	-0.0126904123188533	1.13603914476224	4.58145873320537
BS_8ERBDF7D	0	0.0168979019817649	0	0	0	0.590485029895793	0	0.182795030227049	0	0.0933483185556793	0	0.218346870097464	0.0185981857238687	0	0.139337627135402	3.1722852055424	0.0192663515427799	0	0.465627188127324	0	0.0587128669862101	0	0.24	0.0579635279467633	1.0895789457114	4.97570057581574
BS_8JK9TXH2	0.0792941565154538	0.409544466573315	0.105760824669079	0.626596180077684	0	1.48393066580821	0.136344547671369	0.299022556929062	0	0	0.698977557691584	0	1.13168333689919	0	0	2.36894521684504	0	0.0163174850839274	0.502884457363287	0	0.16541665343795	0.18309379462679	0.12	0.113193307722074	1.03290007638554	8.20781190019194
BS_8VD670NP	0.0471129308374759	0.0167869550073289	0	0.164351894879146	0	1.24898820409972	0	0.0807867149553643	0.00290818165684837	0	0.0608206775509442	0.60447821000477	1.14033537116841	0	0	0.755502988417725	0	0	0.357064826129072	0	0	0.267139436847902	0.42	0.0341665823567414	1.08140347419631	4.7462763915547
BS_8YWYN7VH	0	0.0373833708195712	0	0.0712252189506856	0	0.0396150170505234	0	0.341606382628338	0	0.167213143685314	0	0.170790422188749	0.189651033705645	0	0.245154364269878	4.08898096649938	0	0	0	0.684913848969618	0	0.0968251563762542	0.01	0.297182058490841	0.985162700351769	6.13335892514395
BS_8ZE4Z9G5	0	0.000131652503387294	0.0279438625931273	0.0840178878692932	0.160225084258232	1.11818534708572	0	0	0	0	0	0.382374050761892	0	2.17691504509778	0.00134059639422391	1.13508332043199	0	0.00272157144970408	0	0.814228568118942	0	0	0.58	0.0018209204241569	1.13284956443636	5.9031669865643
BS_8ZY4GST0	0.0434032549805644	0.225830730832659	0	0.426644843267386	0	1.10551437194544	0	0.380782913083388	0	0	0.322352303384943	0.214790825798934	2.29573864646456	0	0	2.57048474278559	0	0.0317341454569699	0	1.12026212693521	0.0302816727877514	0.157476927075066	0.0600000000000001	0.15086097677354	1.02918310921968	8.92529750479846
BS_91VYM11A	0.0738001464035456	0	0.00934912451899644	0.50303894590723	0	0.251241221209509	0	0.0613547378093239	0.0345833377232444	0	0	0.077988636899761	0.147615424573015	0	0.000768206804665907	0.891030072965446	0	0.00785138702650855	0.244900024136809	0	0	0.299223455711005	0.17	0.0786726578261727	1.05520292330468	2.60274472168906
BS_956G6QPJ	0	0.374592702798078	0	2.63616905915521	0	0	0	0.207874885960894	0.0221250836316025	0	1.3299861574297	0	0.406128117110648	0.248849147510514	0.019500913641464	2.87053524690239	0	0.0289358346871846	0.568642582458314	0	0	0	0.43	0.0324790394455254	1.08701293187001	8.71333973128599
BS_97M1E2DW	0.0837886118232541	0.0245280334577869	0	0.264578699579123	0	0.0816208865613979	0	0.258970191495766	0	0	0.169708510305493	0.0253092227671423	0.0330599291068059	0.344043557209812	0	0.888783663367985	0	0	0.396709283952261	0	0	0.179417644538241	0.98	-0.0491958295622212	1.10308392364904	2.75051823416507
BS_9A1YTHFF	0	0.141548778722926	0.547980067500205	1.06464552315858	0	0.48587853136082	0	0.912449597428719	0	0	0.241201228135973	0.349145920584905	4.8543861691876	0	0.350822910316719	9.89682666396255	0	0	1.05450040618611	0	0	0	0.17	0.0813748093000108	1.07202305931544	19.8993857965451
BS_9B0A62MT	0	0.0432870432338498	0	0.757020201610073	0	0.142249643342551	0	0.12333444499107	0	0	0.429641556394277	0	0.819674849879985	0.762287516251359	0.0197134507501424	1.4702338157785	0	0	2.04284356920921	0	0	1.61833195078547	0.3	0.0503074880882437	1.08408738385663	8.22861804222649
BS_9CA93S6D	0	0.317998082694344	0.0518004839129235	0.201287252869806	0	0	0	0.349319000408204	0	0	0	0.0868217790642491	0.0419526787131832	0.218409853503433	0	0.350009540019641	0	0	0.404973305781587	0	0	0	0.99	-0.0583237877659101	1.10032489084571	2.02257197696737
BS_9FHEFJNP	0.0217368458902345	0	0	0	0.0567210051776034	0.0977186235048793	0	0.160338780762367	0	0	0.00412912122054458	0.156949594477167	0.865236478594365	0	0.0178632634731201	3.7007330626238	0	0.00353347274135801	0	0.31983821602593	0	0	0.02	0.249156177089021	1.01827837772066	5.40479846449136
BS_9FX3YREK	0	0.381507713186165	0.00406787903358729	0	0	0	0	0.594480782233413	0	0	0	0.19350323272288	0.567656111562599	0.27729144633573	0	1.04308620704563	0	0.0191228200994815	0	0.581912853574362	0	0.105374792977743	0.66	-0.00773435607483932	1.09527373148571	3.76800383877159
BS_9GJ3DB1H	0	0.662823608587202	0.0445181324683937	0.428223119301729	0	2.30356972873327	0	1.33436562893347	0	0	1.70684993239463	0	6.24894031300979	0.741638735836539	0	3.18169562926175	0	0.306239913347582	0	0	2.21550607448775	0.341867187476666	0.37	0.0396911787164472	1.07269850933581	19.5162380038388
BS_9JPQZQNG	0.00115403471071705	0	0.0107175306868488	0	0	0.258128730066756	0	0.223947051779393	0	0	0	0.125246204332584	0.00287095117656915	0	0	2.16148413368279	0	0	0.397820469836956	0	0	0.00467695898650862	0.11	0.114438147483095	1.07099042316007	3.18604606525912
BS_9TXEDSWB	0.0719311458756289	0	0	0.0822048735949113	0	0.491024226564258	0	0.0229306985468407	0.103780693955698	0	0.0879316582851405	0.268538243765272	0.739749251428986	0	0.0282630462014673	1.27373715386932	0	0	0.355679299010855	0	0	0.0945368106290654	0.19	0.0705598754048573	1.05879026632277	3.62030710172745
BS_9XVACXP0	0	0.0179441628452831	0	0.04136783049368	0	0.284884607418588	0	0	0	0	0.171061893157736	0.00850119885498231	0.265136037751623	0.0418206799788177	0	1.08628566168766	0	0.0106221326609623	0.0279700906510464	0	0	0.108033343655087	0.62	-0.00342120857908006	1.11174887521765	2.06362763915547
BS_9Y1K14Q5	0	0.222349350022368	0.417138437198268	0	0.12365058058113	0.212649455048553	0	0.0713564977877292	0	0.0210836594399465	0	0.275858518145151	0	0	0	2.87613127644119	0.0696659632736946	0.460288575847512	0	0.501256785038574	0	0.245307945321762	0.54	0.00815696922155125	1.1008556184392	5.49673704414587
BS_9ZJT0CP0	0	0.0197781564698501	0.0653309024120813	0.550125641796817	0	0.590873167368721	0	0.321592182523917	0	0	0.348866636564228	0.0509318772350378	0.252013518008379	0	0.228615710901548	2.46804177835182	0	0	0.164099868158926	0	0	0.335143228154934	0.42	0.0334041916452584	1.07856451767575	5.39541266794626
BS_A4PF49V0	0.00615952742404092	0	0	0.99264165533716	0	0.829609635044453	0	0.483582173026989	0.0285770327926226	0	0.0241817596388165	0.369129984407923	0.337267478426008	1.11588902404557	0	0.97229313362915	0	0	1.10063020851134	0	0	0	0.26	0.0544012125231376	1.06732705528672	6.25996161228407
BS_A6NXR7RC	0.152904081006882	0	0.871288776821202	0	0.016048320549205	0.333088750672236	0	0.15971254254798	0	0	0.109095888556729	0	1.1479810813909	0.497110099529572	0.0379673085585199	2.33202277616309	0	0	0.104921015326666	0	0.187078086233392	0.511664190110031	0.11	0.116409523971442	1.05523829689292	6.46088291746641
BS_A7Q8G0Y1	0	0.0481048492444857	0.0465890157686124	0.154764615160286	0	0.262384555908178	0	0	0	0	0.378700376412126	0	0.387941113410458	0	0	1.71732954751134	0	0.00851666525329812	0.199528848122456	0	0	0.51635154564638	0.12	0.113321791599641	1.05625192766694	3.72021113243762
BS_A8XW5S0W	0.00504852681612034	0.212778182712352	0	0.95195159965057	0	3.16309739385758	0	0.509379728597082	0.000290589283957194	0	0.606536555553773	0.0529727184456161	0.583050639825795	3.2380877889733	0	3.6364031852903	0	0.171527725858097	0.353394470315955	0	0	0.100356134742729	0.44	0.0249276321691889	1.0906910418565	13.5848752399232
BS_AWH9757B	0.0116236100124197	0.0263948913410166	0.0096939775243254	0	0	0.294154177018851	0	0.0838124795166236	0	0	0.0119526150035115	0.228193675822346	0.221164637022982	0	0.0165404211214741	0.891962107702796	0	0	0	0.263058589707131	0	0.0735217548667918	0.35	0.0429989005100735	1.08417205760623	2.13207293666027
BS_AYSXRQWY	0.0147577976502205	0.241040881102962	0.0680474314697331	0.761765344693514	0	0.126798761177067	0.0377483270563054	0.175279767196748	0.284633591732862	0	0.331910159557364	0	0	3.7440398373555	0	2.8724440303824	0	0	0.205781653401127	0	0	0.138516332771219	0.03	0.168874419783276	1.06086969017525	9.00276391554702
BS_AZQM1JJH	0	0.423484890080265	0.0414625262351255	0.692935256966984	0	2.29054150088717	0	1.27665444237138	0	0	0.40838273292643	0.121799180497359	6.23614490179606	0	0	7.83002670112252	0	0.328745714942823	0.566641521759411	0	1.27152995862945	0	0.23	0.0611543928061509	1.07015597293369	21.488349328215
BS_B1C6GZ84	0.020396773725026	0.0263574221981433	0	0.242853851295682	0	1.07832737590444	0	0.00389582689738196	0.00682076878400757	0	0	0.354178320286667	0.439397239482334	0.181810856731889	0	0.678388656043949	0	0.0131015035818099	0.400837409966128	0	0.019722443708654	0.0787100158852492	0.45	0.0216291984969396	1.07793075739334	3.54479846449136
BS_B3MQFFYP	0.208323268043256	0	0.0568802284183197	0.578507841860691	0	1.25163872425487	0	0.405633737489998	0	0	0	1.64950114787201	4.79275986393565	0	0	6.65198518332295	0	0.114976274474392	0	1.94874136571009	0.0934258693408714	0.718413443453482	0.15	0.0902896179697269	1.06767751602474	18.4707869481766
BS_B4R7X1KE	0	0.049274970013908	0	0.0424302701033147	0	0.668466137539127	0	0.16321978694126	0.215822015352073	0	0.0523406389972989	0.165327388730241	0.225323407271154	0.0075158512988832	0.00680720788781567	1.57089526469754	0.00987611496130749	0.0197371885868328	0.759059922342431	0	0	0.000295389979310887	0.68	-0.00902874978373817	1.08785251672395	3.9563915547025
BS_B57327NA	0.04825213657081	0.0859211560782312	0	0.257596989379563	0	0.0593967915420065	0	0.0682494399802906	0	0	0.0648187216217429	0	0.753184016643616	0.156803671296465	0	1.72457260899481	0	0	0	0.469156669581378	0.180745215989326	0.42397052857896	0.07	0.133974951986454	1.05196661047839	4.2926679462572
BS_BBAEMXRD	0	0.117367870927309	0.0885233303797433	0	0	0.48923897148347	0	0.2620801585229	0	0	0	0.282538846747843	0.205567399668921	0	0.074089598276806	2.02529107273071	0	0	0	0.213591228775455	0	0.0352623862104486	0.36	0.0429770091974644	1.08378912651979	3.79355086372361
BS_BBQ6BHGN	0.118505947881166	0	0	0.153283982018183	0	0.281770899793397	0	0	0	0	0.125608930261527	0	0.764516605893273	0	0	2.05809778520376	0	0.00489535758974011	0.466429896349362	0	0	0	0.02	0.218465394908576	1.008492928783	3.9731094049904
BS_BK0HGRXM	0	0.191710353437311	0.493562065836603	2.10397614907885	0	0.302201750301709	0	0.552545466350203	0.021209722808117	0	0	0.586884219889102	0.982984530791214	1.37820734091884	0.0343472113196439	4.0192241388118	0	0	4.42710921610239	0	0.0850589475979735	0	0.19	0.0721758818039318	1.0578002746388	15.1790211132438
BS_BMMY0H73	0.012248357308807	0.0596975945322104	0	0.374308465587055	0	2.02625161895461	0	0.275411694655985	0.189130464507967	0	0.674851614492455	0.285759227212229	0.644151808104697	0	0	5.1206603791902	0	0.0731356710691176	0	0.671745875187282	0	0.369537824206978	0.18	0.0759387961802977	1.06587171225731	10.7768905950096
BS_C6ZZ3FY5	0	0.0367340195272865	0	0.0595429120046287	0	0.157935256417353	0	0.168362663552242	0	0	0	0.109455754267951	0.54919301129739	0	0	1.8926398932876	0	0.00735727819213817	0	0.151228300102806	0.0453436176845741	0	0.04	0.157893447154796	1.04962467559872	3.17779270633397
BS_C83TK159	0	0.0765114368478024	0	0.219270403345453	0	0.482520628318975	0	0.588185485114159	0	0	0	0.500385407168833	1.76220587526918	0.0578708664437816	0	1.98459046095586	0	0	0	1.89245150390473	0.137485859694567	0	0.01	0.307392364880223	0.968394687867085	7.70147792706334
BS_CBDQZ8PP	0	0.32721532233425	0	0.286742703385319	0	0.104667772610686	0	0.342180718312452	0	0	0	0.234195247859132	1.15846014203418	0	0.0894299279800512	0.998067180513103	0	0	0.0275630579074835	0	0	0	0.87	-0.0282927233855156	1.10417402808339	3.56852207293666
BS_CF63VG3S	0.199542133988541	0	0	0.333159858074058	0.093123195213626	0.735984135340602	0	0.734229440628688	0	0	0.782155403254366	0.596786164194832	2.34700015031496	0	0	5.50648640292124	0	0	1.52647655489424	0	0.00722546712493614	0	0.54	0.00804193921704093	1.08821342078832	12.8621689059501
BS_CFD3WHAY	0	0.0223930950056023	0	0	0	0.42559179601918	0	0	0	0	0	0.244616602023147	1.45789356824796	0	0.245879698249053	2.89588849986922	0	0	0	0.725331412676799	0.0223477463351469	0	0.02	0.24155576181346	1.00573879397163	6.0399424184261
BS_CG1RG607	0	0.0369979381851105	0	0.469641763357351	0	0.211492380255277	0	0.84724796896908	0	0	0	0.268539819293611	1.14120505776824	1.69961571197555	0.0214318648293309	4.36993819061334	0	0	0	1.15763585656783	0.0283710819048988	0.0240435946872882	0.09	0.126964054714917	1.05979795520985	10.2761612284069
BS_CVEDJGHZ	0	0.958683280272183	0.867152852694559	0.241101016000076	0	3.44606541742638	0	1.21441789213474	0	0	0.560775589259104	0	10.3874602319463	0	0.0265135501198232	5.71188001595152	0	0.0126162118259967	0.420940993329158	0	1.20197068416498	0	0.04	0.158387903276695	1.03224033019581	25.0495777351248
BS_CXAQDK7S	0.0920801038403095	0	0	0.273527768643837	0	1.60842764686932	0	0.00522721653873858	0	0	0	0.701246691804404	3.06907778134102	0	0.470686519087709	3.44150733993755	0	0	0	0.876359983357182	0.028222372224875	0.44167880284258	0.01	0.33915285460226	0.947674849735611	11.0080422264875
BS_CZPQ493E	0	0.236929817679264	0.084266567537783	0.164091483387507	0	0.756744534848921	0	0.192907222055762	0	0	0	0.153268869996957	0.289769542978284	0	0	0.991767917795609	0	0	0	0.936319497870485	0	0.232859689803362	0.1	0.120512163516032	1.04598496434579	4.03892514395393
BS_D29RPBSZ	0	0.179020667534174	0.330289477615001	1.20415078427473	0	1.57169859116647	0	0.282459495095833	0.0474352080270003	0	0.318492558417748	0.266842487655464	0.462383978070117	0	0.0882515994931592	2.11637979995642	0	0.0218465999577706	1.62224333257468	0	0	0.304167608261237	0.46	0.0162818077004906	1.07112985107683	8.81566218809981
BS_D4VNDNQA	0	0.209846034549623	0	0.335725668228841	0	0	0	0.251144486600221	0	0	0.0885041541669779	0.194307218229571	0.878911991168873	0	0.0838872032503726	0.822770661117034	0	0	0.0764188974677575	0	0	0	0.72	-0.0113239831242572	1.09467316208238	2.94151631477927
BS_D6J2BGDJ	0.00486603985576381	0.0113836913951217	0	0.434843268483724	0	0.360685944281463	0	0.081913201107182	0	0	0.224548509889022	0.0974459466850902	0.221181422380502	0	0.00379360501543393	3.3325037161714	0.0274007584935559	0.0115545271404516	0.131502649954846	0	0.0024268396833336	0.0382684975053339	0.19	0.0705258376374027	1.09289104079749	4.98431861804223
BS_DFGS950G	0	0.033184512768813	0	0.000351904443759128	0	0.189889679784995	0	0.0299357889174244	0.0415503182106607	0	0.0533942903303229	0.0280391791071514	0.0481066368199088	0.114778570237581	0.00411155222768751	0.248099798484725	0	0.0156078309198125	0.358751574403783	0	0.0151388623836825	0	0.95	-0.0365983652662426	1.09933762693682	1.18094049904031
BS_DNZVP92S	0	0.282348397045152	0	0	0.478181988251925	2.87439223907385	0	0.292836610222865	0	0	0.297511414825834	0.114145373015919	0.176824660351585	1.98629511741903	0	0	0	0	0	0.269095677720905	0	0	0.52	0.0100585537185144	1.11750682450739	6.77163147792706
BS_DR079H0D	0.802248179685291	0	0.037618684421655	0.0207780468895489	0	0.426016410280434	0	2.05763414035683	0	0	0	0.77324100169253	3.54138128071504	0	0	1.85241249438842	0	0	0	0.0053615148924665	2.67504728690414	0.392560383957901	0.44	0.0263772829308192	1.08307538848554	12.5842994241843
BS_DS438CXE	0.0566840229421886	0	0.0321685595509651	0	0	0.211284945123509	0	0.290859275242958	0	0	0	0.276370249173952	0.508249144909304	0	0	0.646133153048184	0	0.0152635271645693	0	0.340856132915163	0.0171597807161559	0	0.91	-0.0316594256888807	1.10889071137826	2.39502879078695
BS_DSPVSM7D	0.106811484549667	0	0.0231966131201919	0	0	1.94033359527512	0	0.453358634466081	0	0	0.4594710987259	0.161070730575281	0.307756075589915	0.0445447732749645	0	0.558249889726819	0	0.0205356898186169	0	1.07901146386786	0	0.871341332967361	0.44	0.0261110169208837	1.09541429629793	6.02568138195777
BS_DZNXFPH1	0.0425050380787045	0	0.183016232905859	0.312165667339456	0	0.351297281335879	0	0.326079347887687	0.114386811888698	0	0	0.518243753470169	2.52730822247086	0	0.280535674079425	5.79277950356821	0	0	0	2.70271042261289	0	0.0577436374523669	0.17	0.0829178408125826	1.0821128560031	13.2087715930902
BS_E7NVYA6G	0	0.261442266323355	0.360981577684292	0	0.20895000388261	1.24890476110587	0	0.0511590533112997	0	0	0	0.22209837784129	1.61325689130664	1.94114194186546	0.0392167886090791	2.33733673281693	0	0	0	2.12294829486122	0.0765510505889381	0.880023776117797	0.02	0.24145262687971	0.99808342609275	11.3640115163148
BS_E9CYN4NP	0	0.168730500627538	0	0.152861451436481	0.0528002419452267	0.100788448858867	0	0.0224629049064241	0	0	0	0.198867634746938	0.72165163881084	0	0	1.47490280535289	0	0.00827253278273647	0	0.375781129836251	0.0669498085844878	0	0.14	0.0983658633770148	1.06367636999951	3.34406909788868
BS_EB0XRBT9	0.0777722376655123	0.128769343054096	0	1.19430010429907	0	6.21599918413628	0	1.72313795641206	0	0	1.74030784725292	1.06265047065933	4.18751151123058	0	0.0217532196829006	4.869934628955	0.0179848440894958	0.0786206181505386	0	0.482053560651258	1.46101998821889	0.147934965388523	0.45	0.0203717229359528	1.08322614461679	23.4097504798464
BS_EDJ5TV0P	0	0.0199298535411493	0	0.363309290517817	0	0.0399916768128806	0	0.379704402629206	0	0	0	0.338244580644939	0.583206058753426	0	0	0.410407675166461	0	0.021326925521167	0	0.852005125922286	0.0130836235424924	0	0.81	-0.0230840236627504	1.13816313059194	3.02120921305182
BS_EMQM7HTA	0.0319941523780364	0	0.00628845711187877	1.3908008976981	0	1.43535893166023	0	0.645892529408388	0.850600076743724	0	0	0.885583763757329	0.363884561136424	0	0.153338292493385	2.35728974841156	0	0.00108591139529267	0.405566085598589	0	0	0.121664001036242	0.48	0.0147185764917979	1.09982233792232	8.64934740882917
BS_ENEYB4TG	0.174446315697148	0.119671631585832	0.0995342789718528	0.0218990702117278	0	0.396166226538366	0	0.923748829063329	0	0	0	0.481371285452898	5.89741452690748	0.192986647243277	0	1.79052876974639	0	0	0	1.47773411131656	0	1.91810675256265	0.03	0.184732334023391	1.04553891867196	13.4936084452975
BS_EXPJQZTH	0.152279089574343	0	0.555256987988701	0	0	0.27216505047398	0	0.188752311538188	0	0	0	0.074628250561617	0.595534367304065	0	0.0400689015272511	3.14889169283179	0	0.00401689918001505	0	0.379269285107881	0.185925309394912	0.153192660659293	0.02	0.185677360706389	1.0273850383668	5.74998080614203
BS_EZ3147MX	0.0531374627057992	0.0342767796092139	0	0.45052937931037	0	2.09565098656377	0	0.0284274192117021	0	0	0.353801273188696	0.541379451457804	0.528748033368952	0	0	3.9619525815261	0	0.0460433304408701	0.971133819770262	0	0.0136910759366643	0	0.13	0.109578651528819	1.04542920642386	9.07877159309021
BS_F0JB4EAK	0.0398974586898897	0.0260448680306512	0	0.0499167898533389	0	1.214214420854	0	0.155295950825882	0	0	0.181876879969242	0.774542140361723	0.866314163151915	0	0.0240034247255215	0.729821685454246	0.0333486186552105	0	0	2.14055301348013	0.155194064668475	0.0638901489189382	0	0.385888987971272	0.937769086284254	6.45491362763916
BS_F21R36MM	0	0.386973747758529	0.0622539437257243	0	0.0783616794299396	0.210385377464412	0	0.127494212406047	0	0	0	0.16766969634385	0.878578191541768	0.189351159732605	0	0.749690213283188	0	0.100433814701123	0	0.970927703042415	0.355647555981986	0.154804681555783	0.77	-0.0193227404030529	1.10676708721129	4.43257197696737
BS_F65GWS21	0	0.343655883365172	0	0.453852099279439	0	0.783013183258577	0	0.17552546799403	0	0	0.353362628743975	0	0.143185428077941	0	0.00379444763083133	2.02707309361485	0	0.176748900472806	0	0	0	0	0.74	-0.0133364153514289	1.09799172720925	4.46021113243762
BS_F6V1Y4QS	0.0029817123598923	0.0604596802657074	0	0.0304887333801801	0	0.379454714695735	0	0.0818676811247147	0.00458808973552783	0	0.191302858670211	0.0316038439462326	0.0355974539892083	1.50848956536666	0	0.930911109894276	0	0	0	0.29306954551384	0	0.0125055484858395	0.03	0.17151562541318	1.05971529917597	3.56332053742802
BS_F9Y4Z92G	0	0.0871966691572455	0.00656501791974629	0.112998753905492	0	0.0778961094636305	0	0.246276291015676	0	0	0	0.153241446143832	0.400072613108528	0	0.129056898263402	0.822203360442362	0	0	0	0.218079811378766	0	0.0105972902377864	0.47	0.0156796621624239	1.08468707731759	2.26418426103647
BS_FCDAH728	0	0	0	0.0951786562621204	0	0.543900931338369	0	0.810706304972951	0	0	0	0.301906943598903	2.18043392616704	0.17609166693322	0.0656565966053537	0.906615565127258	0	0	0	3.2586399973308	0.272136206289699	0	0.01	0.322079122595676	0.976657588973482	8.61126679462572
BS_FEV5A0HN	0	0.10038180655006	0	0.845211520259721	0	0	0	0.487367983743333	0	0	0	0.328212242369146	0.160949505458706	0	0	1.95387358933006	0	0	0.248187613325445	0	0	0	0.75	-0.0154123978059709	1.10519297439734	4.12418426103647
BS_FGJH1X0S	0.00744943257778232	0.0233049797297372	0	0.152413715659855	0	0.632395500362657	0	0.0415814340473284	0	0	0.055907249966114	0	0.427547474830369	0	0.0300129983842631	0.679405017935188	0	0	0.255939041355457	0	0.0423525613474787	0.574934355799932	0.49	0.0130084519029962	1.09432733841241	2.92324376199616
BS_FKASA3MN	0	0.0446360041051875	0	0	0.117540111036783	0.495990182778779	0	0.0955038040923158	0.000940643009648933	0	0.324345632658465	0.00143122877574888	0.130169752626989	0	0	0.513518456372557	0	0.0158588873426564	0.441759007511724	0	0.0245826812438482	0	0.99	-0.0631271743183922	1.10609194276289	2.2062763915547
BS_FN07P04C	0	0	0.0686349313215561	0.967116487378161	0	0	0	1.31385564253354	0	0	0	0.287780809944885	0	3.70308065367832	0.0137163545270632	1.07094776225492	0	0	2.49054557254574	0	0	0.187565547811972	0.13	0.103500132732657	1.06639081963018	10.1032437619962
BS_FX2P2WEG	0.0470854696326895	0.119667901461322	0.672565918269969	2.46164230629089	0	0	0.00822046878404533	0.278968142960593	0	0	0.409900791930916	0	0.414555250079735	0	0.341953751301516	1.51382798659466	0.00456401341614831	0	0.0658769665748411	0	0	0.137946464564476	0.01	0.254447120442919	0.988035050355659	6.4767754318618
BS_FXJY0MNH	1.23162376946871	0	0.357407231745892	0.478579837361073	0	0.544367214139656	0	0.161999206634101	0	0	0.222907690074531	0.532155490107878	1.80838486797008	0	0.240443906938249	1.61677170947259	0	0	0	0.782402234313406	0	1.17827354043026	0.1	0.123216157850066	1.04275153611184	9.15531669865643
BS_FYP2B298	0.0383248098456072	0	0	0	0.0914712441952197	0.105264690211097	0	0.145855853520059	0	0.0215822732306215	0	0.0689801067350977	1.34054606648957	0	0.0156355286273207	1.94681247468377	0	0	0.0102486415211345	0	0	0	0.58	0.00236256191503816	1.13575994569074	3.7847216890595
BS_G19QZG4S	0.000598859276984607	0.0138438138593252	0	0.116004797304579	0	0.373285278481722	0	0	0.00311806942989126	0	0.191880197136329	0.0054637037803495	1.11406431112912	0	0	3.14238692908177	0	0.0236365911703593	0.193126278524234	0	0	0	0.01	0.359742247290992	0.947885337552981	5.17740882917466
BS_G1E5DATJ	0	1.57077423331503	0.0321077613631929	0.0170143267430434	0	1.81141079056763	0	0.473964799874969	0	0	1.28885921174034	0.111923380569923	2.17775130843126	0	0	2.35525025477773	0	0	1.47438460173002	0	0.346556647994264	0.588985408420433	0.76	-0.0173836422852363	1.07822101954307	12.2489827255278
BS_G257VSS9	0.00996181879898345	0	0	0	0.0647848119700786	0.623507951561838	0	0.117110204575152	0	0	0	0.129877321195766	0	0.0943148977350307	0.183379626596458	1.89777883952997	0.0610193791459468	0	1.94866135893243	0	0	0.270333156561034	0.49	0.0130440359811178	1.09840355951214	5.40072936660269
BS_G3NN392N	0.0477742890342798	0	0	0.0272770636194452	0	0.0832167567107934	0	0.13091825333904	0	0	0	0.0994152395307613	0.280909369887256	0	0.0309172657798392	0.900603179818863	0	0	0	0.369800003139376	0.184945930387948	0	0.0600000000000001	0.144948868070429	1.04202358304708	2.1557773512476
BS_G3RJTBZD	0	0.0268364756195553	0	0.1040928217677	0	0.464066805167872	0	0.392007451936495	0	0	0.269719037867912	0.383487990515445	0.546977305878497	0	0	1.20858906825342	0	0	0.602951807348281	0	0	0.0393134621323489	0.59	0.00142241400603753	1.08535417701661	4.03804222648752
BS_G5NHSFD4	0	0.209173400069575	0.064552351741356	0.0975644040010279	0	1.28544396851355	0	0.156613414302796	0.137486024580603	0	0.410180143164866	0.0696032688044207	0.279569972923933	0.580199078837307	0.0255353902031145	0.455148460681203	0	0	0.248795067464578	0	0.0176974347500547	0	0.46	0.0172524042010182	1.08108352627587	4.03756238003839
BS_G8TXTX0H	0.00319750465225103	0.0202057575900967	0	1.38099850211938	0	0.870586186416322	0	0.254241425966779	0	0	0	0.672745593592211	0.427822839640485	0	0	5.83975494397091	0	0	0	0.278552493870402	0.0326049249258875	0	0.17	0.0833504093928858	1.07918823408098	9.78071017274472
BS_GG9W3J9Y	0.0620011993994706	0.0111979250097319	0	0.127924878318312	0	0.590223866965121	0	0.143839945332769	0.0324115947178207	0	0.164568332290299	0	0.0969272535591009	0.219095614381511	0.00953681901881519	0.408527915352213	0	0	0.572942701896348	0	0.00789429723697718	0.0597406699572123	0.55	0.00724698504103432	1.0785709574559	2.5068330134357
BS_GW0GKWMS	0	0.0120943325287366	0	0.0663606038688642	0	0.219367488258354	0	0.0803505462983432	0.0528053198803367	0	0.253100212870703	0.124209963860679	0.0877717724687609	0.0144035198559796	0	1.35860975643395	0	0.0134226083863729	0.991150371869905	0	0.0252130370166203	0.0780118675540228	0.46	0.0175522754975726	1.08984184000728	3.37687140115163
BS_GWHYM3R4	0.387518056347971	0	0.00827344519762175	0.118428535359803	0	0.17300447339196	0	0.0670576459428241	0	0	0.00567992254874683	0.00754184654449562	0.67792358115664	0.0448214645794266	0	1.00201554832492	0	0.127707037304849	0	0.221372729957997	0	0.130267997411841	0.34	0.0446978199474402	1.07486076907348	2.9716122840691
BS_GWSJ4Z9H	0.0602005362780829	0.124574493059432	0	0.641610765043851	0	1.97544764703232	0	0.698228922048484	0	0	0	1.3870550051743	1.08356653055871	0	0.0576318125446093	1.16117141545886	0	0.0521892346482084	0	4.14386011185258	0.558751387353212	0.182660315530838	0	0.4506665004613	0.898578832202854	12.1269481765835
BS_H5VQJR7X	0.015244279764726	0.342883278908973	0.171977179702498	0.473571640352395	0	1.34785632815015	0	0.104195256940739	0	0	0.381606541636231	0	0	0.561613049328592	0.0116431874064412	5.54530454947196	0.015246435532668	0	0.653840039883898	0	0	0.121141073611704	0.0600000000000001	0.140143855054832	1.0448387234964	9.74612284069098
BS_H97S5SQN	0	0.264313196902323	0.0800278728216321	0.340863024013181	0	1.06639899685412	0	0.0853962026353251	0	0	0	0.41506598902583	1.90801017493728	0	0	3.10824668200863	0	0.0480589951266529	0	0.953965230662736	0	0.264663231941266	0.02	0.19737306209002	1.01208921435358	8.53500959692898
BS_H9JYKFTV	0	0.0163616728589188	0.0168081253273116	0.17364357576504	0	1.50202288095106	0	0.0455959402806884	0	0	0.443060005179496	0	0.312813996855708	1.93649995143174	0.0346484122047183	1.22068657868067	0	0.0334985174770774	0	0.835769747798114	0	0.806114587511917	0.13	0.104702649149349	1.06248203294102	7.37752399232246
BS_HDHXX8Q7	0	0.135909947394331	0	1.14788199933102	0	0	0	0.119691848979838	0	0	0.0155273249418423	0	0.275343963146934	0	0.0852816211382931	1.88734747745527	0	0	0.0264131304723547	0	0	0	0.36	0.0413584594444572	1.08711127651818	3.69339731285988
BS_HDPCQETG	0.539353463777062	0	0.27542886377147	0.278232215986326	0	1.10051157953485	0	0.272645948676046	0.0266448963151607	0.273627098764245	0.119576905351844	0.328247041449189	1.5082955395309	0	0.25480757937049	7.29708801065842	0	0	0	0	0	0.27628941727466	0.18	0.0773278647089616	1.07840875351095	12.5507485604607
BS_HJRTC9JQ	0.0761118713575078	0	0	0.119866967278953	0	0.360412220726536	0	0.0972706143589699	0.0648172173524602	0	0.202687220962626	0.0965368470299838	0.0396792176340232	0.385791755832719	0.00593584593313392	3.39464182980815	0	0	0.17746662221001	0	0	0.0411810017606101	0	0.382312403341613	0.937038461397081	5.06239923224568
BS_HJV0J603	2.174056103234	0	0.732054770497732	1.13485280798943	0	1.37963833876064	0.850817405020178	0.394018522793966	0	0	3.38987055620417	0	3.98879926591823	0.614744714410566	0	0	0	0.0842167209377661	0.250980029033239	0	4.03648163027259	6.99718506582959	0.01	0.364569099489047	0.943875315645243	26.0277159309021
BS_HRJ9145M	0	0.134209056346851	0.22090412211727	0	0.260657498012975	0.503672833846826	0	0.175894786039428	0	0.0667886604800909	0	0.199725485515941	0	1.00541741054962	0.00540089264451589	3.23216600250726	0	0	0	1.31424607458303	0.0651930020910299	0.462595576416798	0.03	0.162066751218646	1.04230835761035	7.64687140115163
BS_HWGWYCY7	0	0.417188198642529	0.0781389138786663	0.788907894081955	0	0.494557220563322	0	0.191634157017302	0.249670505590058	0	0.421250884015201	0	1.50017164162029	0	0.0923903957468136	6.65627687297072	0	0.0637181034171581	0.640574534451597	0	0.0326798074761379	0.0672938455762373	0.01	0.299112882969224	0.970220084559422	11.694452975048
BS_HZ9AYDCQ	0	0.125634458039881	0.0321807891327442	0	0	2.17798422426813	0	1.55530675474459	0	0	0.430094325547316	0.678230135628108	4.86008447895254	0	0.00148721525054913	2.52124523291274	0	0.0411453229298192	0.228801545946414	0	0.295809355418755	0	0.5	0.011523492858882	1.09309579852633	12.9480038387716
BS_J4JY2F3H	0.192368519577892	0	0.138283701405982	1.19857357147659	0	0.0471245816460887	0	0.422676636072954	0.0250575042718705	0.156872456764788	0	0.0698806524796254	0.937205524002414	0	0.157401589986572	2.80149731926639	0	0	0	0.0534802079240769	0	0	0.04	0.160630269229293	1.02729887083644	6.20042226487524
BS_J6212Y48	0	0.0188241760998724	0	0.239197069689279	0	0.615630055740801	0	0.386030958749534	0	0	0.20299991743011	0.145205393611036	0.746165403746022	0	0.045046384036072	2.27511643329121	0	0	0.443011320380895	0	0.00263853021940707	0	0.13	0.106189210655371	1.04677975157265	5.11986564299424
BS_J6W1RB7A	0.0332999465296036	0	0	0.166450582794749	0	0.0182056799076287	0.0072881483014691	0.0136186449744807	0.0447928922319757	0	0.490739669543265	0	0.595083737644352	1.21812213874803	0	0.672996265149953	0	0	0	0.454991391779145	0	0.337501113527784	0.08	0.130195937054459	1.06336251382445	4.05309021113244
BS_J9CBGP57	0	0.0438821067476451	0.0109779058339105	0.172876341781522	0	0.0735390320664244	0	0.393135402400416	0	0	0	0.314508208276955	1.21438403442693	0	0.0286472460040735	2.57467981452228	0	0	0	0.436426052480123	0.00517802052690453	0	0.14	0.0995020372140618	1.06892386880848	5.26823416506718
BS_JB43XBCQ	0.877416428468554	0.18997415873643	0	0.801616428832974	0	0.752478075100096	0	0.0285107458426298	0	0	0	0.497073480520304	3.99005714017173	0	0	0.78387154664585	0	0.031150521958533	0	1.21546601432655	0.544335076973216	0.750679940964397	0.01	0.32904121958821	0.954975340106125	10.4626295585413
BS_JDSNFYQ0	0	0.0875960573407769	0	0.267790656975708	0	0.369132069754365	0	0	0.00742042564921977	0	0.055038485734731	0	1.36898139369058	0	0.114936565061434	1.35785672022182	0	0	0.129558566070406	0	0	0	0.01	0.359315592859655	0.940234147700082	3.75831094049904
BS_JJVH7WR0	0	0.0203513680673432	0.000515772983447027	0	0.233524715890209	0.457864542381977	0	0.0072569797328154	0	0	0	0.069329743932354	0.0130174579857483	0.186338119110427	0	0.868919763193389	0	0.00368431421038966	1.36655569846284	0	0.0518737697304434	0	0.86	-0.0259199275194784	1.12398689674372	3.27923224568138
BS_JMD386Z2	0	0.0210445472485309	0	0.238825064513006	0	1.26768955918494	0	0.0209860702897991	0	0	0.239401240818095	0.0401940854014264	0.478855675174731	0	0	2.29181157446278	0	0.00671638961803311	0.460631469277981	0	0	0.306550657983804	0.08	0.129789229858456	1.03657446847625	5.37270633397313
BS_JP95KMRD	0.113248283230844	0	0	0.854096790205137	0	0.832426072581275	0	0.832486766571522	0	0	0.470294515452494	0.140470129317669	2.96719945626211	0	0	8.09756263006023	0	0.297304407255589	0.409775042763188	0	0.330222278660791	0	0.17	0.0819718938801292	1.07238310531064	15.3450863723608
BS_JQGJQ2QZ	0	0.538071204125858	0.0673431986755799	0.609900700452223	0.520175589164361	2.69904031346287	0	0.879895448187269	0	0	2.23841188948007	0.228756298128807	3.12214237820136	0.299926817217766	0	4.04549848045104	0	0	1.61563650603262	0	0	0.0184257445583711	0.87	-0.0264026523164074	1.08976736609862	16.8832245681382
BS_JQVAWTTM	0.0580147056056551	0.164316408776728	0	0.0048393055181312	0	0.58781261169093	0	0.147431649602353	0	0	0	0.405493581360516	2.02350123105468	0	0.0330590786743871	0.907406517645052	0	0	0	0.317091593291164	0.132453662269841	0	0.02	0.249210020002808	0.993383943689502	4.78142034548944
BS_JQXHHK0K	0.136931894436717	0	0	0.0149898312826834	0	0.333646916167215	0	0.16828219388644	0	0	0.17401947667184	0.0452436234376084	0.253674477810239	0	0.0030856479536354	1.53969462350363	0	0.0430612228935653	0.159656967503541	0	0	0.000976080307014905	0.19	0.0724793144042967	1.06710316720293	2.87326295585413
BS_JRYJGYC4	0	0.167155872969782	0.913017032848623	0.325171795953004	0	0.551295871548608	0.00201768101535103	0.0140687714902767	0	0	0.349254344951836	0	0.481682092876426	0.135651309993415	0.00563783681989259	1.69474666340012	0	0	0	0.21539522567663	0.170991334591169	0.166658887553929	0.14	0.0970104209867732	1.05184435520411	5.19274472168906
BS_JS95PE0J	0	0.117660997813523	0.080222135234466	0	0	0.884982796488564	0	0	0	0	0.339819592220495	0	2.09136789340372	0	0.0531934051825444	5.51942901007529	0	0.0126891979440491	0	0.62937910980923	0.222849187406988	0.073205138912496	0.44	0.027706920038098	1.10822266185017	10.0247984644914
BS_JTWNJ8T7	0.0291789008186389	0	0	0.28793644853839	0	0.150565362753342	0	0.53753414129866	0	0	0	0.345552067778869	0.0598452222096712	0.593788799502226	0	2.38677411245636	0	0.0890053551025445	0	0.354099819867593	0	0	0.57	0.00261315485987874	1.11395529104954	4.8342802303263
BS_JVW2JJ39	0.135402414568364	0	0.587872279658687	0.29007852451855	0.21137889674254	0	0	0.407849132097658	0	0	0.267650774797874	0.0992614452628503	0	0.0365125671294275	0	1.33610841828732	0	0	0	0	0	0.287463282061488	0.76	-0.0186726334288007	1.10395677882213	3.65957773512476
BS_K0X3PZGN	0.105837698488864	0.244476713044828	0.347253002564722	0.609001795431103	0	7.63861260484353	0.0246301365460135	0	0	0	1.36361861481113	0	4.95085159778203	0	0.638839231315499	11.2283027232664	0	1.28431800644218	2.67371780811138	0	0	0.238927783283202	0.02	0.209425793626382	0.996985192264851	31.3483877159309
BS_K17VQECG	0.0629563830068378	0	0.000717352282967554	0.178740707066288	0	0.258049108833492	0	0.0707210444972982	0	0	0	0.0294081005480659	0.112226216602324	0	0.0388929135740701	1.2968578771485	0	0.00315914460530135	0.0681961465524598	0	0	0.0130884409829738	0.02	0.243059108650374	0.999673806382116	2.13301343570058
BS_K2PCC777	1.71573800197175	0	0.194306913311958	1.12695533983622	0.0896994898936198	1.94427430865709	0	0	0	0	0.894188799725895	0.0208645118169977	2.88764934056676	0	0	2.97362260047555	0	0.112648544402899	0.298635221148448	0	0	1.26074514316401	0.03	0.167367375709704	1.01884738490686	13.5193282149712
BS_K74N1BXQ	1.0224824579067	0	0.555443141774254	0.11215160706372	0	0.361292728155321	0	1.07378363606631	0	0	0.171357423729222	0.0964150541311864	2.84488358743472	0.088834442267788	0	4.04412020970212	0	0	0.156970836528738	0	0	0	0.2	0.0651956332949543	1.07005987975726	10.5277351247601
BS_K81PZXP2	0.0512926962700696	0	0.101923211537562	0	0	0.248624315414366	0	0.314630255498966	0	0	0	0.36419489531313	1.09331648663447	0	0.173752009534055	3.91121083967426	0	0	0	2.08360338486383	0.216430823739419	0.15034929649108	0.13	0.109231855305498	1.07553522737499	8.70932821497121
BS_K88T8SW7	10.2169514737474	0	1.14271816009998	3.59500646576611	0	2.47877870193896	0.982157320274925	1.88881060593972	0	0	0.705840028578658	0	1.04727215116843	0.569863221033646	1.37481734595778	1.10749634721762	0.0544584768321733	0	0.748497647701805	0	0	0	0	0.379806278451625	0.938520873681954	25.9126679462572
BS_KABQQA0T	0.0453376894435014	0.153226151624888	0	0.267267848682925	0	1.90993505148144	0	0.320129975742394	0.161953653085965	0	1.4100066766315	0	0.530274911357561	0.443093032423241	0.0130443670129601	0.758260268817643	0	0	1.51808457715088	0	0	0	0.97	-0.0423067012001136	1.11001663859174	7.53061420345489
BS_KBEX4RT2	0.268009708925425	0	0	0	0	0.311715012886752	0	0.209175402340903	0.272962638094289	0.451498127687459	0	0.150510331473432	0	4.46730916294636	0.119564262538707	3.21460694692067	0	0	0.482019173951336	0	0	1.34293633396211	0.7	-0.009735676166601	1.15493015445704	11.2903071017274
BS_KFD5128N	0.111389003733238	0.572555176148714	0	0.389136158046325	0	0.859429594209277	0	0	0	0	0.698614907771713	0	0.0820110845767876	0	0	1.67022235022635	0	0.0505914884609736	0.253472549336261	0	0	1.17182912702971	0.23	0.061071667670379	1.0683012342666	5.85925143953935
BS_KKDTW11T	0	0.640642248435415	0.27700474692682	0	0.936922571740351	2.44652599001065	0	0	0	0	0.681736940299092	0.155514621456274	0	0	0	0.715737244682959	0.596224227233759	0	0	0.418772327974236	0	0.933951710798988	0.86	-0.0253126911395236	1.10319687604384	7.80303262955854
BS_KP735TJ6	0.0762728825575483	0.0491850458451805	0.0192100998889668	0	0	0.0386501488661635	0	0.444874807044344	0	0	0.0257069210861563	0.0970707515312571	0.361004806197877	0.161574407351147	0	0.512450564811969	0	0.0484152064812552	0	0.15426965311136	0.17614489357477	0.0708319997518132	0.54	0.0078717428064583	1.07747124073444	2.23566218809981
BS_KQ6ZW085	0.0323950159506156	0	0	0.223411047059311	0	0.858425714861517	0	0.118374652288923	0.00734948669497466	0	0.0255874911784017	0.159825541010052	0.228141791307402	0	0	0.675021940121891	0	0.00642990360342811	0.286316087591528	0	0.00650642295243747	0.045900126108886	0.25	0.0554287897255501	1.06769438399135	2.67368522072937
BS_KRS4EV4X	0	0.111778418689821	0.0939250803489712	0.163759664107018	0	0.553440670853758	0	0.0225092552941474	0	0	0.0777446270810263	0.0837438783931955	0.109275132063842	0.224115979723823	0.0208751339996914	0.663131484607108	0.0226647247887734	0	0.891791830982999	0	0.00976619200248596	0	0.75	-0.0153331245368587	1.08763491533141	3.04852207293666
BS_KS8HMGA6	0.453209638940564	0	0.0372432190414205	1.2145267875933	0	6.12885780035582	0	1.21920048171124	0	0	2.20898064125774	0	3.83712905733369	0.110944872803358	0.025477915947392	6.71299598932847	0	0	0.383349521011136	0	0	0.463899813639403	0.2	0.0658338973970829	1.06346254084519	22.7958157389635
BS_KVPWHDR4	0.00590855270674977	0.00605872695109133	0	0.151014240740797	0	1.01131897440485	0	0.0771569851680391	0.0235462956105915	0	0.0427475533870959	0.127049700237671	0.628315038976186	0	0.112902673154516	4.36146930464764	0	0.0730754175873821	0	0	0	0.126595845448506	0.13	0.104630594445971	1.07741937261674	6.74715930902111
BS_M0FA190Y	0	0.211721966844947	0	0.27585370099972	0	0.901784536152782	0	1.25051293052199	0	0	0	0.514565728648755	2.66012908013351	0	0	1.53087217191511	0	0	0	2.886391155012	1.20051038044298	0	0.18	0.0759556353280874	1.07427021079027	11.4323416506718
BS_M0XGZ53Z	0.153578153777395	0	0.0208492988158509	0.0925980945303968	0.0184910735290991	0.403659468615497	0	0.075320454206377	0	0	0.695521378330921	0	0.241707555263865	0.0739699183848831	0	3.68559725543919	0	0.272649522885188	1.33476849070371	0	0.137750530556485	0.0499111658056786	0.86	-0.0250848068661411	1.10650899090315	7.25637236084453
BS_M1PVEHCM	0.0467051172035619	0	0	0.284741052861304	0.0220374837592559	0.0572214357885596	0	0.126453399076281	0	0	0	0.0561908208024264	0.0157884607833659	0	0	1.24999068377154	0	0.0236964477703881	0.550403372495302	0	0	0.0686335299106671	0.97	-0.0456581116812662	1.11481609162651	2.50186180422265
BS_M54TWTH4	0.0318268631001041	0.146423953952165	0	0	0	0.609261702615268	0.203511439290739	0.201000802417267	0	0	0.164565727795385	0	2.79395692616591	0	0.0296623219556098	2.96333801806784	0	0	0.403063747052897	0	0.505691760542673	0	0.0600000000000001	0.141045662695595	1.04412106597357	8.05230326295585
BS_M7XB258E	0.174819593614502	0.233055166077381	0	0.417885846462923	0	2.86963832556323	0	0.457902821202688	0	0	0	2.28120790979449	3.85351226876975	0	0	6.4245862919407	0	0.217543517848816	0	4.86300111632918	0.137665603066182	0.924536625702515	0.17	0.0840897119906674	1.07230670182755	22.8553550863724
BS_M85CXHDV	0.0808899503584343	0	0.0500489243897401	0.172822445057605	0	0.292744228105189	0	0.0256187988287637	0.0604170608875297	0	0.0135217023506117	0.000643624370964559	0.215899416460138	0.493405737939338	0.136186380614647	3.57692665244222	0	0	0.255538243343785	0	0	0.0280623626821231	0.0600000000000001	0.150247507093752	1.06565728266768	5.40272552783109
BS_MB7WN0ZB	0.102462939409908	0	0.237669732052454	0.211063672341523	0	0.627043968202937	0	0.103345221996878	0	0	0.0525156093055342	0.0943993378970954	0.704738298991958	0.015990630835193	0.0430699351903605	1.80396954008989	0	0	0	0.0961003022143219	0	0.0228323469805859	0.32	0.046905366000249	1.07258266031586	4.11520153550864
BS_MD0937XT	0.0838958000062596	0	0.000619501790596114	0.0438370912732853	0	0.553127419488651	0	0.0469810678439694	0	0	0.15785188590088	0.0915591782548614	0.516570661499784	0	0	1.1146765029215	0	0.191479486970399	0.198369922797449	0	0	0.0941984678166588	0.74	-0.0134015904728492	1.08644943429287	3.0931669865643
BS_MDBT7S5Z	0	0.0039734399624163	0	0	0	0.323008708634899	0	0.240101063715886	0	0	0.0108271891555399	0.12450268274152	0.0525530735357266	0	0	1.14441797291432	0	0	0.106258863581537	0	0	0	0.57	0.00265060186012064	1.10646049747752	2.00564299424184
BS_ME6VQGG4	0.0193490697277024	0.00981617223548259	0	0.0461658818678308	0	0.875387897836437	0	0.069911796884522	0	0	0.217417698926865	0.0851721746112602	0.209553713502501	0	0.0104584038676723	1.04622096124884	0.0132812183720613	0	0.0975858034566908	0	0	0.0417905318383384	0.35	0.0434019002533011	1.07469825224735	2.7421113243762
BS_MFGZH8FK	0.00501954993557139	0.332591790739658	0.123378440637772	0.217185443662214	0.245116445324125	0	0	0.123247264953516	0	0	0.00952839659233231	0.112991004460955	1.67371116376791	0	0	1.06326587596521	0	0	0	0.329472711751276	0.290243441780571	0.766321407089162	0.11	0.119404556584283	1.05910234863886	5.29207293666027
BS_MG78HQDM	0.25876595541573	0	0	2.24955017607524	0	0	0	1.03775847051391	0	0	0	0.963712629733578	0.359015026881529	0.655532838252863	0	0	0.224932952520858	0	0.732167025809798	0	0	0.333977592742755	0.48	0.0156521087464148	1.1142794338605	6.81541266794626
BS_MWWZBQ60	0	0.089263036060647	0.00734231322058912	0.0614006145731883	0	0.176159169768496	0	0.0292560012423202	0	0	0.0344323953412375	0.0856862284860152	0.324305510176831	0	0	1.5934803484419	0	0.00547557313449635	0	0.419156067131739	0.00161232974133289	0.0651175527963659	0.15	0.0910098986904211	1.07863012445315	2.89268714011516
BS_N6TQBQ8M	0.0475240671073691	0	0	0.722012809784458	0	0.401483041400115	0	0.247646028943429	0	0	0.42242957101103	0.392017884582251	0.383933611496346	0	0	1.99565927434985	0	0.022100253105766	0	0.244496561387204	0.00987156093966998	0	0.43	0.0291690088574714	1.09227546457288	4.88917466410749
BS_N7SW36FD	0.00403983717995622	0.0044845831515319	0	0.0577519983295312	0	0.248155271139317	0	0	0	0	0.0508839776397646	0.135868353426054	0.923663713176449	0	0.00123175807082903	3.62851988408912	0	0.00971330044664957	0	0.124374268332711	0.00215030586081874	0.127281751076658	0.01	0.366981105222731	0.951566878067893	5.31811900191938
BS_N7VQ1GQB	0	0.09530294401035	0	0.372145401757523	0	0.967610091677916	0	0.0216229468768691	0	0	0	0.502928021267891	0.678213896583401	0	0	5.23171527742362	0	0	0	0.390854633680918	0	0.0815645602339861	0.01	0.26972872576638	0.992722131708193	8.34195777351248
BS_NB9XXBW6	0.016685936430897	0.312206653880538	0.0561777479123629	0.0997598708925787	0	0.690379650600098	0	0.240336772263055	0	0	0.301704014185177	0.26010799910818	2.51211987536302	0	0	2.39012201604946	0	0	0	1.49559218451225	0.036392610406482	0.230046146322953	0.02	0.195919009499275	1.01699772048475	8.64163147792706
BS_NEFAASTR	0.725135107860129	0	1.01858602673688	0.571185643636916	0	1.18178710515289	0	0.343122372806849	0	0	0.0681053466936174	0.168036408307281	0.650475150229689	0.911503645349293	0	2.58272863625578	0	0	0.222060084801779	0	0	0	0.05	0.154974866968137	1.02546250553071	8.44272552783109
BS_NEVYM2FP	0.0568615369349424	0.0411069156678351	0.00553865902993417	0.324415069699707	0	1.15136572438861	0	0.602752695206508	0	0	0	0.724367993389103	2.12785521127435	0	0	1.66005348952903	0	0.00956264043440805	0	2.3386889244911	0.301891996529229	0.272333769145012	0.01	0.264150029116725	0.98829266145195	9.61679462571977
BS_NFKKDYSV	0.093593141021276	0.257264165493799	0	0.612819266283213	0	3.11331188599912	0	0.661605834536339	0	0	1.13081161505062	0.303788214457742	1.75126479524113	0	0.139502465839062	10.7350845126124	0	0.0101164233553183	0.721409984718754	0	0	1.01745072802082	0.24	0.0566668051737326	1.07688578166665	20.5480230326296
BS_NGSG2KB6	0.0786953493828222	0.107220679370622	0	0.284536116191657	0	1.38309438770202	0	0.254751965784561	0.0884443972089425	0	0	0.816210735032845	1.16221885621777	0	0.0186636037237368	0.765689013358471	0.00529825812506931	0.0597489614079393	0	2.33000448791937	0.373197873905431	0.358712838661067	0	0.383514119881236	0.931855841977907	8.08648752399233
BS_NNYXMSTX	0.00275684747040707	0.0100248756725	0	0	0	0.528187299985892	0	0.0268675433438229	0	0.0422504625833983	0	0.271419045613216	1.07411312834179	0	0.089748160607562	8.84156161910694	0	0	0	0	0	0	0	0.435770336275716	0.917702062614199	10.8869289827255
BS_NPA6CZQF	0.00142444178348556	0.0986320890748569	0	0.0906114778275431	0	1.1257180404772	0	0.162155354756402	0.180485909292803	0	0.635169892344292	0.161708208513362	0.643508988150004	0	0.0102190487978857	1.59387321786555	0	0	0.661303233915045	0	0.0245312968288071	0.0354572648641273	0.18	0.0763081217032859	1.05184830603228	5.42479846449136
BS_NQ54ST98	0.350878379625744	0.0794591732953339	0.0783233752675381	1.18128868193702	0	0.239315400308807	0	0.0838651320172684	0	0	0	0.48868210311699	1.83236082046204	0	0.123075929048798	1.18872345701854	0	0	0	0.110993725639887	0.00776529065325986	0.426592907808385	0.01	0.288073610849428	0.971036632551887	6.19132437619962
BS_NR3P3GN2	0.0266455898025715	0	0	0.0762366913836001	0	0.185081266022503	0	0.0756613857823831	0.0117756240987133	0	0.0857853511565914	0.032705162512059	0.00148420234525224	0.549166595876533	0	1.13987715334315	0	0.00722183068349462	0	0.120791817558879	0	0.123843720988973	0	0.46959014646433	0.88441324157537	2.4362763915547
BS_NX1R0BC3	0	0.174400729977347	0	0.129535038011837	0	2.44461673609794	0	0.880629256225565	0.0408487916592704	0	1.15984620063881	0.112577117760587	1.50693961004517	5.70396971902089	0.0216672161998793	3.84362136158943	0	0	0	0.058436741946202	0	0.351529523053572	0.07	0.13756833994847	1.05624749920394	16.4286180422265
BS_P0QF87WC	0.146299993517877	0.0220673490027522	0.065502755902016	0.153018001492038	0	0.00493341104047937	0	0.352488929537121	0.0974749910260247	0	0.437000538725232	0	0	3.02028364776521	0	0.69819562499845	0	0	0	0.464808297034714	0	0.485220125984957	0.03	0.175956441292396	1.06580577451903	5.94729366602687
BS_P4PMWFMV	0.0281869926178732	0	0	0	0	1.22561027918546	0	0.301388080931722	0	0	0	0.771162364105788	0.104129112736455	0	0.11667828136597	3.13926809225826	0	0	0	0.0456890616543844	0	0.192244740902244	0.24	0.05649655128681	1.08629801717784	5.92435700575816
BS_P7W3AYKV	1.06042723749286	0	1.90035826917338	3.08138026416935	0	2.10107597881862	0	0.31199659390488	0	0	0	0.406846728055383	1.93807920833885	0	0.0233761782930643	3.79962183596042	0	0	0.393133291205859	0	0	0	0.44	0.0240301692578421	1.0805619826083	15.0162955854127
BS_PENM28KT	0.0253376424072252	0.185012136082759	0	0	0.0707436224942591	0	0	0.285210333520832	0	0	0.23867400796376	0	0	0.525336712575519	0.0591893918607629	3.16582966726151	0	0	0.0123641193051289	0	0	0.154624823342068	0.07	0.138956269488404	1.07574039419905	4.72232245681382
BS_PJC6FH4Y	0	0.0508654590834606	0.197480373377534	0.160470253923143	0	0.360572191462717	0	0.0958271671780453	0	0	0	0.198036529001135	1.6388224725217	0	0.143355670565345	2.97824257935147	0	0	0	0.529950188140641	0.145873710262675	0.0742462074353934	0	0.380427008083289	0.929853420863878	6.57374280230326
BS_PS0P3QJ3	0.0731045352176885	0	0	0	0	0.405355176951172	0	0.11630002644978	0.0446417089843769	0	0	0.0945634557423225	0.242315132177907	1.49065942659714	0	3.25301733158225	0	0	0.100174400523865	0	0	0.021653834564282	0.12	0.110116857482725	1.09989746739351	5.84178502879079
BS_PXCPK5XS	0.141503875965929	0	0.0023202372269065	0.53386364495574	0	0.390780547479388	0	0.252221088491294	0.104985614696247	0	0.180195067350148	0	0	1.35920830387392	0.264852814144227	4.26962128548205	0	0	0.084526561472217	0	0	0.0746541642362164	0.02	0.187537531799861	1.03997347860781	7.65873320537428
BS_PZVHMSYN	0	0.316998275634245	0.201598985220541	0.316312712819414	0	0	0.0139335138096223	0.184001673478343	0	0	0.147843627313604	0	0.0134153692958164	0.0854469608847937	0	0.989535919826229	0	0.0877829810672042	0	0.0277096493365023	0	0.17860651173595	0.37	0.0395834055130136	1.07133696238967	2.56318618042226
BS_Q06J3RYW	0.00874724561918878	0.0282495290436891	0	0.432841821552738	0	0.436569984634794	0	0.0228678527264146	0	0	0.140184348310859	0	0.661256553820181	0	0.00347770861692711	1.5218324256259	0	0.0175485701058944	0.167844305432857	0	0	0	0.11	0.115978666994118	1.04673235590336	3.44142034548944
BS_Q35GFYDR	0.253406984885381	0.675560208037791	0.501024465031098	0.925443903368282	0	0	0	0.562166065965946	0	0	0	0.333451759911873	0.0466221275583291	0	0.101259127937514	2.31817464771095	0	0	0	1.01803466352758	0	0	0.67	-0.00833111871385052	1.09704323038366	6.73514395393474
BS_Q9N5PRD5	0	0.0248128720395905	0	0.479627717698254	0	0.210324013289589	0	0.0954443683311104	0.0209208043339888	0	0	0.0122161535607243	0.424856194684018	0.244479364009567	0.0149081043338178	0.17132861715427	0	0	0.544598882112002	0	0	0.127692121504892	0.42	0.0343135834510502	1.07158242307931	2.37120921305182
BS_QB84TBA3	0	0.162503673108178	0	0.310988352144808	0	0.741402452589206	0	0.541206650788027	0	0	0	0.0694901377217582	0.0777020905553289	0.667261419508935	0.0178645345657671	1.80203909592305	0	0	0.217402827020893	0	0.0216013380510188	0	0.76	-0.01854089330254	1.10529577691272	4.62946257197697
BS_QGKEP3KB	1.33889210581202	0	1.92968247293108	1.04338793148582	0	0.565520261069923	0	0.291166518016791	0	0.562565478229527	0	0.684497207436119	0.709017068969908	0	0.496883167452649	10.2480099444879	0	0	0	0.341502012274172	0	0.259163739703591	0.02	0.244962097177462	0.996828590706839	18.4702879078695
BS_QH0VYVJK	0.0453492884977198	0.191306655700261	0	0.477994068658928	0	1.45048987147669	0	0.250594154270347	0.345398109142957	0	0.765286114731915	0.125809992935312	0.344877040082139	0	0.000488399685567854	2.97910936121898	0	0.0322010880882779	0.219504181000518	0	0.00456661449915994	0.0626104726791753	0.24	0.0577752741390616	1.06933151802752	7.29558541266795
BS_QHY302E8	0.0781730797601835	0	0	0.153051278923685	0	0.541285766265659	0	0.165603622666793	0	0	0.0421944012576656	0.185084808004801	0.000107463234358616	0.953339469284525	0.00363680713614026	3.23794581952121	0	0	0	0.804847323954985	0.0124154552688619	0.161969215277754	0.02	0.253637590935305	1.00429425496108	6.33965451055662
BS_QMBS32Y2	0.0156359127383169	0	0.0196841217468828	0.985382335114411	0	0.931497816648127	0	0.0119823350867219	0	0	0.0791197072540684	0.00525349024214385	0.18968681705734	0.581180772435892	0.0149335056570792	2.11094965231294	0.0191092492134507	0	1.45726673465268	0	0	0.308413519129769	0.44	0.0286054779080943	1.07494476691686	6.73009596928983
BS_QNNX91SM	0.0326198781219729	0.0298466006571823	0	0.151780975384628	0	1.29494456945871	0	0.333413797121058	0.0134278976522846	0	0	0.810789729718674	0.648235567475623	0	0	0.577508183774188	0	0.0178544000871887	0	2.17107296516491	0.12393983814004	0.0925502421571699	0	0.40039910566131	0.931294923206505	6.29798464491363
BS_QY2G1JZJ	0	0.214038555873721	0	0.171716954558461	0	3.13929158680393	0	0.185114181779219	0.0170469170194668	0	0.699529804902146	0.523235962315635	1.23673139737697	0	0	4.23100972984554	0	0	3.1031885873408	0	0	0.0959101417618465	0.28	0.0521610254760455	1.06180872937763	13.6168138195777
BS_QYA4TQXX	0	0.0725275868643913	0.0263296765120112	0	0.1126644830629	0.168026283391784	0	0.0477125044841506	0	0.0821666823947822	0.139989413455701	0	0	0.0199109071960314	0	0.718924946318444	0	0	0.325503280483175	0	0	0.335035022784806	0.76	-0.0178725608712828	1.09418427924984	2.04879078694818
BS_R5JQE0VJ	0.0572519128002624	0.21010545066512	0.0196183290402394	0.249484206140875	0	0.318050545713266	0	0.0469438398483956	0	0	0	0.209632365172643	0.944422618016867	0	0	0.910059402239412	0	0	0	0.664501385293799	0	0.903308064071042	0.03	0.176810028355199	1.03491842197172	4.53337811900192
BS_R5SNFB5B	0.033788984444146	0	0	0.275626709502534	0	0.470384932706039	0	0.0772731243835134	0.024000978217316	0	0	0.118453657636504	0.0733912403513315	0.475782623941982	0	0	0	0	0.00947547086083438	0	0	0.0530506848655885	0.61	-0.00312263021553939	1.12631021500426	1.61122840690979
BS_R9B92M75	0.0165465412160709	0.368513212598289	0.150050711471418	0.231718387531683	0	0.895599417962657	0	0.366229557203345	0	0	0	0.577715479237145	1.77589312029775	0	0	0.926734734209267	0	0.00418538806580251	0	2.50764215916323	0.442680027319704	0.593209114011546	0	0.445491856052872	0.896121573881026	8.85671785028791
BS_RHAWQJ48	0.58265699196571	0	3.90648277777899	2.67436332120751	0	0.776703052158698	0	1.46254927677167	0	0	1.12493632026801	0.234094816961628	4.6560794516182	0.832507913716119	0.104819971290674	7.54655274733766	0	0	0	0	0	0	0.11	0.114540005575351	1.04667453383729	23.9017466410749
BS_RHM60031	0	0.436560952852023	0.0314670544923301	0.198598155580614	0	0.425951663188259	0	0.169663749483687	0.0549840539614053	0	0.575770649355474	0	0.205441031790252	0.596282427540968	0	1.4869441781925	0	0	0	0.190981738410625	0.031883724423397	0.0936280103637882	0.13	0.107558205010634	1.04507841121011	4.49815738963532
BS_RJC3WDD6	0	0.104896562091549	0.347100233214269	0.00356672744110219	0.153465681067761	0	0	0.256248918662378	0	0	0.0444538322676056	0.0690323602561575	0.156937290633348	0	0	1.33522314534722	0	0.00870823565443088	0	0	0	0.0850503147077512	0.87	-0.0268635364356926	1.11712625106724	2.56468330134357
BS_RN0VAY51	0.50594264856988	0	0.0154829098050074	0.220430739357981	0	1.2006178696163	0	0.183675166984732	0	0	0.975240119567573	0.390410563580744	2.48771208472773	0	0	3.2103752008907	0	0	1.32395146849244	0	0	0	0.46	0.0165453846067237	1.07668348398799	10.5138387715931
BS_RX1YTZ7F	0.778598373099392	0	0.0225213029736726	1.51321644295501	0	2.09414638896458	0	0	0	0	0.976152043974671	1.08273507659037	1.2033740902755	0	0	8.67603108785807	0	0.0421521705263722	0.977853213425368	0	0	0.102970289203447	0.45	0.0227302469434271	1.08765851363475	17.4697504798465
BS_RZBFH1QF	0	0	0.00594561401835487	0.0577632112818326	0	0.696297166812795	0	0.144859905069482	0	0	0	0.220931494816798	0.134485638939282	0.407771307544499	0	0	0	0	0.532130591776627	0	0.0738073921971433	0	0.74	-0.0132041862420418	1.10252028477162	2.27399232245681
BS_S2TA8R29	0.0350699367430778	0.0927575848593116	0.193950411713081	0	0	0.796818431550181	0	0.738649795074017	0	0	0	0.674855523041046	0.88492861683271	0	0	1.71278896750098	0	0.144203593864251	0	1.3273910727308	0.0376630765066198	0.258830859065686	0.44	0.0232810289345451	1.08635937888866	6.89790786948177
BS_S3C2PZAH	0	0.328014282466838	0.086634957662132	0.124794004833138	0	0.476112047365591	0	0	0	0.274537898882138	0	0	0	0.756710851737078	0	2.85734818036288	0.177807949160052	0.00748694651307512	0.0880761495750131	0	0	0.36719842050157	0.0600000000000001	0.141083427649723	1.05377395009624	5.5447216890595
BS_S3MET0JZ	0.307673693001911	0.590723062491041	0.158293053659379	0.372735561551324	0.446185828511372	0.114182915040816	0	0.0961336784176381	0.24314683129926	0	0.234973230243068	0.158208131541334	0.239331549444701	0	0.000175826903737891	0.84056373126969	0	0	0.165079034564501	0	0	0.19077045555351	0.12	0.112807501113936	1.04188624915647	4.15817658349328
BS_S4V9E1XJ	0	0.028253310787271	0	0.154439604259396	0	0.322846130315754	0	0.0799991053645734	0	0	0	0.274306790943386	0.760231794298051	0	0	2.45296275324999	0	0	0	0.973281947637044	0.0229368427643504	0.000396230936809369	0.09	0.127460490276196	1.06251484154652	5.06965451055662
BS_S5P8VTN5	0.050429988765765	0	0.174032831702133	0.495523195848708	0	0.423505916449254	0	0.20702960103182	0	0	0	0.240277585066969	1.19090079202585	0	0.00715347614368365	3.52389515925442	0	0	0	1.16871770691666	0.129090368675735	0	0.31	0.0491570356494914	1.08527170134328	7.610556621881
BS_S6B9DVNS	0.0645674916748303	0	0	0.0504091759105632	0	0.819906626527785	0	0.49553077437314	0	0	0	0.207077394047074	0.449751503736456	0.337864382879064	0	0.094488053362215	0	0	0.051950800307364	0	0	0.679010419062507	0.74	-0.0135571263937907	1.12280609106875	3.250556621881
BS_S6S7SK3P	0	0.0458230123753829	0.000381782745564296	0.050694286067717	0	0.157911423517828	0	0.0369940462628618	0.0268022685092385	0	0.076649888172168	0.0576295299249699	0.0338806443116509	1.006818602741	0.00364448014465007	0.646744755044918	0	0	0.920754419894108	0	0	0.037900418829207	0.15	0.0911746082055025	1.07944401822521	3.10262955854127
BS_S8K878T3	0.159413087807477	0.0278297298820848	0	3.56912572260405	0	4.75875632291512	0	1.92804739806929	0	0	0.115291599448544	0.480023580189076	3.77038506288477	0.0986388431404424	0.687889226206359	7.17846798423464	0	0	1.3078982698105	0	0.0470750398600498	0.211196520663524	0.43	0.0303271623996385	1.07510084543623	24.3400383877159
BS_SBMAM00V	0.437842089113248	0	0	0.350647841983599	0	0	0	1.11532952979129	0	0	0	0.299537836444959	0.51992405356343	1.63237899261407	0.111317517574675	3.59375364754567	0	0	0.311524015582099	0	0.253425857744736	0	0.17	0.0815936088949156	1.07033372406421	8.62568138195777
BS_SBMCD7XZ	0	0.0425842379391643	0.00568381080705561	0	0	0.407009690410608	0	0.0405194819512045	0	0	0	0.208363329023433	1.61749198676683	0	0.0412268626847351	4.54347667662928	0	0	0	0.185399861948908	0.0231960771938738	0	0.01	0.309414680810284	0.982403273142035	7.11495201535509
BS_SD0EMK7Y	0	0.543776866328726	0.144539760436444	0	0	0.817479180622185	0	0.776385077286241	0	0	0	0.542452980732713	3.05317569468111	0	0.20400490273055	1.80607321171127	0	0	0	3.32587183237338	0.447176935135973	0.65328620671381	0.26	0.0539882708338626	1.09042717006085	12.3142226487524
BS_SD8YBRBR	0	0.396731647240426	0.0871050187403921	0.00228744775580233	0	0.0887564009260191	0	0.286147597163231	0	0	0	0.117345741272359	0.336449488879068	0.393551272561293	0	0.4670034767286	0	0	0.700965886877107	0	0.00173663605915796	0	0.86	-0.0251232842069376	1.08819882419269	2.87808061420345
BS_SERDGASJ	0.427447609840253	0	0	1.04895334556789	0	2.27399827773465	0	0.304809824709641	0	0	1.24598678191588	0	3.25973075893284	0	0.139162365449985	4.62115037075769	0	0	0	0	0.144707149298974	0.0463759726060279	0.43	0.0324207344134209	1.07881571742586	13.5123224568138
BS_SJVTZ5TH	0	0.998245384966186	0.021803980038964	0.693493931843845	0	0.55519258759541	0	0.647503826037385	0.30517094519031	0	0.950780603111668	0	0.714791537583876	0	0.212422055461159	1.11647848445947	0.0268097587694142	0	0	0.533664656812042	0.0080725980668089	0.311251032021241	0.55	0.00728341593550095	1.07998703006058	7.09568138195777
BS_SMWQR2F1	0	0.226112195464683	0.0344457827761389	0.696036656563922	0	0.666795550944055	0	0.110337367247315	0.0144820687069977	0	0.183961226937097	0.036654565463067	0.489758747050216	0	0.00882728780354249	2.57500959087126	0	0.0111286018501665	0.574944891290441	0	0.00601720277524582	0.0865055387280182	0.1	0.125680417208597	1.0357575733802	5.72101727447217
BS_SNVM7CZT	0	0.30809140198005	0.0342536281388047	0.574984257771737	0	1.77406542666865	0	0.333993413345383	0.132292441617692	0	0.241886243702209	0.551642615819797	0.359642774355083	0	0.0506449645310473	3.53385669172139	0	0	0	0.159482992555452	0	0	0.1	0.121120224426538	1.04649267854377	8.05483685220729
BS_SR2RGDXJ	0	0.151227445931177	0	0.0209834481412644	0	0.191363285107402	0	0.125338170848713	0	0	0	0.251543782815739	0.779792136275344	0	0.0709183402407357	2.67862347143949	0	0	0	0.666140612939948	0.130403279388787	0	0.01	0.321902097426878	0.963781754856886	5.0663339731286
BS_SW9Z10F9	0.0725470310882893	0	0	0.0114344181746039	0	0.452934301538929	0	0.064148130160438	0	0	0	0.238813241574294	1.24931967987819	0	0.0778690473976965	4.13684524735479	0	0	0	0.853175533952795	0	0.223604347766736	0	0.379941912090628	0.935630219849193	7.38069097888676
BS_SY3J3XR9	0	0.063699991616113	0	0.0877431282147359	0	0.32976309874434	0	0.191964354891166	0	0	0.177183119785043	0.155528551381024	0.263609862037289	0	0	1.04485189076598	0	0	0.377152035984762	0	0.0497592497405024	0.21147024467014	0.61	-0.00309213682457297	1.08344064552973	2.95272552783109
BS_T1YHK6B7	0	0.0727068006149377	0	0.306166624567022	0	0.623605628994611	0	0.321313096779859	0	0	0.344935171740038	0.222441238742675	0.162382837643135	0	0.0407079002828795	2.31405912503219	0	0.107349131216774	0.10144467535915	0	0	0.0156132968578188	0.44	0.0247960925666123	1.08908606152547	4.63272552783109
BS_T2F48Z4E	0	0.0336220399727868	0.0944601488320363	0.820562901858289	0	1.11449416256198	0	0.050646025934599	0.0483125482498439	0	0.0719811083056063	0.0354836796340618	0.567512523158698	0.33011934259707	0.0413428157424691	0.799711381326969	0	0	0.740730776610273	0	0	0.0852431939677216	0.32	0.0467086132087446	1.06321035877195	4.8342226487524
BS_T9A8JJW5	0.0309580206893318	0	0	0	0	0.583387069195107	0	0.0183505352356636	0.0811288399657357	0	0.276824437809806	0.162524172321427	0.293947903658688	0.200747970900466	0	1.91949160906175	0.0385458973939667	0	0.132442871983033	0	0	0	0.05	0.154058015699546	1.03780793856142	3.73834932821497
BS_TASG32Z2	0	0.0584919376523283	0	0.453922891710618	0	0	0	0.121683894880526	0	0	0.224884494005642	0.0637403731095526	0.280948440243336	0	0.00803985889212477	1.5140934776748	0	0.0163210727311904	0.0124453906898854	0	0	0.000687285492526317	0.14	0.0998739379640942	1.06551006475026	2.75525911708253
BS_TGS109T3	0	0.011625484367036	0	0.113784821413156	0	0.917065122761811	0	0.148413105950476	0.0290032962078229	0	0	0.167675986397802	0.148484811562492	0.0704920004789635	0	0.836858577302162	0	0.0309044925872173	0.860562717367379	0	0	0.0262044396497478	0.45	0.0192076671336374	1.07921891784751	3.36107485604607
BS_TM9MH0RP	0.105351779631278	0	0.0106159950261237	0.188691494641212	0	0.234905222987427	0	0.0201904187465786	0	0	0.109833999751052	0.0791859539826896	0.62404751075788	0	0.00950569184218454	1.51914965529713	0	0	0.168190351300502	0	0	0.0271073578977439	0.17	0.0845523319161147	1.06590415246723	3.0967754318618
BS_TR2P8KRF	0	0.0403615981195597	0.0112544021310492	0.119360418157624	0.0140955453159482	0	0	0.251540677261235	0	0	0.00555451587370819	0.132619712949039	0.282977883938417	0	0.0415532157225881	1.32871318966858	0	0	0	0.743846477124419	0.140137537047603	0.0475817556729557	0.18	0.0764199912891418	1.082531113117	3.15959692898273
BS_TRKH2SPE	0	0.0450679203869459	0.151469349547024	0.0390765972670907	0	0.0215059441094265	0	0.115166548944398	0	0	0.0157424599547886	0.0544091952207595	0.1083912059396	0	0.00863318375220807	1.04289201946669	0	0	0	0	0	0.0517338671577055	0.05	0.152945305383025	1.0497658833016	1.65408829174664
BS_TRPXB3AV	0	0.0145346162074633	0.000461615191774096	0.00496234909489175	0	0.100282967060879	0	0	0	0	0	0.0493386068292972	0	0.585380388606826	0.00492964316583527	1.12939156426274	0.0173078972499657	0	1.37523901713015	0	4.39835299197189e-05	0.0638663152019251	0.59	0.00146546133421792	1.13720987351424	3.34573896353167
BS_TTDNZTZ0	0.13295912273228	0.0291700155411547	0.00254670082408939	0.609504847414943	0	1.23849215074568	0	0.280899068552274	0	0	0.856482087373536	0.176581790846287	4.56932413096206	0	0.349446593577618	10.1650444027497	0	0.193355317144845	2.30989386963822	0	0	0.647509114949177	0.2	0.0665686145205338	1.07507682920827	21.5612092130518
BS_TTE04ZP8	2.27293832559543	0	0.471639568084218	0.0319424603568106	0	0.27516954465675	0	1.02377787367506	0	0	0	0.425424305703437	2.87970939822627	1.30444379070597	0	5.05669489228029	0	0.0583362575602622	0.114108290695289	0	0.0260895562169692	0.225925352366082	0.12	0.111772919525897	1.05259139880423	14.1661996161228
BS_TV5B86ZD	0.0666663159856875	0	0	0	0	1.00399894560682	0	0.0512126723192908	0	0	0.346946439577245	0.0116648340061716	0.285480186356988	0	0.0720015907318055	0.429154979758418	0	0	0.525905738357266	0	0	0.141901118797432	0.93	-0.0344856638698061	1.09545574198644	2.93493282149712
BS_TVH33J9Q	0	0.226035206278585	0.416317466816717	0.244907878166984	0	0.073786232540395	0	0.556893712491204	0	0.113150252126738	0	0.212477172805171	0.0691158881185742	0	0.226209728162207	2.16946828209308	0	0.0142845582466558	0.301595062206164	0	0	0.00362804171336357	0.44	0.0247550631647439	1.07820025192156	4.62786948176583
BS_TXZ7KHTQ	0	0	0.00188667065494878	0.0486946234223341	0	0.441843769073463	0	0.0178430394148528	0.00157212074650215	0	0.0871894169281083	0	0.0527672284402039	0.202016322042212	0.00752976057233443	0.281764392083791	0	0	0.682591203593781	0	0	0.0495221823940718	0.75	-0.0138904369385117	1.10486468107315	1.8752207293666
BS_V0DQFC75	0.0583497474489468	0	0	0	0.0740016172745715	0.242491402936943	0	0	0	0	0.265700326356122	0	0.317941066681086	0	0.0369812998309088	0.64157879603923	0	0	0	0.103262845159639	0	0	0.75	-0.0139383098643641	1.09518988423706	1.74030710172745
BS_V3Z3DB4N	0.0874092785885129	0	0	0.094119163998392	0	0.323379079763515	0	0.153685518251437	0	0	0	0.211000117656322	0.447501215555263	0	0	1.06578696938335	0	0.0167502527895831	0	0.300898855766298	0.00430338104825364	0.0381412151837185	0.54	0.0084638936517524	1.09160261414039	2.74297504798465
BS_V558NW3Q	0.268677200570863	0.212097419805762	0	0.405879105834713	0	2.09504335345205	0	1.41163302087266	0	0	0.962180399028519	0	0	11.6611462868018	0	1.9807596830687	0.0615876395500436	0	0	1.9214724746865	0.0572795625154849	0.225199707939533	0	0.377544263983205	0.951238698167808	21.2629558541267
BS_V6RSB5HQ	3.39704132591814e-05	0.0344047388880272	0	0.225528526416826	0	0.328589107985786	0	0	0.0927454309107393	0	0.124492902327286	0	0.334803281534297	0	0	0.967186244266305	0.0157568709554928	0	0.332990237898707	0	0	0.0793995905145986	0.17	0.0816107600499217	1.05114561250726	2.53593090211132
BS_V8QWBVS3	0.266131421995941	0.21874210681583	0.0917880512148211	1.77540517041731	0	0.653657084498181	0	0.69742813328764	0	0.699016858429548	0	1.84021103962189	1.05288255435292	0.199900535330262	0.1273096512979	7.80527456066229	0.168593733493968	0	0	1.7215352632036	0	1.41749811560824	0.02	0.215979049083126	1.007117348701	18.7353742802303
BS_VBMRQK4F	0.163039928443952	0	0	0.121464597232843	0	8.8587048757033	0	3.90033325797988	0	0	0	1.58704478681052	2.06800986719855	1.80875780562664	0.0491989011206683	0.0754592198171775	0	0	1.85068707364948	0	0.188144255688756	0.500499000785818	0.5	0.0112113650652444	1.11479980637608	21.1713435700576
BS_VDFXXMEX	0.0297178792080612	0.0701998256679219	0.307211674683571	0.779062862910902	0	0.370267278195829	0.10800982970915	0.0900556090435783	0	0	0.0477005105796729	0.0233870339968771	0.247894115868484	0	0.0197664295506134	1.66855036709206	0	0	0	0	0	0	0.25	0.0557494850969478	1.06962580963076	3.76182341650672
BS_VF3NVT4G	0.0250864935743775	0.121850245194381	0	0.116644695095132	0	1.87718504989509	0	0.189797907374296	0	0	0.935241156291151	0.462133631415768	4.00170662664435	0	0	4.8983858720798	0	0.0427191706197512	0	0.224897287656592	1.07168391790212	0	0.21	0.0636917256293335	1.07135985012264	13.9673320537428
BS_VKH87DD2	0.0593359608155457	0.408075866770631	0.351015347471101	1.18647086201813	0	0.759624615882635	0	0.205242918228391	0	0	0.333367251730672	0.144715709314261	0.0666810207527145	0.133370562251568	0	10.0924875346909	0.042647820815035	0	0.759503102356625	0	0	0.143200390433485	0.1	0.12389038726577	1.06687755490125	14.6857389635317
BS_VKHJG2B8	0.014435855613605	0.0729319397748137	0	0.532626641869936	0	1.11248920832835	0	0.398255485458496	0.0323696692062034	0	1.13164902698451	0	0.207423549826632	4.24633478118342	0	2.70695777850701	0	0	0	0.0721644162717545	0	0.0362196124263243	0.08	0.130719507356203	1.07234570861373	10.5638579654511
BS_VKYEM67A	0	0.0303014900078497	0.00221293616910403	0.0187960614019771	0	0.403070232834609	0	0.17093256851291	0	0	0	0.241100876722154	0.292950481447409	0.239089187933179	0.020153236250894	4.81639037704499	0	0	0	0.690142025862147	0	0.157106207194729	0.01	0.290839344771504	0.993058219587224	7.08224568138196
BS_VMQMGSJY	0.0573088793706854	0	0.0151849532134598	0.0901915356109817	0	0.509541148312815	0	0.481261136045589	0.135121143475733	0	0.263214671957395	0	0	5.26214671608932	0	2.6172068694914	0	0	0	1.22577688939403	0	0.484255270090409	0.0600000000000001	0.150111349657428	1.08738472595237	11.1412092130518
BS_VVTHDRBD	0	0.0216949410408318	0	0.193747345978972	0	0.656382314332349	0	0.265137863958118	0	0	0.221887302457969	0.266026411868051	0.475190056107524	0.143369465994308	0	0.939090538879645	0	0	0	0.577275294437331	0.0327589462577663	0.0559615916237958	0.44	0.0285549592446992	1.08420487851149	3.84852207293666
BS_W1385R8Y	0	0.162966309965856	0	0.739367870300664	0	0.89696064389116	0	0.14938006899862	0.0548323232189381	0	0	0.426378499096365	0.192817357560926	0.538338392922441	0.0487548287968543	1.28696270499165	0	0	0.599882075112572	0	0	0	0.6	-0.00103768240545965	1.08704916972653	5.09664107485605
BS_W4DB5RP1	0.0294040676182915	0	0	0.785067290372048	0	0.255576305303508	0	0.174560680298172	0	0	0.268715676221908	0	0.163159065986435	0	0	0.81877269291435	0	0	0.321615622436919	0	0	0	0.97	-0.0431347346172399	1.11406193548684	2.81687140115163
BS_W7MFJZ5A	0.262641100481637	0	0	0.589748195384244	0	3.02681580744425	0	0.59562811388664	0	0	0	1.27952572788359	8.42961277087757	0	0	12.9512925851609	0	0.161164405975547	0	6.15917957526965	0.807059663893182	0	0.34	0.0457657532745556	1.09108499468644	34.2626679462572
BS_WBVSK3MP	0	0.214283791731649	0.0767494582339982	0	0	0.918022538750021	0	0.368116899669559	0	0	0.431293801502445	0	0.154924395092786	0	0	1.45000144831245	0	0.0234269310536788	0.108865786085117	0	0	0.0900347192419992	0.76	-0.0169930732467346	1.09174042225328	3.8357197696737
BS_WEKK6SHP	0	1.19431839089256	0	0.842643632014425	0	0	0	0.0121110096028318	0	0	0.614310705551501	0	0	0.687042297939036	0.0262393456241495	2.17890916957746	0	0.116752437583839	0	0.381518451049588	0	1.25214304384982	0.22	0.0631526451064526	1.07125371496726	7.30598848368522
BS_WHBEXD5H	0.00225391212978041	0.0100282933168975	0	0.0396892283059943	0	0.198256341457156	0	0.0103840889905291	0.00878177705551523	0.0813971682795495	0	0.117203581774011	0	0	0.0329550098874049	2.4566853003524	0	0.00655636514721016	0.509513347890887	0	0	0	0.17	0.0790610347543448	1.09624664909302	3.47370441458733
BS_WQ1YRTAT	0.0117097922631559	0	0	0.387117768894685	0	0	0	0.533953472801871	0	0	0	0.229852619934444	0.2756448544304	0	0	1.64174961805471	0	0.0982180533012727	0	0.759839273017555	0.00166083215445907	0.0176049627482168	0.74	-0.013298365272198	1.11191173861109	3.95735124760077
BS_WTJEDTZC	0	0.0703602381096705	0	0.647213844612252	0.0325500060016095	0	0	0.113511048601322	0	0	0.355053842976121	0.0162912156406624	0	1.19644767468915	7.35940827945158e-05	0.869509614374788	0.133176712166684	0	0.664003093383937	0	0	1.41800873148385	0.07	0.135970278092759	1.05803690422578	5.51619961612284
BS_WVRX4C9Z	0	0.366110785957662	0	0.835413991753209	0	1.98177555368035	0	0.254067751243949	0.0315194712565499	0	1.11794900707977	0	4.42622940275845	0	0.0260144966640451	4.37788731926874	0	0	2.26261968214348	0	0	0.0341745343550235	0.12	0.112728890182496	1.03968799821071	15.7137619961612
BS_X0XXN9BK	0.894761925147003	0	0.72540586240129	0.450989226786961	0	0	0	2.80004651745085	0	0.0842172210954685	0	1.01383185339221	0.767788568427321	6.31059414373701	0.386509744299641	5.33649028152542	0	0	0	2.19217455669075	0	0.923447296742808	0.02	0.191938469448791	1.02351595605861	21.8862571976967
BS_X1G0TKP4	0.0221843818744545	0.0200031231044034	0	0.303530129399837	0	1.66877450429223	0	0.0844166243499143	0	0	0.603828838170297	0.145545170510648	0.743024248579875	0	0.0175781607295023	3.53362233284054	0	0	0.240192098493048	0	0	0.0445748598241575	0.02	0.192074407310134	1.01501237222461	7.42727447216891
BS_X20JCR4H	0.0992091062856069	0	0	1.28016954192214	0	0	0	0.932297305081899	0	0	0	0.168670748153472	1.55576492550974	5.37226716425169	0.225952503881921	2.90734858045649	0	0	0	1.00763932959219	1.13707195382901	0.57892553969228	0.09	0.128797637729526	1.06317158322028	15.2653166986564
BS_X23724NJ	0.041517362725831	0.0805199835287947	0.00635526837366804	0.286389554689734	0	0.934451215630836	0.0459741730520555	0.185244749475681	0.0875431849473462	0	0.552677949280505	0	0.288054197933329	1.82640827339995	0	1.92916617610729	0.0107957396864551	0	0.0760244936320479	0	0	0.276516833006721	0.13	0.106191649406725	1.06249721216982	6.62763915547025
BS_X3HR4Z21	0	0.00701871008270748	0	0.0630520026494088	0	0.301370194265787	0	0.0111173868081822	0	0	0	0.210656462900026	0.701351846803754	0	0.0208172260881065	2.11907315775415	0	0.0174486681843659	0	0.154899932592098	0.00567041954895725	0	0.01	0.309902532711412	0.973437283773003	3.61247600767754
BS_X4DD4KSZ	0.0909848964140839	0	0.223860032379248	0.606613326482517	0	0.605203351158602	0	0.517326317503745	0	0	0	0.935066613439918	3.49485885225207	0	0.746124726374757	7.80304113660109	0	0	0	2.23402005930312	0	0.439100304213692	0.01	0.32144329576815	0.959851390260496	17.6961996161228
BS_X4X1SFSE	0.000215933724680103	0.0213680216714456	0	0.0324202729467894	0	0.45320941165728	0	0.0569669566306473	0.00599535841895414	0	0.235286013663843	0.0244647616587376	0.371375407832212	0	0	0.640608872401512	0	0.0144874170754641	0.490932799506616	0	0.023625028353352	0.0309055486811139	0.36	0.0424647588646128	1.06252059500499	2.40186180422265
BS_XG0DBWVT	0.0205394244800737	0	0	0.0388515638321345	0	0.116426614316391	0	0.121228932059024	0	0	0.0847301913461167	0.0712452389478269	0.0157654959347678	0.439221276228139	0	0.990303130001713	0	0	0	0	0	0.0681564629881709	0.17	0.078594051175073	1.09640623491542	1.96646833013436
BS_XGDPK33A	0	0.0209282017794921	0	0.207910326224561	0	0.862754611569794	0	0.525385745497301	0	0	0	0.599892773487481	1.0854963166432	0	0	2.99666251856732	0	0.0530672766276241	0	1.94494952454286	0.0642962751179399	0	0.03	0.179223731031844	1.03093046385929	8.36134357005758
BS_XM1AHBDJ	0.0472809802983292	0.0875092544074379	0	0.111097811991684	0	0.100347227993039	0	0.0464179740836592	0.00711365780338785	0	0	0.0951666555058635	0.367087805117627	0	0	0.400836771611777	0	0	0.0421706519741434	0	0	0	0.0600000000000001	0.14315987676595	1.03091658484428	1.30502879078695
BS_XQ5SFW35	0.038567651375151	0.0319652192578103	0	0.135623041575715	0	0.419261300534953	0	0.0878248232140194	0.0232140772162609	0	0.106533653046612	0.0351633347707735	0.399442166900628	0	0.00148708330598757	1.52842497836869	0	0.000960206037629529	0.177854159260797	0	0	0.462085214923839	0.03	0.176691227010157	1.025052264234	3.44840690978887
BS_XQXXBWPD	0.143658203401664	0.404500424217183	0	0.864322185423837	0	2.60342440401618	0	0.0708953484604856	0.0647704847733352	0	1.3625435975055	0	1.37596627094127	0	0.198565304865508	10.6165442656564	0	0.0105058828063322	1.46026795725038	0	0	0.24835428872419	0.33	0.0462384025297633	1.08002021974527	19.4243186180422
BS_XYVCMF4A	0	0.414722310380689	0	0.165776236893949	0	0	0	0.126484138486072	0	0	0.0218138165954384	0	0.942342130089972	0	0	0.50285238908271	0	0	0	0.112396249384841	0.00253787304026408	0	0.26	0.0550100903928791	1.08101779733394	2.28892514395393
BS_XZM79E42	0.249005552279334	0.189354263759667	0	0.620373231558167	0	2.03997441695424	0	0	0	0	0.4031982180175	1.12262574200522	2.97316480345298	0	0	7.40467925436382	0	0.0957082921229425	0	1.37128644839751	0	1.12945895175272	0.19	0.068967171739664	1.07260181297825	17.5988291746641
BS_YA0KMBRT	0.481280189826861	0.0258608550715525	0.0821963261445119	0	0.0380600815991489	2.26501605725927	0	0.0781820258907222	0.331140420959003	0	0	0.980792666788398	0.10272420302066	2.0445051126316	0.17220246676148	0.258819302720706	0	0.137229738804852	0	0.121152086532316	0	0.280972822994676	0.17	0.0813379397303814	1.07205590782273	7.40013435700576
BS_YDEVMD24	0.0341417253648136	0	0	0.168990026541462	0	1.10129692467265	0	0.386921716495962	0	0	0	0.646413822374445	1.09303925244368	0	0	2.97605320252373	0	0	0	1.84457108735161	0.0457793793204202	0.238877315886275	0.02	0.222377832837063	1.00839366795427	8.53608445297505
BS_YMKQT5V0	1.00085815473907	0	0.560580299974229	0.248396123327294	0.278868251448813	1.80775914861334	0	0.108034021678642	0	0	0	0.183660086176634	3.52710759306697	0	0.0304651702542034	4.02233407864958	0	0	0	0	0.210496223333653	0.374665416875763	0.02	0.242176533034029	0.991166755708381	12.3532245681382
BS_YR12D1ZY	0.383427664545981	0	0.000835255940416034	0.180080551597938	0	0.221929395794594	0	0.568091448820619	0	0	0	0.331335229971782	2.18712735221966	0	0	2.699680996232	0	0	0	1.22372937927345	0.343186909864595	0	0.03	0.163548026924246	1.03072126799309	8.13942418426104
BS_YSZRQ95C	0.0590919031407385	0.0467855913782732	0.441262438086514	0.141980465913478	0	0.0929675000121105	0	0.396560852481242	0	0	0	0.228628092688824	0.299531109902868	0.506152922896851	0.0108189319580658	2.01410949124243	0	0	0	1.79957262790189	0.0622583793713444	0.0359994626990732	0.18	0.0750198172581455	1.09196455839462	6.1357197696737
BS_YTWEM5SG	0	0.263698963626088	0	0.0227298841398816	0	0.418225801620768	0	1.17527215611966	0	0	0.179694643147323	0.594885487359668	4.72166510085539	2.37345671169456	0.395231743534208	7.51045834079014	0	0	0	0	0.909978671910782	0	0.02	0.193768254961377	1.02717045518441	18.5652975047985
BS_YZ2QFDAN	0	0.0166193312235609	0.0197279108891381	0.0810227447114186	0.00609574755903449	0.0308779128895043	0	0.137216811388041	0	0	0	0.42719254197958	0.494716777516749	0	0.0189767992839413	2.56637014625319	0.476845961286188	0.0288547501239753	0	0.662952203190937	0.0171790406328604	0.0333935475594075	0.12	0.113439028407389	1.06927426103467	5.01804222648752
BS_Z0ZPD9S9	0.138211622332337	0	0	0.113716860302612	0	0.802637671972783	0	0.0393196077307	0.0302788865964717	0	0.404314946769737	0.0653795170979518	0.408465065522636	0	0	3.47291251985415	0	7.99339539039177e-05	0.256199041371563	0	0	0.0756628293742338	0.01	0.324231973310344	0.959031297900676	5.80717850287908
BS_Z3RCA1T9	0	0.0280366111366797	0	0.126765521046573	0	0.96969183909791	0	0.434368223917807	0	0	0	0.598285121619469	1.84963900278031	0	0.0229542331819899	3.63428978419731	0	0.00231684388514553	0	1.57649119763341	0.0229641249488791	0.344139914980616	0.01	0.263880755879855	0.98683683824808	9.6099424184261
BS_Z8F3GM85	0	0.0327351129022937	0	0	0	0.115617542757621	0	0.0390953378112149	0	0	0.091349407688251	0	0	0.645088296302102	0.0752833800306338	2.9920625177694	0	0	0.149447697241117	0	0	0.0450404771710741	0	0.392900803671253	0.944843765136817	4.1857197696737
BS_ZD5HN296	0	0.937398089232111	0	1.37916314198679	0	3.70456116854399	0	0.449572227634678	0	0	0	2.17842791111683	2.07928204528242	0	0.10768434219892	7.91165931569378	0.025513435091638	0.031529112013807	0	5.5413307106694	0.381269607248284	0.309902559314221	0.01	0.259710385706844	0.988654036449241	25.0372936660269
BS_ZF6BSFNF	0	0.145153471223451	0.0134885831170652	0.164802534189822	0	0.913463890079415	0	0.0421967491059809	0	0	0.00722949966702862	0.373935094333941	2.48184434755391	0	0	1.4989055096812	0	0.0279279577059378	0	0.414913901539389	0.158652857196342	0	0.02	0.239698342722646	0.997021518381635	6.24251439539347
BS_ZM97KKXE	0	0.116956628815708	0	0.790836162751232	0	0.107716186409071	0	0.38689938238658	0	0	0	0.534797606925096	1.77737308137155	0	0.225262388645691	4.67428233663485	0	0	0	0.359012844726106	0	0.0367290243283626	0.01	0.304436029368718	0.969566969903995	9.00986564299424
BS_ZV1P6W9C	0.00364951978629521	0.0171937192918536	0	0.0891795453660443	0	0.868492488903326	0	0.0772774061034947	0.0226304567798944	0	0.309781008175075	0.124204943661898	0.28038159328274	0	0	0.799411545806994	0	0.000325046493452397	0.336441987224248	0	0	0.0552341940191187	0.32	0.0470966017730638	1.06852334128188	2.98420345489443
BS_ZVM8CAB0	0.0857995276119244	0	0.0082811386464498	1.23416623330818	0	2.01728809914454	0	0.131202586639432	0	0	0.756413180262386	0.788779002864143	2.26372297965623	0	0.0852494634617787	8.42464450981156	0	0.842997555132514	0.294238645645098	0	0.128671591303259	0.273766215879116	0.16	0.0866342975270571	1.06247193021406	17.3352207293666
BS_ZZWMD6FA	0	0.122586105437785	0.00724158008855252	0.247242759747556	0	0.579623712830223	0	0.0489349115582145	0.00976703974322975	0	0.200053984349953	0.0725993512966416	0.180321458869622	0	0.000267467485914954	1.6144269554593	0	0.00676629528919562	0.0140139386361174	0	0	0.0537935946779502	0.02	0.223887378165604	1.00258141170197	3.15763915547025
BS_06AMMCXR	0.0230328539602215	0.0607868980574431	0	0.139033481529505	0	0.388801926339435	0	0.102420705868373	0.119673139381727	0	0.274969273221073	0.0310202181121198	0.0512106356414939	0.826430511883646	0	1.90718917771117	0	0.01643910004378	0	0.0356369696192795	0	0.20206912014705	0.07	0.135314970768782	1.05626177735356	4.17871401151631
BS_08TWG4K0	0	0.888007933504126	0	3.10915568711565	0	3.90587378527834	0	1.40560978311289	0.963212266247271	3.25304194903524	0	1.8424920203529	3.41249967127389	0	0.896524653933144	7.99904165476717	0.287680635506768	0	1.06953891503936	0	0	0.390564806829408	0.1	0.124726877906049	1.04052687454796	29.4232437619962
BS_1DECYC4K	0.0171842547952943	0	0	0.032916812183652	0	0.567682425368834	0	0	0	0	0	0.303735148714234	1.84622812725489	0	0.0175389192420936	5.09428973356614	0	0.00188589834631211	0	0.303887292381987	0.0287204860352392	0	0.01	0.280997087325585	0.995732380181322	8.21406909788868
BS_2A5R9D97	0	0.0519743393775692	0	0.765793341191968	0	2.51279700521458	0.0166754805228895	0.502808908558194	0.302451539334261	0	0.679806315520797	0	0.897547522328315	1.56181433932454	0	3.54832805303075	0	0	0.107645029620666	0	0	0.221264076071435	0.16	0.0884905220828985	1.05951721351729	11.168905950096
BS_3VJ0CA6A	0	0.108777214041724	0	0.00677025964146757	0	0.990679309558611	0	0.0738156259344132	0	0	0	0.479997864965407	1.61572469532912	0	0	4.82187959917324	0	0.037424676558694	0	0.922979610861384	0.159052871383149	0	0.02	0.253466896623712	0.996733987115331	9.21710172744722
BS_3XYJBBHQ	0.349308116921821	0	0.863066306334926	1.71081568344056	0	0.216549621301206	0	0.640735793477158	0	0	0	0.720510978360654	2.61447488614231	0	0.289545873581155	11.3489372218879	0	1.06424803244143	0	4.52897455116633	0.619743422431222	0.0721490134730163	0.43	0.0293406589214919	1.09380508947637	25.0390595009597
BS_4C4MZ4NT	0.125668371221441	0	0.0120146067402051	0.00245592724025215	0.00138840126522032	0.088378410524018	0	0.0967622635605665	0	0	0	0.125598404774417	0.654031747365472	0	0	1.25331444821771	0	0.00506996990914574	0	0.392035773737539	0.030690504618677	0	0.1	0.124039554869041	1.05832033929362	2.78740882917466
BS_4PPHAQXF	0.0445884272256773	0	0	0.651073068501105	0	2.11222410202307	0	0.0490589387991834	0.301961686359106	0	0.644083203510705	0.282850377036452	0.558935073170784	0	0.0258723182841183	2.40904461942034	0	0	1.18832641336376	0	0.0378167135595625	0.0106333888804934	0.33	0.0462030044868841	1.06809694142766	8.31646833013436
BS_4SMPV083	0.442613117061111	0	0.226087556027094	0.527377141657549	0	0.51502346289187	0	0.623100049276041	0	0.298864246301492	0	0.376553203435425	1.0071958968827	0	0.115211550049028	3.60479265975072	0	0	0	0.99367291763483	0.0824448593008532	0	0.33	0.0462587896505492	1.07114709997748	8.81293666026871
BS_A76PNWQS	0	0.186948527837599	0	0	0	3.8422903660057	0	0	0	0	0.227946643330079	0	0.0470854598858203	1.5856314954648	0	0	0	0.536534931861543	0.110261232044402	0	0	0	0.87	-0.0278470344839862	1.1386477324683	6.53669865642994
BS_BZCTXEPJ	0.320739426369345	0.166891122189775	0	1.83983956372587	0	2.31461675840551	0	0.242292894090795	0.256083700466112	0	1.46120474874198	0	5.04195084190682	0	0.0603564487394594	11.214725817027	0	0.169931162528287	1.40906415502812	0	0	0.527293763851937	0.23	0.0613882238971621	1.07061220701745	25.024990403071
BS_CB6VK7PB	0.0276171842174876	0.0343969524101255	0	0.315952810162044	0	0.939556831142095	0	0.146066402363789	0.046762824398003	0	0.112506139710413	0.19379171563649	0.165033461526202	0	0	1.1924776073732	0	0.0358420257484178	0.313279208953541	0	0	0.167676529256464	0.24	0.0574060817221097	1.06430734859469	3.69095969289827
BS_ED8G98XT	0.00555289602260054	0	0.00207943909058362	0.0257424443584843	0	0.3773554787656	0	0.0647358258212882	0.000403063913771513	0	0.0821194064329142	0.0449480238303341	0.00544842314549173	1.30466217827248	0	0.503203284574991	0	0.030510863965752	0.0656972835862868	0	0	0.0149310235361175	0.1	0.125000976288973	1.09597769985886	2.5273896353167
BS_FCX6DZ0J	0.0414632095193273	0.08357950928796	0	0.756862451045797	0	1.45858668398915	0	0.276199461545865	0.200411706937632	0	0	0	0.749560284028755	0	0.391206816783094	3.72381851766912	0	0	0.696366473204064	0	0	0.120063887908619	0.2	0.0687770249482771	1.06042450633307	8.49811900191939
BS_FYRDYBMZ	0.386917430836533	0	0.00232786520460186	0.983333149525111	0	2.52361391670097	0	0.650962094988766	0.147961957438503	0	1.68261017618875	0.536100104249727	0.852055285665621	0.292643927530036	0.122770702967646	3.83011892789586	0.2373163862609	0.0121272879542451	0	0.511832523731548	0	1.40659809011645	0.45	0.0225762893118115	1.08340759677998	14.1792898272553
BS_H1XPVS9A	0.0203373198260311	0.0146724148141468	0	0.279265005875173	0	1.66578275331259	0	0.0499718675725611	0	0	0	0.607603164542078	0.421877098702973	0	0.0100404719924417	2.51239980816976	0	0	0	0.517920646881271	0.00374050059214927	0.0397094851468449	0.43	0.0290744180606838	1.08836558295923	6.14332053742802
BS_QRNSKFMS	0	0.0308111971901623	0	0.128030945729301	0	0.548228713998232	0	0.0729599933415769	0	0	0	0.299560965638302	1.69833389414326	0	0	3.16893302447675	0	0.0492280359394607	0	1.16293542443429	0.0795958473351532	0	0.07	0.139970049822996	1.05227226836846	7.23861804222649
BS_R13X6TMW	0	0.039821588250226	0.0169887271078538	0.0425324926533943	0	0.11501311990407	0	0.0198297412894867	0	0	0.0668985540998374	0.027902575658239	0.0460047792885995	0	0	0.496704055368391	0	0	0	0.0588539069679464	0	0.0385483480875797	0.0600000000000001	0.148620805491106	1.03538253859515	0.969097888675624
BS_RJMJ935A	0.157907056596705	0.0212049415357061	0.0258176962896115	3.46397841426147	0	2.91260862621619	0	1.02190544480558	0	0	0	1.11821483804187	4.96544592813914	0	0.125872837856051	12.7091079057118	0.0399843655764788	0.103812841328356	1.2062999957553	0	0.00261485837978687	0.344955535494454	0.29	0.0512358388099564	1.07500805373362	28.2197312859885
BS_RWJZFTP9	0.0038864950036279	0.0443885072949237	0	0.0634029135333643	0	0.616591696435757	0	0.0810028806268517	0.00381099450572572	0	0.17209460999103	0.159246834353585	0.192001061038972	0	0.00369621841778918	1.20406961030964	0	0	0.0635661119965795	0	0	0.0397852526725776	0.14	0.0973260095054548	1.05627626245486	2.64754318618042
BS_S20SP0WW	0.000385794614647605	0.25566305154043	0.0036890253310913	1.60163331003091	0	3.1670888010837	0	0.246915370614658	0.0973620116047614	0	0.714137427691619	0.329791594815154	2.50328267115584	0	0.158827128381629	5.93786462845078	0	0	3.81183082401597	0	0	0.02143239137898	0.38	0.0381657966362788	1.06534044957637	18.8499040307102
BS_SB12W1XT	0.0652854653872842	0	0.135626121536966	3.02677023543178	0	0.480988997511148	0.11494884257238	0.661659024950388	0.35016521250492	0	1.29523619675602	0.168578639312826	0.351829334207736	0	0	11.5033939296661	0.258758008357398	0.25720845605801	1.68624220195347	0	0	1.46388514953254	0.36	0.0406540638574647	1.08156375663368	21.820575815739
BS_T0MXH2CA	0.336385173545154	0	0	0.471977614497104	0.0112016821646404	0.435943762917305	0	0	0	0	0.196757420931976	0	1.35278068264563	0	0	3.91801959422252	0	0.0589601621973033	0.0883601452502319	0	0	0.0604390975206532	0.01	0.267912052219748	0.990465192529394	6.93082533589251
BS_T1W4JA94	0.0521363912413642	0	0.0154255263420634	0.0635382179586634	0	0.248061341333908	0	0.0278453392482966	0	0	0	0.152971065222425	0.402719219720856	0	0	1.97982962400373	0	0.0428843932484686	0	0.417223652479872	0	0.0750043846706055	0.2	0.0668560780028299	1.09112878865014	3.47763915547025
BS_T289QKBV	0	0.337290600994606	0	0.670722332379946	0	0.524576290406271	0	0.216133585404346	0.180644167923369	0	0.0582208944577842	0	0.178600107817728	2.42814253643996	0.0472953726413116	5.70774266883728	0	0	0.205377216013427	0	0	0.113238871597598	0.02	0.194624355546209	1.0420534783325	10.6679846449136
BS_T3H5AY8A	0	0.0329011795787259	0.0900334596445412	0.635725925015079	0	0.255745362938639	0	0.110748763562457	0.107166232726438	0	0.0838032508050103	0.179596830255176	0.373063007876551	0	0.148657441527054	3.08366623786869	0	0	0	0.137297907957933	0	0.0365464155987893	0.24	0.0567733921032276	1.08560918181738	5.27495201535509
BS_TVV122JG	0.0592824771037016	0.597851750833948	0	0.982009456804781	0	0	0	0.138211061955003	0.00568649322912763	0.0595045380620045	0	0	0.0574401101163333	0.627073870423314	0	1.92600143717873	0	0.0155794783601693	2.69862828320883	0	0.0645620387097636	0.060894531845395	0.58	0.00239016292474293	1.09936949683893	7.29272552783109
BS_VW85Q4XJ	0.0672467010809336	0	0.0660437219456647	0.175150589263804	0	0.133909124791914	0	0.0434424916311335	0	0	0	0.16676291752104	0.999005876223594	0	0.00919050949534472	2.67516922954053	0	0	0	0.50432840481357	0.0390418697557759	0.000958084090244562	0.02	0.21650731918067	1.02033600802454	4.88024952015355
BS_W97QQYKQ	0.0290361472607861	0.00926395807600726	0.107802733278214	1.84555378253745	0	0	0	0.475764163564988	0.028326813816233	0	0	0.50369466001583	0.361379409671784	0	0.0736362926458156	1.87652663292024	0	0	0	0.609511701138528	0	0.0096188682219188	0.04	0.16180267271699	1.03269163163227	5.93011516314779
BS_WYMX429C	0.640122844409016	0	0.0108975302745121	0.425492861924357	0	0.835575776225343	0	0.00226617366004578	0	0	0	0.183410111745123	1.52950136948794	0	0.0496839724185892	4.25981352016502	0	0.0290606776371083	0	0.176188737247668	0.0634136052118785	0.179332896368839	0.02	0.198750074460575	1.0177937624265	8.38476007677543
BS_YR1XY6SF	0.0311153565939636	0.116845357587273	0	0.280184096971404	0	0.817423067779237	0	0	0	0	0.279802024537549	0	0.557736233464637	0	0	3.92132142093373	0	0	0	0.13015815303112	0.0186334158677802	0.212942101640218	0.02	0.190577207720488	1.0299937086123	6.36616122840691
BS_014EVM2D	0.278135116211481	0	0.0260845844384384	0.129277499686167	0	0.684510537413934	0	0.0381431242913987	0	0	0.0282749806217488	0	1.39722877158576	0	0.0766616262428128	3.25640544856776	0	0	0	0	0	0	0.01	0.284921596878203	0.983647191248798	5.9147216890595
BS_044XZ8ST	0.00274570815320733	0.0182691959295852	0	0.102066457678056	0	1.11876204450967	0	0.251815934143637	0.0454263267194859	0	0.346322910877256	0.0998485957995188	0.414576762785677	0	0.00305472035441329	1.25514033034501	0	0	0	0.0447235522737965	0	0.0675353683001687	0.23	0.0623277934768756	1.0706222970133	3.77028790786948
BS_063ERW0R	0	0.0792860913391952	0.00789510693843829	0.0957849063116834	0	0.360879493705536	0	0.0801116768547297	0	0	0.313255123617956	0	0.42615631187478	0	0	1.54256598721123	0	0	0	0	0	0.143623843413243	0.56	0.00519961986069152	1.10278906838876	3.04955854126679
BS_0D5VRAKC	0.115937825039444	0.19257208709461	0	0.983409081114459	0	2.38326192515575	0	0.711240371745541	0	0	0	1.66009643958056	1.67015470490852	0	0	4.69330661452204	0	0.124788050188812	0	4.04791572724403	0.730493706117816	0.252792757115655	0.01	0.325002012410099	0.957426219625549	17.5659692898273
BS_0J9SHHSC	0.00649868664175268	0.0167355409024841	0.0204774480648279	0.171276649147052	0	0.746204601000594	0	0.151374859986759	0.0135461508736608	0	0.0480985877801085	0.406269048055182	0.161732800767859	0	0.00206936448609801	1.42398382292239	0	0	0	0.446388809073296	0.0187579434726685	0.0190616945028076	0.21	0.0633484611676476	1.07600851286835	3.65247600767754
BS_0SCXXM6N	0.103672646999708	0.131101267917283	0.123245381991853	1.0066838402274	0	0.934698896463999	0	0.246960450108832	0.0318695795599771	0	0.19814091137885	0.0727912298156413	0.574323401770568	0	0.165202802203778	2.61248342417283	0	0	0.0496619404825839	0	0	0.130968449555449	0.07	0.135111418854784	1.03438239354865	6.38180422264875
BS_0TDWG2CV	0.0610576009009381	0.0544790903989183	0	0.354715063800372	0	1.86364279769809	0	0.151146239864323	0	0	0	0.823405652179774	2.0751217005824	0	0.0922621031958522	4.75439664007397	0	0.058585966151687	0	0.406518842802777	0.0141946214313309	0.127210725065441	0.01	0.259192931383915	0.985905421777977	10.8367370441459
BS_0WVJYM9R	0.202917840586604	0	0	0	0	0.311407443217412	0	0.0316303457379778	0	0	0.0173796509745437	0.154470092591794	0.498530303227624	0	0	0.98275689264111	0	0	0	0.274877254441383	0	0.26194188483491	0.02	0.235618465729233	0.996789683308796	2.73591170825336
BS_0X9EGHY2	0.0911280428512791	0.0466091547363561	0.0118360606718802	0.252276967122835	0.0561442123293835	0.0873824708522727	0	0.0262412453836347	0	0	0.0749263567980517	0.115391121774914	0.258736126848389	0	0	0.775380354282712	0	0	0.16765307426947	0	0	0.303742028969417	0.21	0.0637575597083921	1.06441175055749	2.2674472168906
BS_0Y5J2AQ4	0.0362697291768066	0	0.00255711226669938	0.23722255412831	0	0.93795438110773	0	0.154103225309196	0.0450518218816395	0	0	0.642070486004999	0.934225555439685	0	0.0442279070831781	3.69638918409557	0	0	0	1.42493642291491	0	0.12750601598475	0.1	0.123663524296849	1.05571844715206	8.28251439539347
BS_13CGKADW	0.0189814008912995	0.026174276424654	0	0.972981352858551	0	0.935956581834988	0	0.120955000161506	0.0362556649099323	0	0.0686993798422974	0.0610817265134131	0.260266567494241	0.0878190684046127	0	0.892586313042258	0	0.0277519612071719	0.994013947496438	0	0.0321525683097562	0.0482973192077279	0.56	0.00554062316132234	1.08824435309867	4.58397312859885
BS_166N7SZQ	0.0126791078304962	0.0554881582537455	0	0.091289455680484	0	0.706335272695318	0	0.0946108811274309	0.319278550190044	0	0.514945450197983	0.145418556999831	0.418903185870135	0	0.00327519384744632	2.80563962035879	0.0054874221050748	0	1.14758868956917	0	0	0.027582528210702	0.19	0.074542513069964	1.05837528494653	6.34852207293666
BS_17WYVEEC	0.00268017081928895	0.0148260370770893	0	0.101851559722001	0	0.948001224200243	0	0.165852734394463	0.105281914589621	0	0.186157986183137	0.176114389720544	0.207053599041692	0	0	0.717924841534673	0	0.0235375256756062	0.379430230912153	0	0.00967060368765192	0.0326152630560404	0.68	-0.00887245817903582	1.09411614715382	3.0709980806142
BS_1G3WYEN3	0.00939368991585993	0.0111362462048654	0.00416845955630099	0.458170051315063	0	0.967431307208681	0	0.238354321738367	0.0624013571103282	0	0	0.144121048901744	0.211228171368213	0	0	0.783422540797637	0	0.00696750312889109	0.25780868944816	0	0.0131696267501035	0.0845494433696048	0.42	0.0339367159783256	1.08481372663888	3.25232245681382
BS_1HYS8CSC	0.263073109778066	0	0.0112803181240496	0.389688772924215	0	4.02185115402106	0	0.468195349479678	0	0	0	2.77497813610528	3.52860497531625	0	0.09416229505935	11.1466671103534	0.106031671186231	0	0	6.01923410569958	0.411240045800998	0.509138829472401	0.23	0.0604135563521297	1.08439899905887	29.7441458733205
BS_1JDG6JV5	0	0.00803049661799017	0.0106302255566221	0.0655209445872349	0	0.208289910785158	0	0.120783237150905	0	0	0	0.194873017735644	0.800670556424143	0	0	2.38543447371266	0	0	0	1.61804813764949	0.0327205428126544	0.0350944262573311	0.11	0.118144912987836	1.08386050892291	5.48009596928983
BS_1KYGSMA7	0.0691882805697656	0	0.148136019501816	0.32873219819699	0	0.34111549077752	0	0.245237289357211	0.00329468970605362	0	0	0.109960672314691	0.372653430165278	0	0.181884748785775	1.59685643770084	0	0	0.0279503398530445	0	0	0	0.02	0.194731984334991	1.01054286096576	3.42500959692898
BS_1N76FQZY	0	0.0926603627094978	0.00379112937039415	0.953997684075634	0	0.223534305890451	0	0.0884153973056127	0.0598579382308404	0	0.365760629856582	0.0310454624052394	0.777286196141241	0	0	2.65750916155591	0	0.0110082891607336	0.812895839670854	0	0.00882696979220389	0.0351188871937291	0.1	0.124488316639613	1.03789275681273	6.12170825335892
BS_1NPD7PVG	0	0.016463229254659	0	0.171260322997479	0	0.267383750693398	0	0.0655587643097968	0	0	0.0124962547164423	0.192597065509087	0.771823847408184	0	0.000685315266424883	1.24400390633195	0	0	0	0.848873908250012	0.0146885680840609	0	0.17	0.0826550939052153	1.07968424982137	3.6058349328215
BS_1Z9AX9JS	0	0.0753072522160468	0	0.693337516924941	0	0.722513691202688	0	0	0.00289147405260087	0	0.315382632055052	0	1.82669374340405	0	0.129002897850269	3.87473609928092	0	0	0	0.0683688580806169	0	0	0.08	0.13082269493637	1.05275165985597	7.70823416506718
BS_1ZVXF5FE	0	0.022239326075665	0	0.243472672034518	0	0.390739608149115	0	0.0193774949586848	0	0	0.253431153899748	0	0.44515626046487	0	0	1.81752880742026	0	0.0273113694748277	0.304343021516331	0	0	0.0692025892689386	0.17	0.0778272920864527	1.06528681099986	3.59280230326296
BS_21RE8W46	0	0.346667927388502	0.0367374836570652	0.203530699664021	0	0.229041983738037	0	0.358355200745568	0	0	0.0520074596262564	0.11710272984405	1.38064681772527	0	0	1.49056088422816	0	0.0179457784559184	0	0.221978902082904	0.00459879695173651	0	0.15	0.0901308801070581	1.05713909432323	4.45917466410749
BS_24AHZ9ZW	0.0176115194632689	0.0817793486651304	0.0507472140838357	0.592408543794026	0	0.535170302718512	0	0.0942160033542293	0.0767535184611566	0	0.557043795901291	0	0.410730221256682	0	0.0159227323036963	1.79788812221611	0	0	0.246654974907618	0	0	0.335933587711292	0.16	0.0889405243686195	1.05185887484181	4.81285988483685
BS_2720P44V	0.00269471724287974	0.108873304722444	0	2.21672514621393	0	2.5708169903861	0	0.236959133966302	0.0272761411811425	0	0.412014407391821	0	0.686698983953991	4.58705254153253	0	7.54636587942634	0	0	0.722449817322252	0	0	0	0.01	0.274026553946533	0.986535272303441	19.1179270633397
BS_27FYYPJG	0.000599571274312012	0.108324450172003	0	0.473825734669449	0	0.96264611390093	0	0.047032833752453	0	0	0.388338055874459	0	0.171805914637087	0	0	3.90662457749816	0	0.0549307851867495	0.0595828365541049	0	0	0.139072235885283	0.03	0.16577142896295	1.03921878730084	6.31278310940499
BS_29TRQXWM	0.0643525176791128	0.0705250954887042	0	0.497208001677899	0	1.45984225838395	0	0.300735737289296	0	0	0.0401866578656275	0.542448094834429	0.641621964011994	0	0	3.46911508461438	0	0.0969443516755103	0	2.17440168670842	0.100327427165064	0.0811202972697259	0.02	0.196876725865704	1.01939226951895	9.53882917466411
BS_2ADZNNV4	0.00405656671215644	0.057671382855731	0	0.302580955658433	0	0.305909500725016	0	0.0255868700861451	0.00565441209017893	0	0	0	0.0437188674874175	0	0	1.59024258248006	0	0.0237324817940503	0.352557259459307	0	0	0.0384810592311577	0.16	0.0873788508087847	1.06638725875095	2.75019193857965
BS_2EMW8ZG3	0	0.0011401011596822	0	0.640303284191145	0	0.619185778872642	0	0.0537366371243267	0.00727250944988791	0	0.192902302259254	0	0.168591951518376	0	0	2.06042505386412	0	0.0154739346452507	0.191020681991878	0	0.0144825805208622	0.0134498293161995	0.26	0.0541030084785409	1.07871092226657	3.97798464491363
BS_2K3FVT86	0.0615141804048188	0.0246371727895695	0	0.130045257241069	0	0.712679132845543	0	0.0594786778097961	0.0191255849513754	0	0.32202646441081	0.0484024298737696	0.256323805167596	0.0963541829147094	0.00576417049020355	2.41398945722	0.000266803753022522	0	0.25259829465534	0	0	0.0428404507314945	0.07	0.135661928700371	1.04348381106354	4.44604606525912
BS_2KJ2YAZR	0.004993774641917	0.0358764374036431	0	0.191495094568137	0	1.21841603996606	0	0.111027506753688	0.0115276429875082	0	0.405770966478195	0.276567148975627	0.322724809500364	0	0	1.84525127767585	0	0.0258997700655944	0	0.87513285312812	0	0.0741458525193977	0.36	0.0408270455336632	1.08236638896187	5.39882917466411
BS_2QCQYY6M	0	0.266724075900827	0.0723076683096095	0.34696201105258	0	1.59798145119095	0	0.309704100729877	0	0	0	1.04133473715681	0.69673630856469	0	0	2.82880753403737	0.0382026083721762	0.038873593356896	0	3.79373954075048	0.447376166934471	0.114628322645184	0	0.529358983261143	0.847649230265885	11.5933781190019
BS_2WPQ8YCW	0	0.0649344360980393	0.0188798183515641	0.137318250607355	0	0.289641659852888	0	0.0656465479190873	0	0	0.0379703245990369	0.220772558963354	0.475837496391776	0	0.0442117105976689	1.70428169626032	0	0	0	0.205086397323195	0	0.0181638247247753	0.41	0.0359183175081815	1.09220445920084	3.28274472168906
BS_2XM08BFY	0.114240610158721	0	0.0359716156492473	0.16469648586315	0	0.588904024473028	0	0.0286659503679656	0	0	0	0.513261376131925	2.59783119583311	0	0	5.22557800211205	0	0	0	1.34882321648136	0.0727456469961439	0.0230054843785973	0.01	0.347148598962766	0.951544966950034	10.7137236084453
BS_2YCJV2VV	0.0286375859111878	0.0253774216293805	0	0.118027239333771	0	0.572175857686489	0	0.152060742476099	0	0	0	0.477645723323478	0.508212023473757	0	0	1.31147586026076	0	0.0316294989650117	0	0.946944576288442	0.0355970974347641	0.0893948760959381	0.02	0.219193799667207	1.01118262445186	4.29717850287908
BS_304SPN6B	0	0.106687164398997	0.0899792216010419	0.461346371208611	0	0.651339180976498	0	0.0200329332846356	0	0	0.0172265123190301	0.0881616321610611	1.66388339399224	0	0.0475303288016492	5.39859615921691	0	0	0.0489790982005573	0	0	0	0.02	0.233503223849726	1.01658413824581	8.59376199616123
BS_33AQSPRP	0.0412840543175101	0.164949488427218	0	0.559499460742599	0	1.66971091980038	0	0.281788334841214	0	0	0	1.26420854317644	1.27552351079574	0	0	5.00404352395628	0	0.0277263562878637	0	1.34808672623696	0.045694982932997	0.0992691272755876	0.11	0.115533661248559	1.05258633453198	11.7817850287908
BS_3G3KWY18	0.00357387322493392	0.0372344704017042	0	0.171791720242473	0	0.51239032745757	0	0.0561894369216682	0	0	0.158931754265259	0.0644924468012031	0.275351295108601	0	0	1.32709699503987	0	0.0437167946439391	0	0.221710279011827	0	0.0348334667657871	0.11	0.115277568985568	1.04692034515005	2.90731285988484
BS_3GAN6Q43	0	0.217992327512004	0.0399294993469829	0.381018075302089	0	2.14230990133346	0	0.248541105116146	0	0	0	0.8815400325813	0.737253591767292	0	0	3.89385920106553	0	0.0773176277283392	0	1.37294922209905	0.0716416848514932	0.0422120307204929	0.05	0.153993986773862	1.03160958423402	10.1065642994242
BS_3P20Q2C3	0.0307113623146275	0	0	0.0218616843581412	0	0.828160286739903	0	0.0261049636433327	0.0891814946428074	0	0.00124465596069431	0.173490305434323	0.240468383409127	0.264102006241916	0	0.0996142621389988	0	0	0.623567881623717	0	0.00017580543029578	0.108840900384572	0.95	-0.0369133842731693	1.10520701586672	2.50752399232246
BS_3PYESPHA	0	0.0263118290903568	0	0	0	0.677747874663251	0	0.0901173786453177	0	0	0.0525577326654765	0.114249258824629	0.292637561360942	0	0	1.40844304756399	0	0.00432170877453221	0.247110425016447	0	0	0.0137584617060007	0.18	0.0763188148417537	1.06228526722557	2.92725527831094
BS_3Q0GTSYH	0.122090044545981	0	0.233870249452886	0.0342921633910488	0.00950345959691899	0.0871493212541718	0	0.0865492686935296	0	0	0	0.0769134862940542	0.508694259528191	0	0	2.04229803399847	0	0	0	0.476678220989036	0	0.236414467303703	0.24	0.0588909603753646	1.09086748122131	3.91445297504798
BS_3TJHY996	0.242190631552593	0	0.134771187277933	1.96540544464362	0	0.868082334283835	0	0.0131177429954825	0.0232906683643665	0.142892056196207	0	0	0.622641917693763	0	0.312909985288461	8.15306859636589	0	0	0.368930083352064	0	0	0.0049066456518137	0.02	0.200717046931841	1.02355170262518	12.852207293666
BS_3XY76V8T	0.177767642946576	0	0.108550514369983	0.256583429646928	0	0.161986060063128	0	0.0289370754255663	0	0	0.0323716818060647	0	0.238421109581052	0	0.0205469852491614	1.79672267912756	0	0	0.00252740911603184	0	0	0	0.02	0.23306316066496	1.00921715624783	2.82441458733205
BS_3Y2X2RBJ	0	0.0247527221125796	0.0449710586562874	0.680488836130822	0	0.982856500216959	0	0.127201740075564	0	0	0	0.363415763422058	1.67755130460476	0	0.068717166704838	6.04479527797141	0	0	0	1.07837526325783	0	0.0769511422787445	0.01	0.281600568362235	0.981986894379088	11.1700767754319
BS_401R3KV0	0	0.141600971490693	0	0.33240212296446	0	0.917881259728345	0	0.135515890055905	0.0249362012446946	0	0.321641406046271	0.042327960769983	0.856878455017542	0	0	1.31876828179741	0	0.0108153953074546	0	0.104292993748802	0	0.14750720002421	0.34	0.045189396004913	1.07084112011558	4.35456813819578
BS_42DY6WS7	0.00206131051318162	0.0321380010474509	0	0.125722395746599	0	1.196680869658	0	0.11960274015845	0.0103858000220958	0	0.110955957362282	0.198603356476735	0.29595230376267	0	0	1.37696862237243	0	0	0	0.0420679083250245	0.00731327444172225	0.00563575185999626	0.17	0.0814185121677849	1.06560367440847	3.52408829174664
BS_42Y3YANN	0.0365443773409216	0	0	0.199918572889297	0	0.725856421146335	0	0.0933166049463717	0.00154393733059887	0	0	0.484292661371851	0.538301214134784	0	0	1.43367621345168	0	0	0	0.766249725385682	0.0354693537895205	0.0525276552571056	0.24	0.0587728877198221	1.07980383454226	4.36769673704415
BS_470DYRJQ	0.0626774428367572	0	0.0287807383704413	0.100174220049951	0	0.167665795647452	0	0.0379227471535104	0	0	0.0093000050728967	0.0304693056232832	0.305169912820483	0	0.0544132846021271	1.20794357115966	0	0	0	0.0163083125559495	0	0	0.12	0.11093534279491	1.06749536207956	2.02082533589251
BS_47SJZ3PH	0	0.0855864775826663	0	0.309005345654721	0	0.673688088125873	0	0.0831881256058098	0	0	0.17468812596943	0.031414708989077	0.263908504794706	0	0	2.19071528794594	0	0	0.0539165713037161	0	0	0.0275739847574272	0.02	0.201111606460751	1.0170572559913	3.89368522072937
BS_49852ZBH	0	0.0274950822379489	0	0.0358474438151664	0	0.362997161345765	0	0.0622788217214766	0	0	0	0.211069063880382	0.386782066256872	0	0	1.60932869898957	0	0.0108264765376548	0	0.787564239690072	0.0198189729598269	0.022134007114213	0.03	0.163086350296396	1.04483553346592	3.53614203454894
BS_4A45GGSW	0.0248475971586218	0.0154263266563218	0	0.0754728624283604	0	0.391705464102559	0	0.0809225147532826	0.0417477979361633	0	0.0794699477357392	0.102539196192847	0.0229219684086539	0.568309530447267	0	1.71650346071927	0	0	0	0.0743037837218013	0	0.0686318530020717	0.05	0.154376829344541	1.05310175738955	3.26280230326296
BS_4BWB0FA0	0.200689907610909	0	0.0843765712077475	0.269771135887093	0	0.179641238000796	0	0.249387798174955	0	0	0	0.237986193262807	0.680065087568231	0	0.000811512841151746	2.41873728644134	0	0	0	0.978706013726661	0	0	0.07	0.13259456161818	1.05031687219919	5.30017274472169
BS_4CXE5XEP	0.0595775416599194	0.170845995570927	0	0.556177900711707	0	1.47212256299371	0	0.0838026792407125	0.090642994689873	0	0.621263396342111	0	1.71560847075521	0	0.0426307194370716	5.23643308100534	0	0.0394048998229604	1.06483434595422	0	0	0.0543329550024159	0.03	0.164616823664209	1.02369481587075	11.2076775431862
BS_4HQ3T2NC	0	0.0334717134432872	0.00322974834183628	0.137947965690044	0	0.285618350783827	0	0.0412231871409209	0	0	0	0.191600701293546	0.375708166404022	0	0	1.62873423312232	0	0	0	0.400480401625702	0	0.0919471444385661	0.0600000000000001	0.14858499010751	1.04549016691929	3.18996161228407
BS_4N1GNHX4	0	0.0361761255787996	0	0.00235248033466429	0	0.456860041865179	0	0	0	0	0	0.159483252388764	1.25020248781914	0	0	3.80560748971638	0	0.0179719176641046	0	0.105686734152509	0	0.0476172439929434	0.01	0.299088779571884	0.988110485463717	5.88195777351248
BS_4NF35AF6	0.0290468928758817	0.0865420057343828	0	0.144260610619072	0	0.368547241690965	0	0.0482254788096427	0.0298289464927916	0	0.215867624231911	0	0.136425383078134	0	0	1.7465663771208	0	0.0460818103934024	1.26499283833152	0	0.0185544088610521	0.0916246811846207	0.45	0.0221465325294323	1.08598680822399	4.22656429942418
BS_4TZQY7TT	3.06228041929947	0	0.445422793738922	6.01753300883958	0	3.79577373761513	0.232582891764226	0.574337388506047	0.268850204345349	0	0.112571137044988	0	3.22080572321506	0	1.38698045821956	12.245573499223	0	0	0.838734151452766	0	0	0.0668655272349496	0.33	0.0462529871589993	1.06627279381741	32.268310940499
BS_4Y6BCYK5	0.218206661196674	0	0	0.525317046108431	0	2.15802587844901	0	0.362818308857866	0.100151609889699	0	0.496283511263615	0.303696021559271	0.615940547533682	0	0.0106620646639356	3.14806045239032	0	0.0193895596743588	0.734224788404977	0	0	0.124190920449614	0.46	0.0174729873216253	1.07848386047477	8.81696737044146
BS_4Z2F4P9N	0.00969440962013004	0.0321997038513141	0.000649559466344166	0.0941774966102678	0	0.491987505503177	0	0.0408739937143809	0	0	0.144227556659637	0.159226528781504	0.21312549673027	0	0	1.85384150810094	0	0	0	0.151300572034988	0.000369446455212105	0.0366947445447697	0.02	0.224125139382051	1.00901292440053	3.22836852207294
BS_503DZ8BN	2.05203801560581	0	1.84699392450264	3.32128692962232	0	0.822975189984564	0	0.213908798274464	0.00847370246148983	0	0	0.0902004136530285	1.52623984042823	0	0.884054448312137	6.4398364146985	0	0	0	0	0	0	0.01	0.3118836629677	0.958493585289074	17.2060076775432
BS_52426AMF	0.0888811527841265	0	0	0.511954953472553	0	0.688061265909303	0	0.181455537260745	0.0202678570334025	0	0.0899755608691144	0.138795446585362	1.12081692959479	0	0	1.18422419090621	0	0.0183475776275661	0	0.468923849665572	0	0.44512869172695	0.21	0.064124354897062	1.06691853204926	4.9568330134357
BS_52DAPP1Y	0.00104499252502412	0.0171157322926482	0	0.207402049028013	0	0.875270425481815	0	0.13259563205835	0	0	0.110945614093977	0.262997896439732	0.236151661831185	0	0	1.3033389513253	0	0.0259636666118972	0	0.29790996714929	0.0156218871349652	0.028651120956785	0.42	0.0336713405367476	1.08262956207684	3.51500959692898
BS_534XRSNB	0.0139338411631349	0.0685395960156144	0	0.129457470602987	0	0.999602540796908	0	0.0553271502224038	0	0	0.0532912046947899	0.359884945772458	0.656609126824389	0	0	3.20951791007445	0	0	0	1.28984176344389	0.0430458925334136	0.0899504772413511	0.01	0.318071502607268	0.962300321080423	6.9690019193858
BS_53GQKVEX	0.0732194234635737	0.01783585896045	0	0.0337738161960304	0	0.881254659384242	0	0.176119376622615	0.137664868072937	0	0.218692752648727	0.190202539513071	0.523463483498108	0	0	1.12635774463111	0	0.0182266193326481	0.182534850725348	0	0	0.106335388908915	0.27	0.0534756695635603	1.06416644121916	3.68568138195777
BS_54H90JW2	0.26323785545286	0.249933568474311	0	0.6457500519984	0	3.96494027140572	0	0	0.432258512811044	0	1.98759867752566	0.782139929404309	5.46925425053298	0	0	10.6798705772635	0.0769406532725662	0.191152509977195	1.78009439660886	0	0	0.667846019744799	0.21	0.0640568607966745	1.06435771478854	27.1910172744722
BS_55P8HPYD	0	0.0638287785079607	0.0189361464314361	0.15064118155164	0	0.435765017900531	0	0.0199358746277225	0	0	0.184512214871967	0	0.451633247044432	0	0.0223672877773027	1.64402170637932	0	0.00134305024248486	0.204163869229209	0	0	0.0325445237085487	0.48	0.0149982294091328	1.09177288841048	3.22969289827255
BS_55X1W2MR	0.754515225911911	0	0	0	0	2.73375100781076	0.296674638143623	0.32137082187043	0.220662779640713	0	1.29054901543826	0	3.31250969642114	0	0	6.72121752900273	0.0222333989725857	0.190465025248092	0	1.66891589810049	0.404542137052129	0.143302999131851	0.0600000000000001	0.151810270401834	1.02520985343269	18.0807101727447
BS_57NMZPS0	0	0.0189268871196015	0	0.413068894848332	0	0.406113742204051	0	0.181129636149804	0.0541227722253467	0	0	0.661738977575215	0.096670776369527	1.71525687411141	0.0626824527446638	1.58300036305467	0	0	0	1.50384498479286	0.00776225684674995	0	0.43	0.032652040979561	1.12128566464969	6.70431861804223
BS_593HEWBF	0	0.039111068014486	0.0206395606691854	0.0715133552497732	0	0.386661815231193	0	0.0919577245797024	0	0	0	0.17317956132236	0.308565133196929	0	0	1.24244655084954	0	0.0188846963515588	0	1.47343910664337	0.0520373976618329	0.183944068617793	0.03	0.169677957245102	1.0596238675664	4.06238003838772
BS_5J5D3QTD	0	0.116075469456807	0.0330957169379092	0.246305058222144	0	1.57026398233882	0	0.0976885265170779	0.0452488988318282	0	0.565207542151272	0.021878297674608	0.436765035894631	0	0.063029418370905	5.1596030172406	0.00525002907462601	0.0195609077290746	0.373742868343538	0	0	0.0782238108706698	0.03	0.184259825204652	1.02463184387154	8.83193857965451
BS_5K3R0F5D	0.101178787542861	0.169537166131606	0.0529995322519977	0.212738731653115	0	0.189975119829597	0	0.254248110261388	0	0	0	0.203670629220858	0.293596003147945	0	0	0.559669225667097	0	0.0150509033292568	0	1.07657118316885	0.160854457242311	0.0116375977700063	0.13	0.100626161670733	1.07596314469833	3.30172744721689
BS_5NWDARXG	0.340028568725781	0	0.188838603437173	0.320432643933794	0	0.504668327079052	0	0.00503728322926855	0	0	0	0.0126826973428077	0.327382090816667	0	0.0513906791276329	1.5270779890129	0	0	0.000500244057963122	0	0	0.0119608732369625	0.01	0.286346699801394	0.970656204852837	3.29
BS_5PEFNDCY	0	0.127712689611431	0	0.127064998099024	0	0.265238312597572	0	0.00167896323180662	0	0	0.103128562340608	0.0273729965613664	0.144938476358431	0	0	1.5716362556139	0	0.00427118128176412	0.0189767855805406	0	0	0.0529903756525376	0.19	0.0719097524564336	1.08751532939645	2.44500959692898
BS_5PV5N4HQ	0.01835814097789	0.0389723012215436	0.00535242764163041	0.181195847701938	0	0.755872184921906	0	0.0882146408381127	0	0	0.0176413521799491	0.369974946011344	0.217589828093582	0	0.000307163807216047	1.31079543454937	0	0	0	0.345890549169481	0	0.0546720350933303	0.2	0.0647273429657572	1.07236685454636	3.40483685220729
BS_5YJEPPTP	0.00132187703196293	0.0587780418626234	0.0279235505360364	0.28113876403689	0	0.675395787123319	0	0.0695439605736181	0.01659722842816	0	0	0.330383814253492	0.235344098968971	0	0	0.976156542701199	0	0	0	0.214340245086235	0.0031151749769992	0.0940684000251006	0.2	0.0650217739469402	1.06921604511161	2.98410748560461
BS_5YYCP891	0.0310127112474407	0.100704049446226	0.00597245265355348	2.86447585223497	0	1.23444469302908	0	0	0	0.181070821228038	0	1.29770186094059	0.817166026268961	0	0.389269737476485	10.322334336419	0	0	0	1.25080207939125	0.0783834901628458	0.184492983551491	0.23	0.0623302392654919	1.08365304264811	18.7578310940499
BS_66ABA973	0.00806766781504405	0.00980903643465784	0	0.0918526372783791	0	0.926173277287114	0	0.0873203184629614	0	0	0.126710720872625	0.228039071648079	0.238582719237088	0	0	1.29566027720321	0	0.0128969182545504	0	0.105140754565745	0.00639800473161888	0.0387612641551852	0.39	0.0376155411767201	1.08264994204773	3.17541266794626
BS_66HQ3E4Z	0	0.0909197985176333	0.00173786699818683	0.40796523537065	0	0.64411267828474	0	0.092211268092291	0.00996303503541218	0	0.349150808668642	0	0.1921849358261	0	0	1.14870874620633	0	0.0235015257656642	0.0655726375648626	0	0	0.0547967995620062	0.45	0.021167714317244	1.08567617747702	3.08082533589251
BS_680K119G	0	0.107932063059386	0	0.069723533403181	0	0.116844871122012	0	0.0469126832214272	0	0	0	0.0859481401586742	0.521940013014688	0	0	1.38556393624831	0	0.00390581197404882	0	0.3892135927119	0	0	0.17	0.0821152850719336	1.08128134037084	2.72798464491363
BS_68BW2163	0.0217745056422235	0.0944840172504321	0	0	0.12369768818188	0.0127059448761776	0	0.179498876879865	0	0	0.0373560251081035	0.0507468384666044	0.658540656884069	0	0	1.17614315164218	0	0.0105439521796151	0	0.6442420156649	0.0607758141366165	0.0638667127034544	0.49	0.0133230474471548	1.10552740607682	3.13437619961612
BS_699TN5RN	0.393475754806244	0.0778493999314298	0.0684095500303126	0.817498477219988	0	0.873720251188489	0.00903923075867913	0	0.0684437476368288	0	0.360369830419402	0	1.57481810702003	0	0.100797652943846	4.71998101351807	0	0	0	0.437544543565556	0	0.0444631895215901	0.13	0.105555639175288	1.05500235732215	9.54641074856046
BS_6HXD39AM	0.641608240322383	0	0.0290367189788083	1.04415265573058	0	1.08400763075678	0	0.727680760692968	0.145201278238552	0.297702002912149	0	0.0767880403444641	1.63748859620472	0	0.466705579753334	5.67377168752828	0	0	0.134666789343122	0	0	0	0.01	0.309815797784661	0.960171062931566	11.9588099808061
BS_6N3AFF66	0.00323485095812404	0.0153338886194969	0	0.117646711931194	0	0.850953930189917	0	0.121214711251086	0	0	0.0363957918031231	0.29073002801506	0.392400688900683	0	0	0.428947198777149	0.00719029492161897	0.0118073722995885	0	1.39062958906275	0.0756268486181521	0.0435310888939022	0.01	0.326455138996398	0.973520776116091	3.78564299424184
BS_6TSAVMT9	0	0.370804247028395	0	0.494986249615191	0	3.2545542559606	0	0.150675075653459	0	0	0	1.18386595154001	1.48530800453165	0	0	10.3433954493726	0	0.0960537041486804	0	0.592954963586805	0	0.289628586086585	0.2	0.0659484721018004	1.08161539091108	18.262226487524
BS_6VF6VPCG	0.00413196936090288	0.0604837861815553	0.00018990707487899	0.494316357032357	0	1.44712126098129	0	0.0219703550856701	0	0	0.215145558191724	0.00782995216541453	1.00304791854105	0	0.00556334116624044	1.99231078434846	0	0	0.0471346491269201	0	0	0.163153392989215	0.14	0.0957389574551587	1.05536410280161	5.46239923224568
BS_769BDPDB	0.684856776018241	0	0.228421897480406	0.357969570561212	0	0.210369624980583	0	0.0260098868988812	0.000762245712726238	0	0	0.220030609659773	0.788344276172742	0	0.0470714723990198	2.61205975649691	0	0	0	0.387387743680181	0	0.166658558365425	0.03	0.169643177424095	1.0257119545801	5.7299424184261
BS_76DRXZRJ	0	0.139224619925932	0	0.629371794177397	0	0.355360379622729	0	0.327916068222962	0	0.0590181750013545	0	0.531913696643148	1.25863762352808	0	0.144596577554761	5.64021882550629	0	0	0	1.07379517620341	0.261981612558276	0	0	0.383610178266684	0.929198294063252	10.4220345489443
BS_775HDFNY	0	0.00459138317721622	0	0.0384274082065262	0	0.40463989927819	0	0.0409078036540749	0	0	0	0.230652016355659	0.910127713903424	0	0	1.51018584950342	0	0.0042892062616763	0	0.596183095208616	0.0244294056412124	0	0.03	0.181683797053589	1.02947296086822	3.76443378119002
BS_7H4RFCW9	0.200059999236846	0.0183603935218398	0.186073160628897	0.649036438911057	0	0.527366861265661	0	0.161788841344708	0.0141706206755176	0	0.0645790834990448	0.400898293714048	2.61453248778972	0	0	3.43355468638499	0.00770845264121384	0	0	1.08458113772537	0.0707033397755159	0.112037258547766	0.03	0.183003771068637	1.0211829545875	9.54545105566219
BS_7M3FNSYK	0.0661877573174122	0.165463139711462	0	0.569146959419899	0	1.05354776161734	0	0.018662987833597	0.139216543957832	0	0.391210470097111	0	1.50447024750056	0	0	2.95776293235632	0	0	0.434877337678078	0	0	0.976593977673545	0.23	0.0625217507638476	1.06984667541509	8.27714011516315
BS_7MGXMG6S	0.729914171575109	0	0.516769174785954	0.618242432953726	0.0599395254157895	1.05288433465438	0	1.09554576832869	0	0	0.668128069532144	0.476291918361617	5.01996575049249	0	0	0.333867448051039	0	0.0100781019855051	0.229682242289345	0	0	3.90867186771624	0.05	0.154475621304482	1.067372916416	14.719980806142
BS_7N0B2CY1	0	0.104670615532668	0	0	0	0.709271597891525	0	0.0683311818477103	0	0	0.175155499341921	0.00925837292180634	0.560951393319679	0	0	0.483385736498569	0	0	0.12859933624865	0	0	0.412583560063499	0.53	0.00913986860762909	1.09261026492901	2.65220729366603
BS_7P83Z28P	0	0.0666932472941586	0.00693269189937772	0.0749533552375233	0	0.412806125895567	0	0.066703630813342	0	0	0	0.250198844610596	1.06496731097565	0	0	1.72766900765935	0	0	0	0.893996339230513	0.0291865769646864	0.217889030647647	0.1	0.123105892525377	1.05704307978531	4.81199616122841
BS_7Z93ZYMS	0.0210404069407358	0.00847298237332109	0	0.275400083517187	0	0.627416965383634	0	0.0877641438326624	0.00980441587310439	0	0.180079606648029	0.0208867433630969	0.200303635619259	0	0.000694725812772036	1.98794238173236	0	0.0236359560311064	0.0236905552543214	0	0	0.00256029589096491	0.07	0.138691580250871	1.0479019829183	3.46969289827255
BS_880ESDFZ	0.0283858777756495	0.0644760636343619	0	0.477974045791024	0	0.698176768796796	0	0	0.042405844476681	0	0.111412505180612	0	0.885047118193524	0	0	3.49779583289427	0	0.0464784614008811	0.916949329085391	0	0	0.332241722828392	0.0600000000000001	0.141843492812531	1.03808799071156	7.10134357005758
BS_8BF616QR	0.11341119575864	0.183014432395321	0	0.473952265610314	0	0.612263139070226	0	0.104649974489222	0	0	0.157502483783152	0.152684796498443	1.99787759611103	0.188953917479464	0	3.70190939920051	0	0.0135881387082331	0.147114869159655	0	0	0.243461668895095	0.0600000000000001	0.148449839173877	1.04288608206443	8.09038387715931
BS_8J3B6ZB6	0.00656204440641151	0.0446513870903174	0	0.483887173614242	0	0.537591271256959	0	0.0280332868093304	0.00856963774394102	0	0.322355647913185	0	0.161455084708497	0	0.0181321497204033	1.37688522933572	0	0	0.227483752849996	0	0	0.082301204032765	0.11	0.11455260574747	1.0439320482007	3.29790786948177
BS_8QJ43WKW	0.0737874870299591	0	0	0.258328840332066	0	0.594828342509193	0	0.11145615514071	0.142250951881591	0	0	0.361675724823037	0.146432504010631	0.747166659033741	0	2.47122994213019	0	0	0	2.93415632296225	0.18160435349134	0.253954117806922	0	0.52157752379728	0.853985162211699	8.27687140115163
BS_8RCR7Y4B	0	0.0749803120573266	0	0.152006369457833	0	0.557414063106573	0	0.0569741250783657	0	0	0.0973988389222981	0.216867923151827	0.23808119542905	0	0.00869382274528451	0.97219091078771	0	0	0	0.416586566494691	0.00218040057101039	0.0603682745012942	0.21	0.0636063295237734	1.07005009348885	2.85374280230326
BS_8VAZSJEN	0.21950846147047	0	0.0902670426597854	0.17338083972464	0	0.267978608372773	0	0.0568632762902414	0	0	0	0.167397513638733	0.479927428837726	0	0	2.57972310015096	0	0	0	0.48188736442622	0.0498783315274739	0.0586774762790999	0.03	0.162652787813533	1.03915462646698	4.62548944337812
BS_92HCM7BN	0.0736702477161615	0.185323628614999	0	0.368456510640124	0	1.66891966294743	0	0	0	0	0.455449336418634	0.35180831575262	1.51821791241186	0	0	8.38484370867125	0	0.119136718564394	0.959639218081537	0	0	0.242519385094622	0.01	0.35807507341441	0.941988177294865	14.3279846449136
BS_94MT16N2	0	0.152090068443379	0.0888070577565607	0.494947874870081	0.368532188195301	0.19090453969421	0	0.566783688005893	0	0	0.37496931643758	0.141573785562968	0.465630699822668	0	0.00392174882664204	1.85962796298373	0	0.034756068182266	0	0.0896622948847481	0	0	0.56	0.00664629862283912	1.08727641396144	4.83220729366603
BS_9BJARSX3	0	0.0429643326245199	0.0176651146355043	0.118337556731791	0	0.38323709635527	0	0.064685440983028	0	0	0	0.131057704064663	0.245140753343035	0	0.0471486027260754	1.3507179148587	0	0	0	0.354902813959782	0.000661329002947718	0.0564371948413662	0.17	0.0808056487234693	1.06766192456834	2.81295585412668
BS_9F09XV62	0.0361587770798574	0.383292440835679	0.0861268063666622	0.188140725512796	0.169864227993084	0.12965185067688	0	0	0.0751831321774521	0	0.239733856898392	0	0.454175519484418	0.00811711436396757	0	0.519707921383262	0	0	0.341260898531438	0	0	0.106513792035842	0.56	0.00628186004600628	1.07006345381509	2.73792706333973
BS_9HSGV9TJ	0.00473976564193191	0.0875304154225362	0	0.169635844899633	0	0.840578977629384	0	0.108307636031731	0.0328450429681673	0	0.388400614944074	0.306016135952478	0.241701319542481	0	0.029540523995775	2.10070026336437	0	0.026134386309975	0.681753036999126	0	0	0.127682255108313	0.34	0.0449460972530859	1.06853789622156	5.14556621880998
BS_9JBX2E8G	0	0.0152601315390592	0	0	0.0141477702636414	0.402592400253543	0	0.0034131786044742	0	0	0	0.411230675903063	1.29634816972422	0	0	2.67430751261476	0	0.0218014386853295	0	0.561322853482284	0.016089198026704	0.0206459799240433	0.02	0.207595229577273	1.02336487492923	5.43715930902111
BS_9P9MB8X8	0.0159508336985933	0.0442425913617911	0	0.263729500924606	0	1.16451566046436	0	0.066256419600624	0	0	0	0.493104680327432	0.259101920776251	0	0	1.69037684415145	0	0.0415958923696218	0	0.390797004866438	0.0186825715307399	0.050033795859001	0.17	0.0813125675380673	1.0649039879609	4.4983877159309
BS_9Q6Z6VJC	0.01871629491325	0.0241182371289872	0	0.310280751146336	0	0.874884827715234	0	0.13641716065139	0.00897703000356836	0	0	0.168540055696016	0.259122963742618	0	0	0.73739096880981	0	0.0335895032405093	0.478339066858367	0	0	0.047070356984509	0.57	0.00359486735235405	1.08421909637174	3.0974472168906
BS_9S7AG4EN	0.0536389181199846	0	0	0.167868126312145	0	0.667772345800229	0	0	0.0038326376198352	0	0.0465597824833177	0.287766035738315	1.13299854418936	0	0	3.29720802161484	0	0.0107587760927429	0	0.270100605696136	0.00431770345401206	0	0.02	0.202338208100433	1.02353208490819	5.94282149712092
BS_9SJWWYQ4	0.00448262975435424	0.0218097208662319	0	0.201312720029793	0	0.809049598016228	0	0.148960720418449	0	0	0.217191725084763	0.229555895875868	0.43290765295109	0	0	0.877805479743928	0	0	0	0.480123945546705	0.024434865728377	0.0197930690168425	0.36	0.042915881928724	1.07893163973747	3.46742802303263
BS_9YXH2CZ0	0.00393266546292101	0.16321824919502	0	0.340076444843101	0	1.85300625212283	0	0.0777328293710037	0	0	0.839992984453796	0	0.343162001298988	0	0.0590815337407475	6.78451242289174	0	0.0448157714127766	0.965270817259663	0	0	0.0521462045309083	0.11	0.117843852885065	1.05397782061982	11.5269481765835
BS_A13BMEF5	0.0189235345731897	0.0241370542616706	0	0.204608165953954	0	0.890202149125912	0	0.0971685143050199	0.00649788838510742	0	0.0771876371647851	0.150727728511397	0.177406434064784	0	0.00202132940199051	1.52331145764985	0	0.022752896113626	0	0.118388783827506	0	0.0618103805959501	0.39	0.0375709111467388	1.08244274845174	3.37514395393474
BS_A1VEGWTR	0.000996421596428244	0.101001514578524	0	0	0.0362452325644227	0.349156043332776	0	0.00950036218635945	0	0	0	0.126778726068376	0.555973264081969	0	0	1.13603205442486	0	0	0	0.668104118864738	0.0113294363238674	0.0715047069757603	0.16	0.0856295798883621	1.07371318520436	3.06662188099808
BS_A46RDWGM	0	0.00164861883178232	0	0.0396840778114909	0	0.476731167630708	0	0.184071195444203	0	0	0	0.353707778670827	0.582131772387937	0	0	1.76365914291809	0	0.0353173968697022	0	0.211453396914473	0	0.0120177173960264	0.79	-0.0221060921344997	1.11543733207219	3.66042226487524
BS_A96FKXN5	0.198930909071736	0	0	0.0999237630165149	0	1.2528600249819	0	0.146866844530395	0	0	0	0.506717033559199	0.321557694940616	0	0.0344040206757084	1.66732851134519	0.0441221828393408	0	0	3.15755856919896	0.106827620033563	0.20752854557655	0	0.447928813437706	0.90429717483195	7.74462571976967
BS_AGVWD5K8	0	0.153611851174234	0	0.343369738416713	0	0.38805230342864	0	0.338535509552705	0	0.0689605392464379	0	0.382403650030471	1.38696990703446	0	0.0979902186691072	4.54055158421466	0	0.01762222872188	0	0.931717409980127	0.0539194741178952	0	0.11	0.119523112757367	1.05899018996695	8.70370441458733
BS_AM0BZ61K	0.0595338686565692	0.0457599696035857	0	0.221884371870999	0	1.15417541652099	0	0.154919583230787	0.0878460442316545	0	0.255423580079712	0.0886400791798111	0	1.02011376286574	0.0257012910489438	5.05891964446832	0	0	0.232888459359188	0	0	0.0595490152560575	0.01	0.296130236863752	0.981016887794089	8.46535508637236
BS_AP0SZ364	0.0227113509002876	0	0.130846243980046	0.202657940782844	0	0.418221301461775	0	0.0378476470977457	0	0	0	0.141897190378246	0.746647313337381	0	0.0325754758463848	1.81996260871837	0	0	0	0.613201220187212	0.0104374654670951	0	0.02	0.22704492647324	1.0021802497297	4.17700575815739
BS_ATHSTZ5R	0	0.0333609977450936	0.00557538914421179	0.0867217340677204	0	0.889168783749456	0	0.107117358134368	0	0	0	0.467158649057035	2.38924860229414	0	0	4.76396983492476	0	0	0	1.46691684522497	0.430262765351142	0	0.02	0.234859349430351	1.00519025205641	10.6395009596929
BS_AW7J9F9R	0.105942162053867	0.24685924842859	0	0	0	2.43066057938246	0	0.190581697454681	0	0	0.231436611075089	0.923631466710785	3.15730706431834	0	0	3.60041663442125	0.060421371261103	0	0	2.36418766163647	0.244035341845211	0.413253366786434	0.26	0.054435195298212	1.07491030926295	13.9687332053743
BS_B0SVFK4P	1.34381916168071	0	0.783902852691836	0.531221857954759	0	0.74120555169898	0	0.32231640803019	0	0	0.39899531865768	0	2.57538250956591	0	0.086255848583335	3.27432851416923	0	0	0	0	0	0	0.02	0.243499146292895	0.989818097921198	10.0574280230326
BS_B3M5SGPA	0.000897293846876296	0.00258449227528526	0	0.402067154202223	0	0.5522862521242	0	0.112879264904062	0.0104787259045466	0	0.139183867183189	0.149430092063983	0.334304057880915	0	0	1.05004101920015	0	0	0.753956663471158	0	0	0.0993383338340103	0.46	0.0178118605373653	1.07593775915807	3.60744721689059
BS_B5JM6T8K	0.109576376014258	0.102349622461052	0	0.314692451771226	0	1.45091570823216	0	0.105439304576492	0.0987332813056931	0	0.696038382802294	0.088130579720357	1.52412136911204	0	0.000815224020925673	4.81715883347867	0	0	0.660633333702126	0	0	0.314658488656833	0.07	0.138537967770835	1.03671730454038	10.2832629558541
BS_B6JKQFKA	0	0.0751321992269232	0.00484303413697199	0.569779953690354	0	0.526375279184759	0	0.094303567741997	0	0	0	0.388201759693747	1.89876899603508	0	0	4.23686059962327	0	0.0917398776888422	0	1.01653191770317	0.0336240436818023	0	0.12	0.113297216205414	1.06068230555483	8.93616122840691
BS_B7GEH89C	0.0215200112787818	0.0305882809982576	0.0212149630728122	0.090378095822172	0	0.564601344307889	0	0.0733145372125277	0	0	0.0245382360492594	0.327215983497072	0.841403671627611	0	0	2.20676568940987	0	0.0292545242467674	0	1.02452045844416	0.0328127800701705	0.0349232473791489	0.24	0.0567237913685565	1.08629237919212	5.32305182341651
BS_B7X8VXQ3	0.0719879086429016	0	0	0.210064228173003	0	1.17684129430447	0	0.136267908049235	0.0477616013794303	0	0.07707333087663	0.0307013932973397	0.47309083249427	0	0	1.46540870443491	0	0	0	0.00816896233540462	0	0.319351686300316	0.19	0.0719423771303207	1.06680179688731	4.01671785028791
BS_BANCTAV6	0.0741315225708837	0	0	0.278816272777324	0	0.741533098315691	0	0.101910687331723	0.079961534070867	0	0.364847295039523	0.0660522601311297	1.60382880423499	0	0	2.33900920904947	0	0.00856362882007302	0	0	0	0.00278522700573368	0.44	0.0266428110271124	1.09263347576091	5.66143953934741
BS_BC936YNZ	0.0267374973522993	0.0118762722978985	0.0198764821483418	0.215783396208484	0	0.524014429297295	0	0.146096722371069	0	0	0	0.395025376452852	0.611686003306241	0	0.0158135846744353	1.69556055260783	0	0	0	1.08267094366056	0.0397028500942507	0.0916626073787339	0.01	0.277410597688779	0.982303284586929	4.87650671785029
BS_BGRPWBNG	0.0760148756726137	0.0287196926629374	0	0.413767742854335	0	1.51948876319961	0	0.0519880421995034	0.0481672133332527	0	0.193160396261717	0.107911185462525	1.31629780539123	0	0	6.1871626818648	0	0.10722358160381	0.518361595279083	0	0	0.401774811930518	0.11	0.114332351755803	1.05938952977324	10.9700383877159
BS_BJBM0BN7	0	0.0494573614847937	0	1.21406078361357	0	2.75614037321768	0	0.0335867202082693	0.0297202456971116	0	0.496926923392712	0	0.330687471937738	0	0.0361479077850035	8.21408276302622	0	0.0902426860273882	1.3957920310399	0	0.0242295886156848	0	0.23	0.0616854647011985	1.07602881059375	14.6710748560461
BS_BKQZ550R	0.0731512852614699	0.00955150303855718	0.0103845892074945	0.337821826788504	0	1.78918551971881	0	0.280077418177676	0.0588155692533943	0	0.410594354304893	0.213741600443389	0.661585664123961	0	0.00200209116445263	1.70259394871849	0	0	0.123869412865474	0	0	0.228794122883539	0.45	0.0212186289029665	1.08552617396238	5.9021689059501
BS_BN986DF6	0	0.0367860538488114	0.0276896067022467	0.14718268467377	0	0.280502524165926	0	0.00664824442509084	0	0	0.163232533642927	0.00217020207896199	0.483868480852016	0	0	2.27009402766481	0	0.0200335614543877	0.189908140297527	0	0	0.0109434411532181	0.23	0.0615943062964317	1.09276492041601	3.63905950095969
BS_BNECCX4D	0.0645057410851379	0.00984111970612869	0	0.439618670880197	0	0.880328681480436	0	0.0400609522721587	0	0	0.1274298394247	0.238759283595596	0.852108241990021	0	0	6.8821114528067	0	0.103149589992965	0	0.0826394525062744	0	0.23737403759942	0.01	0.345147322052985	0.958633146164504	9.95792706333973
BS_BPSTSCBJ	0.0755804061791441	0	0	0.973676384613467	0	0.279676032700594	0	0.0918972576123172	0.00504715477893746	0	0.0127458778748296	0.0160664945720549	0.582183712159986	0	0.0946073201273025	2.06476620791825	0	0	0.00680139922054084	0	0	0.0157425391907525	0.17	0.0802160019669685	1.06873734177305	4.21879078694818
BS_BW79W2PD	0	0.69761311610328	0.0676796059709127	1.05854823256364	0.060786134975167	0	0	0.184474971034902	0	0	0.713545014882711	0	5.72628668101193	0	0.107824345302785	3.83526721379346	0	0	0.171371997221097	0	0	0	0.2	0.0663094303776314	1.08813157725556	12.6233973128599
BS_C0NEVC2B	0.0411531136826125	0	0	0.832972688512563	0	2.00314784127852	0	0.08565058443239	0	0	0	0.474382323172771	4.49747111700646	0	0	10.8821000046254	0	0.0767405033499381	0	3.17123309949648	0.069391242097554	0.104183585992204	0.12	0.112028074012317	1.06579793702613	22.2384261036468
BS_C51RB0YR	0.456395688398419	0	0	1.29316221864181	0	0.811732638617808	0	0.266899237470849	0.144385780580985	0	0	0	0.813234716312774	0	0.0545232683802039	3.62745919719765	0	0.0581202562351857	1.47267732137746	0	0	0.325401999243669	0.44	0.027284246151115	1.07043286941192	9.32399232245681
BS_C6SKJG3N	0	0.0154631686682137	0	0.158690876551161	0	0.13791911483362	0	0.028586457664464	0	0	0.00214379809967349	0.126451773912602	0.793729566494681	0	0.00103303389762451	1.49008453179114	0	0	0	0.196143208200984	0.0120385389837283	0	0.02	0.195163240764431	1.02887203491749	2.96228406909789
BS_CC6RREE4	0.118424710136859	0	0	0	0	2.53386900218892	0	0.33519420103544	0	0	0	1.42450667686489	3.68281489123795	0	0.0483943080124445	6.14006445915598	0	0.119368389992905	0	1.91226821703739	0.26020351275059	0.294277428131745	0.07	0.13884097771864	1.04054644225164	16.8693857965451
BS_CGB2WS2A	0	0.00841388755221989	0	0.175607354405145	0	0.5611085632693	0	0.0658334194119809	0.00276439707895837	0	0.105585701053398	0.0299671885762388	0.291727158269251	0	0.0316051982000746	1.19593128745167	0	0	0.21836127030992	0	0	0.280138720295163	0.36	0.0405858327917318	1.07394781262295	2.96704414587332
BS_CKX8RW1J	0.0557952194449305	0.236211519850514	0	0.450007819074006	0	2.03040009743954	0	0.179566103189893	0	0	0.471250597266992	0.384172861123904	1.69635017642601	0	0	6.7916548761727	0.0314959975596962	0	0.631444162538877	0	0	0.0590785929455636	0.12	0.112129146729788	1.05300622362472	13.0174280230326
BS_CMDJJQ7K	0.0967563938919415	0.211730347988839	0	0.814237276882583	0	1.03913539925356	0	0.05870986460957	0.145072092387626	0	1.01577990624288	0	0	0	0.0347375124455929	13.2482991212113	0	0	1.36782765020695	0	0	0.387157812998165	0.16	0.0864927126495977	1.09190387958767	18.419443378119
BS_CTR5X93B	0	0.0134458750852019	0	0.462582733347076	0	0.670671042166074	0	0.029086037575829	0	0	0.140225258633827	0	0.163416583806994	0	0	1.82616354455589	0	0.0176285100843135	0	0.10823914795017	0	0	0.12	0.110061262376023	1.05814332753788	3.43145873320537
BS_CVGFNCBJ	0	0.0934726424203428	0	0.115672342849903	0	0.580624646321285	0	0.072732882599867	0.129478097602287	0	0.298664563800087	0.0192231825227669	0.13446236793742	0	0	0.662166004106265	0	0.0169343298571979	0.293422991303521	0	0	0.052071092632992	0.46	0.0170845799956224	1.07605281545806	2.46892514395393
BS_D3YBV7KB	0.0428825841021845	0.143209186092622	0.0464615908899701	0.299454497295761	0	0.874156804256845	0	0.269775261144085	0.0812078988926924	0	0	0.614398918831443	0.59522087651424	0	0	1.9542465899511	0	0	0	1.88591281512931	0.0842201433397456	0.111981432408376	0.03	0.176441104367342	1.03474596853692	7.00312859884837
BS_DEHJF4C7	0.00248113457139368	0.0844769188097261	0	0.716170891788864	0	0.396476961926735	0	0.121123787345948	0.04098467757351	0	0.104253773258815	0	0.18811401444792	0	0.0210478025843428	1.82547841794405	0	0.0203805430534204	0.203716355899314	0	0	0.0435096920051742	0.15	0.0916100010737466	1.05711606166641	3.76821497120921
BS_DMJHAG9X	0.0415012138234384	0.018573678671951	0	0.875194765634858	0	2.33702183055177	0	0.0860836174862627	0	0	0.594285222403424	0	0.466817447712916	0	0.231867587145257	5.95854395451664	0.0199444958778053	0	0.104465610359939	0	0	0	0.02	0.200299825004941	1.01746889034612	10.7342994241843
BS_DMZP9G1H	0	0.10482536844451	0	0.0100725611737045	0	0.149124372527482	0	0.188178600947508	0	0	0	0.126886998910846	0.380857633911913	0	0	0.650192073669107	0	0.0070569831450936	0	0.50067252581412	0.00455130755936381	0	0.51	0.010507115704784	1.10267493388918	2.12241842610365
BS_DPF1CX0G	0	0.0594247486738914	0	0.102044373382508	0	1.10244796873815	0	0.216084357183736	0.0127863778064188	0	0.137315267805601	0.310977914434004	0.690271947526596	0	0	1.05274501797127	0	0.029131682561739	0	0	0	0.158440209559087	0.49	0.0124925684852746	1.09050356261012	3.87166986564299
BS_DSS3S5XD	0	0.13607297527699	0.00341211201443266	0.387373656650945	0	0.650815637714932	0	0.0940605052552688	0	0	0	0.388713797053304	0.211106354001233	0	0.0193203960091366	1.25215460955107	0	0	0	0.454438001116609	0.0157158664955574	0.0640329794555354	0.19	0.0742161742712282	1.06674535993857	3.67721689059501
BS_DV86M0Y7	0	0.109917637717625	0.0149877501536964	0.193263464600932	0	0.112990188618494	0	0.172584330404679	0	0	0	0.150312544629214	0.420456075459377	0	0	1.95215248434332	0	0	0	0.20227986188456	0	0	0.19	0.0738999273460606	1.08301707302417	3.3289443378119
BS_E2DEWCSK	0.0564496504193385	0.0887755288218708	0	0.560985219832626	0	1.24861856319502	0	0	0	0	0.446119138791204	0.180716347040531	1.17912237330174	0	0	6.95349766484752	0	0.0882444469484649	0	0.324476306802788	0	0.267447735046893	0.13	0.100293081089946	1.07350297547526	11.394452975048
BS_E3EJHXQV	0.015450146406432	0.0745120217740278	0.00186206765744763	0.931432364544306	0	0.888844212809963	0	0.118410675705888	0.111482668168491	0	0	0.0580984936390616	0.52819784652128	0	0.104049035672968	1.6356589287945	0.00209487620331898	0	0.280286379951975	0	0	0.0730175950102211	0.13	0.101399308739037	1.04746383631945	4.82339731285988
BS_E4GC9EXR	0.0962363852573021	0	0.140852519785322	0.259973210356203	0	0.20506821233264	0	0.143073490077192	0.036950811080309	0	0	0.126081125533904	0.481331731329111	0	0.0629707926486317	2.10691655579731	0	0	0	0.557968559132129	0	0.0468568369962432	0.0600000000000001	0.142724533887087	1.04132671218812	4.2642802303263
BS_E94QRJDW	0.020399092074931	0	0	0.387987031781024	0	0.335553943410676	0	0.0544193097372497	0	0	0	0.243659852853784	1.31441536830731	0	0.00302747814639626	2.95604281636734	0	0.0021264991522337	0	0.205840745097856	0.0130921624953909	0	0.18	0.0765385417568444	1.08489149840028	5.53656429942418
BS_EBMCTR80	0	0.0341283197043507	0.00349030766289059	0	0	0.31383821247338	0	0.0617385412575592	0	0	0	0.205450577744881	0.399824770256046	0	0	1.72130055263087	0	0.00332986978498083	0	0.603757560098613	0.0765241335797466	0.0978647555744347	0.12	0.111985495459003	1.06641716744149	3.52124760076775
BS_EFEZB0ZH	0.0375602705844957	0.159852129806633	0.184945128547491	1.23568427647286	0	0.524330593998241	0	0.532539985439252	0.0508601329869381	0	0	0.637397779095762	0.903526874395676	0	0.121363313290582	2.09899793781348	0	0	0	0.859645306659307	0.0281447413718034	0.164614101514447	0.44	0.0278288232718388	1.0780865440342	7.53946257197697
BS_EHVYJAVA	0.0225528020988727	0	0	0.0545124219531103	0	0.265135346335033	0	0.0157605815260212	0	0	0.0959576157987	0.0873878275755405	0.235679837924401	0	0	1.87359684818419	0	0.0396595119501104	0	0.0957704275079815	0	0.115733420220893	0.07	0.132957180965129	1.06481666237247	2.90174664107486
BS_EMAJ7P3P	0.048808199368995	0.125901310513776	0	0.0400566619529581	0	1.02572685141244	0	0.114696980115268	0	0	0.331111001340893	0	1.79714341287217	0	0.00400613369741371	6.26678703475444	0	0.0698817419812984	0.906656232624345	0	0	0.374425974874638	0.03	0.168410013605052	1.03801734830462	11.1052015355086
BS_ET8CJXSF	0.00455795747331502	0	0	0.389488029311099	0	0.319090241899184	0	0.0553157208171235	0.00142573902370941	0	0	0.00296224146015358	0.0732202310609029	0	0	1.26294407929058	0	0.0213436907264309	0.187794170862833	0	0	0.0680959019134445	0.19	0.0709949500655719	1.07038288986196	2.38623800383877
BS_EXGBH3TD	0.0232532595574966	0.00206723654819969	0	0.187832163325917	0	0.62845749516398	0	0.100856798586188	0.0859664847733987	0	0.323807595412667	0.0203987645246181	0.44642552663157	0	0	1.13089135755935	0	0	0.17409823702562	0	0	0.0718184014284253	0.07	0.137368456003208	1.03166785972223	3.19587332053743
BS_EYSS0ZDS	0.00940464107099013	0.0451501857047169	0	0.148340024335817	0	1.48755240328482	0	0.196216439620423	0.17936394151509	0	0.0445117694470028	0.436063340532518	0.320893903300979	0	0.0209766565767988	1.16314395747056	0	0	0.442804247817454	0	0	0.0814134221443244	0.38	0.0380515677143132	1.07742564567664	4.5758349328215
BS_F1K9QTBS	0.143798113058004	0.230159348742044	0	0	0	3.03607160136091	0	0.166600028090776	0	0	0.0582663735202898	0.925049639496025	0.352907060588261	0	0.113337953872175	7.30736505777098	0	0	0	3.43412685078845	0.0698643957790675	0.173701177700763	0.19	0.0694074135124534	1.0831887730754	16.0112476007678
BS_F77MGAQT	0.606405345816789	0	0.15906258394265	1.09698884033527	0	0.816233462924084	0	0.525801029273003	0	0	0	0.650097337876945	3.88104669787687	0	0	10.1785030723999	0	0	0	0.621562554198025	1.3180071749153	2.916387869731	0.01	0.26029035104474	0.992959641032013	22.7700959692898
BS_F8N6CFQE	0.1226994176517	0	0.128220228597698	0.185222654157193	0	0.462511937024319	0	0.0284254979515788	0	0	0.141518421988855	0.132941009020901	0.377973467762969	0	0.000646784524739671	2.42585771807454	0	0	0	0.31162884094438	0	0.144964386984434	0.14	0.0942154967187696	1.06457820653481	4.4626103646833
BS_FAQQ0GCQ	0.0893122190591242	0	0	0.602892182460434	0	0.582616944482554	0	0.00792248569364996	0.0277176788191164	0	0.100699672372446	0	0.827193528635824	0	0.0594174961588367	3.02138176927251	0	0	0.0666528767515458	0	0	0.0146921866010615	0.15	0.0910069584215457	1.07108954493302	5.4004990403071
BS_FJWZ3M7V	0.0564846858772008	0.0448038280982474	0	0.31357016875597	0	0.975469501884125	0	0.114743057641158	0	0	0	0.581285333148413	0.557538129255543	0	0.00207524319610265	1.15223545162144	0.0125862573553256	0	0	0.611043274542158	0.0330728002993488	0.0661479305130704	0.48	0.0148811368368968	1.09452852311505	4.5210556621881
BS_FJZPQZ2C	0.640492123915709	0	0.54990661647646	0.405170222273679	0	0.387165112794719	0	0.132134586431026	0.127057373981214	0	0	0.132397640121375	0.726022016652396	0	0.0658634683098462	3.5326540337561	0	0	0.282251607235661	0	0	0.0106126452687094	0.03	0.177910880389402	1.02155652122319	6.99172744721689
BS_FR42HY0Z	0	0.202840788615175	0.0208642670118207	0	0	0.770132182279956	0	0.0602198710546693	0	0	0	0.285358035963084	1.60848557525666	0	0	3.19886665753899	0	0.0511889539017626	0	1.86028858509939	0.0849673788623298	0.0694364568154014	0.01	0.320963445250309	0.963337997701235	8.21264875239923
BS_FX4WKR2R	0	0.0564873353553869	0	0.0579885632119221	0.0294585964231723	0.115747894145609	0	0.200404009098984	0	0	0	0.159402484338127	0.495753826513265	0	0.069392097721164	1.44795596701991	0	0	0	0.889934634695359	0.0397202728590538	0	0.14	0.0979925724886655	1.07609161415375	3.56224568138196
BS_FZ62GZGV	0.788423929225152	0	1.00452197015646	2.06870480734256	0.637499224772396	0.376196834023868	0	0.627171881849518	0	0	0.20320922135272	0.847524461641709	8.90540272685127	0	0	4.94116901212461	0	0	0	1.0070174171994	2.04679605142037	0.106458431329797	0.02	0.199607745158117	1.0109038681018	23.5600959692898
BS_G1DAGKSY	0	0.0693062524097109	0	0	0	1.19539106663445	0	0.000380364426804336	0	0	0.0872181334568523	0.399303405697388	1.37720682385326	0	0	3.0772045347837	0	0	0	1.72473774798128	0.0570853182246217	0.0556596346816418	0.09	0.128650191331946	1.05450447292411	8.04349328214971
BS_G5QBBHDV	0.0147491183781862	0.357107427284087	0	0.770798210389446	0	0.983370109442065	0	0.522395919183635	0.309830478661445	0	0.838902795729188	0.0790305042172952	0.612584481608084	0	0.0319402539558333	3.26678217622299	0	0	0.448620071795463	0	0	0.144137973285831	0.19	0.069099668132753	1.05854690131874	8.38024952015355
BS_G7AGNB5G	0.0432143165264194	0.017451095457366	0	0.0142123774713179	0	0.604443270559842	0	0	0	0	0.4579273051827	0	0.100595969349719	0.459049934670536	0	0.13308034420211	0	0	0.832658959234307	0	0.00764733571711861	0.45188799757866	0.96	-0.0374563286654778	1.11178913685848	3.1221689059501
BS_G9XE3N9T	0.00430698928801551	0.108082699872096	0	0.252451149355106	0	0.677953344899998	0	0.0517898970280736	0.0299805640403456	0	0	0.115855401733782	0.143588142533313	0	0	0.735577661275761	0	0.002119705881453	0.680303290768721	0	0	0.0385669690622989	0.41	0.0351262343850887	1.06975000300561	2.84057581573896
BS_GCA4GET3	0.0121086233042383	0.0182171844186389	0	0.173420348665767	0	0.248992676784823	0	0.0431089012260356	0	0	0	0.177280928731184	0.305758357986368	0	0	1.68541779620047	0	0	0	0.152886727712788	0	0.266263349403464	0.11	0.118633261620948	1.06226929771807	3.08345489443378
BS_GHNJ4CYC	0.0078986377608952	0.0202825257699453	0	0.0392060818140883	0	0.970075476594267	0	0.0595433288920741	0	0	0.132973092135185	0.31401690925311	0.427592852201193	0	0	1.39652952577447	0	0	0	0.240913197336177	0.00894134911386365	0.046134508959333	0.13	0.108455617628487	1.05075366786476	3.66410748560461
BS_GPEGRCCT	0.0108560833528092	0.00193965031518446	0	0.864609598285545	0	0.224002362876821	0	0.0369740499285707	0.00726555968192911	0	0	0.0785219823858525	0.412406998096057	0	0.0274656736752912	2.71908009660962	0	0	0.545601765341559	0	0	0.157091918414287	0.16	0.0881687954751245	1.06390478453164	5.08581573896353
BS_GTZCFGRZ	0.0698469855376188	0	0	0.821895373336277	0	0.118354818935743	0	0.352122108461158	0.162622881870909	0	0.187098928864851	0.412639473373117	0.317875626773	0	0.0187268576988574	1.95033068980953	0.00428201135668578	0	1.07356583946992	0	0	0.255686389157248	0.46	0.0180512800606531	1.07776082883464	5.74504798464491
BS_GYA4V1RD	0	0.103429594128543	0	0.0906520549883449	0	0.228115306670411	0	0.00186657123105516	0	0	0.208546775853706	0	0.443480523554853	0	0.00583912051091181	1.41239196269818	0	0	0.0920992288244131	0	0	0.0317362511748969	0.14	0.092495938250329	1.06755534920387	2.61815738963532
BS_GYXSDZ56	0.0836077793748036	0	0.00375654870252598	0.307327922629678	0	0.398723715115192	0	0.0676177507232693	0	0	0	0.367650174546851	0.736694236549189	0	0.0473377320399897	3.98314583112221	0	0	0	0.842568688617596	0	0.0227596397725571	0.26	0.0539891537256925	1.09846768282197	6.86119001919386
BS_H08FEN68	0.0217639331277206	0	0.585491718314102	0.237110898621662	0	2.95208635616069	0	1.38129829862974	0	0	0.469517060455858	0.440211027543848	3.52858844898716	0	0	7.12177061562261	0	0	0.253209086823981	0	0.829355626729909	0	0.19	0.0729841287997436	1.0599532168163	17.8204030710173
BS_H0WF1WHE	0.869653224801263	0	0.0717129478935884	0.0852567535055291	0.0558651305471363	2.30598429170378	0	0.0271458683365732	0	0	0.508923747644774	0.0713969003875077	4.47851800509398	0	0.034316979881705	2.73194676846403	0	0	0.529010667728625	0	0	0	0.0600000000000001	0.149767191084806	1.0314453836479	11.7697312859885
BS_H3FE3TH9	0.000962212514128312	0.0148370847514888	0	0.172535241871962	0	1.15274138335635	0	0.123408633019272	0.0449808799914307	0	0.355026760110496	0.116009130991894	0.21950168334792	0	0	1.33607739143383	0	0.00280469443498556	0	0.0584647751297416	0	0.138792163595452	0.34	0.0458561370752923	1.08006156192741	3.73614203454894
BS_H8A9PSYA	0	0.0273796381114259	0	0.177910564636725	0	1.13175741447608	0	0.189096999709215	0.00298903275101318	0	0.188031234315444	0.0354294400912494	0.352392631700708	0	0	0.732151956898289	0	0.0135976679908152	0.0368618518965016	0	0.000267252639627045	0.0211170403107356	0.34	0.0452038521072474	1.08397855716814	2.90898272552783
BS_H9EX5WX3	0.00798792902459861	0.0388402358401758	0.0123999429157176	0.412916340660873	0	1.32735701472818	0	0.0610207453755842	0.0291263380563978	0	0.25578032498314	0.027906787058515	0.238839056521759	0	0	4.515507782963	0	0.0436371911843978	0.333578047863697	0	0	0.0662155065859655	0.02	0.20964239738441	1.01632794184854	7.371113243762
BS_HC5M8JTC	0.069745742147554	0.0222280560015493	0.0560205184676211	0.416994810400163	0	0.425543052375935	0	0.154845236320393	0.016231223523322	0	0	0.187922537039217	0.655206379744694	0	0.0571229484440092	2.59556489765206	0	0	0	0.140847150666594	0	0	0.11	0.119814319741034	1.05381679955416	4.79827255278311
BS_HM0R6SXQ	0.173138537854674	0.600609877909212	0.5570101239821	2.38297976117299	0	3.08259276840102	0	0	0.00368957696866026	0	0.414161910139665	0	2.66383296700593	0	0.286310800934457	10.8707627628182	0.0467934527798364	0.0349998790652714	1.6531016575953	0	0	0.383681950244102	0.2	0.066833914709907	1.06229130130727	23.1536660268714
BS_HNMQ7488	0.0558579243691179	0.0644877819275723	0	0.532894660038458	0	0.590741068068819	0.0321290074561716	0	0	0	0.245275687538672	0	1.16507217820694	0	0.0437168647429545	5.18086261780519	0	0.0122933439107408	0.812963715506105	0	0	0.0735707934234934	0.01	0.349010050828524	0.947631641806576	8.80986564299424
BS_HQ5BJ6MW	0.0407443033526225	0	0.0443346078581242	0.340262992267326	0	0.775076406035162	0	0.0983777077152298	0	0	0.00268974703500364	0.327249782636975	1.38030648136817	0	0	2.79294527514828	0	0.025402919382306	0	0.945011338473287	0.0224506881056714	0.0375853705834527	0.2	0.0651803870984351	1.07483065414286	6.83243761996161
BS_HQDXQ5Y4	0	0.210763707238257	0	0.184767806576237	0	0.636906910270891	0	0.0116547252285759	0	0	0	0.339606507590804	1.56560099832173	0	0.000441566656885069	2.9537392225383	0	0	0	1.16106572971812	0.0352564496700787	0.0287760307006855	0.01	0.268494194423117	0.986538214918173	7.12857965451056
BS_HSHN8PBB	0.0140693884226742	0.0286048264394566	0	0.447486977119834	0	0.323472608654213	0	0.0651747157960732	0.017897116848128	0	0.191670703398318	0.0117013679087431	0.155754672064047	0	0	1.80355326819199	0	0.0247751293485948	0.284028852487574	0	0	0.0443823502877196	0.07	0.138819431858637	1.03871671842635	3.41257197696737
BS_HSTNFPKW	0	0.252030228095407	0	0.410492403449374	0	1.39674179307126	0	0.0787278280807156	0	0	0	0.948341163711582	1.91687928504078	0	0.0336841535257945	4.69753920670441	0	0	0	2.31427269341518	0.194905294472389	0.0957525531202496	0.01	0.30480933624723	0.967333419857516	12.3393666026871
BS_HV8PFRBR	0.00238022252908969	0.0152695216141187	0	0.170452496876793	0	0.471182932281853	0	0.0439187561578088	0	0	0.051514862257059	0.037328410592695	0.331371978216119	0	0	1.70050824271813	0	0.018855675133683	0.0776409933114598	0	0	0.0297678468908495	0.08	0.130598053891129	1.05282149611472	2.95019193857965
BS_J5H5VXWY	1.25093391410813	0	0.1594905494569	1.90895302115093	0	2.06426260693305	0	1.26345554987974	0	0	0	2.60419097110982	5.17641326036497	0	0.951594182413624	12.0275747295556	0	0	0	1.06518078125096	0	0.198622218805098	0.19	0.0715986611696184	1.06593279713257	28.6706717850288
BS_J9M83K8T	0.101356450597973	0	0	0.604844414558895	0	0.654298588657916	0	0.0382304377399254	0.0276606932680396	0.0117983586561985	0	0.612382632998446	2.02468845811059	0	0.10058640980595	7.20378717210189	0	0	0.095914864143101	0	0	0.0265820375952407	0.01	0.339524070016191	0.959086378507377	11.5021305182342
BS_JFVB9KXB	0.152697942212678	0	0.0324038291391443	0.58452191671593	0	0.340792102572452	0	0.0950151815567517	0.171038210970776	0	0	0.20985004241917	0.0693452923337515	0	0.0124277692220925	1.05679090804693	0	0.180682054119256	0.543436670076869	0	0	0	0.97	-0.0451168273030495	1.09630062287156	3.4490019193858
BS_JGKZ54SA	0.0204131794750701	0.174853578220209	0	0.531141460184881	0	1.04808273263997	0	0.0288453763172165	0.0197683905451574	0	0.676954070471892	0	2.08269906890759	0	0.0486705743534173	5.00089476247621	0	0.00814004808844198	0.332152464314832	0	0	0.302240340070384	0.02	0.202050891247758	1.01512539073684	10.2748560460653
BS_JH29M4KG	0.0532414778204883	0.0656275557139922	0.0417266667706741	0.693229945256955	0	0.731165562110879	0	0.0745516795456158	0.0356977032863223	0	0.212924718823028	0.0920389807532881	0.555427750581668	0	0.0275324435933696	2.90192656051719	0	0.0254042024801616	0.36408273390599	0	0	0.0754028249824116	0.29	0.0510504968026232	1.07228843449532	5.94998080614203
BS_JKXA3FQC	0	0.0225181715605822	0	0.136662347506919	0	0.928075275476198	0	0.139057179092017	0.0160988813239139	0	0.118382351005364	0.171727223658996	0.32264233559122	0	0	0.836601574062001	0	0.0143385975273607	0.141157792292642	0	0	0.0733140866417498	0.2	0.0683940256708495	1.0641235249276	2.92057581573896
BS_JMHG7GCN	0	0.026381211186766	0	0.122307419839025	0	0.296886739147125	0	0.0057490379098532	0	0	0	0.0913777780195411	1.20807238911338	0	0	2.34927783387136	0	0	0	0.526167498434307	0.0157186721331479	0	0.14	0.0989740312848961	1.07891042248284	4.64193857965451
BS_JVA2NQFF	0	0.0199706509412899	0	0.144067723292748	0	0.819387839863647	0	0.0519248019808917	0	0	0	0.310382974469381	0.188896053861558	0	0	0.995841713676968	0	0.0207677331716771	0	0.176522494065094	0	0.0147524100702188	0.3	0.0506147932841526	1.07954494059492	2.74251439539347
BS_JWSR581E	0.0138572853474144	0.00140636198821444	0	0.137159882320404	0	0.440716124260987	0	0.0508504245731665	0	0	0.120920618635708	0.172156182143152	0.179838970796225	0	0	1.72122132825943	0	0	0	0.0686526915932806	0	0.0644677308497764	0.02	0.226624266910224	1.0088230187496	2.97124760076775
BS_K57A4A9D	0	0.287507312029659	0	0.0514957130167206	0	0.417076745082822	0	0	0	0	0	0.197725082416634	0.675453005472322	0	0.0394273670023824	0.800736078535511	0	0	0	0.161395578014803	0	0.141716707680586	0.04	0.158253229536098	1.02500831330391	2.77253358925144
BS_K5802F84	0	0.0926589098167447	0	0.0842479873505187	0	0.301987839781596	0	0.0615043901386651	0	0	0.116076230147735	0.0293121322334134	0.133678392937483	0	0	0.500336752331147	0	0.00102892624568248	0.105418341885056	0	0	0.145803839934263	0.77	-0.0197341251450163	1.08929328021766	1.5720537428023
BS_K7MVS0Z7	0	0.0638579053719291	0	0.111623715385797	0	0.853022689825317	0	0.0954592674669291	0.0452778734960173	0	0.311363488696476	0.0325862702410565	0.158109002305568	0	0	1.15326257661648	0	0.0222561097794334	0.157442504012473	0	0	0.105757790660494	0.37	0.0389717225291788	1.0730588135435	3.11001919385797
BS_K838XW6V	0.125007985457185	0	0	0.363992150501373	0	0.4274027281217	0	0	0	0	0	0.249098855956795	1.31801641378442	0	0	3.5580857970902	0	0.0131163137338971	0	0.767873339954944	0	0.169306607338072	0.02	0.204927268967574	1.02118969400149	6.99190019193858
BS_M4NVX721	0.112429686603605	0.0818552493103042	0.00196538917524361	0.777919820922938	0	0.905331362991249	0	0.309225712819668	0.0354166493190365	0	0.0676859339033283	0	0.236647514372933	0	0.0226836638302506	1.69564580733239	0	0.00322046995496356	0.215439717617045	0	0	0.0587364767414798	0.36	0.0414332755449534	1.07539919646357	4.52420345489443
BS_M4TTKPNR	0.263092311526817	0	0.237898664929236	0.244018999246459	0	0.533934210769691	0	0.199274796877818	0	0	0	0.214660093369343	0.708829519586401	0	0.0275456477787102	3.23690368050174	0	0	0	1.15169601368932	0	0.0708408793828137	0.14	0.0997481901333993	1.06141819592802	6.88869481765835
BS_M8M56Z4Y	0.00359969780976743	0.0137207045848026	0.396403978295825	0.212697654214953	0	0.109765339461053	0	0.135441184500819	0	0	0	0.12894293271986	0.568003883249631	0	0.00598992821796182	1.88767671244564	0	0	0	0.233823243616766	0	0	0.19	0.074336615430173	1.07372167981141	3.69606525911708
BS_M8WP5T16	0.012368952300373	0.026577297381171	0	0.0921881315774909	0	0.419770965644985	0	0.0357554992361902	0.0314220797856516	0	0.242567500361027	0.0269162215554991	0.699716614896812	0.154640244918825	0	1.5991734757242	0	0	0.234758923524557	0	0	0.0753149184291141	0.03	0.167338777393928	1.02677740557666	3.65117082533589
BS_MBSTWZA6	0.0425872997681671	0	0	0.298573264097714	0	1.00704948537551	0	0.165390140878134	0.0146057348153557	0	0.0769188954518542	0.238423617315066	0.433302013838802	0	0.00654025597639774	1.17685659414082	0	0	0.0625526231105138	0	0	0.0771808813737037	0.16	0.0878635015545831	1.05911356005623	3.59998080614203
BS_MF9X3PKH	0	0.0206305457619838	0.0106351688082612	0.160998530395146	0	0.215426281076874	0	0.0190462672466482	0	0	0	0.172147073995703	0.663958630363099	0	0	2.00160233573891	0	0.00382456518582683	0	0.570563568778503	0.0324530211327325	0	0.01	0.25897847913866	0.996854999635918	3.87128598848368
BS_MH8RAG4A	0.821348366961647	0	0.122456081401676	0	0	0.544148942808795	0.487730407197753	1.04679006765184	0	0.365551331311266	0.0559872269185265	0.0826016351848154	0.0576670982173675	12.8617705750269	0.607769529946756	9.01668120211577	0	0	2.13226145080395	0	0	0	0	0.682310803995299	0.73753850669022	28.202763915547
BS_MX92FD6D	0.0210564979905987	0	0	0.949300826190716	0	1.25669684088791	0	0	0	0	0	0	1.23841477607123	0	0.103260544923796	4.79228554032759	0	0	0.713821825815451	0	0	0	0.04	0.157425950848256	1.03437119234553	9.07483685220729
BS_MY9D8XZ1	0	0.0371041701550328	0.00181873684399473	0.123499201703839	0	0.297046478786546	0	0.0113363852955592	0	0	0.0969267848405102	0	0.360586455167757	0	0	1.45923953966606	0	0.00870393534753885	0.0572421427780971	0	0	0.0549798546357931	0.07	0.131574245392159	1.0555667737776	2.50848368522073
BS_N1E0H8YQ	0	0.0633162080613643	0.0108420030982077	0.16446742796178	0	0.406248208325792	0	0.067008878896485	0	0	0.132856752094819	0.0686795343377377	0.499131677353588	0	0	1.97789852136222	0	0	0	0.153994560963273	0	0.0775331949151749	0.18	0.0765698120043617	1.07589993324241	3.62197696737044
BS_N210XMKR	0.000924184552839016	0.0206333382503069	0	0.307807921158072	0	1.22353431491347	0	0.0894637368751598	0.00504196098103164	0	0.0432753547308635	0.364107977622512	0.440716762962568	0	0.00744281916206168	1.18006556450652	2.12705663489248e-05	0	0	0.0466914591169188	0.0455132578258929	0	0.35	0.0442859356946005	1.08334633718513	3.77523992322457
BS_N6NE6B3W	0	0.164243308766093	0	0.110926483196356	0	0.091827931681153	0	0.337255981961879	0	0	0	0.180253563840168	0.540453192118369	0	0	0.436453825765036	0	0.00630274380841074	0	0.371566537962549	0	0.0303709414566072	0.98	-0.0472886625462394	1.11195765762575	2.26965451055662
BS_N87X1T8T	0.236106031983587	0.465110606446537	0	0.954565620702432	0	3.57157085833072	0	0.117880489339527	0	0	0	2.65173036060828	1.66031158902861	0	0.1058525696694	9.26624682985043	0.112345913978752	0	0	4.21377234964937	0.22136932148037	0.500411931100884	0.42	0.0347568602020369	1.09189092777768	24.0772744721689
BS_NB5XWMJT	0.100281490609295	0.0752572131446677	0.0244672456235477	0.210849288657175	0	0.196596127455976	0	0.0754613976840405	0	0	0	0.151126827599014	0.454871562739958	0	0.00771953172839003	2.20171165542552	0	0	0	0.568747765669857	0.0139463619926885	0	0.0600000000000001	0.151474111263594	1.04553261327914	4.08103646833013
BS_NBZNAG7Q	0.887173559605867	0	0	1.45519307006608	0	1.00453080579678	0	0.643223108464728	0	0	0.0346289689043874	0.398784316733892	4.41354826054899	0	0.0253018935756221	8.0464380418393	0	0.289886947849145	0.261358630424918	0	0.459548519030986	0	0.14	0.0928285641165455	1.06153330110886	17.9196161228407
BS_NG9X6SJA	0	0.216336274558791	0	0.282053299642935	0	1.15198665919439	0.030056568427946	0.0905438424094242	0	0	0.306952778227125	0.124510950146052	1.34324427433487	0	0.0153961463119664	4.7982154002745	0	0.0660155782611514	1.14259208984085	0	0	0.0777775203277745	0.01	0.277326440294193	0.975931625395951	9.64568138195777
BS_NKEAAFMW	0	0	0.00594438290525237	0.92104183365948	0	0.165873510395841	0	0	0.312970868434249	0	0	0.411741892436271	0.102214512088006	0.477584461350596	0.0501948864506493	0.315157112954514	0	0	0.299324334014508	0	0.119948366539041	0	0.63	-0.00424868612876802	1.11235434951052	3.18199616122841
BS_NPQJ20KX	0	0.208233234903022	0.0822674892032322	0.126779784259314	0.076482928448791	0	0	0.279049344972193	0	0	0.056732555256244	0.136452776944391	0.885779402805377	0	0	1.83872093916487	0	0.0103589864539089	0	0.42191535117946	0	0.043599567253726	0.39	0.0374623999512932	1.08592242885115	4.16637236084453
BS_NQB91P48	0.0170605430135272	0	0.0313782170492344	0.340690144821865	0	0	0	0.204264037127431	0	0	0.0502099128228898	0.0855860639930716	0.447551594767662	0	0	1.93526109056805	0	0	0	0.689381019578728	0	0.0368131536087839	0.23	0.0627686162250456	1.08789092094463	3.83819577735125
BS_NRFQEQKP	0	0.000626997565615492	0	0.0226822014387621	0	0.397998755058604	0	0.0513271904220798	0	0	0	0.258865592806776	0.925112921292201	0	0	1.81336577347752	0	0	0	0.691822826807718	0.0327274916105697	0	0.19	0.0714331519341206	1.08401269707017	4.19452975047985
BS_NRPG5K4K	0.00338254659377647	0.00543065030253027	0	0.132424207278885	0	0.275927483222243	0	0.0493982356172227	0	0	0	0.236093630525881	0.598375532335088	0	0	1.64149675858363	0	0	0	0.488228791920606	0.0211039678427834	0	0.13	0.105022944633141	1.06667046177503	3.45186180422265
BS_NS7GSHB9	0.0108495500924739	0.00223814659725458	0	0.143788549551151	0	0.604809144251497	0	0.0336777137097686	0	0	0.0399124216270771	0.10165106804408	0.0976643233084517	0	0	1.66180602033109	0	0	0	0.0268299419790239	0	0.0545850207000711	0.03	0.170157661993008	1.03718506147371	2.77781190019194
BS_NT9NZYFD	0	0.0479017730649122	0.000308378811533556	0	0	0.43392470728576	0	0.0148170213381568	0	0	0.0122449681009687	0.191353482331315	0.44890295646197	0	0	0.687983100742198	0	0.0173534171631761	0	0.0859358223534733	0.0114461473398559	0.0349875340277929	0.13	0.10344459983224	1.05180028040866	1.98715930902111
BS_NY5T05AK	0.124484136051715	0.0246540358449265	0	0.154550801406743	0	2.29720847425333	0	0.111537361176587	0	0	0.120419924768429	1.01405655192215	1.26377382175747	0	0	4.89811362894877	0	0.0230682568381969	0	0.741980838501813	0.0260522375171623	0.113881121031895	0.03	0.175743029954114	1.02417662893683	10.9137811900192
BS_P2Y2NANM	0	0.473539667990031	0	0.386658800228371	0	2.60257593190666	0	0.265668030917852	0	0	0.268397329487164	0.660301775334021	2.03946342374138	0	0.0878729116846528	7.14237869152549	0.0633267609127776	0	0	3.07204407170046	0.123646655080529	0.255795815133597	0.15	0.0914745508545697	1.06219742002246	17.441669865643
BS_PDVD0GCM	0	0.354275177878952	0.00716290317232346	0.119634648438354	0	0.458827225466866	0	0	0.0352051866864809	0	0.24605192890309	0	0.660828986986176	0	0	4.40308851718651	0	0.0238262700112872	1.82653161995079	0	0	0.220018590981364	0.19	0.0711318430224275	1.07533674777896	8.35545105566219
BS_PEP9NZXN	0	0.00283018772842187	0	0.010850822793091	0	0.4429497038599	0	0.0615172431795715	0	0	0	0.214195764484459	0.585515682410536	0	0	1.21113868346511	0	0	0	0.615099543455768	0.0224083676470305	0.00428094915269005	0.07	0.131380603355309	1.05171744526737	3.17078694817658
BS_PQ7CQFYR	0	0.123382691864062	0	0.229565358567836	0	0.12021252658255	0	0.379323482818688	0	0	0	0.197914760344494	0.2485257745852	0	0	0.767439035292106	0	0.00687269532158417	0	0.254555698650431	0	0.000557304188018731	0.43	0.0315595952961845	1.07892519348146	2.32834932821497
BS_PRCG6W20	0.235900565612182	0	0.0706163555769908	1.23122223885522	0	1.14220993656105	0	0.573792185349586	0.00736395144638096	0.173863547869112	0	0.645765062393303	0.86619575386981	0	0.1858752750212	3.71832687960109	0	0	0	0.0306452439808563	0.0722393751079026	0.209918369638232	0.01	0.301548304750303	0.963536112637115	9.16393474088292
BS_Q2PBFNDF	0.0452509018377431	0	0.00588721072201767	1.01489399919917	0	0.702008147014117	0	0.0876197224734373	0	0	0	0	1.7152276251682	0	0.0725696599116284	10.0206439531115	0.0302884736256936	0	0	0.637448086204707	0	0.113229399234681	0.14	0.0959992163764059	1.09484660483924	14.4450671785029
BS_Q3TBCK4V	0.0329562281060727	0.0413381774325311	0	0.115029051665183	0	0.575136531638058	0	0.0842443967341268	0.0111717816310029	0	0.212177276300245	0.147924531845948	0.405692438661936	0	0	1.02420588167239	0	0	0	0.0396101316182732	0	0.103795722406326	0.1	0.126262393456164	1.04102839247106	2.79328214971209
BS_Q6VH5GJ8	0.00561113153814878	0.150749035091941	0	0.272879004654612	0	0.484821588412903	0	0.335393026147952	0	0.32683202636534	0	0.43838175013249	1.55488027346132	0	0.0908777226930876	3.31091359980297	0	0	0	1.43988499635039	0.0208679758670753	0	0.33	0.046233158856044	1.08585017378231	8.43209213051823
BS_Q79NP5YY	0.0353079281102997	0	0.00879199353318439	0.346980902435337	0	0.353435497477	0	0.0749369849307669	0	0	0	0.311084745395582	1.34203399887098	0	0	2.3929368409802	0	0.0207136098259184	0	0.721814681552626	0.0208510609999316	0.00704265799949693	0.16	0.0888914937338715	1.0701009026524	5.63593090211132
BS_QBMW69AM	0.0204721359913946	0	0	0	0	1.32056099459625	0	0.208756584272151	0	0	0	0.655060401816141	0.52272278725172	0	0	1.0626242137754	0	0.131634171718264	0	3.86848363309805	0.365919148800008	0.0496584430760254	0	0.55473995791349	0.836589326533893	8.2058925143954
BS_QH82PBMB	0.0251021800249297	0.024411674186012	0	0.168550279814156	0	0.819052487492945	0	0.0876520674171286	0.112372039570515	0	0.0917617806697169	0.154676270098693	0.489962854437559	0	0	2.30004803385446	0	0	0.260554091650657	0	0	0.0612113271555899	0.11	0.117456066791948	1.04783578149816	4.59535508637236
BS_QTSXW7DA	0.002897431678042	0.0392347080579326	0	0.211986590989753	0	0.682800934446241	0	0.118053934065545	0	0	0	0.304031877199292	0.139761935609235	0	0	1.19888487817752	0	0	0	0.472919931747629	0.0118661119036869	0.0778303801366389	0.04	0.159117476880442	1.03215616687061	3.26026871401152
BS_QV51J756	0	0.106775135726467	0	0.0639548302562767	0	0.295471673184981	0	0.0304090521324007	0	0	0.202490203826144	0	0.385652556187576	0	0	1.06996292810454	0	0.00176463992188844	0	0.197339831756985	0.0261003871376719	0.0212111993850278	0.33	0.0459662204788909	1.07604494520679	2.40113243761996
BS_R244Z0WX	0.00424849861269667	0.0922827030589009	0	0.373767056549396	0	0.930505682391602	0	0.11698589335606	0.0154281741512941	0	0.200315894288009	0.099947867349501	0.255251992741857	0	0.0208473548559861	1.35237831814235	0	0	0.314297323944831	0	0	0.0328987108070429	0.11	0.118061212310873	1.03918137645767	3.80915547024952
BS_R3AJB6VS	0.039804932292364	0.00277538460698646	0	0	0	1.59445516422723	0	0.148167420222015	0	0	0	0.898474680714884	0.636759270387358	0	0.0171597446134213	3.46915236457874	0	0	0	2.45342718037232	0.136925585431892	0	0.02	0.231539008972	1.01272723800572	9.39710172744722
BS_R7V8BC98	0.00104617294900902	0.0151109306555542	0	0.803106977844303	0	0.890642744609217	0	0.0887392221242847	0	0	0.234619107608994	0	1.28866259026593	0	0	4.06528312779395	0	0.0744896246988088	0	0.302996063145729	0.0195260870566158	0	0.01	0.27132243904984	0.983729129994586	7.7842226487524
BS_R9CKW9DY	0.480744727537152	0	0.102196073922279	0.352147904502486	0	0.813786231202159	0	0.0896233535719964	0.00931506041923676	0.0293108993737298	0	0.935336340632363	3.85418459313562	0	0.165082409102783	9.8504694543824	0	0	0	0.491238652793603	0	0	0.03	0.162142344220255	1.04922986714146	17.1734357005758
BS_RAQFEB0S	0.609254503042491	0	0.0845035911578968	0.337261698515854	0	0.209023544055553	0	0.159333650578528	0	0	0	0.31371885139146	1.80660038170367	0	0.153910798387322	5.7418612009645	0	0	0	0.858990757887131	0.131951770876049	0	0	0.375632644336277	0.934731583089161	10.4064107485605
BS_RARBBY7C	0	0	0.166554035289428	0.725331941711419	0	1.65151125784403	0	0.421484344307213	0	0	0	1.24408480791593	4.10013994627395	0	0.145580506193761	6.96190067851812	0	0.0950096670545897	0	2.2566811296831	0.196736862041938	0.0561364546444483	0.16	0.0852116743691149	1.06582896540109	18.0211516314779
BS_RGSMX7QD	0.000754700459936423	0.0113301262133528	0	0.077457346921619	0	0.608205170942046	0	0.0531814459687297	0.0085388573534354	0	0.151434572646719	0	0.113706439293658	0	0	1.54528291880247	0	0	0.474694272930204	0	0	0.0478133807135068	0.17	0.0838393775381149	1.05912204248254	3.09239923224568
BS_RMT7ABN6	0.126478993831309	0.151917372678539	0.00489393128677003	0	0	2.44583505633984	0	0.289271390101305	0	0	0	1.46728768493349	1.75477318575381	0	0.0546252047741613	5.76060411219382	0.0234664947796063	0	0	2.80889547463649	0.215007764768733	0.520321452924068	0.11	0.117050218565761	1.05413499357926	15.6233781190019
BS_RNANA568	0	0.217499996245355	0	0.45999743126956	0	1.6166444665956	0	0.117134950486783	0	0	0	0.710928881027125	1.0001416231872	0	0.0100827310723801	4.61712265776033	0	0.0576172899597686	0	0.497405951582537	0.00463924468433358	0.251590918163575	0.02	0.234688806651506	0.997579901201473	9.56080614203455
BS_RPJ1EPHA	0.135029296985053	0.194321319044887	0	1.2788892931541	0	4.23463571203408	0	0	0.239956460324622	0	1.50697276613897	0	1.5004986669749	0	0.0141001386163202	10.5439919660458	0.0228794353292556	0.0617478792008759	0.699286958322424	0	0	0.341221777694375	0.2	0.0680272320662153	1.06986096049207	20.7735316698656
BS_RRAEQZ97	0.0214898946429914	0.062892496246753	0	0.111112522325579	0	0.442328498362719	0	0.112662269344088	0.132567593922061	0	0.212596135480665	0.0472607376202112	0.0404109000465313	0.784133876883816	0	1.65379239455271	0	0	0	0.793880845902002	0	0.0899582070307166	0.01	0.318156903740601	0.963583552735165	4.50508637236084
BS_RVSEDNJ4	0	0.0727185500978321	0.0169564231879884	0.000633983297139853	0	0.517572964370786	0	0.0640112320595285	0	0	0	0.248787050100442	0.309790671983577	0	0	1.33155880800223	0	0.0288340850127902	0	0.734184618982558	0.0385224573288726	0.0981182150772156	0.24	0.0566148298014757	1.08374064427727	3.46168905950096
BS_S1KK7XRH	0.00223065210870196	0.0105095501977869	0	0.291954998532274	0	0.796751253053039	0	0.0855009463879295	0.00640237134171407	0	0.177014084768107	0.175199057440728	0.405898695636459	0	0	1.3641853333193	0	0.0134116897655442	0.104473037314057	0	0	0	0.07	0.136638826251332	1.03765331810184	3.43353166986564
BS_S458NMKH	0	0.10739557673213	0.0064239305967418	0.266909968549093	0	0.535780444815459	0	0.0345197413184975	0	0	0	0.346913985644368	0.590191961958325	0	0	2.19698996261926	0	0.00208832410225716	0	1.32576745210786	0.0356584845858396	0.130534831077656	0.43	0.0330369920418859	1.10205223605512	5.57917466410749
BS_S50KQEXV	0.00522643502663474	0.0152920508204738	0	0.180641345897586	0	0.927320807510574	0	0.00324185905270444	0	0	0	0.270915933275031	0.18416100149552	0	0.013423047874257	2.1778664251286	0.013059633927925	0	0	0.162076028128891	0	0	0.13	0.107437569320353	1.06210154439346	3.9532245681382
BS_SDA4RMMG	0.00514418659973868	0.0450912759699076	0	0.143580755794759	0	0.672897683677119	0	0.0896771635842359	0.268242909372264	0	0.249255285557676	0.0660624082445155	0.253851017043064	0	0	0.393303323626772	0	0	0.322838193879622	0	0	0.0578101152683681	0.46	0.0163924348226046	1.08690053485883	2.56775431861804
BS_SDZY6RZ3	0.121847668615503	0.0281263103775772	0.03465262221068	0.369842804106922	0	0.517271491811157	0	0	0	0	0.192492202506298	0	0.550061486487845	0	0	2.7246193859742	0	0.0229047589780525	0	0	0	0.2261083322715	0.24	0.0570691886972524	1.08732885874728	4.78792706333973
BS_SFKZSJN1	0	0.185821403618063	0.0022454314480946	0.23031818819612	0	0.0968312405845656	0	0.00402074672938761	0.0107907863320239	0	0.0718169788104844	0	0.32330158895241	0	0.00551317101142719	0.991211544620211	0	0	0.150463790558833	0	0	0.0113119621518157	0.23	0.0605087614120799	1.06818608454129	2.08364683301344
BS_SH2S6SFN	0	1.08598473372506	0	0.627136701652281	0	0.151949513554621	0	0.547992412127266	0	0	0	1.5885693850431	0	2.57802030887857	0.114287967190568	12.9345990168894	0.115611500298712	0	0	0.180620536628011	0.0756420521436406	0.152580113711384	0.01	0.32448688817671	0.973758075814288	20.1529942418426
BS_SHMC4902	0.0196316248065684	0.00357320824577851	0	0.274718905036516	0	0.940604229466153	0	0.157673197263505	0.0826366815206227	0	0.218812005213676	0.135596925322248	0.317390598186678	0	0	1.21211177492271	0	0	0.180407793931797	0	0	0.110643439960904	0.24	0.0582886803404961	1.06768754382361	3.65380038387716
BS_SJ0HXCD0	0.0276134223490321	0.031637235631407	0	0.106381639491153	0	0.725408180665084	0	0.0901162975312118	0	0	0	0.357697719742331	0.390110359084509	0	0.0252393608186348	1.12520483786151	0.00825765995754142	0	0	1.09748609569485	0.054737801620382	0.0184203300513934	0.03	0.185230457224115	1.03167981350056	4.05831094049904
BS_SQX5E15Z	0.605444420481706	0.0912351637095742	0.232832221171415	0.68951061357002	0	1.21118156102835	0	0.016839319936082	0	0	0	0.130071852285905	1.08640996450588	0	0.0745326324844131	5.13733572491494	0	0	0	0	0	0	0.02	0.187561565833334	1.02268569371203	9.27539347408829
BS_SW8C9Y5Y	0.0367133457900548	0.0497561397161089	0	0.520860207813365	0	0.265460702013724	0.528170496389895	0	0	0	0.403871083271752	0	0.707728328710818	0	0	4.17236489832055	0	0.0923834489442313	0	0.462111594110158	0.020181849634719	0.130532262290382	0.02	0.196343067648127	1.02036661871275	7.39013435700576
BS_SXRS2P6T	0.00376961207710471	0.0308796786584824	0.0275651408426602	0.282940705772915	0	0.970271417433228	0	0.100641032400132	0	0	0	0.457384550627068	0.357311575099168	0	0.00904345912853	1.63908307530594	0	0	0	0.676228972189335	0.0223303542371022	0.07086136672737	0.42	0.033675260118822	1.08569266407781	4.64831094049904
BS_T0RKFEKR	0.016551854707445	0.0618489384020137	0.121678788108047	0.247704276110182	0	0.610738680234648	0	0.116850341041829	0	0	0	0.31990150520837	0.340795905634258	0	0.00245637380346467	1.91461082452934	0	0.0296991961466849	0	0.754097919924792	0.0316109354869999	0.0615696238097151	0.02	0.202546066626194	1.01113285989937	4.63011516314779
BS_T2QPMZCM	0	0.345775422080351	0	0.129822936077879	0	0.223528641865964	0	0.0769926243384566	0	0	0	0.0293780823804149	0.724052517578292	0	0	1.27809853961373	0	0.0184668751449416	0	0.0794649949300263	0	4.77865789062713e-06	0.61	-0.0032211475664583	1.10306936957609	2.90558541266795
BS_T4JFN54G	0.00222694089966796	0.0278002048515977	0	0.174423038329847	0	0.561502939548187	0	0.0180814880352128	0.0328591935888831	0	0.0244504323243772	0.174634592956114	0.101754255623677	0	0	1.74024747214926	0	0	0	0.17087865933558	0	0.0582617036627751	0.0600000000000001	0.14338736761427	1.0459543617351	3.08712092130518
BS_T5P5ME9M	0	0.361445512171404	0.093145252109602	0.492576646364202	0	1.73996350659543	0	0.119127960669411	0	0	0.241834114386112	0.387419365856093	5.20725330665817	0	0.00730614472684399	7.7874920106368	0	0	0	2.13995227702555	0	0.921639373049899	0.24	0.0564277463223926	1.08541032417531	19.4991554702495
BS_TDJXQBVY	0.32636404314272	0.418990646244659	0	1.27404644539549	0	4.51660631446452	0	0	0	0	0	3.1034356745275	3.90897639277153	0	0.305312238894976	14.9549106070146	0	0.124787580566935	0	3.14629400100221	0.144113613631093	0.703149006643164	0.4	0.0367455590850077	1.08703779630396	32.9269865642994
BS_TG93XC55	0	0.147389187253317	0	0.153141102463346	0	0.309370913753119	0	0.269071062597486	0	0	0.137852867125477	0.187290770496502	0.399220884536879	0	0	0.545420698768882	0	0	0	0.131312454987549	0	0.0907362000519924	0.95	-0.0369907181903353	1.10417400974478	2.37080614203455
BS_TRZZRYKF	0	0.0385027959546129	0	0.0461098414166681	0	0.512009994827934	0	0.0118564721401398	0	0	0.137234012420217	0.0281807196349684	2.07942614773192	0	0	4.07786714434269	0	0.0319061591131632	0.00278997069553534	0	0.00899198164537711	0	0.01	0.337630409521858	0.965378044388739	6.97487523992322
BS_TV80600R	0	0.116511558658049	0	0.651036678178851	0	0.890405319388436	0	0.110664672117672	0.0394606867384067	0	0	0.0460878380063339	0.41052168702945	0.151934462975915	0	3.4794878613935	0	0	0.871267419351275	0	0	0.177880933244648	0.07	0.137093738294917	1.03837264402944	6.94525911708253
BS_TWFDEMBZ	0.0145375113399827	0.0735483353747538	0	0	0	2.72421649773312	0	0.125029560033319	0.113069545487277	0	0.780443966795975	0.298315762026503	0.521966615907631	0	0	7.58498994758678	0	0.144154782525753	1.49503879625456	0	0.0162145941203016	0.0846737009368772	0.24	0.058635218727667	1.07417341617345	13.9761996161228
BS_V2G1YE8R	0.0144215447039098	0	0	0.841458924034325	0	1.5091430272967	0	0.0170492692517634	0	0	0	0.647575228648846	2.11964981506261	0	0	3.55874325239087	0	0	0	0.202916470674329	0.0196600521103484	0.112914085691945	0.02	0.188426652058834	1.01892180376351	9.04353166986564
BS_V33RCK1Y	0	0.0358388729786122	0	0.265941822484936	0	0.929632004598605	0	0.155560867284696	0	0	0	0.793882932862827	0.301207718112402	0	0	4.14685038076421	0	0	0	0.27653523430565	0.0662008383930932	0	0.13	0.10920755713673	1.0694954209745	6.97165067178503
BS_V3REENH9	0.150184195237879	0.016974135415511	0	0.642164097130279	0	1.39538221352957	0	0.193364629387585	0.0475816294132939	0	0.68807107907422	0.068854818543685	0.803305439971575	0	0.0117409660196189	3.67971910697892	0	0.019790141309012	0.213683548254498	0	0	0.153176322191166	0.37	0.0389863945839746	1.07817014581857	8.08399232245681
BS_V72GX2AZ	0.0142350337700297	0.0498235271238096	0	0.447202797115751	0	1.55964755830728	0	0.0290911551518137	0.0116166997803672	0	0.0511736668080866	0.00877066037464867	0.252119405572653	0	0.0143403875949116	1.86128412802932	0	0	0.302731933196612	0	0	0.0466962525489956	0.19	0.0730295900137581	1.06464488093555	4.64873320537428
BS_V7BZ049H	0.112165888366039	0.20400120894991	0	0.738555643159053	0	3.73559065925098	0	0	0	0	1.0450539325992	0.368149163267641	3.86577533416597	0	0	14.586794833496	0	0.187399026108314	0.0927501881707844	0	0	0.419100014980471	0.19	0.0720779158008572	1.08370019506323	25.3553358925144
BS_V89HGTET	0.0342501259491899	0.124523874872806	0	0.288709001757424	0	0.950943257999371	0	0.0740285510871262	0.0586839755133039	0	0	0.617923881700472	0.950145887634315	0	0.0172876834383793	2.6207959981244	0	0	0	1.53173037446898	0	0.0556606887978051	0.36	0.0415973442889446	1.09069887764304	7.32468330134357
BS_VARR255N	1.01978706185678	0	0.706265250981904	0.237599049049848	0	1.02478486148222	0.0103743906666297	0	0	0	0.187019643411434	0	1.64665638200883	0	0.079100678633527	4.49148220678006	0	0	0.282276843818064	0	0	0.012983765667715	0.02	0.219689830920055	1.00282554883059	9.69833013435701
BS_VMMJYN8Z	0.00776808482009669	0.018991272431327	0	0.195527878800749	0	1.14435780341715	0	0.167330944653971	0.0472846600262475	0	0	0.254691785843665	0.191200764310456	0	0.00227279590828812	0.77968233336094	0	0	0.510351865936555	0	0	0.0365474880337353	0.51	0.0106199163345248	1.08861833371274	3.35600767754319
BS_VTYNWK05	0.0305299707388855	0	0.0754925345327691	0.762708510810478	0	1.64536662813815	0	0.241698078656483	0	0	0	1.18306627051863	3.14710564932785	0	0.0250237972215798	9.44729028623712	0	0.0292214180082724	0	1.40532003164519	0.0376374767557469	0	0.0600000000000001	0.149798928650286	1.04540087724804	18.0304606525912
BS_VZWXGYT2	0.0450324832260508	0.0430716489996331	0	0.154744093204254	0	0.449515040220885	0.368010321420923	0	0.0381234208615351	0.0847403855141143	0.227680786926631	0	1.03932038514858	0	0.0279557019144046	8.64681918159965	0	0.00857244420872096	0.248697645283207	0	0	0.0261617589762111	0	0.412682971829962	0.925318805737702	11.4084452975048
BS_WRQHPSXQ	0.00846859666364427	0.00388395386169544	0	0.0621862922887025	0	0.244331483848171	0	5.63436062398064e-07	0.0530197033779392	0	0.285388724018141	0.049713392541661	0.187057637974722	0	0	0.805557536275569	0	0	0.561888814729312	0	0	0.0620157769920591	0.55	0.00725476049234651	1.08540349534305	2.32351247600768
BS_WVS02TZK	0.0088165004094627	0.0113969420788992	0	0.194623368771997	0	0.97390313398444	0	0.0975558695053127	0.000451328823501993	0	0	0.189790330034972	0.302477574886573	0	0	0.704858964368251	0	0.00483780391367426	0.0956681246179819	0	0	0.0982880048621322	0.52	0.00937208144458521	1.0940252153819	2.6826679462572
BS_X16PENSA	0.0137745126311286	0.0594415045061128	0.0974608591820713	0.417652691096769	0	0.613349989378121	0	0.0351295679385074	0.0272348862463408	0	0	0.474812815444798	0.264381316806118	0	0.00232435745133331	1.93507526785138	0	0.0124577474336037	0	0.447601947590728	0.00598823558659629	0.0745810954821129	0.13	0.10936769995089	1.05314101488642	4.48126679462572
BS_X2EDW2ZB	0	0.36110624316505	0	0.146502643625615	0	0.402061462922765	0	0.110988720270897	0	0	0	0.254849691949597	1.91861785145163	0	0.118129227933451	2.21553232823846	0	0	0	0.679011277996236	0.157499976630566	0	0.14	0.0937720382912103	1.06196387520785	6.36429942418426
BS_X5DFR216	0.0440349290448005	0	0.016858969746441	0.290758310242996	0	1.15261341488978	0	0.111216006732715	0	0.0510882734104747	0	0.358012545779328	1.70180871912233	0	0.091642762723947	3.71066740141802	0	0	0	0.731160852387292	0.00897913307555312	0.0498726929426392	0.01	0.273497199470832	0.980502588275257	8.31871401151631
BS_X6GFVDVA	0	0.0616556959646171	0.0588035757559085	0.315743655499721	0	0.629091781333851	0	0.0971938960527152	0	0	0	0.402892974114614	1.01940982665333	0	0.0616816631889007	5.37192868188927	0	0	0	0.976203244519026	0	0.441613815008848	0	0.394120243115036	0.925610154469709	9.43621880998081
BS_X91K8KMG	0	0.0116383324995768	0.00131898499077287	0.878016441949542	0	0.0983825773841957	0	0.156286060191975	0.0746645168053965	0	0	0.298156189473525	0.491932131848219	0	0.0310330258590273	1.63940165471746	0	0	0	0.232760414133092	0	0.0377724340627644	0.01	0.296027017723487	0.968332410292207	3.95136276391555
BS_XGSA3GQE	0.0729965970020594	0.0466284065941408	0	0.111239657502205	0	1.10024578918563	0	0.186028689920568	0.0353097189394549	0	0.030905034462783	0.157332503906459	0.250366018718344	0	0.00122259827812476	1.34750023899107	0	0.00247703251193756	0.256317523744707	0	0	0.0987046624114268	0.12	0.110697492487354	1.04258908244579	3.69727447216891
BS_XKKB4MZV	0	0.139253836073981	0.0403147254520012	0.192296997108484	0	1.17534899541609	0	0.240333984792985	0.0651526054034573	0	0.143568978861869	0.253892528300325	0.248604364263455	0	0.0035901887614693	0.284546879119075	0	0.00926868276304545	0.223629054831849	0	0	0.0599870464142935	0.7	-0.00984482303681684	1.11718537857261	3.07978886756238
BS_Y0PCBNJV	0.00556520817285429	0.0575716579202865	0	0.26548766085882	0	0.929554571420858	0	0.137308334105582	0.00739215574849766	0	0	0.137136738154791	0.17118298058043	0	0	1.07869488072342	0	0.0297786871359365	0.218367598238485	0	0	0.0310574156156574	0.37	0.0398322061169246	1.07480246004686	3.06909788867562
BS_Y274AC0H	0	0	0	0.244486004275305	0	1.00398906009274	0	0.263376865297045	0	0	0	0.441071624029637	0.293181689175579	0	0.0506509592790757	5.98259926120679	0	0	0	0.401294105512963	0	0.0731124272920995	0.01	0.265126298308679	0.99991254743251	8.75376199616123
BS_Y7H24JZG	0	0	0	0.863027426031496	0	1.76674603645382	0.00504788401199592	0	0.0579207073212952	0	0	0.314508349424191	2.84476420096597	0	0.296291279126185	10.5642352761534	0	0	1.59208376503767	0	0	0.138023827873232	0.1	0.125582108664588	1.05712179050152	18.4426487523992
BS_Y7W8BR6B	0	0.0136920479595031	0.123609561364298	0.265449071146557	0	0.708447449981635	0	0	0	0.156525968978093	0	0.22249863356814	1.44683543675512	0	0	4.72749699908807	0	0	0	0.52765268451636	0.295605857948975	0.0141248683477542	0.02	0.197355423912912	1.02505298483977	8.50193857965451
BS_YASWHXJC	0.0703500405991759	0.120713753175779	0	3.03395525366192	0	0.00120074385257868	0.22984135702604	0	0.098335061391605	0	0.966768701873842	0	2.3745780225574	0	0.0455120509430714	8.94944208577616	0	0	1.00074119426255	0	0	0.243014709927857	0.07	0.138947040153536	1.0427147686211	17.134452975048
BS_YB2RXRHT	0.0277720252820939	0.0249127076457322	0	0.278828385108982	0	0.568300925474682	0	0.170894695903559	0	0	0	0.338951447670421	0.509817220491155	0	0	1.01957791825231	0	0.0339809843255954	0	0.35857495020164	0.0170775850203379	0.107952229479532	0.19	0.0691854123399611	1.06451428524954	3.45664107485605
BS_YCREDZTJ	0.0327142441167388	0	0	0.241667593544562	0	0.261345971372176	0	0.0259704962685435	0.0404098340884173	0	0.219466063045482	0	0.0966966373136536	0	0.00818392627610263	0.888925944476293	0	0.00173382630786908	0.301991645307971	0	0	0.0811241441777769	0.33	0.04636519377221	1.06651291955412	2.20023032629559
BS_YEQVW4ND	0	0.0422508840402437	0.0241396293121958	0	0	0.24755029367428	0	0.376664249356681	0	0	0	0.21520251847738	0.537215638479059	0	0.0101820767440141	3.59168675212468	0	0	0	0.0453918710324066	0	0.0152631117110794	0.24	0.0580253687017516	1.11240354030633	5.10554702495202
BS_YMAJC22S	0	0.181223322876898	0.0450398506448303	0.205685000815533	0	0.100201086160419	0	0.238284349653447	0	0	0	0.204999074076142	0.414931331605046	0	0	0.713936054912738	0	6.00821233319701e-06	0	0	0	0.0264808692191965	0.93	-0.0346055328832349	1.10337083472756	2.13078694817658
BS_YVEEXAAT	0.149549008098682	0	0.189935450091315	0.416903663316332	0	1.37093437101129	0	0.23684186963644	0	0	0	1.42023400380408	4.38515288736985	0	0.102454031465139	12.5791023567246	0	0	0	3.4492356048723	0.0521474132442777	0.0724229680048779	0.0600000000000001	0.146943670742597	1.05283571422268	24.4249136276392
BS_YVMEEBKC	0.0403635854573544	0.0298605674946065	0	0.20439208602084	0	0.8461172497953	0	0.120119253486534	0.0142832285902928	0	0.173749359322664	0.0483811502281719	0.25456103116328	0	0.0101251335870099	1.44112382530222	0	0	0.0670375158521429	0	0	0.202553959956782	0.13	0.103552736499417	1.05044944770428	3.4526679462572
BS_YWJKHMXV	0.0848082988144707	0.11952070296418	0	0.902347270602261	0	1.49128243589487	0	0.213821619573074	0.122625857307878	0	0.866160397556826	0	1.20927761334218	0	0.0816683729031563	5.84907079354851	0	0.0856970800019192	0.449598953726055	0	0	0.197249202612994	0.09	0.128668188523944	1.0424398674207	11.6731285988484
BS_YY5B2XDD	0.180234228140689	0	0.0170028567363909	0	0.00454404414788597	0.0531179863145182	0	0.110966419369805	0	0	0	0.0438002499475431	0	0.45258253996893	0	0.537577929481297	0	0	0	1.97317350725177	0	1.14200983557015	0	0.504862558253072	0.879647021012613	4.51500959692898
BS_YZ2Z1Q6Y	0.0630149675699645	0.0360395913545504	0.0578357565062933	0.107164588830034	0.0840914257130528	0.0746839445076672	0	0.315679595428278	0	0	0.0409698629262157	0.160980920554073	0.635075774155516	0	0	1.26977231819013	0	0.00765309814836842	0	0.14763579486508	0	0.64813556662506	0.43	0.0329323826707886	1.09494163468028	3.64873320537428
BS_Z0AVVB1V	0.0119798492461805	0.0561828052170937	0	0.870868758143628	0	0.999122012535471	0.0295982467360232	0.0177470790801946	0	0	0.657498324428626	0	0.407967296916289	0	0.00695213498491565	2.9709114165348	0	0.011625269358732	0.199034471754283	0	0	0.217825194948596	0.36	0.0422471100148694	1.07943748368294	6.45731285988484
BS_Z1A875MW	0	0.136140996499923	0	0.290269617007538	0	0.422028851822853	0	0.476104265571217	0	0	0	0.749733201900774	1.76025563546135	0	0	4.52521795094107	0	0	0	0.769159380865381	0.0308597736343072	0	0.44	0.0254234424684508	1.10056220684259	9.15976967370442
BS_Z6BWR941	0	0.207796834462752	0	0.38784788738743	0	0.98454447387434	0	0.142994434800159	0.00189969228521399	0	0.291123696059849	0.0624487929849412	0.28250769633222	0	0	0.649398297187268	0	0.00489861554169822	0.546115970414441	0	0.0129571804296703	0.00204992152216677	0.49	0.0136685088361372	1.08188489902924	3.57658349328215
BS_Z7Y2466H	0	0.0936768682566616	0.0099413812877843	0.112904261781897	0	0.337468584428362	0	0.0671404680977418	0	0	0	0.149142579043789	0.909028363798809	0	0	2.05870774131303	0	0.000334585098466976	0	0.880437899278592	0.0311021044670748	0	0.0600000000000001	0.148655448163706	1.04788214023009	4.64988483685221
BS_ZHHAM3AN	0.609202116958752	0.105814801495339	0.402851719586478	0.993301815305212	0	3.2893428212257	0	0	0.206858621398548	0	0.0909460195725646	0.203320604919976	0.247415270222407	1.54763221319891	0.274936593102707	4.90719432471037	0	0	0	0.122722635639648	0	0.268287697941697	0.0600000000000001	0.146123020453807	1.03207068092651	13.2698272552783
BS_ZHRGDRBW	0.0284447312996806	0.29427855156458	0	0.212252926987876	0	0.886833255587636	0	0	0	0	0	0.323564212133817	1.48519371516321	0	0.0335009917966655	2.64028167732789	0	0.034714045163829	0	0.417209305892913	0.0113188463266215	0.00041157952686882	0.13	0.102328718953185	1.05474677835004	6.36800383877159
BS_ZJY7Y34M	0.046439492846043	0	0	0.175335351706434	0	0.592240566559583	0	0.0500551866491793	0.0128438016872266	0	0.209863963905973	0	0.341563859740269	0	0.00882684666960231	1.94823053927694	0	0	0.266382338882575	0	0.0417817865534736	0.188854691626348	0.02	0.207029679758803	1.00784992286082	3.88241842610365
BS_ZN2P8BKH	3.45146612877079	0	2.82942811489746	4.86039051435724	0	9.72358400642943	2.58147120480977	2.62412704533386	1.00701515194317	0	0.329880390722138	0	3.2249621828958	0	0.407894407252089	17.0969385115701	0.180008387303236	0.609226215005827	1.11439828157278	0	0	0.585812144276408	0.03	0.172052571417751	1.01261672656299	50.6266026871401
BS_ZTWGFWTX	0.068946390595146	0	0.00538094876648414	0.102178132224329	0	0.0403790450715462	0	0.029333660485859	0	0	0	0.0829100390332825	0.184057959827638	0	0.00531694597584282	0.721012047488411	0	0	0	0.165385102363359	0	0.159437540068295	0.17	0.0800759598887435	1.07427843149557	1.56433781190019
BS_ZV9Z3SY6	0.0273511446370103	0	0	0.184923500185744	0	0.816016186479761	0	0.0556834092412446	0	0	0.0890911581598766	0.281848633533551	0.361099358669885	0	0.00202103641981296	1.37648018591786	0	0	0	0.337876062230535	0	0.167532549092854	0.07	0.13115718674176	1.04040709651751	3.69992322456814
BS_ZVX2GRD6	0	0.0236046237852487	0	0.033075736402303	0	0.385382888840264	0	0.0397338850768363	0	0	0	0.200647487796494	0.733916379349826	0	0	1.69554832507302	0	0.0216095950047318	0	0.402075456746593	0.0105530667782247	0.0425089850888749	0.05	0.153267598458245	1.04273328351252	3.58865642994242
BS_ZZMYDZJW	0.028381002634333	0.0148014101572732	0	0.135032734930767	0	0.608680818785911	0	0.0409558778369988	0	0	0	0.318220529339125	0.195147659910003	0	0.00221167626134348	2.17376575737422	0	0	0	0.514963746903143	0	0.077550877997404	0.02	0.205000425515487	1.01854302544846	4.10971209213052
