sample,MCP_macro_mono,QTS_macro,EPIC_macro,xCell_macro_mono,Microglia_Klemm,MicrogliaCore_Bohlen,MDM_Klemm,MgTAM_Antunes,MoTAM_Antunes
BS_00FD2KMP,5.02589094640772,0,0.00344982912530796,0.0480628806786106,0.753989111860987,0.755919342055123,0.583649374752646,0.756747342506911,0.593560540050596
BS_014EVM2D,7.27282220479854,0.0352901022503387,0.0325225333547741,0.293117472415707,0.907532974910866,0.895958525185415,0.761245550122193,0.908095021570617,0.777969717703095
BS_028YFYJ6,6.31984180028834,0.0296729986356908,0.0343540549151832,0.25803804359631,0.738331813864066,0.707540806770878,0.789602909308679,0.716114407919498,0.780717480457473
BS_044XZ8ST,4.88762397273974,0.0099485165072323,0.0206776854992336,0.203782714696829,0.865134446396168,0.848282411943062,0.704447362267137,0.845290751962687,0.702668249402227
BS_052PZFMK,3.2006174572911,0,0.00537558497776579,0.0235287271727931,0.612401189403378,0.620781046780302,0.575113855498086,0.64494517034532,0.607673056870761
BS_056Q8577,7.26973668848906,0.0230019213592394,0.0125256974355888,0.0122901352952298,0.783159659676243,0.778472646061091,0.623783832924538,0.808484179524127,0.678978254624099
BS_063ERW0R,4.59510455003,0,0.00575337147484935,0.0475456233624381,0.784062588917332,0.774998559554358,0.629045233492091,0.779733142083439,0.6609373278888
BS_06AMMCXR,5.97362022824228,0.0415002993283566,0.0193254622981911,0.2181828042338,0.776868615626618,0.753162990973108,0.811739112864867,0.754146513751004,0.805769015560507
BS_08ST21QE,5.92682487212964,0.0554504488534871,0.0335476691173028,0.362401507492382,0.784040556973049,0.768880941051622,0.786661378023999,0.766202674052108,0.81418423594622
BS_08TWG4K0,8.89384711397562,0.147033420263387,0.0924420249449175,0.547085576457637,0.868992897077557,0.859587135227782,0.798563602243928,0.87041198454598,0.811046989147223
BS_0C7VZC0A,4.35624237926182,0.0119052675471797,0.0111889134674202,0.130937535214916,0.82753314776318,0.808475412392859,0.630495115294973,0.804731409709549,0.681022414791869
BS_0D5VRAKC,8.38654066377598,0.105865850138832,0.0318762224284549,0.30837317489834,0.886913117236279,0.879522581641996,0.813632369351715,0.900551581358675,0.84456430164878
BS_0J9SHHSC,5.4111689393737,0.0156949406345475,0.0169199092128419,0.140441521157271,0.83652190810937,0.82280548557946,0.684345894634924,0.834190490185077,0.694382949521827
BS_0S8E7590,6.535553796219,0.0337463539003425,0.00528608867651449,0.0232973461189137,0.707708354788258,0.705267160686523,0.755380173313078,0.717401350030907,0.797195723035611
BS_0SCXXM6N,6.1520612694749,0.0260550990531152,0.0198196005544161,0.238877145563553,0.859919846587559,0.840264134743703,0.758680459303585,0.860958035432796,0.763594600665423
BS_0TDWG2CV,7.53707970707494,0.100786407804824,0.0297396064524905,0.329574670943567,0.861795127383658,0.844787351955259,0.802380492506488,0.857781332767062,0.851670070390981
BS_0VXZCRJS,5.10069806639858,0.00726446542126724,0.0104767105880569,0.0729532496335565,0.789379657150159,0.770077731050474,0.616941722660989,0.787120210548355,0.70141097576123
BS_0WVJYM9R,5.0556234598985,0.0172370052431748,0.0198623116587528,0.196971847210072,0.908071549052694,0.896576510082363,0.722120851165552,0.898032170128818,0.750793384748841
BS_0X9EGHY2,3.9379289971045,0,0.00757586960396701,0.0403707910964804,0.852990988975588,0.831261563932766,0.657907586434689,0.830848775831918,0.690438913064663
BS_0XEBS3PG,3.97034730479092,0,0.00618440050557787,0.0421827489867825,0.824071500260368,0.799714483604606,0.54716234630407,0.800979811434067,0.588529592449151
BS_0Y5J2AQ4,5.27899384137844,0.0299364481484848,0.00975760092943006,0.111834917913455,0.813284409855925,0.796388960134394,0.67844474643342,0.823075393528781,0.711015837729815
BS_0ZA67BBC,6.2197233708024,0.0069291160700064,0.00955735249262172,0.0362095348793849,0.865306230215444,0.846736378095397,0.593349229318535,0.85586340910827,0.696930133510538
BS_12G04QJM,3.05314529070768,0.00342946896712453,0.00324728515947144,0.109966506135686,0.680256545738581,0.670815287906089,0.657524268742507,0.690480930626304,0.685775213358368
BS_13CGKADW,3.7833525207012,0.000401540426780032,0.00679788489470652,0.0240266670465691,0.794519384257827,0.780296522967962,0.569180192924324,0.789364506896002,0.627351990046168
BS_166N7SZQ,4.96844567184056,0.0298428700851717,0.0103570437535638,0.171484598049417,0.772269335466176,0.747959792876816,0.675022706052153,0.772855334813629,0.706714304329168
BS_17WYVEEC,4.9544568688347,0.00783314527848787,0.00791898498611325,0.0809697547372345,0.818879728451012,0.809906946944287,0.592168397404703,0.829061575524845,0.603644377122653
BS_17ZSMXFH,3.81423852842888,0,0.00151944628039235,0,0.714791710033834,0.710142022307133,0.552122897967755,0.722491483063293,0.617227872012423
BS_1A6MQ9ZA,3.35868225059704,0.00618024684500733,0.00898297123980109,0.150491471468512,0.718320913760622,0.710637162206693,0.726126316328822,0.732306662113247,0.768434980453461
BS_1D93Z575,6.0225722985043,0.0262180676330487,0.0299582227425513,0.251983232564212,0.734762835335829,0.707676674368352,0.723322173708663,0.726660924841882,0.785907651605697
BS_1DECYC4K,6.79430632744212,0.0510385108962763,0.0108700213691317,0.147176104330903,0.866795771631011,0.853810318079848,0.689961929585479,0.877707754437445,0.72455485816866
BS_1EN5V3XW,3.5712208619881,0,0.00881640787320406,0.0178225220783877,0.694286272708214,0.685548009393242,0.577560018042908,0.692924169103133,0.622375493499749
BS_1G3WYEN3,3.99283505175118,0,0.00710826801770327,0.0615580758449458,0.829662494339769,0.807717920358999,0.643959887889029,0.810874531816892,0.677716247005178
BS_1HYS8CSC,8.00493951770044,0.101478341280757,0.0332862264034906,0.336119351589935,0.880086910028673,0.860471847700781,0.814995262565812,0.871912614099653,0.847691238295879
BS_1JDG6JV5,5.9866572438502,0.059411617111101,0.051275597331318,0.480719689291303,0.865401540977154,0.850389540268672,0.835339071834527,0.857310787806082,0.867221401579608
BS_1KYGSMA7,5.23976584233288,0.0126189512262935,0.0201618933991753,0.235954931299092,0.87981927274855,0.861287248914524,0.742496658222652,0.872683397142823,0.73991796308912
BS_1N76FQZY,5.6280221016781,0.0134029018641742,0.00964683227220482,0.0791521769262821,0.855214323408319,0.837074806490255,0.602523238051889,0.852935811843133,0.672942983493028
BS_1NPD7PVG,4.31130959473302,0.00932338609468095,0.0157966694302001,0.114433684938795,0.863289585700011,0.851124562514417,0.61947350706018,0.860100738106915,0.691229880598273
BS_1Z9AX9JS,5.52957349537408,0.0304184633711127,0.0187328046693142,0.147302392486426,0.847828527009992,0.826617950930605,0.646159465490966,0.842429611719992,0.676830462788716
BS_1ZVXF5FE,5.03671287270592,0.00877768826602552,0.0119030400493665,0.106843558210196,0.836423856215301,0.818600358497847,0.62355849135667,0.826648554349332,0.632396146014229
BS_21RE8W46,5.21853568130862,0.0149356457352785,0.00957991366331685,0.057440309779114,0.859611895752429,0.840887667322205,0.566909118914531,0.837973545466928,0.640199632418716
BS_223BM91B,8.14720092433244,0.0787387323309162,0.0276624711328092,0.337270237189722,0.78494570103134,0.764097198742891,0.798907513236236,0.770479933228351,0.838592115932889
BS_24AHZ9ZW,5.51290755704228,0.0348936727460805,0.0426625558819044,0.329106306888363,0.903758800714929,0.891572946525333,0.796107663539475,0.895513183242741,0.794577283251194
BS_25HNKZ79,6.94469500506276,0.0688081361519676,0.0240838984422034,0.194915660481475,0.827188978623468,0.801513009956908,0.80594856537336,0.819432933081713,0.806917423586297
BS_2720P44V,9.2609141088129,0.1560952374541,0.024335754177413,0.148732633159225,0.866738411686692,0.853595419391896,0.740751782527834,0.870743869414877,0.777599946169125
BS_27FYYPJG,5.57468188031844,0.0314553235870556,0.0196818717209853,0.172028396436711,0.819631824601813,0.798722712721859,0.699842205113261,0.800936005738698,0.72848428205855
BS_2853394H,3.44927538972712,0.00412544712598613,0.000430666338406295,3.34568867727379e-18,0.697739975855062,0.7031712286875,0.506893789384411,0.70864977687189,0.552163450303116
BS_297H8BT4,5.38797728081928,0.0492716977524088,0.0169576003879915,0.237110238870307,0.777040511534504,0.754555074583585,0.75697335428301,0.78965887482897,0.810653241157331
BS_29TRQXWM,6.41194349282308,0.0460141503354526,0.0271028413821887,0.172964110472523,0.843290228283142,0.826116925016748,0.696179892950575,0.84387742228765,0.74160792017612
BS_29X4ZX6Q,3.47551065050194,0,0.00610940695800008,0.0640841368004138,0.70353669675895,0.68474221862649,0.645662006971839,0.701201180015694,0.64945051144925
BS_2A5R9D97,5.05429774295218,0.0557387632732314,0.0168616216773062,0.309907964271472,0.788454863459182,0.761436599053901,0.790439673217034,0.779090383398003,0.810936749442975
BS_2A5R9MEJ,3.79362983640236,0,0.00729335776461138,0.0176846577368102,0.798271733972244,0.784285752813754,0.476250088542959,0.79470014331529,0.559636019568462
BS_2ADZNNV4,4.2941737425213,0.00822601282242446,0.00939428877185116,0.115152266371892,0.870601183592612,0.855140669377613,0.656889792178172,0.859829754157725,0.681233680735883
BS_2ARXK0TD,8.05466617630278,0.03419433794324,0.0105280578336228,0.0374801731445491,0.805786439136106,0.80215882491789,0.756363085265566,0.814436478051824,0.784707382174888
BS_2AV1H5TV,3.26204632320382,0.000861343976041192,0.0133650616329697,0.113745789518941,0.75005793624344,0.728539447803563,0.65436464548264,0.740672205845187,0.713146172295965
BS_2DMBCHNF,6.22590715612444,0.0629112840167263,0.0155644366283302,0.388983070325896,0.783289322936884,0.756921501974285,0.820380117342285,0.781149334801997,0.841329800390533
BS_2EMW8ZG3,4.96414362504974,0.00610517075828186,0.0186136678457218,0.160914077054115,0.814955994897234,0.798787043690464,0.678115509091913,0.799142041685237,0.672166229035732
BS_2EN3X6HB,5.32781395427892,0.0157126746495479,0.0153594129534688,0.254095723380795,0.827835273999141,0.817453275440802,0.766611486737988,0.837042316077169,0.775637061245956
BS_2FEZWH1F,8.40101670427122,0.0766411384008746,0.0327505710294958,0.525170339102179,0.783552730757326,0.761417046134914,0.825941726312415,0.779540214587433,0.858227203405134
BS_2HNXVFAS,5.69049704906368,0.0104080486281654,0.0159025849242501,0.10127336604342,0.760705358819346,0.740579747453209,0.699326990614661,0.75864034936458,0.6879858136595
BS_2JH1QMT1,5.2269048895656,0.00902098740771454,0.00812799384613284,0.109737197999528,0.859164952977022,0.840689597020091,0.584111030855185,0.854809536045086,0.663459145501526
BS_2JP7RBMB,6.18670802056186,0.0351702391394266,0.0080958577300217,0.0553261806851358,0.846284915273055,0.82385771444517,0.629201739650091,0.835558203950432,0.703139074596454
BS_2K01T8K6,7.90973451311364,0.0503199550605492,0.0257120546086488,0.122133527810356,0.777821502027374,0.763686794821403,0.777695296236523,0.776377400850802,0.803557454054045
BS_2K3FVT86,7.1483767893438,0.0486788093329578,0.0394607837726916,0.623337344063274,0.74804955738827,0.728195184926862,0.849030770026727,0.748481293080639,0.841058245880901
BS_2KJ2YAZR,5.8046266324147,0.0212921522767246,0.014088016380596,0.153859239689978,0.849598313601547,0.829677086319137,0.696260623002093,0.850193530882818,0.729673329413375
BS_2PDS3MSS,6.52150099720874,0.0411804308163209,0.0265888303823877,0.224816371970389,0.767849176864007,0.747914467616348,0.749292992134672,0.75148832215913,0.796907019464964
BS_2QCQYY6M,6.03748056481214,0.0522574603263343,0.0197365032755257,0.282442333942399,0.830088898951156,0.807038662649397,0.759535311469542,0.836280380029697,0.797722111758665
BS_2T5PJAW8,4.40780750179746,0.00613551599687697,0.00588612800247597,0.0919289799650326,0.852722557569962,0.834967296098521,0.695677605310482,0.843666730331489,0.763452757412493
BS_2WANPFBJ,6.99406456522324,0.0479357657999579,0.0180338216654926,0.302136472157413,0.728361210853024,0.707920343295634,0.795158437298224,0.719347501901071,0.807398005410046
BS_2WPQ8YCW,4.55781729530884,0.0100600746488073,0.0105099563042456,0.110348840883563,0.819967971271618,0.798004095532199,0.656272914863778,0.812248213798356,0.676041606165668
BS_2XM08BFY,7.44076781591948,0.0849991939413163,0.031429798284524,0.296797104250048,0.86915338918083,0.852152145303754,0.766590503398692,0.875779385695552,0.815604382565041
BS_2YCJV2VV,5.8016720671042,0.0443977695413863,0.0174066626915673,0.21148057020593,0.859022697351382,0.845901119863717,0.774779038165269,0.859197598995084,0.803732716746668
BS_304SPN6B,7.14849776594096,0.0555958597756222,0.0219441328864996,0.231430426406492,0.849670578473102,0.831252993162678,0.706756849808504,0.851786169070219,0.722134015167985
BS_30F3Z9FS,7.03795804197062,0.0558420310275409,0.0155069669489817,0.0472275334433503,0.826859820359548,0.814740462696832,0.635707420421937,0.840381801248809,0.699114037582937
BS_30VC3R2Q,4.35038771287226,0.00831992784451174,0.0112495232004057,0.12306378566272,0.80571853138769,0.788146695730883,0.712194690047754,0.788765225525979,0.780773048002392
BS_30YWQ3FY,8.5524211286041,0.0417255434460584,0.0147699516427278,0.12560020980206,0.802699823418267,0.799881589671801,0.778347131196153,0.822999876960506,0.813672509064259
BS_31MBRWC4,8.31786704228116,0.0422785003408486,0.0130450880147615,0.0599370253991754,0.8049456571919,0.800883710865221,0.714251994356735,0.821105617168045,0.733347471239651
BS_333KCNDP,10.3087034105509,0.111004899045708,0.0351071433381475,0.325559668619765,0.843369175543563,0.834265142209405,0.851363043775681,0.855245516383239,0.878439080200886
BS_33AQSPRP,7.9154985843112,0.0678948630114951,0.0207292896065313,0.207786242047892,0.842433058024263,0.823504418655404,0.780589864829947,0.842308821832103,0.804236284705982
BS_399RPKC9,4.6984997990622,0.00805370208506622,0.0148335671036625,0.132025318166448,0.834038255360946,0.814200045365685,0.64362713300612,0.822325139170026,0.699275272448074
BS_3AC3SRWH,1.75487010513062,0,0.0055748708889384,0.0135252415717334,0.706047003513894,0.677954349264176,0.511893799868305,0.672910127225175,0.585233067615356
BS_3G3KWY18,4.78829016215572,0.0169702211869308,0.0193457136642086,0.230551141742824,0.871902314474766,0.859342626490962,0.680446824545512,0.865306258567932,0.723178153743246
BS_3GAN6Q43,7.2213353061375,0.0687650483055441,0.0146897659981804,0.176818090868815,0.776810648987976,0.763256464724773,0.733290744762126,0.782790023623018,0.74226942613483
BS_3MS8WVNR,3.78885630838758,0,0.0122881816294165,0.0239118683573301,0.802218015166305,0.782927638033751,0.49389539583907,0.810342161456857,0.552474288056115
BS_3P20Q2C3,3.19283525963762,0,0.00303387844962781,0.00853598875379758,0.755994691149918,0.736005618731453,0.456226823965636,0.738122595428104,0.537554702826705
BS_3PYESPHA,4.3875602415166,0.00317372939719598,0.00855955229375765,0.0674879750360781,0.841028319700966,0.817498178001151,0.525632519386664,0.828311832894777,0.564247438967539
BS_3Q0GTSYH,5.20747287866456,0.0147036364372531,0.011142746538986,0.135827990047954,0.822558667243439,0.80931363396619,0.712914784951591,0.827911116657356,0.740701648812385
BS_3TJHY996,7.24355440431386,0.0953470937763919,0.0317706742938151,0.333887138624456,0.879431755687276,0.861883418317679,0.797378939413559,0.876952849791384,0.781664506027129
BS_3VJ0CA6A,6.66449491633512,0.0527444057198476,0.0217407267083766,0.198568182885701,0.819971343290511,0.801646787029953,0.722452667545175,0.826657850633514,0.746396417009273
BS_3XY76V8T,5.42537151511184,0,0.0134125034357195,0.17218691935869,0.836549817994702,0.822472367337138,0.707417774439652,0.812439075946927,0.686321757357154
BS_3XYJBBHQ,5.01367893862922,0.116801026324624,0.0247927553526466,0.361425805176519,0.77506526612844,0.753019236421888,0.804966347521993,0.763962106217775,0.840901877858929
BS_3Y2X2RBJ,7.76731326513336,0.0572109471286861,0.0224729591139572,0.223946277252221,0.85331628566212,0.833957430416634,0.742718905719368,0.859152484549602,0.802282630132063
BS_3ZPJAK9A,4.63309014620026,0.00188988054719011,0.00159112351886209,0.031594333196633,0.781533276458946,0.786939392095515,0.647855049843192,0.795169487468375,0.641525093760126
BS_401R3KV0,4.9799756672439,0.0142705376231929,0.0159246043560626,0.183001969251651,0.82729742136291,0.811730902513323,0.791526678639199,0.818632796799071,0.786852092584918
BS_42DY6WS7,5.68586008173796,0.0158025265523695,0.0114318004770752,0.128470929828982,0.878293224309064,0.866848496916328,0.62778904382931,0.881175610165461,0.662038106430159
BS_42Y3YANN,5.5095485505518,0.0308411358749522,0.0240738333180785,0.265453745602798,0.893285711478395,0.881527486182652,0.757159596135566,0.898081490421966,0.752295251292472
BS_45J79YTF,4.08709137493082,0,0.00847309374325286,0.0200027869931743,0.746032549333025,0.735270193943401,0.529127881864656,0.735397195382256,0.54615870153648
BS_470DYRJQ,3.65853024776082,0.00454084241273207,0.00777641031048848,0.0736552845445153,0.825727761074433,0.800717081564058,0.684156063871295,0.815953185379073,0.713151342255729
BS_47SJZ3PH,6.60417031221902,0.0282280751286996,0.0255747854721642,0.222197815809926,0.883889662193116,0.872875223740236,0.723931744623381,0.870369417357612,0.719670781502845
BS_49852ZBH,4.69386827287406,0.0163876795610609,0.0153626097719029,0.136052933698049,0.845258432836833,0.831510245917642,0.681094690197409,0.848419713304619,0.723937908592861
BS_49BQS7Z6,3.9166323426536,0.0052073757862801,0.00901279294548921,0.0523839981510094,0.811865835964318,0.795744304359652,0.606243750514457,0.795589444863102,0.654606535514512
BS_49CJNZ06,5.88158565952548,0.0215421575100351,0.00873306759839535,0.13259473683822,0.689255673748975,0.672959185805944,0.700770808698552,0.682359431327025,0.742036564596952
BS_4A45GGSW,5.19043713906618,0.0215254524182685,0.0120200878857882,0.159283809811275,0.860656526293798,0.846528428688172,0.724837692423136,0.85839380527963,0.742164911171096
BS_4B0BAVTX,4.82005901976246,0.025976971507519,0.0164136092582443,0.160328694252675,0.878854083524458,0.87051062725694,0.706575989294677,0.887960786261944,0.72824299092957
BS_4BM3F6XJ,4.74853773636582,0.0145402448458295,0.0129345217311219,0.143388494813841,0.754987517228065,0.739462518799885,0.688506090912466,0.770557709908521,0.731096572201358
BS_4BWB0FA0,5.52110688883096,0.0269837574699081,0.0255924210764634,0.225416177940572,0.876763354154832,0.853656629700256,0.742419180197506,0.850891075015014,0.772739353497926
BS_4C4MZ4NT,4.06470086556726,0.0155035577375214,0.0232364173353418,0.17914317377838,0.824398157288487,0.806048364725626,0.711757738570687,0.822643964143857,0.771993027911367
BS_4C6B11E4,7.49901463320776,0.0490119924395698,0.049393544909809,0.582608931880862,0.867702658810667,0.851861542312249,0.828624436378821,0.857136569761619,0.841375653518629
BS_4CXE5XEP,7.24707249894826,0.0610509266929973,0.0288875181896288,0.229423586143533,0.848194075574456,0.825140076665068,0.739426937742211,0.852502278425084,0.771763721511102
BS_4GNN7J8E,8.82656676924726,0.1203703425953,0.0446621773713057,0.198178309201057,0.898836145616657,0.883047539496444,0.774642897864548,0.900435287091522,0.835872020695196
BS_4HQ3T2NC,5.22077778964786,0.0185620768701453,0.0160494541265864,0.189799769010866,0.904164382708132,0.890984616403252,0.753139257164849,0.897858320896081,0.765468526603973
BS_4KNBXM3C,7.35363545132842,0.0346373228456026,0.0115471812081131,0.386770506761187,0.824723407742474,0.816324894759947,0.842600003397056,0.827596520668359,0.840071786827244
BS_4N1GNHX4,6.32094312180912,0.061206438611895,0.0363811169759831,0.23417133185685,0.865707455753885,0.853947164306415,0.713742171731316,0.873886031806201,0.751803987674745
BS_4NF35AF6,3.91457033807922,0.00651115511630938,0.00644066589353014,0.0638739430036002,0.805703296531087,0.797079014912632,0.639102847093833,0.811486548553246,0.644038166598975
BS_4PPHAQXF,5.1820935729259,0.00549939572067348,0.0113597156877579,0.0746710694751161,0.795763854870015,0.770168601868545,0.625115605726034,0.780982846405751,0.674952175211422
BS_4Q3KRCZT,9.26306852539192,0.163859789217523,0.0560120564922884,0.236822300121249,0.872366622044747,0.860324629022879,0.802698674714951,0.871796574144672,0.827440196471855
BS_4QW2S1Q8,5.28125246023772,0.0226777983036527,0.0232744561559199,0.228751389544822,0.858195353141888,0.842964169889297,0.703968278713555,0.854799729308193,0.755136541461957
BS_4SMPV083,4.8320626690607,0.0426288276052503,0.0199718782144827,0.337499786727518,0.765614316530988,0.739117848344045,0.746804662105227,0.759238140543421,0.7912987977135
BS_4T0HQ9QF,3.76084977687266,0.00585152702110823,0.0190116615649838,0.0501113777341616,0.645652897435371,0.62260865612313,0.640185244528994,0.626116873110233,0.720689817986167
BS_4TZQY7TT,7.0564342106582,0.0919141524363257,0.0349220086952588,0.368202798670572,0.855642197086535,0.834298091034459,0.795980225039927,0.848657903534658,0.779635258048616
BS_4V42BXBT,6.21403297036524,0.00915974191961589,0.0279098719919962,0.193980178741396,0.865327193816488,0.855955008748159,0.706441473661553,0.867248841286573,0.69198987112341
BS_4Y6BCYK5,4.67534412823894,0.0180910477496011,0.0214656372098622,0.141834261078083,0.851680659778379,0.831408225323609,0.665303392301505,0.835948695320347,0.695804745814481
BS_4Z2F4P9N,5.4618202180828,0.0264674639598397,0.0238749609705589,0.26680740453602,0.855858900607573,0.82861610897849,0.805015138257416,0.84349293553877,0.800770058161649
BS_503DZ8BN,5.7163451096385,0.0512917658274687,0.0276509225771955,0.247945446021042,0.82026205031823,0.805204433419639,0.718296706198941,0.82929820623609,0.726937389000168
BS_51RA1PGE,3.17958098004196,0.00771551967280861,0.00824822470468935,0.147196866500774,0.713947145697563,0.680072162765845,0.704972738055239,0.701606540184694,0.736812962608941
BS_52426AMF,5.84709476224662,0.0213784911513544,0.0203593257347071,0.22097749162831,0.873965545332844,0.85859824032722,0.819246407408766,0.873844271884545,0.826232648204641
BS_52C576HH,4.0848328569375,0.00128125535237326,0.00959967630343558,0.11673486706154,0.752468382276177,0.732750078409417,0.685395949723532,0.75429878596504,0.742904575936571
BS_52DAPP1Y,4.95943870043392,0.0120398237320317,0.00740852432900987,0.064009585611537,0.847140926254779,0.828019839289346,0.553289343623358,0.855182835291508,0.622485431117505
BS_534XRSNB,6.59965780955016,0.0542445519095632,0.0215786038660247,0.207079958221972,0.86548772012867,0.851539789497479,0.734722864912896,0.871634605261119,0.792908877945711
BS_53GQKVEX,4.93859963521586,0.0202683643544627,0.0179100573231192,0.176851436895758,0.853693129777126,0.843525734214346,0.722267238888863,0.851341366492199,0.716403213626369
BS_54H90JW2,8.20189573376534,0.21331335597879,0.0557280874845172,0.441877960262981,0.884547203283072,0.870307145534078,0.821611743664374,0.88526893000838,0.807945621409152
BS_55P8HPYD,4.99703358703406,0.00945299893736202,0.012045611845718,0.0576706616724204,0.845149500108169,0.839736330727375,0.599595008533544,0.8531904863032,0.612762680077795
BS_55X1W2MR,8.70035675069768,0.157075756316573,0.0491493725889979,0.492222915167943,0.872829665094123,0.859351810584619,0.816730935945751,0.879413523844909,0.867234842084926
BS_57NMZPS0,3.9794812287292,0.0108112233942818,0.0112155539833177,0.0849901751892982,0.689746283510452,0.676897448905159,0.613919767380234,0.687906719991034,0.66731249932952
BS_593HEWBF,4.41930224711524,0.00483331388418042,0.0148469635100757,0.14770424248947,0.820924072833805,0.810211187880726,0.769753389151481,0.816163877914757,0.787742211381239
BS_5965SFPZ,4.09311803679152,0.00401349042276027,0.00642026715912203,0.0499754179367377,0.804479762583216,0.79271636035105,0.541932928514413,0.804341542491182,0.618153462951696
BS_5EFYPZT0,6.4642194706805,0.00197981876349791,0.00794733031284614,0.234436709582573,0.637721872269278,0.618011409570395,0.740506439644216,0.626861012169152,0.75933462509648
BS_5G5BD2MD,8.57194240645444,0.153791180478667,0.0442784918243166,0.489856539147411,0.884051842394969,0.867193098265597,0.839637151657749,0.889861269360548,0.839074170920135
BS_5J5D3QTD,6.13378679545952,0.0360327140929311,0.013568205790989,0.14951450622525,0.84985770112881,0.834213772045609,0.715007933842922,0.859191700151947,0.737766701505444
BS_5K3R0F5D,3.7524806605851,0,0.00426950919105109,0.0144803851324575,0.794228887723739,0.776205705070704,0.562957318963352,0.774369615346576,0.659535389529078
BS_5K95FX4C,8.58652319128864,0.0993181980991181,0.0531551566762582,0.352438639660704,0.849229656105986,0.845343637925592,0.801923729216996,0.850719406727094,0.823445589832122
BS_5KBXD2GQ,3.50124368320078,0.0114736785792607,0.0116542812687321,0.103979837651987,0.693934753640843,0.671872840785363,0.712701783649015,0.665441199828079,0.745810384504796
BS_5NWDARXG,5.49592909700662,0.0180612169304306,0.0245836281471087,0.221247606042523,0.848745637792613,0.832790691701376,0.766646477857961,0.833883085832817,0.770375743522367
BS_5PEFNDCY,4.38881290143656,0.00261922637116107,0.00842033807171361,0.067823876020592,0.862286649190071,0.850298173637818,0.622887467561674,0.858548659001472,0.653062011375182
BS_5PV5N4HQ,5.34079869776632,0.014422116230891,0.0172339832755526,0.140636683628286,0.872417137726614,0.856826578910083,0.682768715409326,0.8752926772305,0.703418828196931
BS_5PXZ8F7W,5.49882754880544,0.014421691052351,0.0111217541857679,0.0944406253769452,0.746382675676915,0.730462945811509,0.631764722375283,0.733569342423883,0.69162520847064
BS_5VPM0F36,9.13762481362324,0.243205418949728,0.0779365180523443,0.423772055116816,0.929045744067453,0.919808765261381,0.772799353843928,0.923112083659561,0.835782883908537
BS_5YJEPPTP,4.37898479973008,0.0175668800685056,0.0166273885196073,0.173973476632467,0.861941390732293,0.84985814237934,0.72362055674829,0.866035086518149,0.757471159562884
BS_5YYCP891,7.32223011395336,0.069221661945122,0.0171464338604071,0.23439704279774,0.842579489334295,0.833680744009533,0.725662853363908,0.857985164148848,0.742079380855309
BS_62SW4CC5,9.38291691737266,0.192127756782612,0.0228658206525814,0.219523960103161,0.754851234973608,0.747458445804687,0.82563591425035,0.775432355151332,0.834972791283452
BS_65WPD3DA,7.88010263421906,0.00312620031183773,0.0110355535662662,0.0155378062806304,0.798653965468326,0.793875569705364,0.56365465114104,0.815034786251889,0.615325024812776
BS_66ABA973,5.06061025682612,0.00732637550865036,0.0077622088988253,0.106082794923861,0.824902944265714,0.819069182137585,0.63415905221005,0.834702373930168,0.665356806944898
BS_66HQ3E4Z,4.574870288242,0.0132785543167673,0.0127930994399898,0.141914254685002,0.84576522861935,0.832741307607185,0.676510684381439,0.845656003327161,0.682098563246485
BS_680K119G,3.90587809859996,0.00317990224216017,0.00871304519508759,0.0596228059553066,0.838327059451938,0.818014581812741,0.662014987866299,0.823878751991584,0.70538076139573
BS_68BW2163,3.38366605390948,0,0.00366099102896144,0.00598950036217561,0.744458433193872,0.73000130936032,0.541295871704773,0.745162269128371,0.646968698993341
BS_68KX6A42,7.98228896798536,0.0893355073907618,0.0278252043708618,0.172369579429449,0.884907096753753,0.868397663821994,0.671054303332677,0.885510721601226,0.747377317480495
BS_699TN5RN,7.31347905039236,0.0405513717758369,0.042272432158471,0.43273268745241,0.904970651573808,0.888877682417215,0.78731849868705,0.898207222518833,0.789708091581585
BS_6DCSD5Y6,3.72795097140956,0.00230011359936159,0.00477761619266615,0.0324314386833825,0.64025439370008,0.606112011454383,0.615313775852028,0.608277350276983,0.675868905260622
BS_6H4Q24WA,8.78938040265368,0.0817652888979298,0.0350293840214209,0.187156124600129,0.852250900905347,0.836067553815312,0.760911224345912,0.85316731033293,0.796608206186746
BS_6HXD39AM,7.3868641957549,0.10858928621933,0.0325092927162875,0.381759482014293,0.874819302895248,0.86316887582937,0.759366581215529,0.872179661492347,0.812282399988623
BS_6M2053M0,7.14075709838034,0.036430100137655,0.0174435083292415,0.0757984040251099,0.87459631949457,0.847013162197921,0.625783498843978,0.863138159560395,0.72781664694495
BS_6N3AFF66,5.1292129507829,0.01180387929802,0.0106858741935856,0.128264450596357,0.839740995289869,0.832028546891714,0.666175505536445,0.847034554346959,0.717274368979245
BS_6SY64H5J,6.63696509776702,0.111563319757547,0.0206382448097863,0.158235522634104,0.819895736412287,0.80787274027644,0.81978056446259,0.82071767622239,0.864779843410749
BS_6TSAVMT9,7.35824267046562,0.0848344711119805,0.0343995094295345,0.327042835832952,0.881244218561825,0.865736772912082,0.781100651453628,0.885901509806855,0.78206806443311
BS_6VF6VPCG,6.49412760183304,0.040778326154252,0.0218970860093028,0.257114834238696,0.897875021798962,0.884550964629846,0.758477136951119,0.902167786603547,0.778764372987256
BS_6VRG1XFB,3.84158002584398,0.00493338403559278,0.00575685322347264,0.0718668372836649,0.711309987602397,0.698498067600472,0.694808766068808,0.709267059534543,0.733325189974612
BS_6WP1FHTE,4.16030296615342,0.0103403509418365,0.0183447177471512,0.165033696058759,0.834691483671653,0.819914403299837,0.704200293594151,0.834602819305062,0.722588193330453
BS_7327SDAQ,3.46382375728062,0.002562939516363,0.0118173686743146,0.12838441953344,0.805915595832753,0.791104240784306,0.650457962839159,0.812595078921985,0.683153632627017
BS_75YRDXET,8.29974925047644,0.114766636806679,0.0369177981333898,0.485419326105078,0.869384946125358,0.862464384864653,0.810512367225211,0.869850076604724,0.871933888383751
BS_769BDPDB,5.69233201247906,0.0232004197034257,0.0281593840190227,0.36310015030191,0.839922771756746,0.822497803377809,0.855680286680636,0.818093308700943,0.856073429992895
BS_76DRXZRJ,7.32338842630724,0.0692398262927348,0.0230928276006558,0.265068796893121,0.870725812083897,0.85105106923271,0.743179737452637,0.867711246088588,0.783516812117658
BS_775HDFNY,5.63911516584516,0.0218122727796841,0.0204970704866372,0.14179182071921,0.869260916549336,0.848879764323274,0.681640885987252,0.869319277637103,0.762357532479236
BS_77SBTNPN,3.81102661282612,0,0.00431326860076575,0.08054225729618,0.706108662305164,0.68252740739839,0.658532328946698,0.701006550947257,0.712686028305937
BS_7AEF4D4G,5.96129954597992,0.036632649981458,0.0372081403758568,0.240846176902963,0.76703254179353,0.747521233402604,0.715771492350335,0.757911267488302,0.783463389451397
BS_7APCGCVF,4.3292842538704,0.0145534488044301,0.00911634241895067,0.167005556663503,0.759339387364106,0.732229710006487,0.713672060587948,0.746615658357119,0.800085498512596
BS_7GJT4A6A,5.01821054869142,0.00544163050711058,0.0119957393426504,0.131773228051639,0.655114056105246,0.641922556296991,0.698536842883213,0.626340535813723,0.672975085330748
BS_7GKWKGPH,6.34160200312844,0.0211070771536396,0.0209764280521549,0.290849212408779,0.822817830925651,0.799026206474445,0.819849528582664,0.810788652945903,0.836732890820007
BS_7H4RFCW9,8.58249106413788,0.0746267635865024,0.0782079958952968,0.624710850680403,0.908835512902767,0.892105805207264,0.851038637753628,0.904947794037839,0.844158395361275
BS_7M3FNSYK,6.80383460642814,0.0249843803471376,0.0113983528458981,0.135379581087101,0.766143972592052,0.753609170532408,0.714738026275506,0.776705642421646,0.731593590584103
BS_7MGXMG6S,7.13127140901728,0,0.0100019519562926,0.0467798836487662,0.839474614889832,0.830256031123064,0.747531511961364,0.840828925934809,0.806529487053152
BS_7N0B2CY1,3.82903605131428,0,0.00429102322561246,0.0191427670050011,0.805474946946071,0.795293128081497,0.607933292355302,0.789622118761143,0.650184197819427
BS_7P83Z28P,5.94790795395548,0.0083447213685961,0.0142702834460175,0.177453803117888,0.840868997924157,0.833990076578857,0.734482166652135,0.839151860858109,0.786812742767121
BS_7PVJ6Q3D,3.69629828941152,0,0.00334119704522262,0.0216854622077606,0.782244834520121,0.759141224190964,0.549793383901381,0.771724799540013,0.636102242121588
BS_7WKNNRHK,4.03874339543216,0.0269821990164921,0.00641447305510957,0.213494776406482,0.647191384420655,0.628093351401038,0.735646925166548,0.643407514094741,0.795085564876952
BS_7Z93ZYMS,5.28862058389304,0.020656831366582,0.0196134650922588,0.186960956604842,0.868548868131922,0.85635578999743,0.713258044155771,0.869971819057882,0.700683750147312
BS_84VZX732,5.17731664727838,0.0119376325174688,0.0248386975900382,0.219402123725517,0.732896279778087,0.720348321984125,0.734914052894515,0.729607147363805,0.777295898185843
BS_84XCR9GG,3.31385067618362,0.0106467049130169,0.00659926776227465,0.0993459541960468,0.729289868292286,0.7050582337058,0.727405355388788,0.719325473136766,0.767303610931276
BS_880ESDFZ,6.43884064618236,0.0196655915986562,0.0123880783288857,0.128928181209978,0.828156208056682,0.816725023233218,0.691968678971032,0.840161386149203,0.710541770608486
BS_8BF616QR,5.45084425026554,0.0589739958959446,0.0215785143868844,0.247616419199793,0.771377495505422,0.741789887181396,0.782073247167373,0.755571976974627,0.824334000513269
BS_8E8JKP01,4.55651149890826,0,0.00579890417454695,0.0296255978840175,0.722803403001063,0.719922759475261,0.442064274394589,0.732635326324635,0.513084460718714
BS_8ERBDF7D,4.83064117541562,0.00600003406608863,0.00972758875712581,0.0330113208755868,0.674651415380807,0.654664394736374,0.512367120223425,0.675524890233071,0.581517203858365
BS_8J3B6ZB6,5.01157524584828,0.0206727058597323,0.0282832845574934,0.194522674325662,0.885523288403295,0.874811447198304,0.730834123369834,0.888534535339657,0.721157514169988
BS_8JK9TXH2,6.44685194051548,0.0683232536813236,0.0136107761415507,0.180728659733196,0.694081985172547,0.668601354198735,0.734854848433573,0.670738900902154,0.783631897927861
BS_8QJ43WKW,6.81256502382138,0.111487800647453,0.0345213515729441,0.352712109314425,0.86051624811041,0.846034283224299,0.80482891005183,0.867569325106599,0.85998283083402
BS_8RCR7Y4B,4.70332166716682,0.0104889561837681,0.00819814112277568,0.080525479615216,0.848623451413719,0.83533720062598,0.601899892356299,0.84427289740124,0.668396325404455
BS_8VAZSJEN,5.37187499112598,0.0227721556896062,0.0252519405995801,0.275606566343394,0.876722141631091,0.863002697606621,0.790714275408933,0.867208323419055,0.816533930707416
BS_8VD670NP,4.29926071758042,0.00959766241285837,0.00806701722886786,0.0683864717263469,0.749656548984457,0.72308597804428,0.709801624152638,0.738444022756195,0.78461551698764
BS_8YWYN7VH,6.9092658995839,0.0296959765101511,0.0260239548039547,0.181690021272424,0.7615479519119,0.742383628077867,0.665016522129437,0.756158459299651,0.714894747831465
BS_8ZE4Z9G5,3.74478903578294,0.0207184364031022,0.00191835613389268,0.0392246374837376,0.69120307222911,0.696814438463218,0.60514327816962,0.705408420015526,0.638383993771938
BS_8ZY4GST0,6.99004540367836,0,0.0106192500571006,0.0186126871817955,0.824689650046801,0.807895466492089,0.539615881419638,0.819589983403146,0.656730848069174
BS_91VYM11A,3.58269854176406,0.00496370861568168,0.00721062082711631,0.0830600466810813,0.827697690190807,0.806970420300643,0.742231087582134,0.817183968669914,0.757905628998744
BS_92HCM7BN,8.90000373631768,0.180684259628489,0.0469108844931802,0.407319708733328,0.91639431493683,0.909016515071331,0.794564879928392,0.922523033296704,0.789633056887458
BS_94MT16N2,5.7552346524384,0.00344267693579604,0.00674712186321254,0.04586502001332,0.751770782909644,0.744085831259821,0.544308460971235,0.737684473658103,0.566931661465849
BS_956G6QPJ,5.52945816733216,0.0150953390789306,0.0110711251496711,0.102641187299072,0.752103238867246,0.726400180436173,0.652149280772692,0.746315207723467,0.698936692472641
BS_97M1E2DW,3.38443893015894,0.00138087351577944,0.00419992365140853,1.64574409757682e-18,0.607292840385501,0.597857118471845,0.564220653814348,0.572655184796441,0.641494114435732
BS_9A1YTHFF,8.85106019274836,0.0513572523591292,0.027811929183732,0.113231774019114,0.87184863417688,0.858422932694822,0.707260947142411,0.879401892129214,0.747142806782706
BS_9B0A62MT,6.19126635213902,0.0203235969155639,0.0124295963130551,0.174709514610091,0.769412769543581,0.762118942282924,0.786007536259586,0.764666447286134,0.803366072946667
BS_9BJARSX3,3.88410938553732,0,0.0157402943351163,0.169566401837811,0.821923364756883,0.801533903706025,0.737540607377838,0.810840407717728,0.769452462871283
BS_9CA93S6D,2.87892837022436,0,0.00244388887869121,1.95182028686148e-18,0.630613296223539,0.613210722797891,0.470819667531433,0.585681811345216,0.548694622232135
BS_9F09XV62,4.34015758719584,0,0.00619303910392889,0.00345311017882965,0.842832092063599,0.821841303614073,0.590438255975625,0.820387821380353,0.64963806236167
BS_9FHEFJNP,5.8803740601005,0.00499002947349679,0.0146219837785386,0.077846250842179,0.778242674229162,0.752662547199174,0.578860042647086,0.794559153090461,0.662379383531174
BS_9FX3YREK,5.0719228140897,0,0.00415299501677833,6.71477133053816e-18,0.790270273205977,0.7832069140995,0.545572591895426,0.805481549319916,0.615917713148204
BS_9GJ3DB1H,8.38329330375056,0.0494085071244333,0.0201509276174832,0.0674918354060951,0.795993588632358,0.792123088424638,0.732366032703484,0.815449027295033,0.759820895109361
BS_9HSGV9TJ,5.58160408349968,0.0283283186062995,0.0246088199714137,0.344879559848577,0.889098059550979,0.87260643643863,0.793851047265995,0.887624092105104,0.760929847993447
BS_9JBX2E8G,4.92911057649486,0.0272582862040017,0.00859067085524675,0.121070934894898,0.841177626086623,0.82026665545604,0.58238213585057,0.840499825353659,0.665596049624028
BS_9JPQZQNG,3.27577105408802,0.00870513172537105,0.0188681340591152,0.0881833281610353,0.691307876565934,0.672700867218319,0.631430970210616,0.692648124573054,0.704178990412928
BS_9P9MB8X8,5.71867677350838,0.0187685519836907,0.0133994761975322,0.194365643832732,0.877877804675401,0.868262303050825,0.684794595795083,0.883119195440189,0.682162636777576
BS_9Q6Z6VJC,4.69492502889354,0.00775410842520108,0.0117282448926644,0.134135988943003,0.821778597638941,0.807460672813713,0.679096178711769,0.822019269526322,0.670729173801375
BS_9S7AG4EN,5.24654800496892,0.00667317597438255,0.00787947941875907,0.0821869730330725,0.800010308969988,0.779770621242126,0.564205794264013,0.798408467080278,0.644841654411141
BS_9SJWWYQ4,4.69094371554572,0.0100703716984623,0.0107668707220816,0.0771511299604382,0.864677395780959,0.852791821272129,0.637193800514081,0.861109838248266,0.711643821956787
BS_9TXEDSWB,4.6946183199312,0.0249997665608111,0.0679117071682911,0.371945068066416,0.858285353011373,0.850241097078526,0.762787996145121,0.84387637069572,0.766640508418373
BS_9XVACXP0,2.97899239943686,0,0.00480053690335941,0.0893161161654094,0.718783697408072,0.70911679962368,0.705403998144937,0.72356527948833,0.716899605567671
BS_9Y1K14Q5,3.68986962262126,0.00396474664532832,0.00856133038699558,0.0411944461813877,0.603052890300524,0.585624171300844,0.666437091524778,0.597714314102714,0.725401394023176
BS_9YXH2CZ0,6.93253024223676,0.0529298443399614,0.017020926586634,0.155965215206363,0.858437907286941,0.837496790754107,0.693252524882559,0.86110243145002,0.728015372232566
BS_9ZJT0CP0,5.29915480326292,0.0157247214035232,0.0124397544219232,0.166193169398015,0.697067117942597,0.693476032747101,0.738365681747696,0.694436194838092,0.766690235865668
BS_A13BMEF5,4.90568981939488,0.010505736918319,0.0118054629832172,0.0898714628081551,0.857996314254994,0.837712628410088,0.604128450305198,0.859657122662155,0.641549051432222
BS_A1VEGWTR,4.5716884333362,0.00835322618381302,0.0079208566039217,0.0422407235801727,0.860693417295838,0.848286145967536,0.56715598015359,0.857372841172548,0.663218919790524
BS_A46RDWGM,4.10571675910986,0,0.00413609255488956,0.00718480346523774,0.755021442544903,0.748669951090488,0.488751311980012,0.756118381066836,0.558060536841645
BS_A4PF49V0,3.52682766181018,0.00421194953644,0.0100955582305661,0.0293417804498719,0.624930001227502,0.606726918799875,0.608612540879655,0.60174001588541,0.687727030589869
BS_A6NXR7RC,6.51873882845558,0.0184804943156049,0.017162954773568,0.214079986885362,0.828018065325472,0.820382785126344,0.806887103671422,0.850908880944044,0.824700262546448
BS_A76PNWQS,2.0196818571402,0.273669515410138,0.000523358764652239,0.00885459218098057,0.588076356165647,0.601633410249549,0.607519709015302,0.602394093754007,0.66952247145783
BS_A7Q8G0Y1,5.3535480839266,0.0103729180129418,0.0142300506622447,0.143480554576925,0.77886957803455,0.755922580858241,0.719766236768529,0.761495110875054,0.754267185714577
BS_A8XW5S0W,7.2447707405531,0.0212517115146175,0.010803151758157,0.0400570288566179,0.779162510581878,0.774434395345343,0.677289830049754,0.792648864824811,0.70503764579688
BS_A96FKXN5,6.05613795567086,0.034228357216285,0.00914816925848219,0.123004271144846,0.820586118875263,0.806239588599229,0.693948202412035,0.837110200075844,0.7811290431771
BS_AGVWD5K8,5.55459700084834,0.0593454681000472,0.0115999115202207,0.17387665860886,0.799436398993784,0.781396066837162,0.671716240963931,0.800920211724185,0.729175609512798
BS_AM0BZ61K,6.56576883308732,0.0695526151376902,0.0155268143608383,0.230010089384095,0.847797364627915,0.832413500731725,0.717553204794009,0.859048180636572,0.764733775950483
BS_AP0SZ364,5.4606694678378,0.0233882701364739,0.0215843992943046,0.211907806417698,0.852496051187639,0.83629046963317,0.775761850852891,0.846597271852112,0.81010512540856
BS_ATHSTZ5R,6.33235975970348,0.0303804420037371,0.0117361838514626,0.0985672633443988,0.842453202213585,0.828385212290621,0.701707300192143,0.847347280481688,0.770069295506806
BS_AW7J9F9R,7.33079275549426,0.0787153273520193,0.021567308906281,0.291859400589057,0.859906522015176,0.846357252396222,0.786533908955071,0.868115849129441,0.833097021231296
BS_AWH9757B,3.7929071016511,0,0.00975637227709967,0.052763728888272,0.802635715547547,0.787822385393388,0.638470836726077,0.783785467410602,0.674595311464814
BS_AYSXRQWY,5.85182437518146,0.0233362711128412,0.0279671863291838,0.200982472123004,0.723807662074031,0.710768232080758,0.7448468963623,0.713846399184372,0.801440850815794
BS_AZQM1JJH,8.89902667726924,0.0393751257748253,0.0170720844311705,0.0802535495433434,0.861126749571406,0.848447905025601,0.68827043511425,0.873700855537802,0.744118360541747
BS_B0SVFK4P,6.52052224496508,0.0312646917622423,0.0366623774021236,0.289311319798335,0.856239129231472,0.82875956460667,0.785445311859538,0.82150652109991,0.800984981236351
BS_B1C6GZ84,3.72036235287134,0.00606738247142183,0.00863646381339074,0.0541612707292395,0.769675507933749,0.752832375403087,0.613152454885801,0.77059133704814,0.691306350646245
BS_B3M5SGPA,3.88722679373846,0.000199095940680973,0.0105252200922757,0.169777262016768,0.813527510741869,0.795625125895271,0.653521180826748,0.802348811707736,0.662714054739265
BS_B3MQFFYP,7.4916023999535,0.224392671622833,0.0720850228638537,0.617192907806305,0.899491695351687,0.893418437056082,0.833834232759567,0.897784991701465,0.848202569029619
BS_B4R7X1KE,4.62016239995116,0,0.00991095086148571,0.0309799115524554,0.728212434866946,0.720072392267126,0.542037423701228,0.735365257940556,0.567169036514177
BS_B57327NA,5.34829607233524,0.0200177930279745,0.0147500289940238,0.13045575491902,0.834723490167822,0.823971769171897,0.696206974791554,0.852867327849878,0.763920642357369
BS_B5JM6T8K,7.00778515422074,0.0678245870016461,0.0247688124959943,0.243859882637693,0.865549954854444,0.846640461024471,0.76974769598246,0.864555224380552,0.810292952539002
BS_B6JKQFKA,6.17374174008162,0.0430304524628077,0.0222267206222205,0.160297916376179,0.83616764855444,0.820185689368105,0.722703935536591,0.836811276310021,0.764397489946528
BS_B7GEH89C,5.64333456816934,0.0221116529380263,0.0173234875174355,0.137595772490819,0.871199179923295,0.855806412164297,0.662542204632728,0.87228823332975,0.708378131897397
BS_B7X8VXQ3,4.99680663769482,0.00785163132334006,0.0109895831080947,0.111322519424865,0.876142387683501,0.861074805188754,0.679671625466724,0.868763459166553,0.713798442636673
BS_BANCTAV6,4.48413030781458,0.0175147062963093,0.0113715120335272,0.0604073283993297,0.71632639120642,0.685374100625807,0.686223548537963,0.686725364383932,0.764045547265818
BS_BBAEMXRD,5.60022989397392,0,0.0107918611243395,0.0246096502226807,0.777361248887615,0.760809899171183,0.442066100217132,0.774344029823943,0.522518465040759
BS_BBQ6BHGN,4.51167647673842,0.00363929343124208,0.00498537798508783,0.0323430625549746,0.838733558180515,0.817215233527576,0.577200365186224,0.836439390718562,0.661361277772458
BS_BC936YNZ,6.09378884703866,0.0251034913735444,0.0253339610855849,0.28644442828386,0.896455778961437,0.881914047991567,0.809528615859266,0.894477437939525,0.829800738929777
BS_BGRPWBNG,7.12220147790388,0.0748468792299992,0.017768906085334,0.237414812768814,0.841862443644941,0.831840927214022,0.768227583569645,0.846862145517575,0.782167883997312
BS_BJBM0BN7,7.66470301704572,0.0544859719776651,0.0106319205875583,0.184747454673117,0.807070127404138,0.792519275541047,0.724015129972391,0.823351515737571,0.726202473043969
BS_BK0HGRXM,7.74129932311162,0.0306383867490877,0.0262266008876365,0.0962578810142371,0.831486113533767,0.821635591316266,0.760828610482662,0.825272198813145,0.782287614274527
BS_BKQZ550R,5.9487640663894,0.0229034074429291,0.0200135210740061,0.223040541195938,0.863248884602215,0.854051350256198,0.711887970735031,0.87774505135372,0.710131744582947
BS_BMMY0H73,6.55584064653222,0.0299856682511638,0.0242956970378503,0.17447634453578,0.810368188398198,0.789567575379341,0.701910914895911,0.811313225590606,0.755884739974164
BS_BN986DF6,5.66142493152938,0.0179280785715226,0.0166530718861629,0.19667442125157,0.799145453606047,0.777798199206719,0.697547299434721,0.784601318668805,0.681651602254973
BS_BNECCX4D,8.06674309160822,0.122854203119156,0.0455697239630417,0.444879150469475,0.894465497705088,0.884735749059406,0.795168626518889,0.903663193386681,0.807512377356524
BS_BPSTSCBJ,5.44686680048542,0.00861384030818819,0.0167129206981875,0.147481249763179,0.832375422354036,0.809920360549755,0.696387617642192,0.823094530588996,0.714967111977132
BS_BW79W2PD,7.44977129127582,0.0147022733166208,0.0144487692721914,0.0408382590475338,0.897695413139902,0.895856022180836,0.685492322885818,0.906957084461638,0.709808710263631
BS_BZCTXEPJ,7.86579157400392,0.0807995473392706,0.0476802054420212,0.351567607999271,0.874110994566275,0.851855459205507,0.779478219550244,0.869853154622923,0.799490809777562
BS_C0NEVC2B,8.09190458053062,0.0830218448999633,0.025580533688573,0.288274677116582,0.838131007825041,0.821664354534612,0.796603229625227,0.824012315442949,0.812742538890239
BS_C51RB0YR,4.76544080219682,0.0162908413632542,0.0228861775780858,0.277733279894235,0.888744138008566,0.872003576046615,0.7392129235831,0.872814301624437,0.731743661071187
BS_C6SKJG3N,4.87230041158928,0.00955487815929981,0.0230499388867312,0.199534754186072,0.873011092644139,0.860373583857586,0.729190840725598,0.868266733108973,0.782264019651109
BS_C6ZZ3FY5,5.33253393077164,0.00757308347998254,0.0147055766847969,0.136343702458851,0.860617785378582,0.841395418189172,0.65267349598518,0.864703261066513,0.681388071818454
BS_C83TK159,6.320561743843,0.012660057628862,0.0106581600619508,0.0401690399736027,0.839107469912151,0.817564974919682,0.589588027202637,0.833448779034493,0.720093306605037
BS_CB6VK7PB,5.01429873106958,0.0157443307275725,0.01118499895479,0.138587865056444,0.790637488602561,0.77668374653974,0.744667893008048,0.7895409353986,0.736059572927913
BS_CBDQZ8PP,3.52697667071504,0,0.00893477052449347,0,0.668451591948411,0.660054897215,0.407570102041255,0.6576564475604,0.508162491935184
BS_CC6RREE4,8.92229375675832,0.167486663280646,0.0626383124193773,0.473423774124426,0.881661807638024,0.866303865988836,0.822556205954131,0.880740570342422,0.866368452608176
BS_CF63VG3S,7.39794834195788,0.000991586470393296,0.0135571420177729,0.0261158926741475,0.77433899414636,0.765229955024393,0.631707706552835,0.75950818529376,0.677150325274847
BS_CFD3WHAY,5.83363930652782,0.0182660304021346,0.0168344970007291,0.0822075998562315,0.864842388765778,0.84020172742928,0.619854004294229,0.851406091824871,0.69631531155065
BS_CG1RG607,7.81327774068406,0.041968041970772,0.0148675987348781,0.355982806909832,0.879087053286315,0.870153814624626,0.776437720766969,0.873072402268854,0.813800476421862
BS_CGB2WS2A,4.30736311174722,0,0.0081407751081012,0.0627826894814242,0.827829116418706,0.815331449060134,0.647472280782912,0.817903516209202,0.664393134958446
BS_CKX8RW1J,8.00966082600414,0.0731954803508352,0.0205723202917211,0.229564695802658,0.828680762046224,0.807020518419919,0.738088345351154,0.831428447773548,0.744407502630589
BS_CMDJJQ7K,7.41360794464264,0.0985490378264355,0.0333604203373961,0.310294770444529,0.875600701955021,0.861668842782684,0.775571036822074,0.867907714025963,0.776574090351339
BS_CTR5X93B,5.79526053606522,0.0210488060186275,0.0182292611610216,0.18515378474601,0.887741500059025,0.880731426982272,0.667248540742168,0.885277861325168,0.665432251347623
BS_CVEDJGHZ,9.0365358284627,0.0899848510403256,0.0309580682508361,0.151880446761612,0.917139146129915,0.915230125279913,0.773763563704477,0.915123295571063,0.81527071958245
BS_CVGFNCBJ,3.85351654069866,0,0.00916540919254077,0.0768118678402957,0.82151654217606,0.801762777628677,0.616779077402083,0.786941274073008,0.633583147471161
BS_CXAQDK7S,8.34677348985642,0.118107622524125,0.0450345985030007,0.25420171026295,0.921146977877743,0.91335828113111,0.732406789312828,0.927887103520669,0.825865488205374
BS_CZPQ493E,4.10331108616882,0.00557241161312297,0.00244411626596884,0.0425927132917226,0.753294317176842,0.747672580577533,0.681015915370148,0.759239277871536,0.726935419256625
BS_D29RPBSZ,4.5175361364803,0.0106829110347755,0.0138490686446604,0.213543827591057,0.768045303166763,0.752966253119155,0.754220930257396,0.754614294843968,0.765312393190026
BS_D3YBV7KB,5.51580131557158,0.0402867915325882,0.0496299256187636,0.365743009220292,0.911411350253655,0.900958967604891,0.793149817394414,0.902944020778551,0.834186477360366
BS_D4VNDNQA,3.17815316947668,0,0.00254420734649085,0.0701961666882265,0.671741194759355,0.652312300078761,0.589490024005915,0.631994457732964,0.661379411857628
BS_D6J2BGDJ,6.64433514213814,0.00696875892332966,0.0161820549161857,0.0929010956496075,0.736112317010027,0.735799454366152,0.507459692658386,0.739640400424952,0.558530972064925
BS_DEHJF4C7,5.0798453154961,0.0122161004709771,0.0200963690844565,0.219244876471295,0.835315169473851,0.814952964274578,0.755604579080509,0.825988980373953,0.752337515941955
BS_DFGS950G,2.03585372178702,0.000326370552107877,0.00395514521719038,0.0217586625479595,0.635113646530952,0.638399676920279,0.566976598842136,0.630488552052075,0.616935021185765
BS_DMJHAG9X,7.16294186797792,0.0576190918839246,0.0214074273417585,0.230794583263595,0.86041885978816,0.840647657808533,0.728065180690884,0.858965503033942,0.734535358971804
BS_DMZP9G1H,3.08707853742636,0,0.00395018651248354,0.0175506405857736,0.79167301691602,0.771465959550845,0.510396903201264,0.76477536915901,0.592522648778101
BS_DNZVP92S,2.07056949534826,0.0119893743364912,6.09901451634979e-05,0.00169499676233772,0.643058130602481,0.662211301174132,0.586492653686286,0.656293076534354,0.645209393479645
BS_DPF1CX0G,4.94017949766204,0.0106254982670743,0.00807317299868668,0.0636087048794292,0.813893437062929,0.811179899139085,0.637644000347774,0.827834677341891,0.690540017652133
BS_DR079H0D,6.98480924643546,0,0.00646781954731896,5.41501959514451e-19,0.759294646525025,0.761719708738638,0.58164809227885,0.780718449399599,0.646828011649248
BS_DS438CXE,1.42963116001585,0,0.00110254088432804,3.76265040756184e-18,0.592221385118699,0.58361604738152,0.530656261658754,0.579602249158,0.581700871348928
BS_DSPVSM7D,5.71460476136948,0.0132258429346144,0.00873827266684918,0.0538345369673887,0.701909648208786,0.702301082929709,0.699735168249476,0.723780527980297,0.750690656939997
BS_DSS3S5XD,5.34811586487994,0.0178195425971486,0.0155494924735372,0.156778714938623,0.807992958750348,0.790708384850929,0.748524292760586,0.791038937502787,0.769140483347089
BS_DV86M0Y7,4.6332461293727,0.00698875709191035,0.0142086609931702,0.105832313902863,0.834972326380117,0.814246519741615,0.680336933365149,0.825134322975284,0.699813816016857
BS_DZNXFPH1,6.84204254239272,0.109483551598325,0.0403633066332181,0.426177016152133,0.84399446008019,0.822086010196571,0.800263731818642,0.845776102356577,0.840089520818347
BS_E2DEWCSK,7.46768052146048,0.0736139423822167,0.0181292283053846,0.285666487475821,0.866528469315579,0.849276943061163,0.780648346051129,0.860982354850707,0.799568210672672
BS_E3EJHXQV,5.5133385993929,0.0101935487335169,0.0243743984632825,0.293913575033235,0.868478044916659,0.851579302900527,0.751986394500089,0.874261403474724,0.744767404569302
BS_E4GC9EXR,5.2818880409879,0.00266217989919658,0.0200010012093482,0.199041725439212,0.874166112842672,0.860586944938313,0.77368852035347,0.865870908626869,0.801246925091248
BS_E7NVYA6G,8.84451813599552,0.060689279177965,0.0126875152781009,0.319825585376234,0.792851153389309,0.787290139311434,0.850283603309589,0.799066695112323,0.836529001856426
BS_E94QRJDW,5.29975378965546,0.025812687071165,0.0178512820363712,0.16680069125702,0.835674004790873,0.833273673120683,0.726047702761754,0.845135298054382,0.741183789275776
BS_E9CYN4NP,4.06033019330842,0,0.00469819559035293,0.0330703420249352,0.792650128437703,0.776403990388201,0.52138353513808,0.785221113281293,0.59377268355434
BS_EB0XRBT9,7.95250359319792,0.134386978459978,0.0360470589628624,0.192976551191164,0.87914713314993,0.869588138450386,0.764872008355098,0.882258816085552,0.810219383694521
BS_EBMCTR80,4.70673489558476,0.0121329334817742,0.0124431940618725,0.156577080647777,0.814823090119179,0.797608273323063,0.737506153497978,0.822208701497033,0.764395367015231
BS_ED8G98XT,2.79931903478352,0.0014553944575741,0.00624276081592959,0.0992973303876558,0.724776260900253,0.713231344185537,0.678293782962764,0.729092566830865,0.717496410200095
BS_EDJ5TV0P,2.45463384338106,0,0.00263784296810165,0.0138388925661418,0.517052956999367,0.493742932258725,0.550622518463231,0.481776418200677,0.696509817095525
BS_EFEZB0ZH,5.3845638173284,0.0151110619624221,0.0213469715438032,0.212826120886864,0.827573038964427,0.807226343302401,0.779623387807845,0.813921339454799,0.797507745357053
BS_EHVYJAVA,5.21706279020058,0.0157701288016092,0.0176490378446759,0.178321630162674,0.890441076643991,0.882908009087173,0.679029298840858,0.886384734543694,0.70704228480573
BS_EMAJ7P3P,6.94306030146544,0.0660272780665259,0.0396017064304622,0.322945373785972,0.85920319316307,0.844166671759631,0.758679092517955,0.861837721148009,0.79183515305812
BS_EMQM7HTA,3.93857261556644,0,0.00717965941899164,0.0460425273817715,0.714740169206692,0.690668694552145,0.552687218565607,0.710245569549148,0.630752241344032
BS_ENEYB4TG,7.665096002663,0.0649615655043542,0.0166013272396491,0.0993595619769732,0.903478017548721,0.894018187152729,0.736172829424001,0.904293949161842,0.808300693454838
BS_ET8CJXSF,4.32131115020122,0.00208040984487964,0.0063863911079259,0.0756606443989928,0.808129100691924,0.797654179390659,0.609405942433681,0.793784594913037,0.644221782491313
BS_EXGBH3TD,5.99620732359678,0.0240848275951144,0.017534395751371,0.231358883322515,0.870274041383945,0.857467536517344,0.696492965514249,0.859068218351696,0.662841361335212
BS_EXPJQZTH,6.8133622317544,0.035201135405705,0.0275173141136376,0.388537722950118,0.86719346159379,0.852201964573952,0.798131732005817,0.872859206494682,0.818131719038739
BS_EYSS0ZDS,4.52953619310816,0.00900765123163421,0.0117452786472447,0.0718563810148608,0.833220066365431,0.806904435438396,0.611407887917237,0.818265646321489,0.663726807606537
BS_EZ3147MX,7.7964982647252,0.0440055518069954,0.0177822553982799,0.0783156634501461,0.851884892267873,0.833820736948156,0.567624091770558,0.852157002399426,0.655906513178649
BS_F0JB4EAK,6.20787115716602,0.0217027168704084,0.0187675558879059,0.0475653595382788,0.878172966320748,0.863522958884784,0.562211237253448,0.869674953078992,0.687593246900922
BS_F1K9QTBS,6.82512088227256,0.093846314185815,0.0342092793046802,0.286818242742066,0.862937368177924,0.848672236403173,0.757795364667102,0.864689269802245,0.794022033168162
BS_F21R36MM,3.97631682744948,0.00791849008855224,0.00210496237258079,0.0431058163430095,0.646100835297313,0.649753036154498,0.721974422480247,0.653665952447181,0.724317238125245
BS_F65GWS21,3.61543463930682,0,0.00562103169002777,0.0269099277191174,0.616351882773849,0.584556851433686,0.645870315969624,0.610462321568518,0.722278444433701
BS_F6V1Y4QS,3.90889834170786,0.0103684272161555,0.00862716809910836,0.133604273264971,0.75183946141563,0.723141311856625,0.756669853744301,0.745004851770376,0.808813164283223
BS_F77MGAQT,11.1247034292072,0.2084186902272,0.0326187910560234,0.363056827553769,0.921874389426525,0.92014927979356,0.818393954929115,0.928175273031103,0.836441851273061
BS_F8N6CFQE,5.4735074241347,0.0227274549317252,0.019664083102153,0.178731236376335,0.848724356122943,0.835934092294144,0.787668865008881,0.852116761200461,0.779675037938607
BS_F9Y4Z92G,3.77679231156382,0,0.00488253858072679,0.0193023167523825,0.776322618869968,0.756899730682391,0.578709892638733,0.7535022092777,0.608222609943262
BS_FAQQ0GCQ,6.39810191547434,0.032926125923492,0.0215506098170308,0.292898544367443,0.883097534440108,0.868832058750411,0.756537858433071,0.877669179217434,0.767181706895799
BS_FCDAH728,6.2631356389746,0.00893876306407846,0.00946113176316426,0.0381873364766467,0.818809169910119,0.796392222691224,0.560285807229454,0.818262130831805,0.673883907759003
BS_FCX6DZ0J,4.74779653951026,0.0451465282758323,0.0123111319637006,0.299334496658873,0.770681356632488,0.746506712120907,0.796115182444774,0.771697210563105,0.81226644859547
BS_FEV5A0HN,3.33721340521232,0,0.003401899018307,0.00784869458700969,0.695359774919817,0.681062781869048,0.455728045926503,0.674083187198444,0.506239414836529
BS_FGJH1X0S,4.1261402582619,0.0108666189177619,0.00405386040666342,0.100145007436164,0.629947514321669,0.615467044002593,0.703350255260138,0.623316122338941,0.753547499193899
BS_FJWZ3M7V,4.5225464500767,0.0143788834165646,0.0100091308408662,0.0965389797218164,0.802995117548748,0.785926501155423,0.680386667212554,0.806361202692505,0.705780417656818
BS_FJZPQZ2C,4.4571611981862,0.0170616319286535,0.0303952494243047,0.330553059620002,0.887545146996648,0.867472245164058,0.800066786355027,0.879323904748286,0.776827142203384
BS_FKASA3MN,3.44427759830656,0.00354077063041172,0.00145748189414523,0.00804257867941982,0.651571768138603,0.651881553617309,0.378450220464642,0.669028129816208,0.415912023624555
BS_FN07P04C,3.8585646074787,0,0.00368966596540338,0.0294500637646097,0.577092859357631,0.563485542298686,0.543891519880647,0.596248473514741,0.611228832126625
BS_FR42HY0Z,5.53554352980338,0.0260563605234458,0.0130490368146616,0.183269410298303,0.811828293633573,0.793277756797909,0.743445663027064,0.811605803174452,0.790463621980058
BS_FX2P2WEG,6.11439781739336,0.0142236102589388,0.0188968106096828,0.166560631731684,0.822437570162694,0.811991355852155,0.715771535909831,0.812029989642808,0.723020792748243
BS_FX4WKR2R,3.60503486950656,0,0.00856678852091714,0.0595515857639913,0.794159617209208,0.766689077387443,0.59348389907605,0.773128471107828,0.690878791364506
BS_FXJY0MNH,6.74555893566206,0.0178111566585424,0.00659454919320255,0.0619963161061665,0.878860779150675,0.864011374870162,0.707783611283137,0.87336259632176,0.766717638212059
BS_FYP2B298,4.52952583734036,0,0.00605709349784334,0.00738982923017168,0.789319351511667,0.77851366092504,0.489023032570529,0.806348546388309,0.597927713739132
BS_FYRDYBMZ,3.20039486298548,0.00411176441403402,0.0080414420896478,0.159212824721927,0.753348163147163,0.73020366739765,0.744769282092513,0.743480504181076,0.788018514706076
BS_FZ62GZGV,9.86890860655872,0.10408335972594,0.0558913652202877,0.300811515974277,0.906572204629002,0.892834277964255,0.803467553936061,0.910327244259766,0.829161165896419
BS_G19QZG4S,6.75331064397528,0.0625460074653287,0.0250743128986393,0.129235294658809,0.894430098645541,0.882006775844427,0.635308037831922,0.897399404970293,0.717813242941514
BS_G1DAGKSY,5.59111080601882,0.0293407586350021,0.0147690126162063,0.12105436003216,0.814669748448083,0.800736896848609,0.680918436156434,0.818201804190242,0.755613186668112
BS_G1E5DATJ,6.23057778714932,0.012557413419783,0.0056812093832924,0.00346658114394129,0.813684316125088,0.804064273559239,0.649169600699037,0.812168495774363,0.706227498634906
BS_G257VSS9,4.63937677075792,0.00210411874301841,0.00768929543909337,0.0660889369793028,0.773875446736547,0.751004897853747,0.588718448990966,0.761915708912995,0.639264920320182
BS_G3NN392N,3.78301643823,0.000727952392936411,0.0122289831600458,0.0848028960330523,0.780634770223813,0.752105646020298,0.622679522734369,0.763491841160961,0.704599538058552
BS_G3RJTBZD,3.95801448529816,0.00198568775245031,0.00486806058724977,0.0469195967653756,0.713365402617584,0.703731272537833,0.611075221930145,0.70562760083921,0.660445127460413
BS_G5NHSFD4,5.50545438606376,0.0152587378737739,0.0117590550011404,0.0479676653303479,0.83384210581246,0.816568932086731,0.561993918327847,0.823031570406668,0.604499988554565
BS_G5QBBHDV,6.43094074971844,0.028403420218347,0.0197081205247602,0.115664653096548,0.841756790696331,0.827271736456295,0.707550903306857,0.812612813544109,0.708248889250415
BS_G7AGNB5G,3.7517566269652,0.000659097223270684,0.00503419074729911,0.0100608839728081,0.766021443899114,0.749399486408938,0.469359360056219,0.767700105595562,0.565743574817401
BS_G8TXTX0H,6.3660257792319,0.0536206583644614,0.0347306644762084,0.155029733357103,0.81106041951884,0.7964913236332,0.601268167497257,0.802857253064873,0.647098727279888
BS_G9XE3N9T,3.9811222308486,0,0.0092102109311646,0.037026797456756,0.804721219490405,0.784763453818583,0.585132566804225,0.795688032024597,0.626190342444775
BS_GCA4GET3,5.66252809959018,0.00608820044110023,0.00979762550999674,0.0985716423465515,0.842497038086848,0.832142186428434,0.688062528416323,0.83687580438166,0.721777903402691
BS_GG9W3J9Y,3.7301448346442,0,0.00380268995943102,0.057868958207233,0.729618596797249,0.717042432484611,0.622292541127016,0.722145232441517,0.655723818549046
BS_GHNJ4CYC,5.88109335821266,0.020395716917652,0.0159342346781064,0.201784275026191,0.887861459090425,0.877229466837737,0.658366400183774,0.894218736862794,0.658560069174115
BS_GPEGRCCT,5.81436921294558,0.0356671509806787,0.0237976744509691,0.216192476596241,0.89449683527208,0.880187260451726,0.721632830186572,0.892951149815012,0.762178619763935
BS_GTZCFGRZ,5.02215083079506,0.0115372465703123,0.00872212947742386,0.0880455073357612,0.780147694697081,0.752585402553535,0.710415130351449,0.751761654465017,0.717628690518899
BS_GW0GKWMS,4.64180160393558,0,0.00854697093517981,0.0817200399446024,0.830425747820685,0.819180565588949,0.588295038935428,0.833331372298712,0.614737631614822
BS_GWHYM3R4,3.42371641763792,0.00334810492399355,0.00288860151791047,0.0749988885094311,0.689298440408973,0.662948644000845,0.706781649875368,0.665393120668909,0.765708016717408
BS_GWSJ4Z9H,7.61928829381274,0.0508839928262648,0.024903357642116,0.0818747734038276,0.864844860988395,0.848297352488021,0.712953125557339,0.858406165142856,0.807941119287738
BS_GYA4V1RD,4.30548351400464,0.00127112024476324,0.00840611954462111,0.0451559963612027,0.857499272222027,0.842027556159769,0.600009182142781,0.852081504760447,0.650298452584162
BS_GYXSDZ56,5.66696826123708,0.0272932401285194,0.0271507963211668,0.259217539861667,0.872341265514304,0.855341882009996,0.765170654622773,0.865344418295901,0.797511997806589
BS_H08FEN68,8.16904398703006,0.0327072402414871,0.0123820716516341,0.0402675573016623,0.839658316854251,0.842251255607479,0.661982696625072,0.842121595230842,0.677991468971183
BS_H0WF1WHE,7.87341602065296,0.0570219972098634,0.011708513327185,0.110556259527262,0.90000412977889,0.887265406760086,0.717271725699531,0.901933479066839,0.762373416752914
BS_H1XPVS9A,5.33726252173338,0.025908586548784,0.0129703886911741,0.170270181062836,0.877492037492436,0.864820497514607,0.683745978585457,0.874685431424413,0.73326221640437
BS_H3FE3TH9,5.34589800067068,0.0183796341992796,0.0113537984962559,0.120581095424263,0.857858241062516,0.844036981076754,0.652270097114063,0.866795690246441,0.675208277638517
BS_H5VQJR7X,6.08187621069738,0.0435979364124311,0.0546263877848609,0.309862734486299,0.724676474219328,0.707760389936694,0.764795844083894,0.700843352544807,0.782286215228036
BS_H8A9PSYA,4.9982265124602,0.00979876109065725,0.0109015851969412,0.111742077392751,0.834430329123664,0.827628936203683,0.654446374666328,0.831184375419173,0.657855600379762
BS_H97S5SQN,7.43549390840944,0.0277036008958136,0.0148412789119496,0.0631753070595476,0.890423722047157,0.876726698548492,0.603923594097573,0.881694752410685,0.690120092149183
BS_H9EX5WX3,6.90026973970422,0.056639781618904,0.020924062944998,0.189511340198762,0.842472920946878,0.825328542319029,0.706060671859626,0.84729003775386,0.714289844705279
BS_H9JYKFTV,5.21825249097118,0.0213994279175848,0.0104573870118683,0.19331264703197,0.741950288473923,0.730014685562138,0.788373653591151,0.763818979410004,0.806500894813934
BS_HC5M8JTC,5.60090823080048,0.0289165793161695,0.0267089581046709,0.34270227362832,0.898899456283745,0.885773084083418,0.800813005642082,0.890340190126529,0.794363386240546
BS_HDHXX8Q7,3.96355878766854,0.0111904811279442,0.00928964531373353,0.0662233793609932,0.708173936028053,0.691862808813807,0.609067972894678,0.709233956329776,0.714229435120192
BS_HDPCQETG,6.24791994384362,0.0774327889792545,0.0373762056544343,0.343182966689321,0.807339362077703,0.786134296556422,0.807986481548466,0.807582471128841,0.787373637689698
BS_HJRTC9JQ,8.07707981677892,0.0724207394358408,0.13926701814266,0.971547583048714,0.857828416376668,0.845834816160362,0.841293776091452,0.841017002925549,0.793308005118423
BS_HJV0J603,2.57331643482336,0.042297045283195,0.00274757609206583,0.26865187835092,0.599330796046487,0.610221804708248,0.710140094698116,0.624869341509845,0.770838172916994
BS_HM0R6SXQ,7.52578365696042,0.0999780886107711,0.0185783621829192,0.341831203751081,0.85576381184874,0.838296057380931,0.808428281070667,0.84958449684763,0.792921463507743
BS_HNMQ7488,6.03456271697348,0.0580757265707683,0.0211912673947534,0.267183898747718,0.869205564455988,0.851934798404624,0.763023569029149,0.879864996564034,0.784574951017784
BS_HQ5BJ6MW,6.08744718831334,0.0236686748660007,0.0224966595818502,0.230420417405577,0.866445187815901,0.849640856618898,0.797216933620231,0.866862178849668,0.805687181994019
BS_HQDXQ5Y4,5.8170770448386,0.012216733238837,0.0160472227629957,0.0948985145126812,0.842888690666131,0.824656212615548,0.704647695424992,0.841771067864201,0.790056310270372
BS_HRJ9145M,7.6901674897365,0.0499372131190044,0.0134784999657989,0.493667122872198,0.818868656094786,0.815260444764655,0.878555225073735,0.817439378429093,0.867204697680403
BS_HSHN8PBB,4.83625417659206,0.0164066570684054,0.0196226624413425,0.15036005745263,0.872171399829566,0.851143435730918,0.683564488946539,0.860417025663831,0.685548008960599
BS_HSTNFPKW,7.71250290123624,0.0870765484495201,0.0283014182692144,0.286393219671426,0.884066409579389,0.869366227811582,0.790165467449388,0.886372256706421,0.847582254367294
BS_HV8PFRBR,5.88323710606294,0.0232694400117047,0.0188169507063488,0.277737657860061,0.868729854535545,0.855643905797221,0.734437102932882,0.852457328999165,0.729612654539769
BS_HWGWYCY7,8.90508319510998,0.201698942675143,0.0940564277007606,0.573898491298012,0.818063745212627,0.789353711179989,0.830678173520626,0.808174055602501,0.805056849448661
BS_HZ9AYDCQ,6.21961302431662,0.00420962124810176,0.00800587917151651,0.0111812032667088,0.839303771217505,0.827365574004103,0.635636781168205,0.847640619335634,0.697537076897942
BS_J4JY2F3H,5.56563488031508,0.0404179203591946,0.0251913606829026,0.187957230539216,0.795753592610552,0.772553583638232,0.678845511332044,0.788234012085418,0.728887552245725
BS_J5H5VXWY,8.07935919671598,0.103110779444936,0.0397557302147608,0.340039346385783,0.876866817121286,0.851931884761287,0.812498807857933,0.873549976823675,0.846104877532773
BS_J6212Y48,5.12073511001642,0.0127486022107357,0.0197996919826308,0.13254507938393,0.702455697561729,0.681296895816171,0.634425748965857,0.683302773376617,0.688099581206345
BS_J6W1RB7A,3.93416509070516,0.0171884287824694,0.0111366943361023,0.15754691135121,0.763114090191018,0.736381830620904,0.774543281190371,0.756065711992855,0.822326278498382
BS_J9CBGP57,5.65901113561532,0.00963842312005092,0.0252468554742401,0.086282384091222,0.845942123621407,0.827114434855988,0.621784584432201,0.833381796214371,0.67393753457767
BS_J9M83K8T,7.1533258198891,0.119768123858454,0.0322319589644901,0.311912115615724,0.887321347430858,0.870771053651981,0.731306165740637,0.890391355582694,0.772774640858216
BS_JB43XBCQ,7.50375242246998,0.0423899739815171,0.0201011229911274,0.242108492095865,0.904834645961382,0.888160942209103,0.7700118093847,0.900258479502223,0.863627605290808
BS_JDSNFYQ0,5.30897803455174,0.0154018306317467,0.0282137478999194,0.236958594514612,0.753263218710117,0.738387572879629,0.768535678427866,0.750821619361721,0.803637229671858
BS_JFVB9KXB,1.95133607314636,0.0102856247578375,0.00111555169244081,0.00466878104826077,0.559423449173621,0.561725071654737,0.492010706458448,0.573679784634522,0.573886009065364
BS_JGKZ54SA,7.96679011226048,0.0762694656983687,0.0341534366769721,0.304906919338521,0.870928595261503,0.852650301265041,0.764774666062408,0.876057919064808,0.785636045457297
BS_JH29M4KG,5.58793547849058,0.0220911710884074,0.0325640383026682,0.288675005576254,0.889599690231182,0.868841842991803,0.724148637117395,0.882010368109148,0.722404244179288
BS_JJVH7WR0,4.46286060997184,0,0.00367501033854923,0.00383101393282877,0.70966537420705,0.696885428814994,0.441247931727219,0.714621554397511,0.51513852387255
BS_JKXA3FQC,4.6860317599427,0.00641962888475074,0.0133614674978774,0.0437238951756232,0.804994360283861,0.799769286907803,0.608764150792269,0.802067796929578,0.658791509046169
BS_JMD386Z2,6.74968280262622,0.034366815227712,0.0217209448325785,0.292372101700735,0.794904842899234,0.769590647700968,0.746805912946344,0.795774544456195,0.731506947335818
BS_JMHG7GCN,6.01282753078678,0.0173637571054269,0.0157188150122516,0.160855531468104,0.865955821104796,0.856931268927754,0.678095827955772,0.871660009194675,0.715324958299699
BS_JP95KMRD,7.97217587810136,0.0394871963728424,0.0260111481796733,0.09340543229537,0.837043311532068,0.823324274920534,0.756810746244576,0.84222834708413,0.787797752844454
BS_JQGJQ2QZ,7.68874486028672,0.00712040272098798,0.0137361225925621,0.0148421577112712,0.784843314029109,0.779824728655303,0.667462306610762,0.800960901030824,0.685625284171939
BS_JQVAWTTM,5.96860831491694,0.0368614350028631,0.0112686777999709,0.118002167709517,0.893760729021199,0.874925161107816,0.636475668028357,0.889944856918872,0.721307657920519
BS_JQXHHK0K,4.4215165455812,0,0.00752703709356761,0.0313066954783709,0.720465341881837,0.709087101846317,0.618243194121659,0.711304458772618,0.630879782339106
BS_JRYJGYC4,3.79420761475732,0.0109805314029547,0.00670913141944861,0.21567539983553,0.69818076019056,0.662695771990268,0.816060198972437,0.671657106472701,0.806084767304508
BS_JS95PE0J,4.78407842106322,0.0236611287035989,0.0167206202305242,0.270633674911969,0.762016278406623,0.733416971748197,0.774070353765271,0.750379895810605,0.803340264635551
BS_JTWNJ8T7,4.83486757260658,0.00263471969995688,0.00650727500731767,0.0349478926984238,0.650417940947629,0.645625336971053,0.540395202082897,0.618825557866039,0.545402531479891
BS_JVA2NQFF,4.50424418701572,0.010819024572819,0.0106561614160705,0.101225576208816,0.839329937711554,0.827064413394046,0.666974940898278,0.842428860994172,0.690309041636177
BS_JVW2JJ39,3.11496776690696,0,0.0026284577273217,0.00149322436212599,0.550800683929099,0.547469591690865,0.594924297628095,0.551720815326963,0.630322492844818
BS_JWSR581E,5.8236804314647,0.0212386299485585,0.0231163448023144,0.27533654243329,0.897034182376694,0.88312009672531,0.738912362416354,0.894677520685243,0.724059935357753
BS_K0X3PZGN,12.3340969331712,0.363236079377342,0.0806704055611025,0.616576977913152,0.85228389912234,0.83858504850387,0.863046421250205,0.859706369125326,0.858988591840121
BS_K17VQECG,4.89097608655876,0.0173621601502977,0.0151840047762026,0.159905236105511,0.842860646244699,0.832237891720009,0.676640271097225,0.834923439061733,0.680539981025721
BS_K2PCC777,7.81778488647184,0.0300299655500661,0.0177637621119531,0.187418391954958,0.882569438988271,0.865789421405257,0.780966508569711,0.883675550711875,0.828926629227675
BS_K57A4A9D,4.07210415986362,0,0.00707461560268881,0.106832928883618,0.849350230893874,0.82287022216118,0.633493648684913,0.824792131892446,0.683396954558658
BS_K5802F84,3.22444207429926,0,0.00379453313101649,0.0146946465043531,0.819285203838832,0.798424023928157,0.574452918033741,0.796945466085956,0.624445368597425
BS_K74N1BXQ,7.85625020472456,0.030770543431153,0.0118520952964459,0.0259658097721608,0.85717916187849,0.848917569756391,0.679368189629727,0.857218375076132,0.734941639799879
BS_K7MVS0Z7,4.86733374050858,0.0104017448867832,0.0129839476436489,0.160985568486159,0.846698522353851,0.839291119103076,0.709105368038765,0.851833715739392,0.693558344889188
BS_K81PZXP2,6.25430055669346,0.0488179105724757,0.0182613338023127,0.267550686346243,0.783746935638014,0.759702074701803,0.776757676710322,0.783094898282596,0.829987126609142
BS_K838XW6V,6.43264092455178,0.0331695948616616,0.0194514576267171,0.260267116335878,0.822292537186156,0.805389003462287,0.792387393467016,0.823512659928287,0.805193455900502
BS_K88T8SW7,7.11259761586982,0.011330367382117,0.0158618993467751,0.0901217690895093,0.681115171830961,0.693167246339273,0.825697882100809,0.679040198803588,0.831171467222755
BS_KABQQA0T,6.47143030024876,0.00319858678957019,0.00715327481953544,0.0194247509320813,0.824750938175619,0.815417496391093,0.474683770976521,0.827761715063506,0.551195116063041
BS_KBEX4RT2,4.55805102262826,0,0.00523429449925186,0.0527663968516706,0.713354077676719,0.7020925827259,0.615611274267708,0.720168187650249,0.663490180626325
BS_KFD5128N,5.80874164416502,0.00626171836343918,0.00908377094585328,0.057713221436161,0.771664354321269,0.770635139860353,0.627182458491719,0.794577331908469,0.69605623406619
BS_KKDTW11T,4.34996494949534,0.0175312429300427,0.00148187713142241,0.0682534627853887,0.542071011919034,0.555393435026644,0.602788286869298,0.559820711082138,0.636637340773623
BS_KP735TJ6,2.10871334036872,0.000840549156649303,0.00186650357906331,0.0322306274738884,0.622073557591973,0.6030674135614,0.630147719575588,0.607798586447282,0.678634483712707
BS_KQ6ZW085,3.93260316032804,0,0.0116409624411784,0.0586901171378564,0.853760663330267,0.83383613594667,0.637672087441679,0.839336811133434,0.674101951256037
BS_KRS4EV4X,3.76874932627604,0.0167777218864133,0.00163394912096163,0.0316218080673726,0.729470589331982,0.731491335230258,0.607519373342052,0.732643178625175,0.614768212854743
BS_KS8HMGA6,8.84625742709934,0.137922400989298,0.06999232559975,0.30597568190756,0.897984485345915,0.88604697547132,0.815000585399212,0.900570755862823,0.825840405050748
BS_KVPWHDR4,5.6623961545935,0.0224431652841764,0.0146189443103013,0.0916734036756208,0.784446847689356,0.763617472271971,0.643279103580543,0.78210055944172,0.695802982448568
BS_M0FA190Y,5.713800957895,0.00509921380533495,0.0105863423787146,0.0148892138949701,0.823237650709855,0.80932679984487,0.634307937522781,0.819163651214271,0.724915855441594
BS_M0XGZ53Z,4.6887893892884,0.00553656790923909,0.00317177724547727,0.00409355039327287,0.71580312802446,0.712162892767058,0.521678428490463,0.728181773220257,0.55893197813297
BS_M1PVEHCM,3.22672041593828,0,0.0026570498438212,0.0129574047340547,0.697703156993472,0.677767648559072,0.490493761754157,0.65464088864846,0.562118369216913
BS_M4NVX721,4.4272497436126,0.0017252254717039,0.0198305386925963,0.20918695257073,0.870780891693939,0.853152053075082,0.732506217379729,0.854706399303431,0.7230638186683
BS_M4TTKPNR,5.80965789719232,0.0222328023338954,0.0242484684060051,0.248346406491866,0.842603428993441,0.826633781434858,0.824291846401332,0.834333402365319,0.844448282569914
BS_M54TWTH4,6.81690688305222,0.0404273646869756,0.0130081270171612,0.0895688478832396,0.843585354242451,0.830058702834317,0.647931900419814,0.851600998703276,0.690836669878867
BS_M7XB258E,7.1331441846032,0.113251590752787,0.0453998579177462,0.448103260020484,0.876492153498977,0.859841105342826,0.854341291058854,0.875504239070746,0.871066543795325
BS_M85CXHDV,6.40209100769288,0.0287758316670505,0.0519429808765804,0.521859971298384,0.848565399956729,0.845305427186245,0.809095829723959,0.837837992024742,0.804450161427711
BS_M8M56Z4Y,4.4767107438016,0.0102265278113808,0.0115984610282127,0.106848355030515,0.820952314763018,0.797248575480736,0.652023551337015,0.802851276230596,0.690459995017223
BS_M8WP5T16,6.28440603699048,0.0555505349276014,0.0594369489527213,0.515674537307914,0.852535772964543,0.832806375215385,0.790504662710235,0.849635146545597,0.829726105630485
BS_MB7WN0ZB,4.51172224322738,0.00532257183692214,0.0170506007439338,0.189945523632105,0.745142421505803,0.733128285767089,0.759089149758355,0.745767435151371,0.768106591871624
BS_MBSTWZA6,5.55217639735444,0.035578449239191,0.025241630655026,0.259609706460176,0.845460823081024,0.832059131373063,0.730294808577851,0.843780925953592,0.702283013002922
BS_MD0937XT,4.57205134214054,0,0.00485027298223857,0.0191770857293449,0.67609370822697,0.662940364928159,0.632711407834629,0.674712380354214,0.668349110289392
BS_MDBT7S5Z,3.2002362146957,0.000577519156342589,0.00482086457612018,0.0298430658141106,0.65477824820955,0.651426243164146,0.598994075344499,0.642207917330472,0.621798196598156
BS_ME6VQGG4,4.37950335041116,0.00999967015230802,0.0132686559884012,0.183033560676243,0.753226887050676,0.736080041629132,0.695725042334986,0.769420570812863,0.728387424905903
BS_MF9X3PKH,5.71815581346444,0.0283090137513541,0.0283384585981853,0.29926191324712,0.902032979468968,0.887274752697065,0.798253140895519,0.899844840645699,0.794088921912226
BS_MFGZH8FK,3.8055987930802,0,0.004969869399877,0.0273521010270779,0.691253573535551,0.672316822519787,0.69387281499394,0.683412258914546,0.754212268388705
BS_MG78HQDM,2.63710128149602,0.00432503866284347,0.00134069989808174,3.42295227165502e-18,0.636994369782899,0.645925045558622,0.459468023129304,0.655772578787482,0.514051938893066
BS_MH8RAG4A,11.1164005157918,0.128681789212935,0.0140508704964223,0.281983883732426,0.782199899114569,0.771590789116032,0.810551586813344,0.789514296326508,0.818039502848965
BS_MWWZBQ60,4.16485096042368,0.00441580386737349,0.0179897516773152,0.187252393153736,0.81534687090227,0.790853677580663,0.721613478777592,0.798958639860565,0.779979061696408
BS_MX92FD6D,5.99813159497532,0.0123387300775256,0.00765935328112671,0.0687415473420571,0.807754576328848,0.801401286224512,0.67840798761576,0.818119325909159,0.694346569250493
BS_MY9D8XZ1,4.78786019775504,0.00975485737506342,0.0162552731916068,0.202099174786099,0.886410477419756,0.876094843986665,0.726299405167059,0.887365112023015,0.743596040071853
BS_N1E0H8YQ,5.20982695209906,0.0225474273573706,0.0226252012608405,0.249586841997516,0.827372095532398,0.801042269600966,0.766454549183499,0.81031464670319,0.791260414889514
BS_N210XMKR,5.6487757827684,0.0102677365880759,0.00953577290840973,0.0710073693347317,0.825029618314471,0.812727875616745,0.569280050283962,0.830894698168901,0.625690050886176
BS_N6NE6B3W,2.5866991322091,0,0.00218352649975209,1.1413736890721e-18,0.658211955201802,0.65885988715884,0.486958675800255,0.656151828084772,0.572634561864345
BS_N6TQBQ8M,3.64651272810526,0.00194857392369407,0.00752815763972833,0.0299019937756462,0.684042102458524,0.666000216612819,0.551100198981671,0.688045488128954,0.63402444610009
BS_N7SW36FD,7.19296679551042,0.07114287931646,0.0259201469028683,0.234219340307946,0.882329600482961,0.875115859356816,0.738006014359573,0.884219575526845,0.758475731615522
BS_N7VQ1GQB,7.54660890784586,0.0662823455014682,0.0182744620278505,0.22097065517415,0.863608430385797,0.847588575855714,0.74676398891418,0.872894415672141,0.760268606509265
BS_N87X1T8T,7.77124495887476,0.0943102681272807,0.0276081628620413,0.320496087777237,0.881452379267677,0.868789019562601,0.80554276341531,0.893195334823585,0.829916992715835
BS_NB5XWMJT,5.04056557526488,0.0185267573148944,0.0255730871588715,0.239413775766617,0.853746056807629,0.831156484667689,0.732619018147113,0.832385743200834,0.774963174454395
BS_NB9XXBW6,6.46327693445918,0.0279551270543554,0.0108562828182496,0.0530727616942284,0.862606291634997,0.846263221933519,0.653079469087489,0.859493726802544,0.766112579915564
BS_NBZNAG7Q,8.84370375111586,0.103650490516878,0.0226978863627579,0.133362221553466,0.838487675029932,0.828455666157777,0.754294818325966,0.844005713096944,0.773369944703577
BS_NEFAASTR,6.3151102458029,0.03124707686728,0.00706463785467961,0.0957691567279614,0.740378328848473,0.739205676965607,0.737605268259957,0.75898945924135,0.769358569627427
BS_NEVYM2FP,7.37017576011186,0.049764607305973,0.018174115153978,0.0906253516561471,0.8804714276799,0.863492143465293,0.63529746674956,0.875470617805071,0.73572929749395
BS_NFKKDYSV,6.72773941338608,0.0570773945780628,0.0364326139283645,0.284284382217322,0.804341318894392,0.780835507793314,0.795688825394722,0.807298903979373,0.815173670601175
BS_NG9X6SJA,7.55552386629072,0.0537871454934377,0.0150411203807125,0.217414459187536,0.862167842611962,0.846581010914704,0.764997366814401,0.872183567267908,0.77578358733648
BS_NGSG2KB6,6.37103458178212,0.032594495354924,0.0156282303064332,0.0916087976414229,0.894484870045742,0.875985613785007,0.703937157760709,0.886228188324616,0.806829747839106
BS_NKEAAFMW,2.21557934667142,0,0.00197459294200182,0.0119841555275534,0.574967438778763,0.583033799541688,0.42590901377487,0.578604083326822,0.443056843802065
BS_NNYXMSTX,9.0701973651675,0.100469932177987,0.10543508047362,0.448024809602681,0.877439201591616,0.874145144407437,0.67041862298004,0.885185832420832,0.736957464082708
BS_NPA6CZQF,6.25461313397326,0.0156379297100899,0.0112965181933177,0.0504569657808616,0.871918092461868,0.85392967422231,0.526586814840153,0.868588459564307,0.593290843432577
BS_NPQJ20KX,4.83057617274974,0.00818940301815672,0.00991034027168905,0.111409581456748,0.815142062984101,0.793879895021991,0.686079494810596,0.793393521289544,0.726409110640043
BS_NQ54ST98,5.6960727726397,0.028260171568486,0.0176145573560904,0.12394519151841,0.829024041673669,0.808361051607419,0.706665569688379,0.825387145431352,0.777769222741383
BS_NQB91P48,5.3432426354628,0.0108080207090277,0.0166278927968123,0.138076748274662,0.820367183298177,0.804082384562466,0.712868931037112,0.807957959829304,0.745338851315943
BS_NR3P3GN2,4.34204661353644,0.0152203112651219,0.0101909542913505,0.102480975334051,0.759691062837882,0.735017281447294,0.785551865481857,0.735970104920463,0.787072892733949
BS_NRFQEQKP,5.56513250800166,0.0224128796078904,0.0133282205276402,0.151327352220808,0.828505018200894,0.815849389123456,0.665402657319873,0.837320521537226,0.697396231200403
BS_NRPG5K4K,4.67014163559514,0.0205071631740841,0.0138022597826048,0.12298480029215,0.861847252882425,0.843138894502085,0.655893574888099,0.860679859958124,0.707001807707727
BS_NS7GSHB9,5.46229103009088,0.0255916518919886,0.014929933434098,0.198380580430719,0.853372774756816,0.841366030698061,0.726926468300709,0.851139747447254,0.711254153134239
BS_NT9NZYFD,4.21777650928856,0.000395778867615631,0.0116694164295268,0.0829328925218234,0.894964321209497,0.879035854346972,0.574968415679231,0.886862305233101,0.630428498225366
BS_NX1R0BC3,7.48605799464354,0.0265177881784114,0.0198400949101414,0.170800205469529,0.778626337790275,0.766361301181397,0.8105364366322,0.777868678165018,0.830659409924016
BS_NY5T05AK,6.9452604421166,0.0893774882757836,0.0258186908409308,0.260771899024162,0.879048214790334,0.865546415862501,0.734586427821664,0.884556413305099,0.774538070632966
BS_P0QF87WC,3.96528345526776,0.019939441558266,0.0105861400903957,0.191077323641977,0.671417617295699,0.637321003456448,0.797479964228046,0.646600688884855,0.835813572419393
BS_P2Y2NANM,7.44978278318978,0.0970796145140533,0.0329386749083004,0.371179583069745,0.866186614739796,0.849670397710931,0.81551343302162,0.86286669610714,0.84968981872871
BS_P4PMWFMV,4.55161532386216,0.01566210760532,0.0122068368820786,0.0760724244095799,0.776394865985263,0.750309123342474,0.649544580456233,0.757106397831841,0.71521749964677
BS_P7W3AYKV,7.93013102980392,0.047812392113961,0.0146243231364778,0.0636528589346296,0.699774481988696,0.702812614793461,0.737755775472202,0.699997123909381,0.719572096086028
BS_PDVD0GCM,6.1941272156627,0.049270706618696,0.0107507055961154,0.154166585594962,0.825581502411305,0.805929711225012,0.682703241191545,0.824685635850948,0.708537381346639
BS_PENM28KT,5.99452747729036,0.0172165370350064,0.0107966694042021,0.0947524224381261,0.823102284142305,0.813682271748694,0.645758182532683,0.8406401855596,0.671850671381558
BS_PEP9NZXN,4.79328191553852,0.00623495168711129,0.0117611140483677,0.076951134216629,0.832700635151903,0.825224326931285,0.639851818567777,0.845791998769081,0.701723169483804
BS_PJC6FH4Y,7.55499223657964,0.0614722363097844,0.0851900864272595,0.480621781155626,0.908554263402873,0.897031931877474,0.857778996171334,0.906180058730859,0.845007288626477
BS_PQ7CQFYR,3.4136146962421,0,0.00849557686768237,0.0299258985670667,0.791064637651781,0.758842837131785,0.61703247734434,0.747266820659208,0.696287989340642
BS_PRCG6W20,6.79489507568616,0.0652754036351747,0.0155067065048564,0.276407796194811,0.837411628147043,0.817922913225959,0.814230893883389,0.831965027229547,0.844404631800262
BS_PS0P3QJ3,4.11829866901516,0.0166446968633022,0.0104027312530998,0.13508343567153,0.711467679786698,0.691921532583554,0.693143923996587,0.709294600997299,0.758441857027647
BS_PXCPK5XS,6.2493748639974,0.0245360798977771,0.0142818449925599,0.08482146610317,0.757555502839256,0.740444328724361,0.684602239718979,0.751538806614654,0.715565936526749
BS_PZVHMSYN,3.3105107715866,0.00410965405736474,0.00624913384327519,0.0391176042155728,0.615105014713462,0.599951520443769,0.696865748844385,0.59457998666354,0.741449378607447
BS_Q06J3RYW,4.39760168325528,0.012311367562501,0.00821926214577809,0.201784936006582,0.862398244916767,0.849499451447702,0.750939387768645,0.858786858731488,0.789504682071997
BS_Q2PBFNDF,7.58469327306248,0.0963794445493327,0.0287884796614454,0.303115028857074,0.859520368935983,0.84292797063319,0.77040312006062,0.854660474603019,0.77934951704078
BS_Q35GFYDR,2.4306980958296,0,0.0025812683727776,0.0100769534200011,0.588323511592749,0.557593605059526,0.570385567158928,0.543355342592793,0.667752274293587
BS_Q3TBCK4V,5.00934258027848,0.0155201355423109,0.0207482960128771,0.204422540293803,0.835364630940008,0.819905522544525,0.762950636110384,0.837014866754095,0.769737851812963
BS_Q6VH5GJ8,4.34578758619704,0.0134790882713523,0.0108251286298027,0.0890469860091038,0.816421101381133,0.787372336766957,0.609414274543079,0.793355548067505,0.695268222682375
BS_Q79NP5YY,5.99322706572626,0.0302653424261611,0.0225643503625528,0.24471322221914,0.860599334661062,0.849394086204859,0.794624136834155,0.856852667546982,0.813503785045661
BS_Q9N5PRD5,3.05747352590874,0.00246978713788001,0.0079088927181113,0.0989703038928024,0.690675688966175,0.667102358043388,0.707269548642051,0.665427688946404,0.785175507474657
BS_QB84TBA3,3.50376114996954,0,0.00239515196667149,7.74695289800712e-18,0.561028615129093,0.549115516264944,0.549607975569137,0.544059846487583,0.615897896554628
BS_QBMW69AM,5.81553093868508,0.0328579127089385,0.0174628979880699,0.127536779562555,0.802249617404874,0.782241036701894,0.712301968022432,0.801505661780374,0.782234594418338
BS_QGKEP3KB,7.2317607820093,0.0816406795900393,0.0506772147288275,0.333340653825883,0.836550473308997,0.826784608786466,0.771546291306287,0.837441578558993,0.767264693539503
BS_QH0VYVJK,5.40775954017194,0.032554645189704,0.0118124470428384,0.2533757717643,0.80155060346096,0.783565783918576,0.719361921155335,0.80293624916299,0.775416643652037
BS_QH82PBMB,6.23072112059666,0.0456554776061708,0.020170646929032,0.25046405925696,0.864922074591944,0.845134952263928,0.724830161635939,0.859685044744298,0.736509863716929
BS_QHY302E8,6.47474769212082,0.0640864767687544,0.0290480696343061,0.435945456487476,0.788945853713087,0.769131991502735,0.796263049146031,0.78750029972687,0.831741064500363
BS_QMBS32Y2,3.63219241161954,0,0.00716288396768055,0.121928133767715,0.711770262842167,0.700204366851973,0.67167700716066,0.726668409347292,0.724147370872909
BS_QNNX91SM,5.56609730083446,0.00784924566758113,0.00838379693834026,0.0418871557370948,0.821940398561465,0.79783419184378,0.598105710716447,0.814038628365068,0.694760731892389
BS_QRNSKFMS,5.3208326542201,0.0287303524922294,0.0184806056598179,0.241489823233501,0.884184832935083,0.870803210467252,0.746162241848432,0.88747596011294,0.764876268547819
BS_QTSXW7DA,4.8959463080554,0.00998652162442668,0.0187085182277553,0.135068039927615,0.841507354761223,0.82404250827697,0.726502507949549,0.8266750844851,0.731954692764319
BS_QV51J756,4.18561685143388,0,0.00790509310491447,0.0480067150741423,0.855710959585578,0.833844256197004,0.585465261147951,0.828646969328053,0.645916824237964
BS_QY2G1JZJ,8.04636402710576,0.0312902279073322,0.0221390034030865,0.0568495414894479,0.874316742212459,0.859747609271226,0.63413257411673,0.873469103249193,0.683431149523643
BS_QYA4TQXX,2.5500114097275,0,0.00216087783370695,0.0136429504886998,0.571108533517111,0.580612452469463,0.620770678900835,0.595075451318994,0.701653531657265
BS_R13X6TMW,3.25130721238198,0.00633154917992121,0.00879799832720455,0.195370415304195,0.805620712248115,0.780406204686794,0.74816723891494,0.793921748075453,0.78535783417686
BS_R244Z0WX,5.45995287670964,0.0202886045604258,0.0126161016509881,0.14726730462204,0.880573380023914,0.861512692856352,0.679691149352963,0.861998541981623,0.690408830203948
BS_R3AJB6VS,6.94049153997936,0.0421370491026537,0.0184312068206186,0.210621317594455,0.845550273710362,0.830877445086622,0.707256020572072,0.856729493196753,0.761829601970886
BS_R5JQE0VJ,3.48909742711056,0,0.00359290261652006,0.0700657651825796,0.64123701254565,0.645443015402944,0.761414321235436,0.655300802570616,0.780710945057126
BS_R5SNFB5B,2.22448713038216,0.00362083842029944,0.000930422598967069,0.0249848175334641,0.581252335573062,0.561419777920439,0.606299702662682,0.558628649130059,0.618288373224548
BS_R7V8BC98,6.8492782751705,0.0821439992607164,0.0202398887425038,0.257900503042972,0.854891225721878,0.838881411862558,0.771472385364001,0.85110586408994,0.797930599134061
BS_R9B92M75,6.40084894751294,0.0177149669653135,0.0128762833476834,0.0716872457767671,0.859756504821573,0.842560253478951,0.662805239059661,0.851624778973714,0.767792566334291
BS_R9CKW9DY,8.25558187517994,0.14136287941823,0.0484513798530018,0.419639159632288,0.893574605715024,0.874808825862714,0.78806147982024,0.896887236704218,0.822094004920435
BS_RAQFEB0S,7.23802860382474,0.0542064983473555,0.0257862807175173,0.211247636023481,0.875464724533311,0.85797333693929,0.721601456566674,0.88282483124776,0.781336143737091
BS_RARBBY7C,7.45784771713354,0.0708203748073744,0.0178967944127843,0.293213468962439,0.870478644216743,0.854670379296355,0.787927709215613,0.880228525204721,0.82663558501192
BS_RGSMX7QD,5.04424666347514,0.0152047152704577,0.0091217095361586,0.11408810692223,0.851944211161994,0.843805995887939,0.639024977526829,0.850849466731072,0.638728313648426
BS_RHAWQJ48,8.96379454759574,0.053989525998761,0.0501309988306731,0.17616035407499,0.823038852786462,0.815010779702421,0.781077508154902,0.809899404761826,0.813433775927984
BS_RHM60031,4.19015889303002,0.023806477097729,0.0130999688956667,0.180808558178211,0.68524583008612,0.64457239743851,0.755692177749399,0.656819297672656,0.784435232719701
BS_RJC3WDD6,3.38724220952426,0,0.00288108846872093,9.04487546552506e-18,0.64411150359756,0.636105417906192,0.430832078896815,0.636303026533651,0.497358085156476
BS_RJMJ935A,7.53717395047456,0.0869114245247763,0.0557550055600675,0.47409299051775,0.890816768409372,0.882144165733388,0.793295541569071,0.893459710193571,0.82662678011955
BS_RMT7ABN6,8.015598663576,0.15538908935826,0.0425177280684242,0.466814657797751,0.886077654809187,0.87395116292942,0.819193988519639,0.892163140957216,0.837500465216266
BS_RN0VAY51,7.19542920815106,0.0263413646491247,0.0189216934605568,0.0303185388931152,0.834365963450766,0.821384353981642,0.644534501949148,0.84004949932063,0.693283095684611
BS_RNANA568,7.5835949484946,0.0570695992397336,0.0167750192165135,0.200063652316678,0.817293755550474,0.798797868560229,0.777904078249417,0.81901411198804,0.795688438967904
BS_RPJ1EPHA,7.74380082230146,0.0983324869378684,0.0328337337868221,0.292274419909375,0.884882704812667,0.867186424259628,0.765555674732719,0.889913701905005,0.750812632249119
BS_RRAEQZ97,5.90270058439058,0.0195029863036461,0.0158186639463271,0.176480877948022,0.900804191063699,0.89008066138094,0.726713382634402,0.900489990062027,0.752470563051603
BS_RVSEDNJ4,5.11743419653224,0.00591006572473112,0.00846810527574161,0.0309923852547549,0.831843572454294,0.82283254717463,0.534053178037904,0.839294706978481,0.661094088025523
BS_RWJZFTP9,4.72668272536862,0.0169745226274497,0.014857795590466,0.176395038783033,0.870970259009322,0.850496974181139,0.623553196544821,0.86442519433316,0.642173625010359
BS_RX1YTZ7F,6.16932475094724,0.0325229510422566,0.0145309829655464,0.102726168869501,0.792503197606225,0.767213953582597,0.684921687974323,0.781029374771185,0.728803618661369
BS_RZBFH1QF,1.87011284377176,0.00170931220928636,0.00187085169477382,1.20844277374307e-18,0.484797374344553,0.485470776954565,0.612524375556028,0.487537741841688,0.654062167711759
BS_S1KK7XRH,6.46021580252458,0.0194814683383472,0.0153601136884491,0.188202392724369,0.867534615313931,0.85499621434964,0.73911716739764,0.860537530488562,0.743193963388857
BS_S20SP0WW,7.68256639002598,0.0878706800418141,0.029267070281616,0.190922682704615,0.842567644373294,0.82551091129878,0.7910592834672,0.84981365532705,0.801771530092882
BS_S2TA8R29,4.37584459244036,0.0141527353914642,0.0166155912954601,0.158113914250431,0.851793196755892,0.842473311595529,0.717115085213286,0.845714432597094,0.748522426343284
BS_S3C2PZAH,5.11436346017346,0.0162788704066199,0.0186311599255673,0.220203878787818,0.674826126527703,0.65959006078798,0.753772831730491,0.647722759184264,0.801700955853716
BS_S3MET0JZ,5.1925256194044,0.00904387245319426,0.00940528299960313,0.0469653578450879,0.829646933021175,0.804236560835764,0.645452534449774,0.812916189181005,0.690071804944274
BS_S458NMKH,4.36102408656952,0.0126674767299251,0.00818390424916409,0.103342325741313,0.819923552320209,0.80985832113998,0.718958064146479,0.81669020396712,0.749863803888066
BS_S4V9E1XJ,5.55014048039834,0.0279804649838196,0.0313704553468463,0.266111905619426,0.885612389011875,0.874257686843551,0.775345587561737,0.886889882122611,0.799315764128857
BS_S50KQEXV,5.54157643691358,0.0209458306058281,0.0155042535715138,0.207295888413152,0.871175004513847,0.858142351432087,0.672965256669443,0.872724759157536,0.691288770015972
BS_S5P8VTN5,4.9884520495001,0.017273261030189,0.0172154388225969,0.154843028512508,0.796217894282423,0.779931691656431,0.71932993369991,0.793881086394852,0.739474326159045
BS_S6B9DVNS,2.51817820668486,0,0.00163980948167939,0.00291637330995311,0.541918379602339,0.544907349580392,0.595327505054877,0.539526774495682,0.663965693923369
BS_S6S7SK3P,3.0579394501668,0.00166910900768327,0.00347508596565532,0.00888641112965156,0.680510805072844,0.660529117651881,0.558285878606285,0.665979889825585,0.644716821168508
BS_S8K878T3,8.0165819746299,0.192166193498033,0.038972426795876,0.378693122858367,0.813032994263138,0.798646585323072,0.817838119979021,0.814046223604452,0.83261356308043
BS_SB12W1XT,6.70690188334688,0.0410597093742109,0.0272381900722852,0.261459538295346,0.862916399635876,0.84971693314138,0.710541760345821,0.871902854436855,0.733680787139015
BS_SBMAM00V,6.68237810683568,0.0249512860220983,0.0116156823405281,0.105863490518025,0.772050630608169,0.760318907475129,0.631907690956612,0.779867554609885,0.659287889052627
BS_SBMCD7XZ,6.5358952513494,0.0455823036904699,0.0117885702458239,0.174663809826238,0.876410690647466,0.856014481716009,0.629574205637374,0.868606634402618,0.707390834886828
BS_SD0EMK7Y,6.43985068378446,0.0273020951967427,0.00999413626230156,0.0158953699468218,0.840425986320591,0.837996320916383,0.707043456905133,0.846900387401485,0.767565280808423
BS_SD8YBRBR,1.65725747013771,0,0.000593410492527692,4.57313867270721e-18,0.575616088789113,0.560136235616192,0.543903729746747,0.557773545061635,0.586805234431604
BS_SDA4RMMG,3.99014624830396,0,0.00587919275363066,0.0338299902603502,0.811876168423362,0.798467904910114,0.593886743485583,0.809140693900755,0.637967668788258
BS_SDZY6RZ3,5.55530146466254,0.0202588358454423,0.0102018383022764,0.119606830201971,0.820759702827095,0.806330548510575,0.719412165947033,0.816003517791028,0.729792683898113
BS_SERDGASJ,6.52567156693206,0.0241947532494721,0.0124394981767173,0.0504779975663685,0.819864483687466,0.813070038622145,0.685169449728264,0.818817012515007,0.722662013229765
BS_SFKZSJN1,3.46488496319448,0,0.00563104151646882,0.0110517096688326,0.79600671753789,0.777159825466645,0.586272235947435,0.791035978096482,0.645835969322619
BS_SH2S6SFN,9.0576635223909,0.158561801470119,0.161587836704839,0.84620382864678,0.826746541813632,0.829824055303535,0.759440940609949,0.833628652554403,0.825569608091971
BS_SHMC4902,5.84237650994826,0.0289489454736273,0.021839611217988,0.216281500406432,0.859674151159263,0.844637391767012,0.733321193751453,0.859415613510686,0.708396016824188
BS_SJ0HXCD0,4.25844722645328,0.0448755823033715,0.0190802296277541,0.304402881915404,0.82699384737283,0.805477956580553,0.736921278057798,0.816403522046816,0.788413972586471
BS_SJVTZ5TH,3.4146718694192,0.0116003444096628,0.00586304118107088,0.0350434405448899,0.609892331034352,0.585053871480456,0.658066861433415,0.572577607951462,0.745533194148412
BS_SMWQR2F1,5.96988183460838,0.0178756681235389,0.00842431663689561,0.0813975337174582,0.699804886936687,0.682144979307218,0.68460182115826,0.685113442244263,0.736384696033917
BS_SNVM7CZT,6.16110055844942,0.0405950877646932,0.0195840377886142,0.132183226648489,0.816660908229491,0.789056703761565,0.676373037358139,0.80499883458142,0.742172287265829
BS_SQX5E15Z,7.27680212573342,0.0632011473557497,0.0302278703136574,0.322748868078843,0.912097070589851,0.904240961679925,0.810668364125458,0.910846679658246,0.808517692025962
BS_SR2RGDXJ,5.87699357069652,0.0196100136137752,0.00965590804021156,0.111019394026846,0.808293133397918,0.781784707826342,0.723999740233056,0.809704830679427,0.792904987718796
BS_SW8C9Y5Y,6.66680584800188,0.101611561461537,0.0313250496518972,0.500550970982307,0.865739438881172,0.854108986416822,0.789429133020176,0.862518275064393,0.805097717478855
BS_SW9Z10F9,6.70869108969382,0.0806289558524537,0.0350926537788295,0.324775743407581,0.855320332233902,0.842896456439357,0.729305860059003,0.852210320685695,0.779715910558875
BS_SXRS2P6T,5.5565352478163,0.0211160603395053,0.0133872448902231,0.168374488654954,0.813561915347501,0.802401897031917,0.713506722921725,0.812191487136251,0.735108385827605
BS_SY3J3XR9,4.5381742592933,0,0.00406868055971141,1.16817569859124e-18,0.775248654105474,0.755639196135029,0.553187059877758,0.772455416235593,0.624785560823491
BS_T0MXH2CA,6.2213670318208,0.0409011094661332,0.0149288111311412,0.161079678179923,0.847533809272462,0.829302578731119,0.70712680010424,0.858220237421318,0.743137089568334
BS_T0RKFEKR,6.27249994434162,0.0269983648969399,0.0254068823511544,0.374018935125715,0.825959710316936,0.809748450586235,0.836880063473125,0.806102945918578,0.849049568801694
BS_T1W4JA94,4.70593611844114,0.0130397450646995,0.00990753275580512,0.100740480763834,0.809257719620629,0.799601553178967,0.680458257496905,0.81572619527239,0.708699407084116
BS_T1YHK6B7,4.07820428401562,0.00878473339763887,0.00883565173647769,0.077606638304134,0.686382725280176,0.667868483309891,0.696786851351332,0.667585527108735,0.695293133160496
BS_T289QKBV,6.08146040434574,0.0561222347972277,0.0293660239866384,0.298838414134064,0.809041537789189,0.788125226572563,0.786300110787654,0.808914574751546,0.800850701919209
BS_T2F48Z4E,4.44475298895812,0.043833413632493,0.0121985623902967,0.319170327157659,0.729689217809828,0.7126001377336,0.825758669540538,0.73982261649778,0.830625348140777
BS_T2QPMZCM,3.86728764254822,0,0.00467464152521256,0.000329145990046674,0.769727498425647,0.754679145030838,0.48406193643719,0.763678185998487,0.558490674635103
BS_T3H5AY8A,4.55427856110796,0.0246302624930185,0.0317234319768039,0.282237728796867,0.85599721155087,0.828722840227976,0.791726993940174,0.835771455777133,0.798752671718423
BS_T4JFN54G,5.50177421616786,0.017960504645768,0.0118374412788076,0.153898334822266,0.894904571416626,0.881259093678977,0.650004727241,0.899099135281295,0.69912107685486
BS_T5P5ME9M,7.8448501121648,0.0788255116538856,0.0298442587534405,0.344138777002847,0.863726448777309,0.852305077710692,0.780262887396672,0.878752228900353,0.809546636557777
BS_T9A8JJW5,6.103770923387,0.0149614702902214,0.0143107213558009,0.11533752819508,0.786196014953727,0.766794498923487,0.676109593247201,0.785977639779907,0.737794015931372
BS_TASG32Z2,3.65301484341422,0.00469901498658154,0.00664594872939106,0.0671019163980948,0.625380533854178,0.598483837245645,0.683423681403671,0.601740025467136,0.742801921902023
BS_TDJXQBVY,8.17915879442392,0.121660368705168,0.0277463673779162,0.373936251953757,0.881473148836238,0.866320827224342,0.79939802003198,0.884037102839778,0.810328058376451
BS_TG93XC55,3.22364549410352,0,0.00379490375305675,0.0126447674342467,0.782220137605769,0.761010957691085,0.577944217240831,0.75468058364199,0.63194375734933
BS_TGS109T3,4.18476448049662,0.0017507846074713,0.00888456408256066,0.0550939030739601,0.77483253371772,0.750785750442698,0.543100751565292,0.766650741317466,0.591878614596533
BS_TM9MH0RP,4.10378817122418,0.00617227063491172,0.018198945306835,0.154272621126541,0.843713173054289,0.831423812867809,0.722069346360993,0.842750623168127,0.744285086518147
BS_TR2P8KRF,4.61570453951338,0.0105735660654042,0.00809493580211931,0.0423989499405516,0.723776611802913,0.715487003532164,0.679677771783282,0.725758979377727,0.7287556488091
BS_TRKH2SPE,3.41560676551684,0.00303395255404059,0.0107917472968354,0.0889815092820095,0.795318357828816,0.768641371105694,0.644987833387066,0.782045465579367,0.676563213728514
BS_TRPXB3AV,3.80474295133106,0,0.00812637206630347,0.0599924798782674,0.690047117381726,0.68025896873659,0.630839058272958,0.703917610812528,0.717376381483285
BS_TRZZRYKF,5.78517960273638,0.0464849760766861,0.0148788586199063,0.174870272321637,0.85758272851622,0.84641318633545,0.680949225164606,0.87050575072669,0.741845641464658
BS_TTDNZTZ0,7.86247693704218,0.0777241865954532,0.029619953711134,0.330098971342636,0.876345499553261,0.860729608064705,0.768537355487892,0.886172605540526,0.784464971430833
BS_TTE04ZP8,8.0555291075255,0.0464253055999203,0.0201734359711281,0.124496102182272,0.858524029670214,0.847299803037588,0.750494401920151,0.857588584401696,0.806885418444411
BS_TV5B86ZD,2.65828540774714,0,0.00125125652368127,0.00571742165333875,0.553381053587439,0.561838458170146,0.528800022065586,0.561308367203145,0.594161036781324
BS_TV80600R,6.59326746410058,0.025989199854627,0.0109249223352628,0.143789225225573,0.827841419921538,0.811174224111353,0.708930992295191,0.831482452573973,0.746450311983185
BS_TVH33J9Q,4.02267438187478,0.00921529037553863,0.0048287300234008,0.0366147459475324,0.701629712086012,0.708225464691706,0.578527298028101,0.730483751933709,0.596243244261143
BS_TVV122JG,4.427356034849,0,0.00642960853648447,0.0394851961672796,0.743149965256039,0.719506475181312,0.589126437302359,0.732787535081496,0.651665259763344
BS_TWFDEMBZ,6.6384019060288,0.0593700481247126,0.015486396827797,0.217153934881632,0.853380094657983,0.840891315785992,0.7165688956754,0.86651290279033,0.731945872429256
BS_TXZ7KHTQ,4.05210750847288,0,0.00574332006510308,0.104972947534078,0.764836436992278,0.751037805794515,0.626781755421561,0.773699772047663,0.638714466615394
BS_V0DQFC75,2.11152426824862,0.000673185481306286,0.00401844824466635,0.0215886792715768,0.608065737950992,0.593854889398594,0.657524515123129,0.573706075225824,0.720443727216477
BS_V2G1YE8R,7.36038024619158,0.0564533562470634,0.0161219085235411,0.189476725041607,0.835309631218676,0.819058919791041,0.768241629876817,0.837830146960382,0.800888364851508
BS_V33RCK1Y,6.03949730414124,0.0451985322632393,0.0129413066897876,0.151457043153547,0.796701455629947,0.774856126406569,0.670575558740137,0.79545002217084,0.701984552206721
BS_V3REENH9,5.62282032734836,0.0300996485553555,0.0351005679717192,0.334928526106432,0.907596559539197,0.893734641949759,0.759923347041132,0.898736337657557,0.742732696631593
BS_V3Z3DB4N,4.39691036429642,0.000367919644493222,0.00949920159307605,0.0381012731067838,0.85417593033996,0.840273130814216,0.554958477973741,0.849295272478801,0.619531893516072
BS_V558NW3Q,9.2016410920332,0.0741146614788141,0.0303038437374109,0.250873832186959,0.773570739378705,0.764654631840291,0.855387414427837,0.77660421264437,0.863157771386841
BS_V6RSB5HQ,3.82377957403828,0.00394291752165357,0.0125854602654089,0.109949292709286,0.779189547626762,0.754958010704702,0.6715239063614,0.761769507062475,0.713303049243652
BS_V72GX2AZ,5.97754409958266,0.0219058461156147,0.015926084619173,0.208192646109781,0.889278200648884,0.872541682353555,0.69345786210533,0.896269028405977,0.705554934215206
BS_V7BZ049H,8.20395430481578,0.176456559606663,0.0697483440854285,0.505116341442937,0.909454837194751,0.896964702496643,0.823807125570072,0.902184200787666,0.81726333969729
BS_V89HGTET,5.57977150086364,0.0317320327292523,0.0388467247395103,0.319641753410676,0.915987383659324,0.903339581670119,0.744685040044784,0.9132971171431,0.756441414711866
BS_V8QWBVS3,8.4023645988972,0.201878077713792,0.0622268963826987,0.855399419771755,0.800514702058101,0.788018484874545,0.897218972242374,0.787707109600362,0.886783277698304
BS_VARR255N,6.10107645950174,0.0373794926676377,0.0290125788201077,0.331153903902404,0.899161456012423,0.889166259729598,0.797191355575032,0.89877611368017,0.773532099073681
BS_VBMRQK4F,6.37469077679708,0.00862516494698419,0.00594682948881669,0.00242400498394976,0.743293002202538,0.739711880532773,0.69908587377834,0.755195858289777,0.728855579814842
BS_VDFXXMEX,3.41444251825636,0,0.00319600055127607,0.00883828012283339,0.614657025570089,0.59654304735679,0.622564935348486,0.587238645036408,0.705597556421321
BS_VF3NVT4G,6.292583120015,0.0309010924990098,0.0148078758810608,0.0427100071301255,0.852455630232737,0.839843419325819,0.701894908245426,0.852045117390785,0.781399590755581
BS_VKH87DD2,6.94603487440092,0.103551996683022,0.0757200638201429,0.473858098088883,0.769593253575979,0.756451942240129,0.797292654202203,0.755686563038655,0.796102452622231
BS_VKHJG2B8,5.8562444761286,0.0179975156037568,0.00951076024858903,0.0195730614878059,0.729487666179725,0.72876171208258,0.739790083675211,0.750609413659424,0.769701652807492
BS_VKYEM67A,7.91793957564864,0.0780723958499151,0.0700659941087708,0.577512872821061,0.868021924022609,0.855574501664032,0.85784311219375,0.854277559738075,0.851037343220562
BS_VMMJYN8Z,3.75866550570822,0,0.00598617490715506,0.0648452526036989,0.819197300693911,0.796314747784117,0.577982477816677,0.796089220355608,0.630172653296301
BS_VMQMGSJY,5.04727157225578,0.031903232658733,0.0250816599979406,0.465015565359812,0.789426448692928,0.756255276207734,0.86389501075514,0.781685668882585,0.892543795243761
BS_VTYNWK05,7.9941371195641,0.115624956429797,0.0375712464525063,0.356709865565057,0.889894822276156,0.876811527796962,0.784099556990569,0.889031893269078,0.827183407784273
BS_VVTHDRBD,4.15052021744002,0.0105315658708709,0.00620783191522498,0.0352860388830717,0.764186902155993,0.750149746909598,0.613563449206583,0.760736128415293,0.70623020612692
BS_VW85Q4XJ,5.58354131393174,0.0270162789448075,0.0284493938772641,0.296352657573065,0.852210032160488,0.829895095517938,0.766218652467285,0.840475570668963,0.789553547524559
BS_VZWXGYT2,8.60143020799144,0.117793040397137,0.0342224647437334,0.296575771346029,0.864715776272181,0.847653083388132,0.784712890885913,0.861107180505818,0.767580454917502
BS_W1385R8Y,3.70867299495678,0,0.00623091983173953,0.090433860850943,0.603006542265678,0.573595843345076,0.648901831264366,0.594073233229966,0.688725348904956
BS_W4DB5RP1,4.44040492249196,0.00187184204982924,0.00348862794003349,0,0.603432171504524,0.588527802163037,0.470500815417116,0.560419332795471,0.561407530749985
BS_W7MFJZ5A,7.58497983519236,0.0567989892326274,0.0334365450383979,0.266331952513135,0.884709570639838,0.86576675753579,0.740613119044036,0.881216498071127,0.824596613024342
BS_W97QQYKQ,5.2716808307869,0.0267730484706376,0.0238477757410224,0.229406074322541,0.887607071227025,0.87699333719893,0.736300391713503,0.876214996872026,0.766088734928226
BS_WBVSK3MP,3.29025552831124,0,0.00255914023915812,0.00020311632149026,0.521710343511859,0.522154416471109,0.5054183574452,0.535203711452185,0.528006845366592
BS_WEKK6SHP,2.78750240711548,0,0.00146330828049569,0.0050497773500645,0.571166248396793,0.564891180420496,0.731543583619789,0.553665714766482,0.789310990806698
BS_WHBEXD5H,4.43349105951564,0.00672768864093959,0.0190804655999642,0.246713469999531,0.814143291257915,0.804277307914136,0.759657857982909,0.813727384824585,0.769771970344104
BS_WQ1YRTAT,2.57527927552262,0,0.00243266216037411,7.83910614141942e-19,0.60505444382882,0.594212738876968,0.42724737819838,0.571800871470541,0.507150843808418
BS_WRQHPSXQ,3.210760741463,0.00141489490526561,0.00505575460581124,0.0367084251345165,0.822000549185596,0.796472081057558,0.550645020520334,0.79413285878644,0.610791991833894
BS_WTJEDTZC,3.9012697920787,0,0.00231626507550101,0.0944081857324742,0.685142972697584,0.66519327900006,0.742007977395884,0.688326463096044,0.798100935143658
BS_WVRX4C9Z,8.30368162370278,0.116955606539414,0.0275929368958045,0.219748233115534,0.91302481060779,0.908823798793096,0.759939586457708,0.920484320866403,0.782313528198708
BS_WVS02TZK,4.62376804039844,0.00577617892297485,0.00547379219418578,0.0660731826078371,0.814272221390389,0.796995130492219,0.616495786443472,0.816282553470185,0.665576530336559
BS_WYMX429C,6.15222987766616,0.0382562832959114,0.0133135594751929,0.156380192100605,0.807767446113362,0.785372114107156,0.741219185288202,0.814145837025266,0.791193886617802
BS_X0XXN9BK,6.06554838386674,0.0575810143360168,0.0185546953601516,0.201379123786009,0.714038002007809,0.682147708081881,0.808179639861954,0.693921474138494,0.800793652954837
BS_X16PENSA,5.57812018824364,0.0257104707616449,0.0214537160926774,0.256978273089584,0.870646615323508,0.859808373696279,0.7676155395625,0.86660405172412,0.785196141069135
BS_X1G0TKP4,6.30927844364542,0.0756565790554967,0.0306574837059801,0.20303576928862,0.893154278983392,0.880754000537025,0.647041293189005,0.888226350077469,0.724263415979637
BS_X20JCR4H,7.94412959453638,0.0514461026839227,0.0216200221404535,0.0959097785345091,0.803227824339433,0.791873315635701,0.787119791426964,0.807713638899223,0.811776974061753
BS_X23724NJ,3.98138035654532,0.0182161347292242,0.0146803329832711,0.245360004502475,0.713317490181966,0.687733187137724,0.791772635087459,0.71126264481205,0.789077038196296
BS_X2EDW2ZB,4.71280037375912,0,0.00602210329046251,0.0408611029219915,0.749896181080146,0.73278794670215,0.606378123523447,0.746564419606692,0.701119482118773
BS_X3HR4Z21,4.5955538604933,0.0213796351040881,0.00822852011595254,0.0889979049593192,0.823174175774383,0.801599254580507,0.606117987817666,0.822726026208029,0.661594475739884
BS_X4DD4KSZ,9.81305219966028,0.203077587422487,0.0784524405360076,0.456160096649046,0.897907772915319,0.888026035222628,0.823237236735174,0.895693773821252,0.837759445087758
BS_X4X1SFSE,4.45989278067612,0,0.00558984820338555,0.052651013061032,0.852039831135065,0.838711274109526,0.554931754080502,0.853441167471668,0.614043744616337
BS_X5DFR216,6.596334560228,0.0453339622900538,0.0187149797199042,0.166448241507157,0.827455094521297,0.809928360421939,0.744078403470251,0.838200150760763,0.805995215517261
BS_X6GFVDVA,7.9440885606017,0.0915299695287351,0.0405440202823974,0.395360883463931,0.852747274334707,0.830089192548779,0.821278021526037,0.851463509106628,0.850848756233681
BS_X91K8KMG,5.34152770972038,0.0351975193955963,0.0295492464082298,0.320494255416121,0.90223320942923,0.895608817597536,0.740090839895562,0.90406960313996,0.773968312753523
BS_XG0DBWVT,3.88344576167456,0.0017784924341817,0.00660588957361656,0.0491999238582432,0.676427143467222,0.660430945404193,0.690547557064037,0.666201704478597,0.703107225482629
BS_XGDPK33A,7.04128498625172,0.0339692428654097,0.0106005704016223,0.0572027985875733,0.834334876012314,0.814725837171965,0.580358555153372,0.828232223144997,0.65604450206137
BS_XGSA3GQE,5.5742006599979,0.0247222383568529,0.0256193977994646,0.237258485580726,0.872413002246128,0.857831944205715,0.721614596054929,0.877068263592685,0.716902287047039
BS_XKKB4MZV,4.71791601079144,0.0069939951075833,0.00741062895746642,0.0653370505211775,0.762341382330161,0.747663377083058,0.624159003519752,0.75982882492912,0.609610428629047
BS_XM1AHBDJ,2.56087087824576,0,0.00929028665938467,0.0246648470283845,0.721428348572702,0.689177301860717,0.552065554823653,0.693184644165803,0.647206761026581
BS_XQ5SFW35,5.4289217049848,0.0145261208189387,0.0198332901058816,0.186389569059597,0.874699624308807,0.853624784807711,0.752349018538804,0.868555812345693,0.79141738725653
BS_XQXXBWPD,6.32997645953294,0.0617178375457846,0.0282007071257724,0.273055563052421,0.869711378790715,0.857510597603562,0.721215769234919,0.875625095473259,0.759859830271426
BS_XYVCMF4A,3.32858234595998,0.00176490359511618,0.0141674961132705,0.107190031917376,0.704222343391236,0.682701105141022,0.654550007232073,0.691712004848629,0.731036678247754
BS_XZM79E42,7.54571121277016,0.126628530274011,0.113935100523817,0.50484328718936,0.90409100115531,0.890446556928083,0.812162170472265,0.903158976716829,0.823447965461171
BS_Y0PCBNJV,4.67273243217054,0.00960707180673009,0.00858488968967017,0.119641647170244,0.843894929543966,0.831965924575507,0.639841201664731,0.850140261890571,0.645469625010645
BS_Y274AC0H,5.92155481003216,0.0534308435535458,0.0532798519190802,0.278286201882751,0.795734911767333,0.780852061068998,0.771922310402265,0.789724211634054,0.797294943618105
BS_Y7H24JZG,7.4967210765505,0.115119795774291,0.0449498747247998,0.434834621064268,0.865740487243808,0.850655245742692,0.816081721207431,0.870738220031276,0.82016531341357
BS_Y7W8BR6B,6.8982189957472,0.0721029127651978,0.014229329024661,0.225001763823915,0.821718453123131,0.808008343623031,0.734183041427133,0.836013698667352,0.750492217647507
BS_YA0KMBRT,3.00075733788084,0.0113093713615473,0.00428590862818406,0.043034159731401,0.683682998413245,0.668715651355113,0.644249755599831,0.661026084681521,0.68350916344184
BS_YASWHXJC,8.18294179407872,0.155064110725177,0.0528257064462221,0.420275488246791,0.88408560444947,0.870720592914028,0.820595656366637,0.882994148746763,0.826148633895575
BS_YB2RXRHT,4.50303729661488,0.0025319971179018,0.0144869151428868,0.141140280518892,0.892128567026196,0.880989892020865,0.699486614507915,0.883113754374109,0.739333710961908
BS_YCREDZTJ,3.98627399771762,0.00322736470859422,0.0167010854099286,0.177946426829221,0.852137058270932,0.831383247493441,0.697453966211853,0.83083825110801,0.682968376449017
BS_YDEVMD24,7.86311088323984,0.0431152692515075,0.0322594747743868,0.0795488080311186,0.883578794117374,0.869427250746071,0.629391670053458,0.873305539258636,0.727321668992681
BS_YEQVW4ND,4.74128891722834,0.00687982065972463,0.0109400168332934,0.161792346888344,0.856554393519879,0.839181206500576,0.687651949882889,0.846544773123026,0.691314104846357
BS_YMAJC22S,2.76524270729026,0,0.0023868863768171,0.000785289291300524,0.743774304959343,0.729440936346132,0.479245815210596,0.72453917010219,0.534464642325229
BS_YMKQT5V0,8.35182299705394,0.0431035622252385,0.0141234496408037,0.19588174178971,0.858855445779648,0.848970315414827,0.800968130461957,0.851137728120045,0.820025276926554
BS_YR12D1ZY,6.00334914814394,0.0368359849753865,0.0243227701281904,0.121021147966429,0.824010907016169,0.808118545819274,0.749070459164919,0.817124976906271,0.819498517324137
BS_YR1XY6SF,5.33667403428098,0.0224422789445832,0.0155880900923863,0.191770209099879,0.803671601089249,0.780623786489044,0.737391534756639,0.79896496676889,0.780760492446147
BS_YSZRQ95C,3.9805046839662,0.0139206638358347,0.0147570567506397,0.117720402446227,0.692632428921393,0.672016668498789,0.694899435338697,0.681887396877442,0.776985982840952
BS_YTWEM5SG,8.63266720720018,0.101097105412154,0.0282046337395387,0.169474837484778,0.890544630730008,0.878119935859856,0.788926214579791,0.893128172274017,0.860340583376422
BS_YVEEXAAT,8.47718613370208,0.106736425786211,0.0279055887465679,0.351842775147332,0.882087175969507,0.857009254347399,0.804674170343082,0.884740278183086,0.843633833470873
BS_YVMEEBKC,5.43048131580986,0.0192399353518688,0.0192858379610364,0.218843009648763,0.882079911307221,0.867201339618303,0.74712887270094,0.878408046258515,0.763208873901792
BS_YWJKHMXV,6.77601633183732,0.064802454526169,0.0208915329035811,0.184615312512775,0.85511156679329,0.841250385323668,0.682278233200038,0.865313561641955,0.721370314186225
BS_YY5B2XDD,4.5793039908598,0.00917373133599188,0.0153576837932184,0.333676599613436,0.813857565974823,0.797740611076434,0.858446755884786,0.802542435692568,0.886808837700662
BS_YZ2QFDAN,4.74046836100624,0.00625803175597794,0.0075921449889352,0.0854536609955448,0.68569605976613,0.668089689787476,0.657601841021425,0.687496397978211,0.726607446885722
BS_YZ2Z1Q6Y,4.66142018477078,0.00290466226818602,0.00686826283118091,0.0532587700542417,0.779025872833032,0.756559199814089,0.685706638396801,0.75676449719018,0.730256474527518
BS_Z0AVVB1V,6.15717470478178,0.0337729607989795,0.0354389513076582,0.36297007369487,0.868121631543417,0.855862240244694,0.765663269897848,0.8640688792262,0.771229211455667
BS_Z0ZPD9S9,6.76366852098194,0.0764489527617563,0.0411809672421447,0.271758529577309,0.863080776938321,0.847450220882327,0.73837441924555,0.861381310178614,0.797917695032256
BS_Z1A875MW,4.30497914920934,0.00159639322559321,0.0169158951946374,0.110119223209759,0.842896124510254,0.822572169279788,0.649866706928364,0.829780775241019,0.738082301969766
BS_Z3RCA1T9,8.15157155853748,0.0366531847947271,0.0164169585668559,0.108042653653576,0.838451234252227,0.823469496453059,0.661925398802462,0.83377794744872,0.744616313621635
BS_Z6BWR941,4.74096331678564,0.00602217928694989,0.00852596172555088,0.0585890095798089,0.836319498137687,0.821856180975771,0.596184451489339,0.839835402454355,0.628471844789044
BS_Z7Y2466H,6.27424532222362,0.0167294298146243,0.0249055692557205,0.299812714517494,0.897345173265139,0.884847405187203,0.752098508347822,0.895549230440599,0.798067778955032
BS_Z8F3GM85,6.0483980102559,0.0383566634260724,0.0346715272002874,0.308599115940603,0.904188129705559,0.894349806898794,0.732534226507644,0.898495394136598,0.729466231719979
BS_ZD5HN296,9.15214106085068,0.190268924100621,0.0829584145140953,0.452940846267817,0.907571752207899,0.898570061315444,0.791462067035475,0.906025785749348,0.839540643979071
BS_ZF6BSFNF,6.63731566279124,0.0401106428579685,0.0134192455558705,0.078402345700565,0.902263363726604,0.88388817693851,0.628039386313413,0.894261123026287,0.715561750807442
BS_ZHHAM3AN,7.2334754545429,0.0454045945513889,0.196299906766274,0.888544840561149,0.901885173443148,0.878843820817771,0.916637163744137,0.890943804678481,0.917078571648472
BS_ZHRGDRBW,4.88493462271244,0.0100191945243972,0.00639119944122887,0.118651794743106,0.850964887265109,0.826427291313473,0.617068149598139,0.840117977735018,0.665510183093371
BS_ZJY7Y34M,4.65371728891352,0.00280254311113552,0.0149981582341973,0.10766411426151,0.861494346195923,0.828506056723078,0.677274031357746,0.84304003298806,0.73135212907194
BS_ZM97KKXE,7.78112798179282,0.0353448577851591,0.0313295455529841,0.184220697046045,0.839526543284204,0.822598839903692,0.683005297527716,0.852541797892653,0.732850475529132
BS_ZN2P8BKH,8.26240849521422,0.101750659519496,0.0481373000540836,0.446138840419618,0.878301755034922,0.856678797031988,0.832688174881602,0.872695082574463,0.860818002781981
BS_ZTWGFWTX,3.02069180876878,0.00704292173398697,0.00893263264775595,0.108118586369309,0.767316763492658,0.746733561179857,0.769881245617422,0.76098582333536,0.794593444791204
BS_ZV1P6W9C,4.48514561022312,0.0112583314820962,0.0114146640050041,0.106931103348449,0.777157759322951,0.757627317337188,0.696049246405812,0.757425204963513,0.706392023774193
BS_ZV9Z3SY6,5.78250799454686,0.028209280808422,0.0268414057795858,0.25796008950042,0.844322845198371,0.832609424899652,0.807998417971638,0.827727679334505,0.798786941743156
BS_ZVM8CAB0,7.37879278524502,0.140986105496244,0.0370850398522423,0.452315539681135,0.872581922429056,0.858560178329919,0.812561165733969,0.877823536488083,0.828958367162496
BS_ZVX2GRD6,5.36969936755166,0.0245813579071038,0.0161714803012918,0.215269710106915,0.827242828654606,0.812237956253978,0.745945405075682,0.830595772696789,0.745137337347531
BS_ZZMYDZJW,6.65285580754796,0.0421497579348156,0.0335218505584441,0.322211389419603,0.888862187044857,0.878921818144415,0.775124025014756,0.892558992502887,0.755456837769631
BS_ZZWMD6FA,5.2289582619835,0.0155315472005286,0.0217545609798984,0.255076018928728,0.888910063021959,0.871878497008719,0.719756932225018,0.882186950057261,0.73848136754712
