Signature,Kids_First_Biospecimen_ID,score
Microglia_Core_Homeostatic,BS_00FD2KMP,0.755919342055123
Microglia_Core_Homeostatic,BS_028YFYJ6,0.707540806770878
Microglia_Core_Homeostatic,BS_052PZFMK,0.620781046780302
Microglia_Core_Homeostatic,BS_056Q8577,0.778472646061091
Microglia_Core_Homeostatic,BS_08ST21QE,0.768880941051622
Microglia_Core_Homeostatic,BS_0C7VZC0A,0.808475412392859
Microglia_Core_Homeostatic,BS_0S8E7590,0.705267160686523
Microglia_Core_Homeostatic,BS_0VXZCRJS,0.770077731050474
Microglia_Core_Homeostatic,BS_0XEBS3PG,0.799714483604606
Microglia_Core_Homeostatic,BS_0ZA67BBC,0.846736378095397
Microglia_Core_Homeostatic,BS_12G04QJM,0.670815287906089
Microglia_Core_Homeostatic,BS_17ZSMXFH,0.710142022307133
Microglia_Core_Homeostatic,BS_1A6MQ9ZA,0.710637162206693
Microglia_Core_Homeostatic,BS_1D93Z575,0.707676674368352
Microglia_Core_Homeostatic,BS_1EN5V3XW,0.685548009393242
Microglia_Core_Homeostatic,BS_223BM91B,0.764097198742891
Microglia_Core_Homeostatic,BS_25HNKZ79,0.801513009956908
Microglia_Core_Homeostatic,BS_2853394H,0.7031712286875
Microglia_Core_Homeostatic,BS_297H8BT4,0.754555074583585
Microglia_Core_Homeostatic,BS_29X4ZX6Q,0.68474221862649
Microglia_Core_Homeostatic,BS_2A5R9MEJ,0.784285752813754
Microglia_Core_Homeostatic,BS_2ARXK0TD,0.80215882491789
Microglia_Core_Homeostatic,BS_2AV1H5TV,0.728539447803563
Microglia_Core_Homeostatic,BS_2DMBCHNF,0.756921501974285
Microglia_Core_Homeostatic,BS_2EN3X6HB,0.817453275440802
Microglia_Core_Homeostatic,BS_2FEZWH1F,0.761417046134914
Microglia_Core_Homeostatic,BS_2HNXVFAS,0.740579747453209
Microglia_Core_Homeostatic,BS_2JH1QMT1,0.840689597020091
Microglia_Core_Homeostatic,BS_2JP7RBMB,0.82385771444517
Microglia_Core_Homeostatic,BS_2K01T8K6,0.763686794821403
Microglia_Core_Homeostatic,BS_2PDS3MSS,0.747914467616348
Microglia_Core_Homeostatic,BS_2T5PJAW8,0.834967296098521
Microglia_Core_Homeostatic,BS_2WANPFBJ,0.707920343295634
Microglia_Core_Homeostatic,BS_30F3Z9FS,0.814740462696832
Microglia_Core_Homeostatic,BS_30VC3R2Q,0.788146695730883
Microglia_Core_Homeostatic,BS_30YWQ3FY,0.799881589671801
Microglia_Core_Homeostatic,BS_31MBRWC4,0.800883710865221
Microglia_Core_Homeostatic,BS_333KCNDP,0.834265142209405
Microglia_Core_Homeostatic,BS_399RPKC9,0.814200045365685
Microglia_Core_Homeostatic,BS_3AC3SRWH,0.677954349264176
Microglia_Core_Homeostatic,BS_3MS8WVNR,0.782927638033751
Microglia_Core_Homeostatic,BS_3ZPJAK9A,0.786939392095515
Microglia_Core_Homeostatic,BS_45J79YTF,0.735270193943401
Microglia_Core_Homeostatic,BS_49BQS7Z6,0.795744304359652
Microglia_Core_Homeostatic,BS_49CJNZ06,0.672959185805944
Microglia_Core_Homeostatic,BS_4B0BAVTX,0.87051062725694
Microglia_Core_Homeostatic,BS_4BM3F6XJ,0.739462518799885
Microglia_Core_Homeostatic,BS_4C6B11E4,0.851861542312249
Microglia_Core_Homeostatic,BS_4GNN7J8E,0.883047539496444
Microglia_Core_Homeostatic,BS_4KNBXM3C,0.816324894759947
Microglia_Core_Homeostatic,BS_4Q3KRCZT,0.860324629022879
Microglia_Core_Homeostatic,BS_4QW2S1Q8,0.842964169889297
Microglia_Core_Homeostatic,BS_4T0HQ9QF,0.62260865612313
Microglia_Core_Homeostatic,BS_4V42BXBT,0.855955008748159
Microglia_Core_Homeostatic,BS_51RA1PGE,0.680072162765845
Microglia_Core_Homeostatic,BS_52C576HH,0.732750078409417
Microglia_Core_Homeostatic,BS_5965SFPZ,0.79271636035105
Microglia_Core_Homeostatic,BS_5EFYPZT0,0.618011409570395
Microglia_Core_Homeostatic,BS_5G5BD2MD,0.867193098265597
Microglia_Core_Homeostatic,BS_5K95FX4C,0.845343637925592
Microglia_Core_Homeostatic,BS_5KBXD2GQ,0.671872840785363
Microglia_Core_Homeostatic,BS_5PXZ8F7W,0.730462945811509
Microglia_Core_Homeostatic,BS_5VPM0F36,0.919808765261381
Microglia_Core_Homeostatic,BS_62SW4CC5,0.747458445804687
Microglia_Core_Homeostatic,BS_65WPD3DA,0.793875569705364
Microglia_Core_Homeostatic,BS_68KX6A42,0.868397663821994
Microglia_Core_Homeostatic,BS_6DCSD5Y6,0.606112011454383
Microglia_Core_Homeostatic,BS_6H4Q24WA,0.836067553815312
Microglia_Core_Homeostatic,BS_6M2053M0,0.847013162197921
Microglia_Core_Homeostatic,BS_6SY64H5J,0.80787274027644
Microglia_Core_Homeostatic,BS_6VRG1XFB,0.698498067600472
Microglia_Core_Homeostatic,BS_6WP1FHTE,0.819914403299837
Microglia_Core_Homeostatic,BS_7327SDAQ,0.791104240784306
Microglia_Core_Homeostatic,BS_75YRDXET,0.862464384864653
Microglia_Core_Homeostatic,BS_77SBTNPN,0.68252740739839
Microglia_Core_Homeostatic,BS_7AEF4D4G,0.747521233402604
Microglia_Core_Homeostatic,BS_7APCGCVF,0.732229710006487
Microglia_Core_Homeostatic,BS_7GJT4A6A,0.641922556296991
Microglia_Core_Homeostatic,BS_7GKWKGPH,0.799026206474445
Microglia_Core_Homeostatic,BS_7PVJ6Q3D,0.759141224190964
Microglia_Core_Homeostatic,BS_7WKNNRHK,0.628093351401038
Microglia_Core_Homeostatic,BS_84VZX732,0.720348321984125
Microglia_Core_Homeostatic,BS_84XCR9GG,0.7050582337058
Microglia_Core_Homeostatic,BS_8E8JKP01,0.719922759475261
Microglia_Core_Homeostatic,BS_8ERBDF7D,0.654664394736374
Microglia_Core_Homeostatic,BS_8JK9TXH2,0.668601354198735
Microglia_Core_Homeostatic,BS_8VD670NP,0.72308597804428
Microglia_Core_Homeostatic,BS_8YWYN7VH,0.742383628077867
Microglia_Core_Homeostatic,BS_8ZE4Z9G5,0.696814438463218
Microglia_Core_Homeostatic,BS_8ZY4GST0,0.807895466492089
Microglia_Core_Homeostatic,BS_91VYM11A,0.806970420300643
Microglia_Core_Homeostatic,BS_956G6QPJ,0.726400180436173
Microglia_Core_Homeostatic,BS_97M1E2DW,0.597857118471845
Microglia_Core_Homeostatic,BS_9A1YTHFF,0.858422932694822
Microglia_Core_Homeostatic,BS_9B0A62MT,0.762118942282924
Microglia_Core_Homeostatic,BS_9CA93S6D,0.613210722797891
Microglia_Core_Homeostatic,BS_9FHEFJNP,0.752662547199174
Microglia_Core_Homeostatic,BS_9FX3YREK,0.7832069140995
Microglia_Core_Homeostatic,BS_9GJ3DB1H,0.792123088424638
Microglia_Core_Homeostatic,BS_9JPQZQNG,0.672700867218319
Microglia_Core_Homeostatic,BS_9TXEDSWB,0.850241097078526
Microglia_Core_Homeostatic,BS_9XVACXP0,0.70911679962368
Microglia_Core_Homeostatic,BS_9Y1K14Q5,0.585624171300844
Microglia_Core_Homeostatic,BS_9ZJT0CP0,0.693476032747101
Microglia_Core_Homeostatic,BS_A4PF49V0,0.606726918799875
Microglia_Core_Homeostatic,BS_A6NXR7RC,0.820382785126344
Microglia_Core_Homeostatic,BS_A7Q8G0Y1,0.755922580858241
Microglia_Core_Homeostatic,BS_A8XW5S0W,0.774434395345343
Microglia_Core_Homeostatic,BS_AWH9757B,0.787822385393388
Microglia_Core_Homeostatic,BS_AYSXRQWY,0.710768232080758
Microglia_Core_Homeostatic,BS_AZQM1JJH,0.848447905025601
Microglia_Core_Homeostatic,BS_B1C6GZ84,0.752832375403087
Microglia_Core_Homeostatic,BS_B3MQFFYP,0.893418437056082
Microglia_Core_Homeostatic,BS_B4R7X1KE,0.720072392267126
Microglia_Core_Homeostatic,BS_B57327NA,0.823971769171897
Microglia_Core_Homeostatic,BS_BBAEMXRD,0.760809899171183
Microglia_Core_Homeostatic,BS_BBQ6BHGN,0.817215233527576
Microglia_Core_Homeostatic,BS_BK0HGRXM,0.821635591316266
Microglia_Core_Homeostatic,BS_BMMY0H73,0.789567575379341
Microglia_Core_Homeostatic,BS_C6ZZ3FY5,0.841395418189172
Microglia_Core_Homeostatic,BS_C83TK159,0.817564974919682
Microglia_Core_Homeostatic,BS_CBDQZ8PP,0.660054897215
Microglia_Core_Homeostatic,BS_CF63VG3S,0.765229955024393
Microglia_Core_Homeostatic,BS_CFD3WHAY,0.84020172742928
Microglia_Core_Homeostatic,BS_CG1RG607,0.870153814624626
Microglia_Core_Homeostatic,BS_CVEDJGHZ,0.915230125279913
Microglia_Core_Homeostatic,BS_CXAQDK7S,0.91335828113111
Microglia_Core_Homeostatic,BS_CZPQ493E,0.747672580577533
Microglia_Core_Homeostatic,BS_D29RPBSZ,0.752966253119155
Microglia_Core_Homeostatic,BS_D4VNDNQA,0.652312300078761
Microglia_Core_Homeostatic,BS_D6J2BGDJ,0.735799454366152
Microglia_Core_Homeostatic,BS_DFGS950G,0.638399676920279
Microglia_Core_Homeostatic,BS_DNZVP92S,0.662211301174132
Microglia_Core_Homeostatic,BS_DR079H0D,0.761719708738638
Microglia_Core_Homeostatic,BS_DS438CXE,0.58361604738152
Microglia_Core_Homeostatic,BS_DSPVSM7D,0.702301082929709
Microglia_Core_Homeostatic,BS_DZNXFPH1,0.822086010196571
Microglia_Core_Homeostatic,BS_E7NVYA6G,0.787290139311434
Microglia_Core_Homeostatic,BS_E9CYN4NP,0.776403990388201
Microglia_Core_Homeostatic,BS_EB0XRBT9,0.869588138450386
Microglia_Core_Homeostatic,BS_EDJ5TV0P,0.493742932258725
Microglia_Core_Homeostatic,BS_EMQM7HTA,0.690668694552145
Microglia_Core_Homeostatic,BS_ENEYB4TG,0.894018187152729
Microglia_Core_Homeostatic,BS_EXPJQZTH,0.852201964573952
Microglia_Core_Homeostatic,BS_EZ3147MX,0.833820736948156
Microglia_Core_Homeostatic,BS_F0JB4EAK,0.863522958884784
Microglia_Core_Homeostatic,BS_F21R36MM,0.649753036154498
Microglia_Core_Homeostatic,BS_F65GWS21,0.584556851433686
Microglia_Core_Homeostatic,BS_F6V1Y4QS,0.723141311856625
Microglia_Core_Homeostatic,BS_F9Y4Z92G,0.756899730682391
Microglia_Core_Homeostatic,BS_FCDAH728,0.796392222691224
Microglia_Core_Homeostatic,BS_FEV5A0HN,0.681062781869048
Microglia_Core_Homeostatic,BS_FGJH1X0S,0.615467044002593
Microglia_Core_Homeostatic,BS_FKASA3MN,0.651881553617309
Microglia_Core_Homeostatic,BS_FN07P04C,0.563485542298686
Microglia_Core_Homeostatic,BS_FX2P2WEG,0.811991355852155
Microglia_Core_Homeostatic,BS_FXJY0MNH,0.864011374870162
Microglia_Core_Homeostatic,BS_FYP2B298,0.77851366092504
Microglia_Core_Homeostatic,BS_G19QZG4S,0.882006775844427
Microglia_Core_Homeostatic,BS_G1E5DATJ,0.804064273559239
Microglia_Core_Homeostatic,BS_G257VSS9,0.751004897853747
Microglia_Core_Homeostatic,BS_G3NN392N,0.752105646020298
Microglia_Core_Homeostatic,BS_G3RJTBZD,0.703731272537833
Microglia_Core_Homeostatic,BS_G5NHSFD4,0.816568932086731
Microglia_Core_Homeostatic,BS_G8TXTX0H,0.7964913236332
Microglia_Core_Homeostatic,BS_GG9W3J9Y,0.717042432484611
Microglia_Core_Homeostatic,BS_GW0GKWMS,0.819180565588949
Microglia_Core_Homeostatic,BS_GWHYM3R4,0.662948644000845
Microglia_Core_Homeostatic,BS_GWSJ4Z9H,0.848297352488021
Microglia_Core_Homeostatic,BS_H5VQJR7X,0.707760389936694
Microglia_Core_Homeostatic,BS_H97S5SQN,0.876726698548492
Microglia_Core_Homeostatic,BS_H9JYKFTV,0.730014685562138
Microglia_Core_Homeostatic,BS_HDHXX8Q7,0.691862808813807
Microglia_Core_Homeostatic,BS_HDPCQETG,0.786134296556422
Microglia_Core_Homeostatic,BS_HJRTC9JQ,0.845834816160362
Microglia_Core_Homeostatic,BS_HJV0J603,0.610221804708248
Microglia_Core_Homeostatic,BS_HRJ9145M,0.815260444764655
Microglia_Core_Homeostatic,BS_HWGWYCY7,0.789353711179989
Microglia_Core_Homeostatic,BS_HZ9AYDCQ,0.827365574004103
Microglia_Core_Homeostatic,BS_J4JY2F3H,0.772553583638232
Microglia_Core_Homeostatic,BS_J6212Y48,0.681296895816171
Microglia_Core_Homeostatic,BS_J6W1RB7A,0.736381830620904
Microglia_Core_Homeostatic,BS_J9CBGP57,0.827114434855988
Microglia_Core_Homeostatic,BS_JB43XBCQ,0.888160942209103
Microglia_Core_Homeostatic,BS_JDSNFYQ0,0.738387572879629
Microglia_Core_Homeostatic,BS_JJVH7WR0,0.696885428814994
Microglia_Core_Homeostatic,BS_JMD386Z2,0.769590647700968
Microglia_Core_Homeostatic,BS_JP95KMRD,0.823324274920534
Microglia_Core_Homeostatic,BS_JQGJQ2QZ,0.779824728655303
Microglia_Core_Homeostatic,BS_JQVAWTTM,0.874925161107816
Microglia_Core_Homeostatic,BS_JQXHHK0K,0.709087101846317
Microglia_Core_Homeostatic,BS_JRYJGYC4,0.662695771990268
Microglia_Core_Homeostatic,BS_JS95PE0J,0.733416971748197
Microglia_Core_Homeostatic,BS_JTWNJ8T7,0.645625336971053
Microglia_Core_Homeostatic,BS_JVW2JJ39,0.547469591690865
Microglia_Core_Homeostatic,BS_K0X3PZGN,0.83858504850387
Microglia_Core_Homeostatic,BS_K17VQECG,0.832237891720009
Microglia_Core_Homeostatic,BS_K2PCC777,0.865789421405257
Microglia_Core_Homeostatic,BS_K74N1BXQ,0.848917569756391
Microglia_Core_Homeostatic,BS_K81PZXP2,0.759702074701803
Microglia_Core_Homeostatic,BS_K88T8SW7,0.693167246339273
Microglia_Core_Homeostatic,BS_KABQQA0T,0.815417496391093
Microglia_Core_Homeostatic,BS_KBEX4RT2,0.7020925827259
Microglia_Core_Homeostatic,BS_KFD5128N,0.770635139860353
Microglia_Core_Homeostatic,BS_KKDTW11T,0.555393435026644
Microglia_Core_Homeostatic,BS_KP735TJ6,0.6030674135614
Microglia_Core_Homeostatic,BS_KQ6ZW085,0.83383613594667
Microglia_Core_Homeostatic,BS_KRS4EV4X,0.731491335230258
Microglia_Core_Homeostatic,BS_KS8HMGA6,0.88604697547132
Microglia_Core_Homeostatic,BS_KVPWHDR4,0.763617472271971
Microglia_Core_Homeostatic,BS_M0FA190Y,0.80932679984487
Microglia_Core_Homeostatic,BS_M0XGZ53Z,0.712162892767058
Microglia_Core_Homeostatic,BS_M1PVEHCM,0.677767648559072
Microglia_Core_Homeostatic,BS_M54TWTH4,0.830058702834317
Microglia_Core_Homeostatic,BS_M7XB258E,0.859841105342826
Microglia_Core_Homeostatic,BS_M85CXHDV,0.845305427186245
Microglia_Core_Homeostatic,BS_MB7WN0ZB,0.733128285767089
Microglia_Core_Homeostatic,BS_MD0937XT,0.662940364928159
Microglia_Core_Homeostatic,BS_MDBT7S5Z,0.651426243164146
Microglia_Core_Homeostatic,BS_ME6VQGG4,0.736080041629132
Microglia_Core_Homeostatic,BS_MFGZH8FK,0.672316822519787
Microglia_Core_Homeostatic,BS_MG78HQDM,0.645925045558622
Microglia_Core_Homeostatic,BS_MWWZBQ60,0.790853677580663
Microglia_Core_Homeostatic,BS_N6TQBQ8M,0.666000216612819
Microglia_Core_Homeostatic,BS_N7SW36FD,0.875115859356816
Microglia_Core_Homeostatic,BS_N7VQ1GQB,0.847588575855714
Microglia_Core_Homeostatic,BS_NB9XXBW6,0.846263221933519
Microglia_Core_Homeostatic,BS_NEFAASTR,0.739205676965607
Microglia_Core_Homeostatic,BS_NEVYM2FP,0.863492143465293
Microglia_Core_Homeostatic,BS_NFKKDYSV,0.780835507793314
Microglia_Core_Homeostatic,BS_NGSG2KB6,0.875985613785007
Microglia_Core_Homeostatic,BS_NNYXMSTX,0.874145144407437
Microglia_Core_Homeostatic,BS_NPA6CZQF,0.85392967422231
Microglia_Core_Homeostatic,BS_NQ54ST98,0.808361051607419
Microglia_Core_Homeostatic,BS_NR3P3GN2,0.735017281447294
Microglia_Core_Homeostatic,BS_NX1R0BC3,0.766361301181397
Microglia_Core_Homeostatic,BS_P0QF87WC,0.637321003456448
Microglia_Core_Homeostatic,BS_P4PMWFMV,0.750309123342474
Microglia_Core_Homeostatic,BS_P7W3AYKV,0.702812614793461
Microglia_Core_Homeostatic,BS_PENM28KT,0.813682271748694
Microglia_Core_Homeostatic,BS_PJC6FH4Y,0.897031931877474
Microglia_Core_Homeostatic,BS_PS0P3QJ3,0.691921532583554
Microglia_Core_Homeostatic,BS_PXCPK5XS,0.740444328724361
Microglia_Core_Homeostatic,BS_PZVHMSYN,0.599951520443769
Microglia_Core_Homeostatic,BS_Q06J3RYW,0.849499451447702
Microglia_Core_Homeostatic,BS_Q35GFYDR,0.557593605059526
Microglia_Core_Homeostatic,BS_Q9N5PRD5,0.667102358043388
Microglia_Core_Homeostatic,BS_QB84TBA3,0.549115516264944
Microglia_Core_Homeostatic,BS_QGKEP3KB,0.826784608786466
Microglia_Core_Homeostatic,BS_QH0VYVJK,0.783565783918576
Microglia_Core_Homeostatic,BS_QHY302E8,0.769131991502735
Microglia_Core_Homeostatic,BS_QMBS32Y2,0.700204366851973
Microglia_Core_Homeostatic,BS_QNNX91SM,0.79783419184378
Microglia_Core_Homeostatic,BS_QY2G1JZJ,0.859747609271226
Microglia_Core_Homeostatic,BS_QYA4TQXX,0.580612452469463
Microglia_Core_Homeostatic,BS_R5JQE0VJ,0.645443015402944
Microglia_Core_Homeostatic,BS_R5SNFB5B,0.561419777920439
Microglia_Core_Homeostatic,BS_R9B92M75,0.842560253478951
Microglia_Core_Homeostatic,BS_RHAWQJ48,0.815010779702421
Microglia_Core_Homeostatic,BS_RHM60031,0.64457239743851
Microglia_Core_Homeostatic,BS_RJC3WDD6,0.636105417906192
Microglia_Core_Homeostatic,BS_RN0VAY51,0.821384353981642
Microglia_Core_Homeostatic,BS_RX1YTZ7F,0.767213953582597
Microglia_Core_Homeostatic,BS_RZBFH1QF,0.485470776954565
Microglia_Core_Homeostatic,BS_S2TA8R29,0.842473311595529
Microglia_Core_Homeostatic,BS_S3C2PZAH,0.65959006078798
Microglia_Core_Homeostatic,BS_S3MET0JZ,0.804236560835764
Microglia_Core_Homeostatic,BS_S4V9E1XJ,0.874257686843551
Microglia_Core_Homeostatic,BS_S5P8VTN5,0.779931691656431
Microglia_Core_Homeostatic,BS_S6B9DVNS,0.544907349580392
Microglia_Core_Homeostatic,BS_S6S7SK3P,0.660529117651881
Microglia_Core_Homeostatic,BS_S8K878T3,0.798646585323072
Microglia_Core_Homeostatic,BS_SBMAM00V,0.760318907475129
Microglia_Core_Homeostatic,BS_SBMCD7XZ,0.856014481716009
Microglia_Core_Homeostatic,BS_SD0EMK7Y,0.837996320916383
Microglia_Core_Homeostatic,BS_SD8YBRBR,0.560136235616192
Microglia_Core_Homeostatic,BS_SERDGASJ,0.813070038622145
Microglia_Core_Homeostatic,BS_SJVTZ5TH,0.585053871480456
Microglia_Core_Homeostatic,BS_SMWQR2F1,0.682144979307218
Microglia_Core_Homeostatic,BS_SNVM7CZT,0.789056703761565
Microglia_Core_Homeostatic,BS_SR2RGDXJ,0.781784707826342
Microglia_Core_Homeostatic,BS_SW9Z10F9,0.842896456439357
Microglia_Core_Homeostatic,BS_SY3J3XR9,0.755639196135029
Microglia_Core_Homeostatic,BS_T1YHK6B7,0.667868483309891
Microglia_Core_Homeostatic,BS_T2F48Z4E,0.7126001377336
Microglia_Core_Homeostatic,BS_T9A8JJW5,0.766794498923487
Microglia_Core_Homeostatic,BS_TASG32Z2,0.598483837245645
Microglia_Core_Homeostatic,BS_TGS109T3,0.750785750442698
Microglia_Core_Homeostatic,BS_TM9MH0RP,0.831423812867809
Microglia_Core_Homeostatic,BS_TR2P8KRF,0.715487003532164
Microglia_Core_Homeostatic,BS_TRKH2SPE,0.768641371105694
Microglia_Core_Homeostatic,BS_TRPXB3AV,0.68025896873659
Microglia_Core_Homeostatic,BS_TTDNZTZ0,0.860729608064705
Microglia_Core_Homeostatic,BS_TTE04ZP8,0.847299803037588
Microglia_Core_Homeostatic,BS_TV5B86ZD,0.561838458170146
Microglia_Core_Homeostatic,BS_TVH33J9Q,0.708225464691706
Microglia_Core_Homeostatic,BS_TXZ7KHTQ,0.751037805794515
Microglia_Core_Homeostatic,BS_V0DQFC75,0.593854889398594
Microglia_Core_Homeostatic,BS_V3Z3DB4N,0.840273130814216
Microglia_Core_Homeostatic,BS_V558NW3Q,0.764654631840291
Microglia_Core_Homeostatic,BS_V6RSB5HQ,0.754958010704702
Microglia_Core_Homeostatic,BS_V8QWBVS3,0.788018484874545
Microglia_Core_Homeostatic,BS_VBMRQK4F,0.739711880532773
Microglia_Core_Homeostatic,BS_VDFXXMEX,0.59654304735679
Microglia_Core_Homeostatic,BS_VF3NVT4G,0.839843419325819
Microglia_Core_Homeostatic,BS_VKH87DD2,0.756451942240129
Microglia_Core_Homeostatic,BS_VKHJG2B8,0.72876171208258
Microglia_Core_Homeostatic,BS_VKYEM67A,0.855574501664032
Microglia_Core_Homeostatic,BS_VMQMGSJY,0.756255276207734
Microglia_Core_Homeostatic,BS_VVTHDRBD,0.750149746909598
Microglia_Core_Homeostatic,BS_W1385R8Y,0.573595843345076
Microglia_Core_Homeostatic,BS_W4DB5RP1,0.588527802163037
Microglia_Core_Homeostatic,BS_W7MFJZ5A,0.86576675753579
Microglia_Core_Homeostatic,BS_WBVSK3MP,0.522154416471109
Microglia_Core_Homeostatic,BS_WEKK6SHP,0.564891180420496
Microglia_Core_Homeostatic,BS_WHBEXD5H,0.804277307914136
Microglia_Core_Homeostatic,BS_WQ1YRTAT,0.594212738876968
Microglia_Core_Homeostatic,BS_WTJEDTZC,0.66519327900006
Microglia_Core_Homeostatic,BS_WVRX4C9Z,0.908823798793096
Microglia_Core_Homeostatic,BS_X0XXN9BK,0.682147708081881
Microglia_Core_Homeostatic,BS_X1G0TKP4,0.880754000537025
Microglia_Core_Homeostatic,BS_X20JCR4H,0.791873315635701
Microglia_Core_Homeostatic,BS_X23724NJ,0.687733187137724
Microglia_Core_Homeostatic,BS_X3HR4Z21,0.801599254580507
Microglia_Core_Homeostatic,BS_X4DD4KSZ,0.888026035222628
Microglia_Core_Homeostatic,BS_X4X1SFSE,0.838711274109526
Microglia_Core_Homeostatic,BS_XG0DBWVT,0.660430945404193
Microglia_Core_Homeostatic,BS_XGDPK33A,0.814725837171965
Microglia_Core_Homeostatic,BS_XM1AHBDJ,0.689177301860717
Microglia_Core_Homeostatic,BS_XQ5SFW35,0.853624784807711
Microglia_Core_Homeostatic,BS_XQXXBWPD,0.857510597603562
Microglia_Core_Homeostatic,BS_XYVCMF4A,0.682701105141022
Microglia_Core_Homeostatic,BS_XZM79E42,0.890446556928083
Microglia_Core_Homeostatic,BS_YA0KMBRT,0.668715651355113
Microglia_Core_Homeostatic,BS_YDEVMD24,0.869427250746071
Microglia_Core_Homeostatic,BS_YMKQT5V0,0.848970315414827
Microglia_Core_Homeostatic,BS_YR12D1ZY,0.808118545819274
Microglia_Core_Homeostatic,BS_YSZRQ95C,0.672016668498789
Microglia_Core_Homeostatic,BS_YTWEM5SG,0.878119935859856
Microglia_Core_Homeostatic,BS_YZ2QFDAN,0.668089689787476
Microglia_Core_Homeostatic,BS_Z0ZPD9S9,0.847450220882327
Microglia_Core_Homeostatic,BS_Z3RCA1T9,0.823469496453059
Microglia_Core_Homeostatic,BS_Z8F3GM85,0.894349806898794
Microglia_Core_Homeostatic,BS_ZD5HN296,0.898570061315444
Microglia_Core_Homeostatic,BS_ZF6BSFNF,0.88388817693851
Microglia_Core_Homeostatic,BS_ZM97KKXE,0.822598839903692
Microglia_Core_Homeostatic,BS_ZV1P6W9C,0.757627317337188
Microglia_Core_Homeostatic,BS_ZVM8CAB0,0.858560178329919
Microglia_Core_Homeostatic,BS_ZZWMD6FA,0.871878497008719
Microglia_Core_Homeostatic,BS_06AMMCXR,0.753162990973108
Microglia_Core_Homeostatic,BS_08TWG4K0,0.859587135227782
Microglia_Core_Homeostatic,BS_1DECYC4K,0.853810318079848
Microglia_Core_Homeostatic,BS_2A5R9D97,0.761436599053901
Microglia_Core_Homeostatic,BS_3VJ0CA6A,0.801646787029953
Microglia_Core_Homeostatic,BS_3XYJBBHQ,0.753019236421888
Microglia_Core_Homeostatic,BS_4C4MZ4NT,0.806048364725626
Microglia_Core_Homeostatic,BS_4PPHAQXF,0.770168601868545
Microglia_Core_Homeostatic,BS_4SMPV083,0.739117848344045
Microglia_Core_Homeostatic,BS_A76PNWQS,0.601633410249549
Microglia_Core_Homeostatic,BS_BZCTXEPJ,0.851855459205507
Microglia_Core_Homeostatic,BS_CB6VK7PB,0.77668374653974
Microglia_Core_Homeostatic,BS_ED8G98XT,0.713231344185537
Microglia_Core_Homeostatic,BS_FCX6DZ0J,0.746506712120907
Microglia_Core_Homeostatic,BS_FYRDYBMZ,0.73020366739765
Microglia_Core_Homeostatic,BS_H1XPVS9A,0.864820497514607
Microglia_Core_Homeostatic,BS_QRNSKFMS,0.870803210467252
Microglia_Core_Homeostatic,BS_R13X6TMW,0.780406204686794
Microglia_Core_Homeostatic,BS_RJMJ935A,0.882144165733388
Microglia_Core_Homeostatic,BS_RWJZFTP9,0.850496974181139
Microglia_Core_Homeostatic,BS_S20SP0WW,0.82551091129878
Microglia_Core_Homeostatic,BS_SB12W1XT,0.84971693314138
Microglia_Core_Homeostatic,BS_T0MXH2CA,0.829302578731119
Microglia_Core_Homeostatic,BS_T1W4JA94,0.799601553178967
Microglia_Core_Homeostatic,BS_T289QKBV,0.788125226572563
Microglia_Core_Homeostatic,BS_T3H5AY8A,0.828722840227976
Microglia_Core_Homeostatic,BS_TVV122JG,0.719506475181312
Microglia_Core_Homeostatic,BS_VW85Q4XJ,0.829895095517938
Microglia_Core_Homeostatic,BS_W97QQYKQ,0.87699333719893
Microglia_Core_Homeostatic,BS_WYMX429C,0.785372114107156
Microglia_Core_Homeostatic,BS_YR1XY6SF,0.780623786489044
Microglia_Core_Homeostatic,BS_014EVM2D,0.895958525185415
Microglia_Core_Homeostatic,BS_044XZ8ST,0.848282411943062
Microglia_Core_Homeostatic,BS_063ERW0R,0.774998559554358
Microglia_Core_Homeostatic,BS_0D5VRAKC,0.879522581641996
Microglia_Core_Homeostatic,BS_0J9SHHSC,0.82280548557946
Microglia_Core_Homeostatic,BS_0SCXXM6N,0.840264134743703
Microglia_Core_Homeostatic,BS_0TDWG2CV,0.844787351955259
Microglia_Core_Homeostatic,BS_0WVJYM9R,0.896576510082363
Microglia_Core_Homeostatic,BS_0X9EGHY2,0.831261563932766
Microglia_Core_Homeostatic,BS_0Y5J2AQ4,0.796388960134394
Microglia_Core_Homeostatic,BS_13CGKADW,0.780296522967962
Microglia_Core_Homeostatic,BS_166N7SZQ,0.747959792876816
Microglia_Core_Homeostatic,BS_17WYVEEC,0.809906946944287
Microglia_Core_Homeostatic,BS_1G3WYEN3,0.807717920358999
Microglia_Core_Homeostatic,BS_1HYS8CSC,0.860471847700781
Microglia_Core_Homeostatic,BS_1JDG6JV5,0.850389540268672
Microglia_Core_Homeostatic,BS_1KYGSMA7,0.861287248914524
Microglia_Core_Homeostatic,BS_1N76FQZY,0.837074806490255
Microglia_Core_Homeostatic,BS_1NPD7PVG,0.851124562514417
Microglia_Core_Homeostatic,BS_1Z9AX9JS,0.826617950930605
Microglia_Core_Homeostatic,BS_1ZVXF5FE,0.818600358497847
Microglia_Core_Homeostatic,BS_21RE8W46,0.840887667322205
Microglia_Core_Homeostatic,BS_24AHZ9ZW,0.891572946525333
Microglia_Core_Homeostatic,BS_2720P44V,0.853595419391896
Microglia_Core_Homeostatic,BS_27FYYPJG,0.798722712721859
Microglia_Core_Homeostatic,BS_29TRQXWM,0.826116925016748
Microglia_Core_Homeostatic,BS_2ADZNNV4,0.855140669377613
Microglia_Core_Homeostatic,BS_2EMW8ZG3,0.798787043690464
Microglia_Core_Homeostatic,BS_2K3FVT86,0.728195184926862
Microglia_Core_Homeostatic,BS_2KJ2YAZR,0.829677086319137
Microglia_Core_Homeostatic,BS_2QCQYY6M,0.807038662649397
Microglia_Core_Homeostatic,BS_2WPQ8YCW,0.798004095532199
Microglia_Core_Homeostatic,BS_2XM08BFY,0.852152145303754
Microglia_Core_Homeostatic,BS_2YCJV2VV,0.845901119863717
Microglia_Core_Homeostatic,BS_304SPN6B,0.831252993162678
Microglia_Core_Homeostatic,BS_33AQSPRP,0.823504418655404
Microglia_Core_Homeostatic,BS_3G3KWY18,0.859342626490962
Microglia_Core_Homeostatic,BS_3GAN6Q43,0.763256464724773
Microglia_Core_Homeostatic,BS_3P20Q2C3,0.736005618731453
Microglia_Core_Homeostatic,BS_3PYESPHA,0.817498178001151
Microglia_Core_Homeostatic,BS_3Q0GTSYH,0.80931363396619
Microglia_Core_Homeostatic,BS_3TJHY996,0.861883418317679
Microglia_Core_Homeostatic,BS_3XY76V8T,0.822472367337138
Microglia_Core_Homeostatic,BS_3Y2X2RBJ,0.833957430416634
Microglia_Core_Homeostatic,BS_401R3KV0,0.811730902513323
Microglia_Core_Homeostatic,BS_42DY6WS7,0.866848496916328
Microglia_Core_Homeostatic,BS_42Y3YANN,0.881527486182652
Microglia_Core_Homeostatic,BS_470DYRJQ,0.800717081564058
Microglia_Core_Homeostatic,BS_47SJZ3PH,0.872875223740236
Microglia_Core_Homeostatic,BS_49852ZBH,0.831510245917642
Microglia_Core_Homeostatic,BS_4A45GGSW,0.846528428688172
Microglia_Core_Homeostatic,BS_4BWB0FA0,0.853656629700256
Microglia_Core_Homeostatic,BS_4CXE5XEP,0.825140076665068
Microglia_Core_Homeostatic,BS_4HQ3T2NC,0.890984616403252
Microglia_Core_Homeostatic,BS_4N1GNHX4,0.853947164306415
Microglia_Core_Homeostatic,BS_4NF35AF6,0.797079014912632
Microglia_Core_Homeostatic,BS_4TZQY7TT,0.834298091034459
Microglia_Core_Homeostatic,BS_4Y6BCYK5,0.831408225323609
Microglia_Core_Homeostatic,BS_4Z2F4P9N,0.82861610897849
Microglia_Core_Homeostatic,BS_503DZ8BN,0.805204433419639
Microglia_Core_Homeostatic,BS_52426AMF,0.85859824032722
Microglia_Core_Homeostatic,BS_52DAPP1Y,0.828019839289346
Microglia_Core_Homeostatic,BS_534XRSNB,0.851539789497479
Microglia_Core_Homeostatic,BS_53GQKVEX,0.843525734214346
Microglia_Core_Homeostatic,BS_54H90JW2,0.870307145534078
Microglia_Core_Homeostatic,BS_55P8HPYD,0.839736330727375
Microglia_Core_Homeostatic,BS_55X1W2MR,0.859351810584619
Microglia_Core_Homeostatic,BS_57NMZPS0,0.676897448905159
Microglia_Core_Homeostatic,BS_593HEWBF,0.810211187880726
Microglia_Core_Homeostatic,BS_5J5D3QTD,0.834213772045609
Microglia_Core_Homeostatic,BS_5K3R0F5D,0.776205705070704
Microglia_Core_Homeostatic,BS_5NWDARXG,0.832790691701376
Microglia_Core_Homeostatic,BS_5PEFNDCY,0.850298173637818
Microglia_Core_Homeostatic,BS_5PV5N4HQ,0.856826578910083
Microglia_Core_Homeostatic,BS_5YJEPPTP,0.84985814237934
Microglia_Core_Homeostatic,BS_5YYCP891,0.833680744009533
Microglia_Core_Homeostatic,BS_66ABA973,0.819069182137585
Microglia_Core_Homeostatic,BS_66HQ3E4Z,0.832741307607185
Microglia_Core_Homeostatic,BS_680K119G,0.818014581812741
Microglia_Core_Homeostatic,BS_68BW2163,0.73000130936032
Microglia_Core_Homeostatic,BS_699TN5RN,0.888877682417215
Microglia_Core_Homeostatic,BS_6HXD39AM,0.86316887582937
Microglia_Core_Homeostatic,BS_6N3AFF66,0.832028546891714
Microglia_Core_Homeostatic,BS_6TSAVMT9,0.865736772912082
Microglia_Core_Homeostatic,BS_6VF6VPCG,0.884550964629846
Microglia_Core_Homeostatic,BS_769BDPDB,0.822497803377809
Microglia_Core_Homeostatic,BS_76DRXZRJ,0.85105106923271
Microglia_Core_Homeostatic,BS_775HDFNY,0.848879764323274
Microglia_Core_Homeostatic,BS_7H4RFCW9,0.892105805207264
Microglia_Core_Homeostatic,BS_7M3FNSYK,0.753609170532408
Microglia_Core_Homeostatic,BS_7MGXMG6S,0.830256031123064
Microglia_Core_Homeostatic,BS_7N0B2CY1,0.795293128081497
Microglia_Core_Homeostatic,BS_7P83Z28P,0.833990076578857
Microglia_Core_Homeostatic,BS_7Z93ZYMS,0.85635578999743
Microglia_Core_Homeostatic,BS_880ESDFZ,0.816725023233218
Microglia_Core_Homeostatic,BS_8BF616QR,0.741789887181396
Microglia_Core_Homeostatic,BS_8J3B6ZB6,0.874811447198304
Microglia_Core_Homeostatic,BS_8QJ43WKW,0.846034283224299
Microglia_Core_Homeostatic,BS_8RCR7Y4B,0.83533720062598
Microglia_Core_Homeostatic,BS_8VAZSJEN,0.863002697606621
Microglia_Core_Homeostatic,BS_92HCM7BN,0.909016515071331
Microglia_Core_Homeostatic,BS_94MT16N2,0.744085831259821
Microglia_Core_Homeostatic,BS_9BJARSX3,0.801533903706025
Microglia_Core_Homeostatic,BS_9F09XV62,0.821841303614073
Microglia_Core_Homeostatic,BS_9HSGV9TJ,0.87260643643863
Microglia_Core_Homeostatic,BS_9JBX2E8G,0.82026665545604
Microglia_Core_Homeostatic,BS_9P9MB8X8,0.868262303050825
Microglia_Core_Homeostatic,BS_9Q6Z6VJC,0.807460672813713
Microglia_Core_Homeostatic,BS_9S7AG4EN,0.779770621242126
Microglia_Core_Homeostatic,BS_9SJWWYQ4,0.852791821272129
Microglia_Core_Homeostatic,BS_9YXH2CZ0,0.837496790754107
Microglia_Core_Homeostatic,BS_A13BMEF5,0.837712628410088
Microglia_Core_Homeostatic,BS_A1VEGWTR,0.848286145967536
Microglia_Core_Homeostatic,BS_A46RDWGM,0.748669951090488
Microglia_Core_Homeostatic,BS_A96FKXN5,0.806239588599229
Microglia_Core_Homeostatic,BS_AGVWD5K8,0.781396066837162
Microglia_Core_Homeostatic,BS_AM0BZ61K,0.832413500731725
Microglia_Core_Homeostatic,BS_AP0SZ364,0.83629046963317
Microglia_Core_Homeostatic,BS_ATHSTZ5R,0.828385212290621
Microglia_Core_Homeostatic,BS_AW7J9F9R,0.846357252396222
Microglia_Core_Homeostatic,BS_B0SVFK4P,0.82875956460667
Microglia_Core_Homeostatic,BS_B3M5SGPA,0.795625125895271
Microglia_Core_Homeostatic,BS_B5JM6T8K,0.846640461024471
Microglia_Core_Homeostatic,BS_B6JKQFKA,0.820185689368105
Microglia_Core_Homeostatic,BS_B7GEH89C,0.855806412164297
Microglia_Core_Homeostatic,BS_B7X8VXQ3,0.861074805188754
Microglia_Core_Homeostatic,BS_BANCTAV6,0.685374100625807
Microglia_Core_Homeostatic,BS_BC936YNZ,0.881914047991567
Microglia_Core_Homeostatic,BS_BGRPWBNG,0.831840927214022
Microglia_Core_Homeostatic,BS_BJBM0BN7,0.792519275541047
Microglia_Core_Homeostatic,BS_BKQZ550R,0.854051350256198
Microglia_Core_Homeostatic,BS_BN986DF6,0.777798199206719
Microglia_Core_Homeostatic,BS_BNECCX4D,0.884735749059406
Microglia_Core_Homeostatic,BS_BPSTSCBJ,0.809920360549755
Microglia_Core_Homeostatic,BS_BW79W2PD,0.895856022180836
Microglia_Core_Homeostatic,BS_C0NEVC2B,0.821664354534612
Microglia_Core_Homeostatic,BS_C51RB0YR,0.872003576046615
Microglia_Core_Homeostatic,BS_C6SKJG3N,0.860373583857586
Microglia_Core_Homeostatic,BS_CC6RREE4,0.866303865988836
Microglia_Core_Homeostatic,BS_CGB2WS2A,0.815331449060134
Microglia_Core_Homeostatic,BS_CKX8RW1J,0.807020518419919
Microglia_Core_Homeostatic,BS_CMDJJQ7K,0.861668842782684
Microglia_Core_Homeostatic,BS_CTR5X93B,0.880731426982272
Microglia_Core_Homeostatic,BS_CVGFNCBJ,0.801762777628677
Microglia_Core_Homeostatic,BS_D3YBV7KB,0.900958967604891
Microglia_Core_Homeostatic,BS_DEHJF4C7,0.814952964274578
Microglia_Core_Homeostatic,BS_DMJHAG9X,0.840647657808533
Microglia_Core_Homeostatic,BS_DMZP9G1H,0.771465959550845
Microglia_Core_Homeostatic,BS_DPF1CX0G,0.811179899139085
Microglia_Core_Homeostatic,BS_DSS3S5XD,0.790708384850929
Microglia_Core_Homeostatic,BS_DV86M0Y7,0.814246519741615
Microglia_Core_Homeostatic,BS_E2DEWCSK,0.849276943061163
Microglia_Core_Homeostatic,BS_E3EJHXQV,0.851579302900527
Microglia_Core_Homeostatic,BS_E4GC9EXR,0.860586944938313
Microglia_Core_Homeostatic,BS_E94QRJDW,0.833273673120683
Microglia_Core_Homeostatic,BS_EBMCTR80,0.797608273323063
Microglia_Core_Homeostatic,BS_EFEZB0ZH,0.807226343302401
Microglia_Core_Homeostatic,BS_EHVYJAVA,0.882908009087173
Microglia_Core_Homeostatic,BS_EMAJ7P3P,0.844166671759631
Microglia_Core_Homeostatic,BS_ET8CJXSF,0.797654179390659
Microglia_Core_Homeostatic,BS_EXGBH3TD,0.857467536517344
Microglia_Core_Homeostatic,BS_EYSS0ZDS,0.806904435438396
Microglia_Core_Homeostatic,BS_F1K9QTBS,0.848672236403173
Microglia_Core_Homeostatic,BS_F77MGAQT,0.92014927979356
Microglia_Core_Homeostatic,BS_F8N6CFQE,0.835934092294144
Microglia_Core_Homeostatic,BS_FAQQ0GCQ,0.868832058750411
Microglia_Core_Homeostatic,BS_FJWZ3M7V,0.785926501155423
Microglia_Core_Homeostatic,BS_FJZPQZ2C,0.867472245164058
Microglia_Core_Homeostatic,BS_FR42HY0Z,0.793277756797909
Microglia_Core_Homeostatic,BS_FX4WKR2R,0.766689077387443
Microglia_Core_Homeostatic,BS_FZ62GZGV,0.892834277964255
Microglia_Core_Homeostatic,BS_G1DAGKSY,0.800736896848609
Microglia_Core_Homeostatic,BS_G5QBBHDV,0.827271736456295
Microglia_Core_Homeostatic,BS_G7AGNB5G,0.749399486408938
Microglia_Core_Homeostatic,BS_G9XE3N9T,0.784763453818583
Microglia_Core_Homeostatic,BS_GCA4GET3,0.832142186428434
Microglia_Core_Homeostatic,BS_GHNJ4CYC,0.877229466837737
Microglia_Core_Homeostatic,BS_GPEGRCCT,0.880187260451726
Microglia_Core_Homeostatic,BS_GTZCFGRZ,0.752585402553535
Microglia_Core_Homeostatic,BS_GYA4V1RD,0.842027556159769
Microglia_Core_Homeostatic,BS_GYXSDZ56,0.855341882009996
Microglia_Core_Homeostatic,BS_H08FEN68,0.842251255607479
Microglia_Core_Homeostatic,BS_H0WF1WHE,0.887265406760086
Microglia_Core_Homeostatic,BS_H3FE3TH9,0.844036981076754
Microglia_Core_Homeostatic,BS_H8A9PSYA,0.827628936203683
Microglia_Core_Homeostatic,BS_H9EX5WX3,0.825328542319029
Microglia_Core_Homeostatic,BS_HC5M8JTC,0.885773084083418
Microglia_Core_Homeostatic,BS_HM0R6SXQ,0.838296057380931
Microglia_Core_Homeostatic,BS_HNMQ7488,0.851934798404624
Microglia_Core_Homeostatic,BS_HQ5BJ6MW,0.849640856618898
Microglia_Core_Homeostatic,BS_HQDXQ5Y4,0.824656212615548
Microglia_Core_Homeostatic,BS_HSHN8PBB,0.851143435730918
Microglia_Core_Homeostatic,BS_HSTNFPKW,0.869366227811582
Microglia_Core_Homeostatic,BS_HV8PFRBR,0.855643905797221
Microglia_Core_Homeostatic,BS_J5H5VXWY,0.851931884761287
Microglia_Core_Homeostatic,BS_J9M83K8T,0.870771053651981
Microglia_Core_Homeostatic,BS_JFVB9KXB,0.561725071654737
Microglia_Core_Homeostatic,BS_JGKZ54SA,0.852650301265041
Microglia_Core_Homeostatic,BS_JH29M4KG,0.868841842991803
Microglia_Core_Homeostatic,BS_JKXA3FQC,0.799769286907803
Microglia_Core_Homeostatic,BS_JMHG7GCN,0.856931268927754
Microglia_Core_Homeostatic,BS_JVA2NQFF,0.827064413394046
Microglia_Core_Homeostatic,BS_JWSR581E,0.88312009672531
Microglia_Core_Homeostatic,BS_K57A4A9D,0.82287022216118
Microglia_Core_Homeostatic,BS_K5802F84,0.798424023928157
Microglia_Core_Homeostatic,BS_K7MVS0Z7,0.839291119103076
Microglia_Core_Homeostatic,BS_K838XW6V,0.805389003462287
Microglia_Core_Homeostatic,BS_M4NVX721,0.853152053075082
Microglia_Core_Homeostatic,BS_M4TTKPNR,0.826633781434858
Microglia_Core_Homeostatic,BS_M8M56Z4Y,0.797248575480736
Microglia_Core_Homeostatic,BS_M8WP5T16,0.832806375215385
Microglia_Core_Homeostatic,BS_MBSTWZA6,0.832059131373063
Microglia_Core_Homeostatic,BS_MF9X3PKH,0.887274752697065
Microglia_Core_Homeostatic,BS_MH8RAG4A,0.771590789116032
Microglia_Core_Homeostatic,BS_MX92FD6D,0.801401286224512
Microglia_Core_Homeostatic,BS_MY9D8XZ1,0.876094843986665
Microglia_Core_Homeostatic,BS_N1E0H8YQ,0.801042269600966
Microglia_Core_Homeostatic,BS_N210XMKR,0.812727875616745
Microglia_Core_Homeostatic,BS_N6NE6B3W,0.65885988715884
Microglia_Core_Homeostatic,BS_N87X1T8T,0.868789019562601
Microglia_Core_Homeostatic,BS_NB5XWMJT,0.831156484667689
Microglia_Core_Homeostatic,BS_NBZNAG7Q,0.828455666157777
Microglia_Core_Homeostatic,BS_NG9X6SJA,0.846581010914704
Microglia_Core_Homeostatic,BS_NKEAAFMW,0.583033799541688
Microglia_Core_Homeostatic,BS_NPQJ20KX,0.793879895021991
Microglia_Core_Homeostatic,BS_NQB91P48,0.804082384562466
Microglia_Core_Homeostatic,BS_NRFQEQKP,0.815849389123456
Microglia_Core_Homeostatic,BS_NRPG5K4K,0.843138894502085
Microglia_Core_Homeostatic,BS_NS7GSHB9,0.841366030698061
Microglia_Core_Homeostatic,BS_NT9NZYFD,0.879035854346972
Microglia_Core_Homeostatic,BS_NY5T05AK,0.865546415862501
Microglia_Core_Homeostatic,BS_P2Y2NANM,0.849670397710931
Microglia_Core_Homeostatic,BS_PDVD0GCM,0.805929711225012
Microglia_Core_Homeostatic,BS_PEP9NZXN,0.825224326931285
Microglia_Core_Homeostatic,BS_PQ7CQFYR,0.758842837131785
Microglia_Core_Homeostatic,BS_PRCG6W20,0.817922913225959
Microglia_Core_Homeostatic,BS_Q2PBFNDF,0.84292797063319
Microglia_Core_Homeostatic,BS_Q3TBCK4V,0.819905522544525
Microglia_Core_Homeostatic,BS_Q6VH5GJ8,0.787372336766957
Microglia_Core_Homeostatic,BS_Q79NP5YY,0.849394086204859
Microglia_Core_Homeostatic,BS_QBMW69AM,0.782241036701894
Microglia_Core_Homeostatic,BS_QH82PBMB,0.845134952263928
Microglia_Core_Homeostatic,BS_QTSXW7DA,0.82404250827697
Microglia_Core_Homeostatic,BS_QV51J756,0.833844256197004
Microglia_Core_Homeostatic,BS_R244Z0WX,0.861512692856352
Microglia_Core_Homeostatic,BS_R3AJB6VS,0.830877445086622
Microglia_Core_Homeostatic,BS_R7V8BC98,0.838881411862558
Microglia_Core_Homeostatic,BS_R9CKW9DY,0.874808825862714
Microglia_Core_Homeostatic,BS_RAQFEB0S,0.85797333693929
Microglia_Core_Homeostatic,BS_RARBBY7C,0.854670379296355
Microglia_Core_Homeostatic,BS_RGSMX7QD,0.843805995887939
Microglia_Core_Homeostatic,BS_RMT7ABN6,0.87395116292942
Microglia_Core_Homeostatic,BS_RNANA568,0.798797868560229
Microglia_Core_Homeostatic,BS_RPJ1EPHA,0.867186424259628
Microglia_Core_Homeostatic,BS_RRAEQZ97,0.89008066138094
Microglia_Core_Homeostatic,BS_RVSEDNJ4,0.82283254717463
Microglia_Core_Homeostatic,BS_S1KK7XRH,0.85499621434964
Microglia_Core_Homeostatic,BS_S458NMKH,0.80985832113998
Microglia_Core_Homeostatic,BS_S50KQEXV,0.858142351432087
Microglia_Core_Homeostatic,BS_SDA4RMMG,0.798467904910114
Microglia_Core_Homeostatic,BS_SDZY6RZ3,0.806330548510575
Microglia_Core_Homeostatic,BS_SFKZSJN1,0.777159825466645
Microglia_Core_Homeostatic,BS_SH2S6SFN,0.829824055303535
Microglia_Core_Homeostatic,BS_SHMC4902,0.844637391767012
Microglia_Core_Homeostatic,BS_SJ0HXCD0,0.805477956580553
Microglia_Core_Homeostatic,BS_SQX5E15Z,0.904240961679925
Microglia_Core_Homeostatic,BS_SW8C9Y5Y,0.854108986416822
Microglia_Core_Homeostatic,BS_SXRS2P6T,0.802401897031917
Microglia_Core_Homeostatic,BS_T0RKFEKR,0.809748450586235
Microglia_Core_Homeostatic,BS_T2QPMZCM,0.754679145030838
Microglia_Core_Homeostatic,BS_T4JFN54G,0.881259093678977
Microglia_Core_Homeostatic,BS_T5P5ME9M,0.852305077710692
Microglia_Core_Homeostatic,BS_TDJXQBVY,0.866320827224342
Microglia_Core_Homeostatic,BS_TG93XC55,0.761010957691085
Microglia_Core_Homeostatic,BS_TRZZRYKF,0.84641318633545
Microglia_Core_Homeostatic,BS_TV80600R,0.811174224111353
Microglia_Core_Homeostatic,BS_TWFDEMBZ,0.840891315785992
Microglia_Core_Homeostatic,BS_V2G1YE8R,0.819058919791041
Microglia_Core_Homeostatic,BS_V33RCK1Y,0.774856126406569
Microglia_Core_Homeostatic,BS_V3REENH9,0.893734641949759
Microglia_Core_Homeostatic,BS_V72GX2AZ,0.872541682353555
Microglia_Core_Homeostatic,BS_V7BZ049H,0.896964702496643
Microglia_Core_Homeostatic,BS_V89HGTET,0.903339581670119
Microglia_Core_Homeostatic,BS_VARR255N,0.889166259729598
Microglia_Core_Homeostatic,BS_VMMJYN8Z,0.796314747784117
Microglia_Core_Homeostatic,BS_VTYNWK05,0.876811527796962
Microglia_Core_Homeostatic,BS_VZWXGYT2,0.847653083388132
Microglia_Core_Homeostatic,BS_WRQHPSXQ,0.796472081057558
Microglia_Core_Homeostatic,BS_WVS02TZK,0.796995130492219
Microglia_Core_Homeostatic,BS_X16PENSA,0.859808373696279
Microglia_Core_Homeostatic,BS_X2EDW2ZB,0.73278794670215
Microglia_Core_Homeostatic,BS_X5DFR216,0.809928360421939
Microglia_Core_Homeostatic,BS_X6GFVDVA,0.830089192548779
Microglia_Core_Homeostatic,BS_X91K8KMG,0.895608817597536
Microglia_Core_Homeostatic,BS_XGSA3GQE,0.857831944205715
Microglia_Core_Homeostatic,BS_XKKB4MZV,0.747663377083058
Microglia_Core_Homeostatic,BS_Y0PCBNJV,0.831965924575507
Microglia_Core_Homeostatic,BS_Y274AC0H,0.780852061068998
Microglia_Core_Homeostatic,BS_Y7H24JZG,0.850655245742692
Microglia_Core_Homeostatic,BS_Y7W8BR6B,0.808008343623031
Microglia_Core_Homeostatic,BS_YASWHXJC,0.870720592914028
Microglia_Core_Homeostatic,BS_YB2RXRHT,0.880989892020865
Microglia_Core_Homeostatic,BS_YCREDZTJ,0.831383247493441
Microglia_Core_Homeostatic,BS_YEQVW4ND,0.839181206500576
Microglia_Core_Homeostatic,BS_YMAJC22S,0.729440936346132
Microglia_Core_Homeostatic,BS_YVEEXAAT,0.857009254347399
Microglia_Core_Homeostatic,BS_YVMEEBKC,0.867201339618303
Microglia_Core_Homeostatic,BS_YWJKHMXV,0.841250385323668
Microglia_Core_Homeostatic,BS_YY5B2XDD,0.797740611076434
Microglia_Core_Homeostatic,BS_YZ2Z1Q6Y,0.756559199814089
Microglia_Core_Homeostatic,BS_Z0AVVB1V,0.855862240244694
Microglia_Core_Homeostatic,BS_Z1A875MW,0.822572169279788
Microglia_Core_Homeostatic,BS_Z6BWR941,0.821856180975771
Microglia_Core_Homeostatic,BS_Z7Y2466H,0.884847405187203
Microglia_Core_Homeostatic,BS_ZHHAM3AN,0.878843820817771
Microglia_Core_Homeostatic,BS_ZHRGDRBW,0.826427291313473
Microglia_Core_Homeostatic,BS_ZJY7Y34M,0.828506056723078
Microglia_Core_Homeostatic,BS_ZN2P8BKH,0.856678797031988
Microglia_Core_Homeostatic,BS_ZTWGFWTX,0.746733561179857
Microglia_Core_Homeostatic,BS_ZV9Z3SY6,0.832609424899652
Microglia_Core_Homeostatic,BS_ZVX2GRD6,0.812237956253978
Microglia_Core_Homeostatic,BS_ZZMYDZJW,0.878921818144415
Microglia_Klemm2020,BS_00FD2KMP,0.753989111860987
Microglia_Klemm2020,BS_028YFYJ6,0.738331813864066
Microglia_Klemm2020,BS_052PZFMK,0.612401189403378
Microglia_Klemm2020,BS_056Q8577,0.783159659676243
Microglia_Klemm2020,BS_08ST21QE,0.784040556973049
Microglia_Klemm2020,BS_0C7VZC0A,0.82753314776318
Microglia_Klemm2020,BS_0S8E7590,0.707708354788258
Microglia_Klemm2020,BS_0VXZCRJS,0.789379657150159
Microglia_Klemm2020,BS_0XEBS3PG,0.824071500260368
Microglia_Klemm2020,BS_0ZA67BBC,0.865306230215444
Microglia_Klemm2020,BS_12G04QJM,0.680256545738581
Microglia_Klemm2020,BS_17ZSMXFH,0.714791710033834
Microglia_Klemm2020,BS_1A6MQ9ZA,0.718320913760622
Microglia_Klemm2020,BS_1D93Z575,0.734762835335829
Microglia_Klemm2020,BS_1EN5V3XW,0.694286272708214
Microglia_Klemm2020,BS_223BM91B,0.78494570103134
Microglia_Klemm2020,BS_25HNKZ79,0.827188978623468
Microglia_Klemm2020,BS_2853394H,0.697739975855062
Microglia_Klemm2020,BS_297H8BT4,0.777040511534504
Microglia_Klemm2020,BS_29X4ZX6Q,0.70353669675895
Microglia_Klemm2020,BS_2A5R9MEJ,0.798271733972244
Microglia_Klemm2020,BS_2ARXK0TD,0.805786439136106
Microglia_Klemm2020,BS_2AV1H5TV,0.75005793624344
Microglia_Klemm2020,BS_2DMBCHNF,0.783289322936884
Microglia_Klemm2020,BS_2EN3X6HB,0.827835273999141
Microglia_Klemm2020,BS_2FEZWH1F,0.783552730757326
Microglia_Klemm2020,BS_2HNXVFAS,0.760705358819346
Microglia_Klemm2020,BS_2JH1QMT1,0.859164952977022
Microglia_Klemm2020,BS_2JP7RBMB,0.846284915273055
Microglia_Klemm2020,BS_2K01T8K6,0.777821502027374
Microglia_Klemm2020,BS_2PDS3MSS,0.767849176864007
Microglia_Klemm2020,BS_2T5PJAW8,0.852722557569962
Microglia_Klemm2020,BS_2WANPFBJ,0.728361210853024
Microglia_Klemm2020,BS_30F3Z9FS,0.826859820359548
Microglia_Klemm2020,BS_30VC3R2Q,0.80571853138769
Microglia_Klemm2020,BS_30YWQ3FY,0.802699823418267
Microglia_Klemm2020,BS_31MBRWC4,0.8049456571919
Microglia_Klemm2020,BS_333KCNDP,0.843369175543563
Microglia_Klemm2020,BS_399RPKC9,0.834038255360946
Microglia_Klemm2020,BS_3AC3SRWH,0.706047003513894
Microglia_Klemm2020,BS_3MS8WVNR,0.802218015166305
Microglia_Klemm2020,BS_3ZPJAK9A,0.781533276458946
Microglia_Klemm2020,BS_45J79YTF,0.746032549333025
Microglia_Klemm2020,BS_49BQS7Z6,0.811865835964318
Microglia_Klemm2020,BS_49CJNZ06,0.689255673748975
Microglia_Klemm2020,BS_4B0BAVTX,0.878854083524458
Microglia_Klemm2020,BS_4BM3F6XJ,0.754987517228065
Microglia_Klemm2020,BS_4C6B11E4,0.867702658810667
Microglia_Klemm2020,BS_4GNN7J8E,0.898836145616657
Microglia_Klemm2020,BS_4KNBXM3C,0.824723407742474
Microglia_Klemm2020,BS_4Q3KRCZT,0.872366622044747
Microglia_Klemm2020,BS_4QW2S1Q8,0.858195353141888
Microglia_Klemm2020,BS_4T0HQ9QF,0.645652897435371
Microglia_Klemm2020,BS_4V42BXBT,0.865327193816488
Microglia_Klemm2020,BS_51RA1PGE,0.713947145697563
Microglia_Klemm2020,BS_52C576HH,0.752468382276177
Microglia_Klemm2020,BS_5965SFPZ,0.804479762583216
Microglia_Klemm2020,BS_5EFYPZT0,0.637721872269278
Microglia_Klemm2020,BS_5G5BD2MD,0.884051842394969
Microglia_Klemm2020,BS_5K95FX4C,0.849229656105986
Microglia_Klemm2020,BS_5KBXD2GQ,0.693934753640843
Microglia_Klemm2020,BS_5PXZ8F7W,0.746382675676915
Microglia_Klemm2020,BS_5VPM0F36,0.929045744067453
Microglia_Klemm2020,BS_62SW4CC5,0.754851234973608
Microglia_Klemm2020,BS_65WPD3DA,0.798653965468326
Microglia_Klemm2020,BS_68KX6A42,0.884907096753753
Microglia_Klemm2020,BS_6DCSD5Y6,0.64025439370008
Microglia_Klemm2020,BS_6H4Q24WA,0.852250900905347
Microglia_Klemm2020,BS_6M2053M0,0.87459631949457
Microglia_Klemm2020,BS_6SY64H5J,0.819895736412287
Microglia_Klemm2020,BS_6VRG1XFB,0.711309987602397
Microglia_Klemm2020,BS_6WP1FHTE,0.834691483671653
Microglia_Klemm2020,BS_7327SDAQ,0.805915595832753
Microglia_Klemm2020,BS_75YRDXET,0.869384946125358
Microglia_Klemm2020,BS_77SBTNPN,0.706108662305164
Microglia_Klemm2020,BS_7AEF4D4G,0.76703254179353
Microglia_Klemm2020,BS_7APCGCVF,0.759339387364106
Microglia_Klemm2020,BS_7GJT4A6A,0.655114056105246
Microglia_Klemm2020,BS_7GKWKGPH,0.822817830925651
Microglia_Klemm2020,BS_7PVJ6Q3D,0.782244834520121
Microglia_Klemm2020,BS_7WKNNRHK,0.647191384420655
Microglia_Klemm2020,BS_84VZX732,0.732896279778087
Microglia_Klemm2020,BS_84XCR9GG,0.729289868292286
Microglia_Klemm2020,BS_8E8JKP01,0.722803403001063
Microglia_Klemm2020,BS_8ERBDF7D,0.674651415380807
Microglia_Klemm2020,BS_8JK9TXH2,0.694081985172547
Microglia_Klemm2020,BS_8VD670NP,0.749656548984457
Microglia_Klemm2020,BS_8YWYN7VH,0.7615479519119
Microglia_Klemm2020,BS_8ZE4Z9G5,0.69120307222911
Microglia_Klemm2020,BS_8ZY4GST0,0.824689650046801
Microglia_Klemm2020,BS_91VYM11A,0.827697690190807
Microglia_Klemm2020,BS_956G6QPJ,0.752103238867246
Microglia_Klemm2020,BS_97M1E2DW,0.607292840385501
Microglia_Klemm2020,BS_9A1YTHFF,0.87184863417688
Microglia_Klemm2020,BS_9B0A62MT,0.769412769543581
Microglia_Klemm2020,BS_9CA93S6D,0.630613296223539
Microglia_Klemm2020,BS_9FHEFJNP,0.778242674229162
Microglia_Klemm2020,BS_9FX3YREK,0.790270273205977
Microglia_Klemm2020,BS_9GJ3DB1H,0.795993588632358
Microglia_Klemm2020,BS_9JPQZQNG,0.691307876565934
Microglia_Klemm2020,BS_9TXEDSWB,0.858285353011373
Microglia_Klemm2020,BS_9XVACXP0,0.718783697408072
Microglia_Klemm2020,BS_9Y1K14Q5,0.603052890300524
Microglia_Klemm2020,BS_9ZJT0CP0,0.697067117942597
Microglia_Klemm2020,BS_A4PF49V0,0.624930001227502
Microglia_Klemm2020,BS_A6NXR7RC,0.828018065325472
Microglia_Klemm2020,BS_A7Q8G0Y1,0.77886957803455
Microglia_Klemm2020,BS_A8XW5S0W,0.779162510581878
Microglia_Klemm2020,BS_AWH9757B,0.802635715547547
Microglia_Klemm2020,BS_AYSXRQWY,0.723807662074031
Microglia_Klemm2020,BS_AZQM1JJH,0.861126749571406
Microglia_Klemm2020,BS_B1C6GZ84,0.769675507933749
Microglia_Klemm2020,BS_B3MQFFYP,0.899491695351687
Microglia_Klemm2020,BS_B4R7X1KE,0.728212434866946
Microglia_Klemm2020,BS_B57327NA,0.834723490167822
Microglia_Klemm2020,BS_BBAEMXRD,0.777361248887615
Microglia_Klemm2020,BS_BBQ6BHGN,0.838733558180515
Microglia_Klemm2020,BS_BK0HGRXM,0.831486113533767
Microglia_Klemm2020,BS_BMMY0H73,0.810368188398198
Microglia_Klemm2020,BS_C6ZZ3FY5,0.860617785378582
Microglia_Klemm2020,BS_C83TK159,0.839107469912151
Microglia_Klemm2020,BS_CBDQZ8PP,0.668451591948411
Microglia_Klemm2020,BS_CF63VG3S,0.77433899414636
Microglia_Klemm2020,BS_CFD3WHAY,0.864842388765778
Microglia_Klemm2020,BS_CG1RG607,0.879087053286315
Microglia_Klemm2020,BS_CVEDJGHZ,0.917139146129915
Microglia_Klemm2020,BS_CXAQDK7S,0.921146977877743
Microglia_Klemm2020,BS_CZPQ493E,0.753294317176842
Microglia_Klemm2020,BS_D29RPBSZ,0.768045303166763
Microglia_Klemm2020,BS_D4VNDNQA,0.671741194759355
Microglia_Klemm2020,BS_D6J2BGDJ,0.736112317010027
Microglia_Klemm2020,BS_DFGS950G,0.635113646530952
Microglia_Klemm2020,BS_DNZVP92S,0.643058130602481
Microglia_Klemm2020,BS_DR079H0D,0.759294646525025
Microglia_Klemm2020,BS_DS438CXE,0.592221385118699
Microglia_Klemm2020,BS_DSPVSM7D,0.701909648208786
Microglia_Klemm2020,BS_DZNXFPH1,0.84399446008019
Microglia_Klemm2020,BS_E7NVYA6G,0.792851153389309
Microglia_Klemm2020,BS_E9CYN4NP,0.792650128437703
Microglia_Klemm2020,BS_EB0XRBT9,0.87914713314993
Microglia_Klemm2020,BS_EDJ5TV0P,0.517052956999367
Microglia_Klemm2020,BS_EMQM7HTA,0.714740169206692
Microglia_Klemm2020,BS_ENEYB4TG,0.903478017548721
Microglia_Klemm2020,BS_EXPJQZTH,0.86719346159379
Microglia_Klemm2020,BS_EZ3147MX,0.851884892267873
Microglia_Klemm2020,BS_F0JB4EAK,0.878172966320748
Microglia_Klemm2020,BS_F21R36MM,0.646100835297313
Microglia_Klemm2020,BS_F65GWS21,0.616351882773849
Microglia_Klemm2020,BS_F6V1Y4QS,0.75183946141563
Microglia_Klemm2020,BS_F9Y4Z92G,0.776322618869968
Microglia_Klemm2020,BS_FCDAH728,0.818809169910119
Microglia_Klemm2020,BS_FEV5A0HN,0.695359774919817
Microglia_Klemm2020,BS_FGJH1X0S,0.629947514321669
Microglia_Klemm2020,BS_FKASA3MN,0.651571768138603
Microglia_Klemm2020,BS_FN07P04C,0.577092859357631
Microglia_Klemm2020,BS_FX2P2WEG,0.822437570162694
Microglia_Klemm2020,BS_FXJY0MNH,0.878860779150675
Microglia_Klemm2020,BS_FYP2B298,0.789319351511667
Microglia_Klemm2020,BS_G19QZG4S,0.894430098645541
Microglia_Klemm2020,BS_G1E5DATJ,0.813684316125088
Microglia_Klemm2020,BS_G257VSS9,0.773875446736547
Microglia_Klemm2020,BS_G3NN392N,0.780634770223813
Microglia_Klemm2020,BS_G3RJTBZD,0.713365402617584
Microglia_Klemm2020,BS_G5NHSFD4,0.83384210581246
Microglia_Klemm2020,BS_G8TXTX0H,0.81106041951884
Microglia_Klemm2020,BS_GG9W3J9Y,0.729618596797249
Microglia_Klemm2020,BS_GW0GKWMS,0.830425747820685
Microglia_Klemm2020,BS_GWHYM3R4,0.689298440408973
Microglia_Klemm2020,BS_GWSJ4Z9H,0.864844860988395
Microglia_Klemm2020,BS_H5VQJR7X,0.724676474219328
Microglia_Klemm2020,BS_H97S5SQN,0.890423722047157
Microglia_Klemm2020,BS_H9JYKFTV,0.741950288473923
Microglia_Klemm2020,BS_HDHXX8Q7,0.708173936028053
Microglia_Klemm2020,BS_HDPCQETG,0.807339362077703
Microglia_Klemm2020,BS_HJRTC9JQ,0.857828416376668
Microglia_Klemm2020,BS_HJV0J603,0.599330796046487
Microglia_Klemm2020,BS_HRJ9145M,0.818868656094786
Microglia_Klemm2020,BS_HWGWYCY7,0.818063745212627
Microglia_Klemm2020,BS_HZ9AYDCQ,0.839303771217505
Microglia_Klemm2020,BS_J4JY2F3H,0.795753592610552
Microglia_Klemm2020,BS_J6212Y48,0.702455697561729
Microglia_Klemm2020,BS_J6W1RB7A,0.763114090191018
Microglia_Klemm2020,BS_J9CBGP57,0.845942123621407
Microglia_Klemm2020,BS_JB43XBCQ,0.904834645961382
Microglia_Klemm2020,BS_JDSNFYQ0,0.753263218710117
Microglia_Klemm2020,BS_JJVH7WR0,0.70966537420705
Microglia_Klemm2020,BS_JMD386Z2,0.794904842899234
Microglia_Klemm2020,BS_JP95KMRD,0.837043311532068
Microglia_Klemm2020,BS_JQGJQ2QZ,0.784843314029109
Microglia_Klemm2020,BS_JQVAWTTM,0.893760729021199
Microglia_Klemm2020,BS_JQXHHK0K,0.720465341881837
Microglia_Klemm2020,BS_JRYJGYC4,0.69818076019056
Microglia_Klemm2020,BS_JS95PE0J,0.762016278406623
Microglia_Klemm2020,BS_JTWNJ8T7,0.650417940947629
Microglia_Klemm2020,BS_JVW2JJ39,0.550800683929099
Microglia_Klemm2020,BS_K0X3PZGN,0.85228389912234
Microglia_Klemm2020,BS_K17VQECG,0.842860646244699
Microglia_Klemm2020,BS_K2PCC777,0.882569438988271
Microglia_Klemm2020,BS_K74N1BXQ,0.85717916187849
Microglia_Klemm2020,BS_K81PZXP2,0.783746935638014
Microglia_Klemm2020,BS_K88T8SW7,0.681115171830961
Microglia_Klemm2020,BS_KABQQA0T,0.824750938175619
Microglia_Klemm2020,BS_KBEX4RT2,0.713354077676719
Microglia_Klemm2020,BS_KFD5128N,0.771664354321269
Microglia_Klemm2020,BS_KKDTW11T,0.542071011919034
Microglia_Klemm2020,BS_KP735TJ6,0.622073557591973
Microglia_Klemm2020,BS_KQ6ZW085,0.853760663330267
Microglia_Klemm2020,BS_KRS4EV4X,0.729470589331982
Microglia_Klemm2020,BS_KS8HMGA6,0.897984485345915
Microglia_Klemm2020,BS_KVPWHDR4,0.784446847689356
Microglia_Klemm2020,BS_M0FA190Y,0.823237650709855
Microglia_Klemm2020,BS_M0XGZ53Z,0.71580312802446
Microglia_Klemm2020,BS_M1PVEHCM,0.697703156993472
Microglia_Klemm2020,BS_M54TWTH4,0.843585354242451
Microglia_Klemm2020,BS_M7XB258E,0.876492153498977
Microglia_Klemm2020,BS_M85CXHDV,0.848565399956729
Microglia_Klemm2020,BS_MB7WN0ZB,0.745142421505803
Microglia_Klemm2020,BS_MD0937XT,0.67609370822697
Microglia_Klemm2020,BS_MDBT7S5Z,0.65477824820955
Microglia_Klemm2020,BS_ME6VQGG4,0.753226887050676
Microglia_Klemm2020,BS_MFGZH8FK,0.691253573535551
Microglia_Klemm2020,BS_MG78HQDM,0.636994369782899
Microglia_Klemm2020,BS_MWWZBQ60,0.81534687090227
Microglia_Klemm2020,BS_N6TQBQ8M,0.684042102458524
Microglia_Klemm2020,BS_N7SW36FD,0.882329600482961
Microglia_Klemm2020,BS_N7VQ1GQB,0.863608430385797
Microglia_Klemm2020,BS_NB9XXBW6,0.862606291634997
Microglia_Klemm2020,BS_NEFAASTR,0.740378328848473
Microglia_Klemm2020,BS_NEVYM2FP,0.8804714276799
Microglia_Klemm2020,BS_NFKKDYSV,0.804341318894392
Microglia_Klemm2020,BS_NGSG2KB6,0.894484870045742
Microglia_Klemm2020,BS_NNYXMSTX,0.877439201591616
Microglia_Klemm2020,BS_NPA6CZQF,0.871918092461868
Microglia_Klemm2020,BS_NQ54ST98,0.829024041673669
Microglia_Klemm2020,BS_NR3P3GN2,0.759691062837882
Microglia_Klemm2020,BS_NX1R0BC3,0.778626337790275
Microglia_Klemm2020,BS_P0QF87WC,0.671417617295699
Microglia_Klemm2020,BS_P4PMWFMV,0.776394865985263
Microglia_Klemm2020,BS_P7W3AYKV,0.699774481988696
Microglia_Klemm2020,BS_PENM28KT,0.823102284142305
Microglia_Klemm2020,BS_PJC6FH4Y,0.908554263402873
Microglia_Klemm2020,BS_PS0P3QJ3,0.711467679786698
Microglia_Klemm2020,BS_PXCPK5XS,0.757555502839256
Microglia_Klemm2020,BS_PZVHMSYN,0.615105014713462
Microglia_Klemm2020,BS_Q06J3RYW,0.862398244916767
Microglia_Klemm2020,BS_Q35GFYDR,0.588323511592749
Microglia_Klemm2020,BS_Q9N5PRD5,0.690675688966175
Microglia_Klemm2020,BS_QB84TBA3,0.561028615129093
Microglia_Klemm2020,BS_QGKEP3KB,0.836550473308997
Microglia_Klemm2020,BS_QH0VYVJK,0.80155060346096
Microglia_Klemm2020,BS_QHY302E8,0.788945853713087
Microglia_Klemm2020,BS_QMBS32Y2,0.711770262842167
Microglia_Klemm2020,BS_QNNX91SM,0.821940398561465
Microglia_Klemm2020,BS_QY2G1JZJ,0.874316742212459
Microglia_Klemm2020,BS_QYA4TQXX,0.571108533517111
Microglia_Klemm2020,BS_R5JQE0VJ,0.64123701254565
Microglia_Klemm2020,BS_R5SNFB5B,0.581252335573062
Microglia_Klemm2020,BS_R9B92M75,0.859756504821573
Microglia_Klemm2020,BS_RHAWQJ48,0.823038852786462
Microglia_Klemm2020,BS_RHM60031,0.68524583008612
Microglia_Klemm2020,BS_RJC3WDD6,0.64411150359756
Microglia_Klemm2020,BS_RN0VAY51,0.834365963450766
Microglia_Klemm2020,BS_RX1YTZ7F,0.792503197606225
Microglia_Klemm2020,BS_RZBFH1QF,0.484797374344553
Microglia_Klemm2020,BS_S2TA8R29,0.851793196755892
Microglia_Klemm2020,BS_S3C2PZAH,0.674826126527703
Microglia_Klemm2020,BS_S3MET0JZ,0.829646933021175
Microglia_Klemm2020,BS_S4V9E1XJ,0.885612389011875
Microglia_Klemm2020,BS_S5P8VTN5,0.796217894282423
Microglia_Klemm2020,BS_S6B9DVNS,0.541918379602339
Microglia_Klemm2020,BS_S6S7SK3P,0.680510805072844
Microglia_Klemm2020,BS_S8K878T3,0.813032994263138
Microglia_Klemm2020,BS_SBMAM00V,0.772050630608169
Microglia_Klemm2020,BS_SBMCD7XZ,0.876410690647466
Microglia_Klemm2020,BS_SD0EMK7Y,0.840425986320591
Microglia_Klemm2020,BS_SD8YBRBR,0.575616088789113
Microglia_Klemm2020,BS_SERDGASJ,0.819864483687466
Microglia_Klemm2020,BS_SJVTZ5TH,0.609892331034352
Microglia_Klemm2020,BS_SMWQR2F1,0.699804886936687
Microglia_Klemm2020,BS_SNVM7CZT,0.816660908229491
Microglia_Klemm2020,BS_SR2RGDXJ,0.808293133397918
Microglia_Klemm2020,BS_SW9Z10F9,0.855320332233902
Microglia_Klemm2020,BS_SY3J3XR9,0.775248654105474
Microglia_Klemm2020,BS_T1YHK6B7,0.686382725280176
Microglia_Klemm2020,BS_T2F48Z4E,0.729689217809828
Microglia_Klemm2020,BS_T9A8JJW5,0.786196014953727
Microglia_Klemm2020,BS_TASG32Z2,0.625380533854178
Microglia_Klemm2020,BS_TGS109T3,0.77483253371772
Microglia_Klemm2020,BS_TM9MH0RP,0.843713173054289
Microglia_Klemm2020,BS_TR2P8KRF,0.723776611802913
Microglia_Klemm2020,BS_TRKH2SPE,0.795318357828816
Microglia_Klemm2020,BS_TRPXB3AV,0.690047117381726
Microglia_Klemm2020,BS_TTDNZTZ0,0.876345499553261
Microglia_Klemm2020,BS_TTE04ZP8,0.858524029670214
Microglia_Klemm2020,BS_TV5B86ZD,0.553381053587439
Microglia_Klemm2020,BS_TVH33J9Q,0.701629712086012
Microglia_Klemm2020,BS_TXZ7KHTQ,0.764836436992278
Microglia_Klemm2020,BS_V0DQFC75,0.608065737950992
Microglia_Klemm2020,BS_V3Z3DB4N,0.85417593033996
Microglia_Klemm2020,BS_V558NW3Q,0.773570739378705
Microglia_Klemm2020,BS_V6RSB5HQ,0.779189547626762
Microglia_Klemm2020,BS_V8QWBVS3,0.800514702058101
Microglia_Klemm2020,BS_VBMRQK4F,0.743293002202538
Microglia_Klemm2020,BS_VDFXXMEX,0.614657025570089
Microglia_Klemm2020,BS_VF3NVT4G,0.852455630232737
Microglia_Klemm2020,BS_VKH87DD2,0.769593253575979
Microglia_Klemm2020,BS_VKHJG2B8,0.729487666179725
Microglia_Klemm2020,BS_VKYEM67A,0.868021924022609
Microglia_Klemm2020,BS_VMQMGSJY,0.789426448692928
Microglia_Klemm2020,BS_VVTHDRBD,0.764186902155993
Microglia_Klemm2020,BS_W1385R8Y,0.603006542265678
Microglia_Klemm2020,BS_W4DB5RP1,0.603432171504524
Microglia_Klemm2020,BS_W7MFJZ5A,0.884709570639838
Microglia_Klemm2020,BS_WBVSK3MP,0.521710343511859
Microglia_Klemm2020,BS_WEKK6SHP,0.571166248396793
Microglia_Klemm2020,BS_WHBEXD5H,0.814143291257915
Microglia_Klemm2020,BS_WQ1YRTAT,0.60505444382882
Microglia_Klemm2020,BS_WTJEDTZC,0.685142972697584
Microglia_Klemm2020,BS_WVRX4C9Z,0.91302481060779
Microglia_Klemm2020,BS_X0XXN9BK,0.714038002007809
Microglia_Klemm2020,BS_X1G0TKP4,0.893154278983392
Microglia_Klemm2020,BS_X20JCR4H,0.803227824339433
Microglia_Klemm2020,BS_X23724NJ,0.713317490181966
Microglia_Klemm2020,BS_X3HR4Z21,0.823174175774383
Microglia_Klemm2020,BS_X4DD4KSZ,0.897907772915319
Microglia_Klemm2020,BS_X4X1SFSE,0.852039831135065
Microglia_Klemm2020,BS_XG0DBWVT,0.676427143467222
Microglia_Klemm2020,BS_XGDPK33A,0.834334876012314
Microglia_Klemm2020,BS_XM1AHBDJ,0.721428348572702
Microglia_Klemm2020,BS_XQ5SFW35,0.874699624308807
Microglia_Klemm2020,BS_XQXXBWPD,0.869711378790715
Microglia_Klemm2020,BS_XYVCMF4A,0.704222343391236
Microglia_Klemm2020,BS_XZM79E42,0.90409100115531
Microglia_Klemm2020,BS_YA0KMBRT,0.683682998413245
Microglia_Klemm2020,BS_YDEVMD24,0.883578794117374
Microglia_Klemm2020,BS_YMKQT5V0,0.858855445779648
Microglia_Klemm2020,BS_YR12D1ZY,0.824010907016169
Microglia_Klemm2020,BS_YSZRQ95C,0.692632428921393
Microglia_Klemm2020,BS_YTWEM5SG,0.890544630730008
Microglia_Klemm2020,BS_YZ2QFDAN,0.68569605976613
Microglia_Klemm2020,BS_Z0ZPD9S9,0.863080776938321
Microglia_Klemm2020,BS_Z3RCA1T9,0.838451234252227
Microglia_Klemm2020,BS_Z8F3GM85,0.904188129705559
Microglia_Klemm2020,BS_ZD5HN296,0.907571752207899
Microglia_Klemm2020,BS_ZF6BSFNF,0.902263363726604
Microglia_Klemm2020,BS_ZM97KKXE,0.839526543284204
Microglia_Klemm2020,BS_ZV1P6W9C,0.777157759322951
Microglia_Klemm2020,BS_ZVM8CAB0,0.872581922429056
Microglia_Klemm2020,BS_ZZWMD6FA,0.888910063021959
Microglia_Klemm2020,BS_06AMMCXR,0.776868615626618
Microglia_Klemm2020,BS_08TWG4K0,0.868992897077557
Microglia_Klemm2020,BS_1DECYC4K,0.866795771631011
Microglia_Klemm2020,BS_2A5R9D97,0.788454863459182
Microglia_Klemm2020,BS_3VJ0CA6A,0.819971343290511
Microglia_Klemm2020,BS_3XYJBBHQ,0.77506526612844
Microglia_Klemm2020,BS_4C4MZ4NT,0.824398157288487
Microglia_Klemm2020,BS_4PPHAQXF,0.795763854870015
Microglia_Klemm2020,BS_4SMPV083,0.765614316530988
Microglia_Klemm2020,BS_A76PNWQS,0.588076356165647
Microglia_Klemm2020,BS_BZCTXEPJ,0.874110994566275
Microglia_Klemm2020,BS_CB6VK7PB,0.790637488602561
Microglia_Klemm2020,BS_ED8G98XT,0.724776260900253
Microglia_Klemm2020,BS_FCX6DZ0J,0.770681356632488
Microglia_Klemm2020,BS_FYRDYBMZ,0.753348163147163
Microglia_Klemm2020,BS_H1XPVS9A,0.877492037492436
Microglia_Klemm2020,BS_QRNSKFMS,0.884184832935083
Microglia_Klemm2020,BS_R13X6TMW,0.805620712248115
Microglia_Klemm2020,BS_RJMJ935A,0.890816768409372
Microglia_Klemm2020,BS_RWJZFTP9,0.870970259009322
Microglia_Klemm2020,BS_S20SP0WW,0.842567644373294
Microglia_Klemm2020,BS_SB12W1XT,0.862916399635876
Microglia_Klemm2020,BS_T0MXH2CA,0.847533809272462
Microglia_Klemm2020,BS_T1W4JA94,0.809257719620629
Microglia_Klemm2020,BS_T289QKBV,0.809041537789189
Microglia_Klemm2020,BS_T3H5AY8A,0.85599721155087
Microglia_Klemm2020,BS_TVV122JG,0.743149965256039
Microglia_Klemm2020,BS_VW85Q4XJ,0.852210032160488
Microglia_Klemm2020,BS_W97QQYKQ,0.887607071227025
Microglia_Klemm2020,BS_WYMX429C,0.807767446113362
Microglia_Klemm2020,BS_YR1XY6SF,0.803671601089249
Microglia_Klemm2020,BS_014EVM2D,0.907532974910866
Microglia_Klemm2020,BS_044XZ8ST,0.865134446396168
Microglia_Klemm2020,BS_063ERW0R,0.784062588917332
Microglia_Klemm2020,BS_0D5VRAKC,0.886913117236279
Microglia_Klemm2020,BS_0J9SHHSC,0.83652190810937
Microglia_Klemm2020,BS_0SCXXM6N,0.859919846587559
Microglia_Klemm2020,BS_0TDWG2CV,0.861795127383658
Microglia_Klemm2020,BS_0WVJYM9R,0.908071549052694
Microglia_Klemm2020,BS_0X9EGHY2,0.852990988975588
Microglia_Klemm2020,BS_0Y5J2AQ4,0.813284409855925
Microglia_Klemm2020,BS_13CGKADW,0.794519384257827
Microglia_Klemm2020,BS_166N7SZQ,0.772269335466176
Microglia_Klemm2020,BS_17WYVEEC,0.818879728451012
Microglia_Klemm2020,BS_1G3WYEN3,0.829662494339769
Microglia_Klemm2020,BS_1HYS8CSC,0.880086910028673
Microglia_Klemm2020,BS_1JDG6JV5,0.865401540977154
Microglia_Klemm2020,BS_1KYGSMA7,0.87981927274855
Microglia_Klemm2020,BS_1N76FQZY,0.855214323408319
Microglia_Klemm2020,BS_1NPD7PVG,0.863289585700011
Microglia_Klemm2020,BS_1Z9AX9JS,0.847828527009992
Microglia_Klemm2020,BS_1ZVXF5FE,0.836423856215301
Microglia_Klemm2020,BS_21RE8W46,0.859611895752429
Microglia_Klemm2020,BS_24AHZ9ZW,0.903758800714929
Microglia_Klemm2020,BS_2720P44V,0.866738411686692
Microglia_Klemm2020,BS_27FYYPJG,0.819631824601813
Microglia_Klemm2020,BS_29TRQXWM,0.843290228283142
Microglia_Klemm2020,BS_2ADZNNV4,0.870601183592612
Microglia_Klemm2020,BS_2EMW8ZG3,0.814955994897234
Microglia_Klemm2020,BS_2K3FVT86,0.74804955738827
Microglia_Klemm2020,BS_2KJ2YAZR,0.849598313601547
Microglia_Klemm2020,BS_2QCQYY6M,0.830088898951156
Microglia_Klemm2020,BS_2WPQ8YCW,0.819967971271618
Microglia_Klemm2020,BS_2XM08BFY,0.86915338918083
Microglia_Klemm2020,BS_2YCJV2VV,0.859022697351382
Microglia_Klemm2020,BS_304SPN6B,0.849670578473102
Microglia_Klemm2020,BS_33AQSPRP,0.842433058024263
Microglia_Klemm2020,BS_3G3KWY18,0.871902314474766
Microglia_Klemm2020,BS_3GAN6Q43,0.776810648987976
Microglia_Klemm2020,BS_3P20Q2C3,0.755994691149918
Microglia_Klemm2020,BS_3PYESPHA,0.841028319700966
Microglia_Klemm2020,BS_3Q0GTSYH,0.822558667243439
Microglia_Klemm2020,BS_3TJHY996,0.879431755687276
Microglia_Klemm2020,BS_3XY76V8T,0.836549817994702
Microglia_Klemm2020,BS_3Y2X2RBJ,0.85331628566212
Microglia_Klemm2020,BS_401R3KV0,0.82729742136291
Microglia_Klemm2020,BS_42DY6WS7,0.878293224309064
Microglia_Klemm2020,BS_42Y3YANN,0.893285711478395
Microglia_Klemm2020,BS_470DYRJQ,0.825727761074433
Microglia_Klemm2020,BS_47SJZ3PH,0.883889662193116
Microglia_Klemm2020,BS_49852ZBH,0.845258432836833
Microglia_Klemm2020,BS_4A45GGSW,0.860656526293798
Microglia_Klemm2020,BS_4BWB0FA0,0.876763354154832
Microglia_Klemm2020,BS_4CXE5XEP,0.848194075574456
Microglia_Klemm2020,BS_4HQ3T2NC,0.904164382708132
Microglia_Klemm2020,BS_4N1GNHX4,0.865707455753885
Microglia_Klemm2020,BS_4NF35AF6,0.805703296531087
Microglia_Klemm2020,BS_4TZQY7TT,0.855642197086535
Microglia_Klemm2020,BS_4Y6BCYK5,0.851680659778379
Microglia_Klemm2020,BS_4Z2F4P9N,0.855858900607573
Microglia_Klemm2020,BS_503DZ8BN,0.82026205031823
Microglia_Klemm2020,BS_52426AMF,0.873965545332844
Microglia_Klemm2020,BS_52DAPP1Y,0.847140926254779
Microglia_Klemm2020,BS_534XRSNB,0.86548772012867
Microglia_Klemm2020,BS_53GQKVEX,0.853693129777126
Microglia_Klemm2020,BS_54H90JW2,0.884547203283072
Microglia_Klemm2020,BS_55P8HPYD,0.845149500108169
Microglia_Klemm2020,BS_55X1W2MR,0.872829665094123
Microglia_Klemm2020,BS_57NMZPS0,0.689746283510452
Microglia_Klemm2020,BS_593HEWBF,0.820924072833805
Microglia_Klemm2020,BS_5J5D3QTD,0.84985770112881
Microglia_Klemm2020,BS_5K3R0F5D,0.794228887723739
Microglia_Klemm2020,BS_5NWDARXG,0.848745637792613
Microglia_Klemm2020,BS_5PEFNDCY,0.862286649190071
Microglia_Klemm2020,BS_5PV5N4HQ,0.872417137726614
Microglia_Klemm2020,BS_5YJEPPTP,0.861941390732293
Microglia_Klemm2020,BS_5YYCP891,0.842579489334295
Microglia_Klemm2020,BS_66ABA973,0.824902944265714
Microglia_Klemm2020,BS_66HQ3E4Z,0.84576522861935
Microglia_Klemm2020,BS_680K119G,0.838327059451938
Microglia_Klemm2020,BS_68BW2163,0.744458433193872
Microglia_Klemm2020,BS_699TN5RN,0.904970651573808
Microglia_Klemm2020,BS_6HXD39AM,0.874819302895248
Microglia_Klemm2020,BS_6N3AFF66,0.839740995289869
Microglia_Klemm2020,BS_6TSAVMT9,0.881244218561825
Microglia_Klemm2020,BS_6VF6VPCG,0.897875021798962
Microglia_Klemm2020,BS_769BDPDB,0.839922771756746
Microglia_Klemm2020,BS_76DRXZRJ,0.870725812083897
Microglia_Klemm2020,BS_775HDFNY,0.869260916549336
Microglia_Klemm2020,BS_7H4RFCW9,0.908835512902767
Microglia_Klemm2020,BS_7M3FNSYK,0.766143972592052
Microglia_Klemm2020,BS_7MGXMG6S,0.839474614889832
Microglia_Klemm2020,BS_7N0B2CY1,0.805474946946071
Microglia_Klemm2020,BS_7P83Z28P,0.840868997924157
Microglia_Klemm2020,BS_7Z93ZYMS,0.868548868131922
Microglia_Klemm2020,BS_880ESDFZ,0.828156208056682
Microglia_Klemm2020,BS_8BF616QR,0.771377495505422
Microglia_Klemm2020,BS_8J3B6ZB6,0.885523288403295
Microglia_Klemm2020,BS_8QJ43WKW,0.86051624811041
Microglia_Klemm2020,BS_8RCR7Y4B,0.848623451413719
Microglia_Klemm2020,BS_8VAZSJEN,0.876722141631091
Microglia_Klemm2020,BS_92HCM7BN,0.91639431493683
Microglia_Klemm2020,BS_94MT16N2,0.751770782909644
Microglia_Klemm2020,BS_9BJARSX3,0.821923364756883
Microglia_Klemm2020,BS_9F09XV62,0.842832092063599
Microglia_Klemm2020,BS_9HSGV9TJ,0.889098059550979
Microglia_Klemm2020,BS_9JBX2E8G,0.841177626086623
Microglia_Klemm2020,BS_9P9MB8X8,0.877877804675401
Microglia_Klemm2020,BS_9Q6Z6VJC,0.821778597638941
Microglia_Klemm2020,BS_9S7AG4EN,0.800010308969988
Microglia_Klemm2020,BS_9SJWWYQ4,0.864677395780959
Microglia_Klemm2020,BS_9YXH2CZ0,0.858437907286941
Microglia_Klemm2020,BS_A13BMEF5,0.857996314254994
Microglia_Klemm2020,BS_A1VEGWTR,0.860693417295838
Microglia_Klemm2020,BS_A46RDWGM,0.755021442544903
Microglia_Klemm2020,BS_A96FKXN5,0.820586118875263
Microglia_Klemm2020,BS_AGVWD5K8,0.799436398993784
Microglia_Klemm2020,BS_AM0BZ61K,0.847797364627915
Microglia_Klemm2020,BS_AP0SZ364,0.852496051187639
Microglia_Klemm2020,BS_ATHSTZ5R,0.842453202213585
Microglia_Klemm2020,BS_AW7J9F9R,0.859906522015176
Microglia_Klemm2020,BS_B0SVFK4P,0.856239129231472
Microglia_Klemm2020,BS_B3M5SGPA,0.813527510741869
Microglia_Klemm2020,BS_B5JM6T8K,0.865549954854444
Microglia_Klemm2020,BS_B6JKQFKA,0.83616764855444
Microglia_Klemm2020,BS_B7GEH89C,0.871199179923295
Microglia_Klemm2020,BS_B7X8VXQ3,0.876142387683501
Microglia_Klemm2020,BS_BANCTAV6,0.71632639120642
Microglia_Klemm2020,BS_BC936YNZ,0.896455778961437
Microglia_Klemm2020,BS_BGRPWBNG,0.841862443644941
Microglia_Klemm2020,BS_BJBM0BN7,0.807070127404138
Microglia_Klemm2020,BS_BKQZ550R,0.863248884602215
Microglia_Klemm2020,BS_BN986DF6,0.799145453606047
Microglia_Klemm2020,BS_BNECCX4D,0.894465497705088
Microglia_Klemm2020,BS_BPSTSCBJ,0.832375422354036
Microglia_Klemm2020,BS_BW79W2PD,0.897695413139902
Microglia_Klemm2020,BS_C0NEVC2B,0.838131007825041
Microglia_Klemm2020,BS_C51RB0YR,0.888744138008566
Microglia_Klemm2020,BS_C6SKJG3N,0.873011092644139
Microglia_Klemm2020,BS_CC6RREE4,0.881661807638024
Microglia_Klemm2020,BS_CGB2WS2A,0.827829116418706
Microglia_Klemm2020,BS_CKX8RW1J,0.828680762046224
Microglia_Klemm2020,BS_CMDJJQ7K,0.875600701955021
Microglia_Klemm2020,BS_CTR5X93B,0.887741500059025
Microglia_Klemm2020,BS_CVGFNCBJ,0.82151654217606
Microglia_Klemm2020,BS_D3YBV7KB,0.911411350253655
Microglia_Klemm2020,BS_DEHJF4C7,0.835315169473851
Microglia_Klemm2020,BS_DMJHAG9X,0.86041885978816
Microglia_Klemm2020,BS_DMZP9G1H,0.79167301691602
Microglia_Klemm2020,BS_DPF1CX0G,0.813893437062929
Microglia_Klemm2020,BS_DSS3S5XD,0.807992958750348
Microglia_Klemm2020,BS_DV86M0Y7,0.834972326380117
Microglia_Klemm2020,BS_E2DEWCSK,0.866528469315579
Microglia_Klemm2020,BS_E3EJHXQV,0.868478044916659
Microglia_Klemm2020,BS_E4GC9EXR,0.874166112842672
Microglia_Klemm2020,BS_E94QRJDW,0.835674004790873
Microglia_Klemm2020,BS_EBMCTR80,0.814823090119179
Microglia_Klemm2020,BS_EFEZB0ZH,0.827573038964427
Microglia_Klemm2020,BS_EHVYJAVA,0.890441076643991
Microglia_Klemm2020,BS_EMAJ7P3P,0.85920319316307
Microglia_Klemm2020,BS_ET8CJXSF,0.808129100691924
Microglia_Klemm2020,BS_EXGBH3TD,0.870274041383945
Microglia_Klemm2020,BS_EYSS0ZDS,0.833220066365431
Microglia_Klemm2020,BS_F1K9QTBS,0.862937368177924
Microglia_Klemm2020,BS_F77MGAQT,0.921874389426525
Microglia_Klemm2020,BS_F8N6CFQE,0.848724356122943
Microglia_Klemm2020,BS_FAQQ0GCQ,0.883097534440108
Microglia_Klemm2020,BS_FJWZ3M7V,0.802995117548748
Microglia_Klemm2020,BS_FJZPQZ2C,0.887545146996648
Microglia_Klemm2020,BS_FR42HY0Z,0.811828293633573
Microglia_Klemm2020,BS_FX4WKR2R,0.794159617209208
Microglia_Klemm2020,BS_FZ62GZGV,0.906572204629002
Microglia_Klemm2020,BS_G1DAGKSY,0.814669748448083
Microglia_Klemm2020,BS_G5QBBHDV,0.841756790696331
Microglia_Klemm2020,BS_G7AGNB5G,0.766021443899114
Microglia_Klemm2020,BS_G9XE3N9T,0.804721219490405
Microglia_Klemm2020,BS_GCA4GET3,0.842497038086848
Microglia_Klemm2020,BS_GHNJ4CYC,0.887861459090425
Microglia_Klemm2020,BS_GPEGRCCT,0.89449683527208
Microglia_Klemm2020,BS_GTZCFGRZ,0.780147694697081
Microglia_Klemm2020,BS_GYA4V1RD,0.857499272222027
Microglia_Klemm2020,BS_GYXSDZ56,0.872341265514304
Microglia_Klemm2020,BS_H08FEN68,0.839658316854251
Microglia_Klemm2020,BS_H0WF1WHE,0.90000412977889
Microglia_Klemm2020,BS_H3FE3TH9,0.857858241062516
Microglia_Klemm2020,BS_H8A9PSYA,0.834430329123664
Microglia_Klemm2020,BS_H9EX5WX3,0.842472920946878
Microglia_Klemm2020,BS_HC5M8JTC,0.898899456283745
Microglia_Klemm2020,BS_HM0R6SXQ,0.85576381184874
Microglia_Klemm2020,BS_HNMQ7488,0.869205564455988
Microglia_Klemm2020,BS_HQ5BJ6MW,0.866445187815901
Microglia_Klemm2020,BS_HQDXQ5Y4,0.842888690666131
Microglia_Klemm2020,BS_HSHN8PBB,0.872171399829566
Microglia_Klemm2020,BS_HSTNFPKW,0.884066409579389
Microglia_Klemm2020,BS_HV8PFRBR,0.868729854535545
Microglia_Klemm2020,BS_J5H5VXWY,0.876866817121286
Microglia_Klemm2020,BS_J9M83K8T,0.887321347430858
Microglia_Klemm2020,BS_JFVB9KXB,0.559423449173621
Microglia_Klemm2020,BS_JGKZ54SA,0.870928595261503
Microglia_Klemm2020,BS_JH29M4KG,0.889599690231182
Microglia_Klemm2020,BS_JKXA3FQC,0.804994360283861
Microglia_Klemm2020,BS_JMHG7GCN,0.865955821104796
Microglia_Klemm2020,BS_JVA2NQFF,0.839329937711554
Microglia_Klemm2020,BS_JWSR581E,0.897034182376694
Microglia_Klemm2020,BS_K57A4A9D,0.849350230893874
Microglia_Klemm2020,BS_K5802F84,0.819285203838832
Microglia_Klemm2020,BS_K7MVS0Z7,0.846698522353851
Microglia_Klemm2020,BS_K838XW6V,0.822292537186156
Microglia_Klemm2020,BS_M4NVX721,0.870780891693939
Microglia_Klemm2020,BS_M4TTKPNR,0.842603428993441
Microglia_Klemm2020,BS_M8M56Z4Y,0.820952314763018
Microglia_Klemm2020,BS_M8WP5T16,0.852535772964543
Microglia_Klemm2020,BS_MBSTWZA6,0.845460823081024
Microglia_Klemm2020,BS_MF9X3PKH,0.902032979468968
Microglia_Klemm2020,BS_MH8RAG4A,0.782199899114569
Microglia_Klemm2020,BS_MX92FD6D,0.807754576328848
Microglia_Klemm2020,BS_MY9D8XZ1,0.886410477419756
Microglia_Klemm2020,BS_N1E0H8YQ,0.827372095532398
Microglia_Klemm2020,BS_N210XMKR,0.825029618314471
Microglia_Klemm2020,BS_N6NE6B3W,0.658211955201802
Microglia_Klemm2020,BS_N87X1T8T,0.881452379267677
Microglia_Klemm2020,BS_NB5XWMJT,0.853746056807629
Microglia_Klemm2020,BS_NBZNAG7Q,0.838487675029932
Microglia_Klemm2020,BS_NG9X6SJA,0.862167842611962
Microglia_Klemm2020,BS_NKEAAFMW,0.574967438778763
Microglia_Klemm2020,BS_NPQJ20KX,0.815142062984101
Microglia_Klemm2020,BS_NQB91P48,0.820367183298177
Microglia_Klemm2020,BS_NRFQEQKP,0.828505018200894
Microglia_Klemm2020,BS_NRPG5K4K,0.861847252882425
Microglia_Klemm2020,BS_NS7GSHB9,0.853372774756816
Microglia_Klemm2020,BS_NT9NZYFD,0.894964321209497
Microglia_Klemm2020,BS_NY5T05AK,0.879048214790334
Microglia_Klemm2020,BS_P2Y2NANM,0.866186614739796
Microglia_Klemm2020,BS_PDVD0GCM,0.825581502411305
Microglia_Klemm2020,BS_PEP9NZXN,0.832700635151903
Microglia_Klemm2020,BS_PQ7CQFYR,0.791064637651781
Microglia_Klemm2020,BS_PRCG6W20,0.837411628147043
Microglia_Klemm2020,BS_Q2PBFNDF,0.859520368935983
Microglia_Klemm2020,BS_Q3TBCK4V,0.835364630940008
Microglia_Klemm2020,BS_Q6VH5GJ8,0.816421101381133
Microglia_Klemm2020,BS_Q79NP5YY,0.860599334661062
Microglia_Klemm2020,BS_QBMW69AM,0.802249617404874
Microglia_Klemm2020,BS_QH82PBMB,0.864922074591944
Microglia_Klemm2020,BS_QTSXW7DA,0.841507354761223
Microglia_Klemm2020,BS_QV51J756,0.855710959585578
Microglia_Klemm2020,BS_R244Z0WX,0.880573380023914
Microglia_Klemm2020,BS_R3AJB6VS,0.845550273710362
Microglia_Klemm2020,BS_R7V8BC98,0.854891225721878
Microglia_Klemm2020,BS_R9CKW9DY,0.893574605715024
Microglia_Klemm2020,BS_RAQFEB0S,0.875464724533311
Microglia_Klemm2020,BS_RARBBY7C,0.870478644216743
Microglia_Klemm2020,BS_RGSMX7QD,0.851944211161994
Microglia_Klemm2020,BS_RMT7ABN6,0.886077654809187
Microglia_Klemm2020,BS_RNANA568,0.817293755550474
Microglia_Klemm2020,BS_RPJ1EPHA,0.884882704812667
Microglia_Klemm2020,BS_RRAEQZ97,0.900804191063699
Microglia_Klemm2020,BS_RVSEDNJ4,0.831843572454294
Microglia_Klemm2020,BS_S1KK7XRH,0.867534615313931
Microglia_Klemm2020,BS_S458NMKH,0.819923552320209
Microglia_Klemm2020,BS_S50KQEXV,0.871175004513847
Microglia_Klemm2020,BS_SDA4RMMG,0.811876168423362
Microglia_Klemm2020,BS_SDZY6RZ3,0.820759702827095
Microglia_Klemm2020,BS_SFKZSJN1,0.79600671753789
Microglia_Klemm2020,BS_SH2S6SFN,0.826746541813632
Microglia_Klemm2020,BS_SHMC4902,0.859674151159263
Microglia_Klemm2020,BS_SJ0HXCD0,0.82699384737283
Microglia_Klemm2020,BS_SQX5E15Z,0.912097070589851
Microglia_Klemm2020,BS_SW8C9Y5Y,0.865739438881172
Microglia_Klemm2020,BS_SXRS2P6T,0.813561915347501
Microglia_Klemm2020,BS_T0RKFEKR,0.825959710316936
Microglia_Klemm2020,BS_T2QPMZCM,0.769727498425647
Microglia_Klemm2020,BS_T4JFN54G,0.894904571416626
Microglia_Klemm2020,BS_T5P5ME9M,0.863726448777309
Microglia_Klemm2020,BS_TDJXQBVY,0.881473148836238
Microglia_Klemm2020,BS_TG93XC55,0.782220137605769
Microglia_Klemm2020,BS_TRZZRYKF,0.85758272851622
Microglia_Klemm2020,BS_TV80600R,0.827841419921538
Microglia_Klemm2020,BS_TWFDEMBZ,0.853380094657983
Microglia_Klemm2020,BS_V2G1YE8R,0.835309631218676
Microglia_Klemm2020,BS_V33RCK1Y,0.796701455629947
Microglia_Klemm2020,BS_V3REENH9,0.907596559539197
Microglia_Klemm2020,BS_V72GX2AZ,0.889278200648884
Microglia_Klemm2020,BS_V7BZ049H,0.909454837194751
Microglia_Klemm2020,BS_V89HGTET,0.915987383659324
Microglia_Klemm2020,BS_VARR255N,0.899161456012423
Microglia_Klemm2020,BS_VMMJYN8Z,0.819197300693911
Microglia_Klemm2020,BS_VTYNWK05,0.889894822276156
Microglia_Klemm2020,BS_VZWXGYT2,0.864715776272181
Microglia_Klemm2020,BS_WRQHPSXQ,0.822000549185596
Microglia_Klemm2020,BS_WVS02TZK,0.814272221390389
Microglia_Klemm2020,BS_X16PENSA,0.870646615323508
Microglia_Klemm2020,BS_X2EDW2ZB,0.749896181080146
Microglia_Klemm2020,BS_X5DFR216,0.827455094521297
Microglia_Klemm2020,BS_X6GFVDVA,0.852747274334707
Microglia_Klemm2020,BS_X91K8KMG,0.90223320942923
Microglia_Klemm2020,BS_XGSA3GQE,0.872413002246128
Microglia_Klemm2020,BS_XKKB4MZV,0.762341382330161
Microglia_Klemm2020,BS_Y0PCBNJV,0.843894929543966
Microglia_Klemm2020,BS_Y274AC0H,0.795734911767333
Microglia_Klemm2020,BS_Y7H24JZG,0.865740487243808
Microglia_Klemm2020,BS_Y7W8BR6B,0.821718453123131
Microglia_Klemm2020,BS_YASWHXJC,0.88408560444947
Microglia_Klemm2020,BS_YB2RXRHT,0.892128567026196
Microglia_Klemm2020,BS_YCREDZTJ,0.852137058270932
Microglia_Klemm2020,BS_YEQVW4ND,0.856554393519879
Microglia_Klemm2020,BS_YMAJC22S,0.743774304959343
Microglia_Klemm2020,BS_YVEEXAAT,0.882087175969507
Microglia_Klemm2020,BS_YVMEEBKC,0.882079911307221
Microglia_Klemm2020,BS_YWJKHMXV,0.85511156679329
Microglia_Klemm2020,BS_YY5B2XDD,0.813857565974823
Microglia_Klemm2020,BS_YZ2Z1Q6Y,0.779025872833032
Microglia_Klemm2020,BS_Z0AVVB1V,0.868121631543417
Microglia_Klemm2020,BS_Z1A875MW,0.842896124510254
Microglia_Klemm2020,BS_Z6BWR941,0.836319498137687
Microglia_Klemm2020,BS_Z7Y2466H,0.897345173265139
Microglia_Klemm2020,BS_ZHHAM3AN,0.901885173443148
Microglia_Klemm2020,BS_ZHRGDRBW,0.850964887265109
Microglia_Klemm2020,BS_ZJY7Y34M,0.861494346195923
Microglia_Klemm2020,BS_ZN2P8BKH,0.878301755034922
Microglia_Klemm2020,BS_ZTWGFWTX,0.767316763492658
Microglia_Klemm2020,BS_ZV9Z3SY6,0.844322845198371
Microglia_Klemm2020,BS_ZVX2GRD6,0.827242828654606
Microglia_Klemm2020,BS_ZZMYDZJW,0.888862187044857
MDM_Klemm2020,BS_00FD2KMP,0.583649374752646
MDM_Klemm2020,BS_028YFYJ6,0.789602909308679
MDM_Klemm2020,BS_052PZFMK,0.575113855498086
MDM_Klemm2020,BS_056Q8577,0.623783832924538
MDM_Klemm2020,BS_08ST21QE,0.786661378023999
MDM_Klemm2020,BS_0C7VZC0A,0.630495115294973
MDM_Klemm2020,BS_0S8E7590,0.755380173313078
MDM_Klemm2020,BS_0VXZCRJS,0.616941722660989
MDM_Klemm2020,BS_0XEBS3PG,0.54716234630407
MDM_Klemm2020,BS_0ZA67BBC,0.593349229318535
MDM_Klemm2020,BS_12G04QJM,0.657524268742507
MDM_Klemm2020,BS_17ZSMXFH,0.552122897967755
MDM_Klemm2020,BS_1A6MQ9ZA,0.726126316328822
MDM_Klemm2020,BS_1D93Z575,0.723322173708663
MDM_Klemm2020,BS_1EN5V3XW,0.577560018042908
MDM_Klemm2020,BS_223BM91B,0.798907513236236
MDM_Klemm2020,BS_25HNKZ79,0.80594856537336
MDM_Klemm2020,BS_2853394H,0.506893789384411
MDM_Klemm2020,BS_297H8BT4,0.75697335428301
MDM_Klemm2020,BS_29X4ZX6Q,0.645662006971839
MDM_Klemm2020,BS_2A5R9MEJ,0.476250088542959
MDM_Klemm2020,BS_2ARXK0TD,0.756363085265566
MDM_Klemm2020,BS_2AV1H5TV,0.65436464548264
MDM_Klemm2020,BS_2DMBCHNF,0.820380117342285
MDM_Klemm2020,BS_2EN3X6HB,0.766611486737988
MDM_Klemm2020,BS_2FEZWH1F,0.825941726312415
MDM_Klemm2020,BS_2HNXVFAS,0.699326990614661
MDM_Klemm2020,BS_2JH1QMT1,0.584111030855185
MDM_Klemm2020,BS_2JP7RBMB,0.629201739650091
MDM_Klemm2020,BS_2K01T8K6,0.777695296236523
MDM_Klemm2020,BS_2PDS3MSS,0.749292992134672
MDM_Klemm2020,BS_2T5PJAW8,0.695677605310482
MDM_Klemm2020,BS_2WANPFBJ,0.795158437298224
MDM_Klemm2020,BS_30F3Z9FS,0.635707420421937
MDM_Klemm2020,BS_30VC3R2Q,0.712194690047754
MDM_Klemm2020,BS_30YWQ3FY,0.778347131196153
MDM_Klemm2020,BS_31MBRWC4,0.714251994356735
MDM_Klemm2020,BS_333KCNDP,0.851363043775681
MDM_Klemm2020,BS_399RPKC9,0.64362713300612
MDM_Klemm2020,BS_3AC3SRWH,0.511893799868305
MDM_Klemm2020,BS_3MS8WVNR,0.49389539583907
MDM_Klemm2020,BS_3ZPJAK9A,0.647855049843192
MDM_Klemm2020,BS_45J79YTF,0.529127881864656
MDM_Klemm2020,BS_49BQS7Z6,0.606243750514457
MDM_Klemm2020,BS_49CJNZ06,0.700770808698552
MDM_Klemm2020,BS_4B0BAVTX,0.706575989294677
MDM_Klemm2020,BS_4BM3F6XJ,0.688506090912466
MDM_Klemm2020,BS_4C6B11E4,0.828624436378821
MDM_Klemm2020,BS_4GNN7J8E,0.774642897864548
MDM_Klemm2020,BS_4KNBXM3C,0.842600003397056
MDM_Klemm2020,BS_4Q3KRCZT,0.802698674714951
MDM_Klemm2020,BS_4QW2S1Q8,0.703968278713555
MDM_Klemm2020,BS_4T0HQ9QF,0.640185244528994
MDM_Klemm2020,BS_4V42BXBT,0.706441473661553
MDM_Klemm2020,BS_51RA1PGE,0.704972738055239
MDM_Klemm2020,BS_52C576HH,0.685395949723532
MDM_Klemm2020,BS_5965SFPZ,0.541932928514413
MDM_Klemm2020,BS_5EFYPZT0,0.740506439644216
MDM_Klemm2020,BS_5G5BD2MD,0.839637151657749
MDM_Klemm2020,BS_5K95FX4C,0.801923729216996
MDM_Klemm2020,BS_5KBXD2GQ,0.712701783649015
MDM_Klemm2020,BS_5PXZ8F7W,0.631764722375283
MDM_Klemm2020,BS_5VPM0F36,0.772799353843928
MDM_Klemm2020,BS_62SW4CC5,0.82563591425035
MDM_Klemm2020,BS_65WPD3DA,0.56365465114104
MDM_Klemm2020,BS_68KX6A42,0.671054303332677
MDM_Klemm2020,BS_6DCSD5Y6,0.615313775852028
MDM_Klemm2020,BS_6H4Q24WA,0.760911224345912
MDM_Klemm2020,BS_6M2053M0,0.625783498843978
MDM_Klemm2020,BS_6SY64H5J,0.81978056446259
MDM_Klemm2020,BS_6VRG1XFB,0.694808766068808
MDM_Klemm2020,BS_6WP1FHTE,0.704200293594151
MDM_Klemm2020,BS_7327SDAQ,0.650457962839159
MDM_Klemm2020,BS_75YRDXET,0.810512367225211
MDM_Klemm2020,BS_77SBTNPN,0.658532328946698
MDM_Klemm2020,BS_7AEF4D4G,0.715771492350335
MDM_Klemm2020,BS_7APCGCVF,0.713672060587948
MDM_Klemm2020,BS_7GJT4A6A,0.698536842883213
MDM_Klemm2020,BS_7GKWKGPH,0.819849528582664
MDM_Klemm2020,BS_7PVJ6Q3D,0.549793383901381
MDM_Klemm2020,BS_7WKNNRHK,0.735646925166548
MDM_Klemm2020,BS_84VZX732,0.734914052894515
MDM_Klemm2020,BS_84XCR9GG,0.727405355388788
MDM_Klemm2020,BS_8E8JKP01,0.442064274394589
MDM_Klemm2020,BS_8ERBDF7D,0.512367120223425
MDM_Klemm2020,BS_8JK9TXH2,0.734854848433573
MDM_Klemm2020,BS_8VD670NP,0.709801624152638
MDM_Klemm2020,BS_8YWYN7VH,0.665016522129437
MDM_Klemm2020,BS_8ZE4Z9G5,0.60514327816962
MDM_Klemm2020,BS_8ZY4GST0,0.539615881419638
MDM_Klemm2020,BS_91VYM11A,0.742231087582134
MDM_Klemm2020,BS_956G6QPJ,0.652149280772692
MDM_Klemm2020,BS_97M1E2DW,0.564220653814348
MDM_Klemm2020,BS_9A1YTHFF,0.707260947142411
MDM_Klemm2020,BS_9B0A62MT,0.786007536259586
MDM_Klemm2020,BS_9CA93S6D,0.470819667531433
MDM_Klemm2020,BS_9FHEFJNP,0.578860042647086
MDM_Klemm2020,BS_9FX3YREK,0.545572591895426
MDM_Klemm2020,BS_9GJ3DB1H,0.732366032703484
MDM_Klemm2020,BS_9JPQZQNG,0.631430970210616
MDM_Klemm2020,BS_9TXEDSWB,0.762787996145121
MDM_Klemm2020,BS_9XVACXP0,0.705403998144937
MDM_Klemm2020,BS_9Y1K14Q5,0.666437091524778
MDM_Klemm2020,BS_9ZJT0CP0,0.738365681747696
MDM_Klemm2020,BS_A4PF49V0,0.608612540879655
MDM_Klemm2020,BS_A6NXR7RC,0.806887103671422
MDM_Klemm2020,BS_A7Q8G0Y1,0.719766236768529
MDM_Klemm2020,BS_A8XW5S0W,0.677289830049754
MDM_Klemm2020,BS_AWH9757B,0.638470836726077
MDM_Klemm2020,BS_AYSXRQWY,0.7448468963623
MDM_Klemm2020,BS_AZQM1JJH,0.68827043511425
MDM_Klemm2020,BS_B1C6GZ84,0.613152454885801
MDM_Klemm2020,BS_B3MQFFYP,0.833834232759567
MDM_Klemm2020,BS_B4R7X1KE,0.542037423701228
MDM_Klemm2020,BS_B57327NA,0.696206974791554
MDM_Klemm2020,BS_BBAEMXRD,0.442066100217132
MDM_Klemm2020,BS_BBQ6BHGN,0.577200365186224
MDM_Klemm2020,BS_BK0HGRXM,0.760828610482662
MDM_Klemm2020,BS_BMMY0H73,0.701910914895911
MDM_Klemm2020,BS_C6ZZ3FY5,0.65267349598518
MDM_Klemm2020,BS_C83TK159,0.589588027202637
MDM_Klemm2020,BS_CBDQZ8PP,0.407570102041255
MDM_Klemm2020,BS_CF63VG3S,0.631707706552835
MDM_Klemm2020,BS_CFD3WHAY,0.619854004294229
MDM_Klemm2020,BS_CG1RG607,0.776437720766969
MDM_Klemm2020,BS_CVEDJGHZ,0.773763563704477
MDM_Klemm2020,BS_CXAQDK7S,0.732406789312828
MDM_Klemm2020,BS_CZPQ493E,0.681015915370148
MDM_Klemm2020,BS_D29RPBSZ,0.754220930257396
MDM_Klemm2020,BS_D4VNDNQA,0.589490024005915
MDM_Klemm2020,BS_D6J2BGDJ,0.507459692658386
MDM_Klemm2020,BS_DFGS950G,0.566976598842136
MDM_Klemm2020,BS_DNZVP92S,0.586492653686286
MDM_Klemm2020,BS_DR079H0D,0.58164809227885
MDM_Klemm2020,BS_DS438CXE,0.530656261658754
MDM_Klemm2020,BS_DSPVSM7D,0.699735168249476
MDM_Klemm2020,BS_DZNXFPH1,0.800263731818642
MDM_Klemm2020,BS_E7NVYA6G,0.850283603309589
MDM_Klemm2020,BS_E9CYN4NP,0.52138353513808
MDM_Klemm2020,BS_EB0XRBT9,0.764872008355098
MDM_Klemm2020,BS_EDJ5TV0P,0.550622518463231
MDM_Klemm2020,BS_EMQM7HTA,0.552687218565607
MDM_Klemm2020,BS_ENEYB4TG,0.736172829424001
MDM_Klemm2020,BS_EXPJQZTH,0.798131732005817
MDM_Klemm2020,BS_EZ3147MX,0.567624091770558
MDM_Klemm2020,BS_F0JB4EAK,0.562211237253448
MDM_Klemm2020,BS_F21R36MM,0.721974422480247
MDM_Klemm2020,BS_F65GWS21,0.645870315969624
MDM_Klemm2020,BS_F6V1Y4QS,0.756669853744301
MDM_Klemm2020,BS_F9Y4Z92G,0.578709892638733
MDM_Klemm2020,BS_FCDAH728,0.560285807229454
MDM_Klemm2020,BS_FEV5A0HN,0.455728045926503
MDM_Klemm2020,BS_FGJH1X0S,0.703350255260138
MDM_Klemm2020,BS_FKASA3MN,0.378450220464642
MDM_Klemm2020,BS_FN07P04C,0.543891519880647
MDM_Klemm2020,BS_FX2P2WEG,0.715771535909831
MDM_Klemm2020,BS_FXJY0MNH,0.707783611283137
MDM_Klemm2020,BS_FYP2B298,0.489023032570529
MDM_Klemm2020,BS_G19QZG4S,0.635308037831922
MDM_Klemm2020,BS_G1E5DATJ,0.649169600699037
MDM_Klemm2020,BS_G257VSS9,0.588718448990966
MDM_Klemm2020,BS_G3NN392N,0.622679522734369
MDM_Klemm2020,BS_G3RJTBZD,0.611075221930145
MDM_Klemm2020,BS_G5NHSFD4,0.561993918327847
MDM_Klemm2020,BS_G8TXTX0H,0.601268167497257
MDM_Klemm2020,BS_GG9W3J9Y,0.622292541127016
MDM_Klemm2020,BS_GW0GKWMS,0.588295038935428
MDM_Klemm2020,BS_GWHYM3R4,0.706781649875368
MDM_Klemm2020,BS_GWSJ4Z9H,0.712953125557339
MDM_Klemm2020,BS_H5VQJR7X,0.764795844083894
MDM_Klemm2020,BS_H97S5SQN,0.603923594097573
MDM_Klemm2020,BS_H9JYKFTV,0.788373653591151
MDM_Klemm2020,BS_HDHXX8Q7,0.609067972894678
MDM_Klemm2020,BS_HDPCQETG,0.807986481548466
MDM_Klemm2020,BS_HJRTC9JQ,0.841293776091452
MDM_Klemm2020,BS_HJV0J603,0.710140094698116
MDM_Klemm2020,BS_HRJ9145M,0.878555225073735
MDM_Klemm2020,BS_HWGWYCY7,0.830678173520626
MDM_Klemm2020,BS_HZ9AYDCQ,0.635636781168205
MDM_Klemm2020,BS_J4JY2F3H,0.678845511332044
MDM_Klemm2020,BS_J6212Y48,0.634425748965857
MDM_Klemm2020,BS_J6W1RB7A,0.774543281190371
MDM_Klemm2020,BS_J9CBGP57,0.621784584432201
MDM_Klemm2020,BS_JB43XBCQ,0.7700118093847
MDM_Klemm2020,BS_JDSNFYQ0,0.768535678427866
MDM_Klemm2020,BS_JJVH7WR0,0.441247931727219
MDM_Klemm2020,BS_JMD386Z2,0.746805912946344
MDM_Klemm2020,BS_JP95KMRD,0.756810746244576
MDM_Klemm2020,BS_JQGJQ2QZ,0.667462306610762
MDM_Klemm2020,BS_JQVAWTTM,0.636475668028357
MDM_Klemm2020,BS_JQXHHK0K,0.618243194121659
MDM_Klemm2020,BS_JRYJGYC4,0.816060198972437
MDM_Klemm2020,BS_JS95PE0J,0.774070353765271
MDM_Klemm2020,BS_JTWNJ8T7,0.540395202082897
MDM_Klemm2020,BS_JVW2JJ39,0.594924297628095
MDM_Klemm2020,BS_K0X3PZGN,0.863046421250205
MDM_Klemm2020,BS_K17VQECG,0.676640271097225
MDM_Klemm2020,BS_K2PCC777,0.780966508569711
MDM_Klemm2020,BS_K74N1BXQ,0.679368189629727
MDM_Klemm2020,BS_K81PZXP2,0.776757676710322
MDM_Klemm2020,BS_K88T8SW7,0.825697882100809
MDM_Klemm2020,BS_KABQQA0T,0.474683770976521
MDM_Klemm2020,BS_KBEX4RT2,0.615611274267708
MDM_Klemm2020,BS_KFD5128N,0.627182458491719
MDM_Klemm2020,BS_KKDTW11T,0.602788286869298
MDM_Klemm2020,BS_KP735TJ6,0.630147719575588
MDM_Klemm2020,BS_KQ6ZW085,0.637672087441679
MDM_Klemm2020,BS_KRS4EV4X,0.607519373342052
MDM_Klemm2020,BS_KS8HMGA6,0.815000585399212
MDM_Klemm2020,BS_KVPWHDR4,0.643279103580543
MDM_Klemm2020,BS_M0FA190Y,0.634307937522781
MDM_Klemm2020,BS_M0XGZ53Z,0.521678428490463
MDM_Klemm2020,BS_M1PVEHCM,0.490493761754157
MDM_Klemm2020,BS_M54TWTH4,0.647931900419814
MDM_Klemm2020,BS_M7XB258E,0.854341291058854
MDM_Klemm2020,BS_M85CXHDV,0.809095829723959
MDM_Klemm2020,BS_MB7WN0ZB,0.759089149758355
MDM_Klemm2020,BS_MD0937XT,0.632711407834629
MDM_Klemm2020,BS_MDBT7S5Z,0.598994075344499
MDM_Klemm2020,BS_ME6VQGG4,0.695725042334986
MDM_Klemm2020,BS_MFGZH8FK,0.69387281499394
MDM_Klemm2020,BS_MG78HQDM,0.459468023129304
MDM_Klemm2020,BS_MWWZBQ60,0.721613478777592
MDM_Klemm2020,BS_N6TQBQ8M,0.551100198981671
MDM_Klemm2020,BS_N7SW36FD,0.738006014359573
MDM_Klemm2020,BS_N7VQ1GQB,0.74676398891418
MDM_Klemm2020,BS_NB9XXBW6,0.653079469087489
MDM_Klemm2020,BS_NEFAASTR,0.737605268259957
MDM_Klemm2020,BS_NEVYM2FP,0.63529746674956
MDM_Klemm2020,BS_NFKKDYSV,0.795688825394722
MDM_Klemm2020,BS_NGSG2KB6,0.703937157760709
MDM_Klemm2020,BS_NNYXMSTX,0.67041862298004
MDM_Klemm2020,BS_NPA6CZQF,0.526586814840153
MDM_Klemm2020,BS_NQ54ST98,0.706665569688379
MDM_Klemm2020,BS_NR3P3GN2,0.785551865481857
MDM_Klemm2020,BS_NX1R0BC3,0.8105364366322
MDM_Klemm2020,BS_P0QF87WC,0.797479964228046
MDM_Klemm2020,BS_P4PMWFMV,0.649544580456233
MDM_Klemm2020,BS_P7W3AYKV,0.737755775472202
MDM_Klemm2020,BS_PENM28KT,0.645758182532683
MDM_Klemm2020,BS_PJC6FH4Y,0.857778996171334
MDM_Klemm2020,BS_PS0P3QJ3,0.693143923996587
MDM_Klemm2020,BS_PXCPK5XS,0.684602239718979
MDM_Klemm2020,BS_PZVHMSYN,0.696865748844385
MDM_Klemm2020,BS_Q06J3RYW,0.750939387768645
MDM_Klemm2020,BS_Q35GFYDR,0.570385567158928
MDM_Klemm2020,BS_Q9N5PRD5,0.707269548642051
MDM_Klemm2020,BS_QB84TBA3,0.549607975569137
MDM_Klemm2020,BS_QGKEP3KB,0.771546291306287
MDM_Klemm2020,BS_QH0VYVJK,0.719361921155335
MDM_Klemm2020,BS_QHY302E8,0.796263049146031
MDM_Klemm2020,BS_QMBS32Y2,0.67167700716066
MDM_Klemm2020,BS_QNNX91SM,0.598105710716447
MDM_Klemm2020,BS_QY2G1JZJ,0.63413257411673
MDM_Klemm2020,BS_QYA4TQXX,0.620770678900835
MDM_Klemm2020,BS_R5JQE0VJ,0.761414321235436
MDM_Klemm2020,BS_R5SNFB5B,0.606299702662682
MDM_Klemm2020,BS_R9B92M75,0.662805239059661
MDM_Klemm2020,BS_RHAWQJ48,0.781077508154902
MDM_Klemm2020,BS_RHM60031,0.755692177749399
MDM_Klemm2020,BS_RJC3WDD6,0.430832078896815
MDM_Klemm2020,BS_RN0VAY51,0.644534501949148
MDM_Klemm2020,BS_RX1YTZ7F,0.684921687974323
MDM_Klemm2020,BS_RZBFH1QF,0.612524375556028
MDM_Klemm2020,BS_S2TA8R29,0.717115085213286
MDM_Klemm2020,BS_S3C2PZAH,0.753772831730491
MDM_Klemm2020,BS_S3MET0JZ,0.645452534449774
MDM_Klemm2020,BS_S4V9E1XJ,0.775345587561737
MDM_Klemm2020,BS_S5P8VTN5,0.71932993369991
MDM_Klemm2020,BS_S6B9DVNS,0.595327505054877
MDM_Klemm2020,BS_S6S7SK3P,0.558285878606285
MDM_Klemm2020,BS_S8K878T3,0.817838119979021
MDM_Klemm2020,BS_SBMAM00V,0.631907690956612
MDM_Klemm2020,BS_SBMCD7XZ,0.629574205637374
MDM_Klemm2020,BS_SD0EMK7Y,0.707043456905133
MDM_Klemm2020,BS_SD8YBRBR,0.543903729746747
MDM_Klemm2020,BS_SERDGASJ,0.685169449728264
MDM_Klemm2020,BS_SJVTZ5TH,0.658066861433415
MDM_Klemm2020,BS_SMWQR2F1,0.68460182115826
MDM_Klemm2020,BS_SNVM7CZT,0.676373037358139
MDM_Klemm2020,BS_SR2RGDXJ,0.723999740233056
MDM_Klemm2020,BS_SW9Z10F9,0.729305860059003
MDM_Klemm2020,BS_SY3J3XR9,0.553187059877758
MDM_Klemm2020,BS_T1YHK6B7,0.696786851351332
MDM_Klemm2020,BS_T2F48Z4E,0.825758669540538
MDM_Klemm2020,BS_T9A8JJW5,0.676109593247201
MDM_Klemm2020,BS_TASG32Z2,0.683423681403671
MDM_Klemm2020,BS_TGS109T3,0.543100751565292
MDM_Klemm2020,BS_TM9MH0RP,0.722069346360993
MDM_Klemm2020,BS_TR2P8KRF,0.679677771783282
MDM_Klemm2020,BS_TRKH2SPE,0.644987833387066
MDM_Klemm2020,BS_TRPXB3AV,0.630839058272958
MDM_Klemm2020,BS_TTDNZTZ0,0.768537355487892
MDM_Klemm2020,BS_TTE04ZP8,0.750494401920151
MDM_Klemm2020,BS_TV5B86ZD,0.528800022065586
MDM_Klemm2020,BS_TVH33J9Q,0.578527298028101
MDM_Klemm2020,BS_TXZ7KHTQ,0.626781755421561
MDM_Klemm2020,BS_V0DQFC75,0.657524515123129
MDM_Klemm2020,BS_V3Z3DB4N,0.554958477973741
MDM_Klemm2020,BS_V558NW3Q,0.855387414427837
MDM_Klemm2020,BS_V6RSB5HQ,0.6715239063614
MDM_Klemm2020,BS_V8QWBVS3,0.897218972242374
MDM_Klemm2020,BS_VBMRQK4F,0.69908587377834
MDM_Klemm2020,BS_VDFXXMEX,0.622564935348486
MDM_Klemm2020,BS_VF3NVT4G,0.701894908245426
MDM_Klemm2020,BS_VKH87DD2,0.797292654202203
MDM_Klemm2020,BS_VKHJG2B8,0.739790083675211
MDM_Klemm2020,BS_VKYEM67A,0.85784311219375
MDM_Klemm2020,BS_VMQMGSJY,0.86389501075514
MDM_Klemm2020,BS_VVTHDRBD,0.613563449206583
MDM_Klemm2020,BS_W1385R8Y,0.648901831264366
MDM_Klemm2020,BS_W4DB5RP1,0.470500815417116
MDM_Klemm2020,BS_W7MFJZ5A,0.740613119044036
MDM_Klemm2020,BS_WBVSK3MP,0.5054183574452
MDM_Klemm2020,BS_WEKK6SHP,0.731543583619789
MDM_Klemm2020,BS_WHBEXD5H,0.759657857982909
MDM_Klemm2020,BS_WQ1YRTAT,0.42724737819838
MDM_Klemm2020,BS_WTJEDTZC,0.742007977395884
MDM_Klemm2020,BS_WVRX4C9Z,0.759939586457708
MDM_Klemm2020,BS_X0XXN9BK,0.808179639861954
MDM_Klemm2020,BS_X1G0TKP4,0.647041293189005
MDM_Klemm2020,BS_X20JCR4H,0.787119791426964
MDM_Klemm2020,BS_X23724NJ,0.791772635087459
MDM_Klemm2020,BS_X3HR4Z21,0.606117987817666
MDM_Klemm2020,BS_X4DD4KSZ,0.823237236735174
MDM_Klemm2020,BS_X4X1SFSE,0.554931754080502
MDM_Klemm2020,BS_XG0DBWVT,0.690547557064037
MDM_Klemm2020,BS_XGDPK33A,0.580358555153372
MDM_Klemm2020,BS_XM1AHBDJ,0.552065554823653
MDM_Klemm2020,BS_XQ5SFW35,0.752349018538804
MDM_Klemm2020,BS_XQXXBWPD,0.721215769234919
MDM_Klemm2020,BS_XYVCMF4A,0.654550007232073
MDM_Klemm2020,BS_XZM79E42,0.812162170472265
MDM_Klemm2020,BS_YA0KMBRT,0.644249755599831
MDM_Klemm2020,BS_YDEVMD24,0.629391670053458
MDM_Klemm2020,BS_YMKQT5V0,0.800968130461957
MDM_Klemm2020,BS_YR12D1ZY,0.749070459164919
MDM_Klemm2020,BS_YSZRQ95C,0.694899435338697
MDM_Klemm2020,BS_YTWEM5SG,0.788926214579791
MDM_Klemm2020,BS_YZ2QFDAN,0.657601841021425
MDM_Klemm2020,BS_Z0ZPD9S9,0.73837441924555
MDM_Klemm2020,BS_Z3RCA1T9,0.661925398802462
MDM_Klemm2020,BS_Z8F3GM85,0.732534226507644
MDM_Klemm2020,BS_ZD5HN296,0.791462067035475
MDM_Klemm2020,BS_ZF6BSFNF,0.628039386313413
MDM_Klemm2020,BS_ZM97KKXE,0.683005297527716
MDM_Klemm2020,BS_ZV1P6W9C,0.696049246405812
MDM_Klemm2020,BS_ZVM8CAB0,0.812561165733969
MDM_Klemm2020,BS_ZZWMD6FA,0.719756932225018
MDM_Klemm2020,BS_06AMMCXR,0.811739112864867
MDM_Klemm2020,BS_08TWG4K0,0.798563602243928
MDM_Klemm2020,BS_1DECYC4K,0.689961929585479
MDM_Klemm2020,BS_2A5R9D97,0.790439673217034
MDM_Klemm2020,BS_3VJ0CA6A,0.722452667545175
MDM_Klemm2020,BS_3XYJBBHQ,0.804966347521993
MDM_Klemm2020,BS_4C4MZ4NT,0.711757738570687
MDM_Klemm2020,BS_4PPHAQXF,0.625115605726034
MDM_Klemm2020,BS_4SMPV083,0.746804662105227
MDM_Klemm2020,BS_A76PNWQS,0.607519709015302
MDM_Klemm2020,BS_BZCTXEPJ,0.779478219550244
MDM_Klemm2020,BS_CB6VK7PB,0.744667893008048
MDM_Klemm2020,BS_ED8G98XT,0.678293782962764
MDM_Klemm2020,BS_FCX6DZ0J,0.796115182444774
MDM_Klemm2020,BS_FYRDYBMZ,0.744769282092513
MDM_Klemm2020,BS_H1XPVS9A,0.683745978585457
MDM_Klemm2020,BS_QRNSKFMS,0.746162241848432
MDM_Klemm2020,BS_R13X6TMW,0.74816723891494
MDM_Klemm2020,BS_RJMJ935A,0.793295541569071
MDM_Klemm2020,BS_RWJZFTP9,0.623553196544821
MDM_Klemm2020,BS_S20SP0WW,0.7910592834672
MDM_Klemm2020,BS_SB12W1XT,0.710541760345821
MDM_Klemm2020,BS_T0MXH2CA,0.70712680010424
MDM_Klemm2020,BS_T1W4JA94,0.680458257496905
MDM_Klemm2020,BS_T289QKBV,0.786300110787654
MDM_Klemm2020,BS_T3H5AY8A,0.791726993940174
MDM_Klemm2020,BS_TVV122JG,0.589126437302359
MDM_Klemm2020,BS_VW85Q4XJ,0.766218652467285
MDM_Klemm2020,BS_W97QQYKQ,0.736300391713503
MDM_Klemm2020,BS_WYMX429C,0.741219185288202
MDM_Klemm2020,BS_YR1XY6SF,0.737391534756639
MDM_Klemm2020,BS_014EVM2D,0.761245550122193
MDM_Klemm2020,BS_044XZ8ST,0.704447362267137
MDM_Klemm2020,BS_063ERW0R,0.629045233492091
MDM_Klemm2020,BS_0D5VRAKC,0.813632369351715
MDM_Klemm2020,BS_0J9SHHSC,0.684345894634924
MDM_Klemm2020,BS_0SCXXM6N,0.758680459303585
MDM_Klemm2020,BS_0TDWG2CV,0.802380492506488
MDM_Klemm2020,BS_0WVJYM9R,0.722120851165552
MDM_Klemm2020,BS_0X9EGHY2,0.657907586434689
MDM_Klemm2020,BS_0Y5J2AQ4,0.67844474643342
MDM_Klemm2020,BS_13CGKADW,0.569180192924324
MDM_Klemm2020,BS_166N7SZQ,0.675022706052153
MDM_Klemm2020,BS_17WYVEEC,0.592168397404703
MDM_Klemm2020,BS_1G3WYEN3,0.643959887889029
MDM_Klemm2020,BS_1HYS8CSC,0.814995262565812
MDM_Klemm2020,BS_1JDG6JV5,0.835339071834527
MDM_Klemm2020,BS_1KYGSMA7,0.742496658222652
MDM_Klemm2020,BS_1N76FQZY,0.602523238051889
MDM_Klemm2020,BS_1NPD7PVG,0.61947350706018
MDM_Klemm2020,BS_1Z9AX9JS,0.646159465490966
MDM_Klemm2020,BS_1ZVXF5FE,0.62355849135667
MDM_Klemm2020,BS_21RE8W46,0.566909118914531
MDM_Klemm2020,BS_24AHZ9ZW,0.796107663539475
MDM_Klemm2020,BS_2720P44V,0.740751782527834
MDM_Klemm2020,BS_27FYYPJG,0.699842205113261
MDM_Klemm2020,BS_29TRQXWM,0.696179892950575
MDM_Klemm2020,BS_2ADZNNV4,0.656889792178172
MDM_Klemm2020,BS_2EMW8ZG3,0.678115509091913
MDM_Klemm2020,BS_2K3FVT86,0.849030770026727
MDM_Klemm2020,BS_2KJ2YAZR,0.696260623002093
MDM_Klemm2020,BS_2QCQYY6M,0.759535311469542
MDM_Klemm2020,BS_2WPQ8YCW,0.656272914863778
MDM_Klemm2020,BS_2XM08BFY,0.766590503398692
MDM_Klemm2020,BS_2YCJV2VV,0.774779038165269
MDM_Klemm2020,BS_304SPN6B,0.706756849808504
MDM_Klemm2020,BS_33AQSPRP,0.780589864829947
MDM_Klemm2020,BS_3G3KWY18,0.680446824545512
MDM_Klemm2020,BS_3GAN6Q43,0.733290744762126
MDM_Klemm2020,BS_3P20Q2C3,0.456226823965636
MDM_Klemm2020,BS_3PYESPHA,0.525632519386664
MDM_Klemm2020,BS_3Q0GTSYH,0.712914784951591
MDM_Klemm2020,BS_3TJHY996,0.797378939413559
MDM_Klemm2020,BS_3XY76V8T,0.707417774439652
MDM_Klemm2020,BS_3Y2X2RBJ,0.742718905719368
MDM_Klemm2020,BS_401R3KV0,0.791526678639199
MDM_Klemm2020,BS_42DY6WS7,0.62778904382931
MDM_Klemm2020,BS_42Y3YANN,0.757159596135566
MDM_Klemm2020,BS_470DYRJQ,0.684156063871295
MDM_Klemm2020,BS_47SJZ3PH,0.723931744623381
MDM_Klemm2020,BS_49852ZBH,0.681094690197409
MDM_Klemm2020,BS_4A45GGSW,0.724837692423136
MDM_Klemm2020,BS_4BWB0FA0,0.742419180197506
MDM_Klemm2020,BS_4CXE5XEP,0.739426937742211
MDM_Klemm2020,BS_4HQ3T2NC,0.753139257164849
MDM_Klemm2020,BS_4N1GNHX4,0.713742171731316
MDM_Klemm2020,BS_4NF35AF6,0.639102847093833
MDM_Klemm2020,BS_4TZQY7TT,0.795980225039927
MDM_Klemm2020,BS_4Y6BCYK5,0.665303392301505
MDM_Klemm2020,BS_4Z2F4P9N,0.805015138257416
MDM_Klemm2020,BS_503DZ8BN,0.718296706198941
MDM_Klemm2020,BS_52426AMF,0.819246407408766
MDM_Klemm2020,BS_52DAPP1Y,0.553289343623358
MDM_Klemm2020,BS_534XRSNB,0.734722864912896
MDM_Klemm2020,BS_53GQKVEX,0.722267238888863
MDM_Klemm2020,BS_54H90JW2,0.821611743664374
MDM_Klemm2020,BS_55P8HPYD,0.599595008533544
MDM_Klemm2020,BS_55X1W2MR,0.816730935945751
MDM_Klemm2020,BS_57NMZPS0,0.613919767380234
MDM_Klemm2020,BS_593HEWBF,0.769753389151481
MDM_Klemm2020,BS_5J5D3QTD,0.715007933842922
MDM_Klemm2020,BS_5K3R0F5D,0.562957318963352
MDM_Klemm2020,BS_5NWDARXG,0.766646477857961
MDM_Klemm2020,BS_5PEFNDCY,0.622887467561674
MDM_Klemm2020,BS_5PV5N4HQ,0.682768715409326
MDM_Klemm2020,BS_5YJEPPTP,0.72362055674829
MDM_Klemm2020,BS_5YYCP891,0.725662853363908
MDM_Klemm2020,BS_66ABA973,0.63415905221005
MDM_Klemm2020,BS_66HQ3E4Z,0.676510684381439
MDM_Klemm2020,BS_680K119G,0.662014987866299
MDM_Klemm2020,BS_68BW2163,0.541295871704773
MDM_Klemm2020,BS_699TN5RN,0.78731849868705
MDM_Klemm2020,BS_6HXD39AM,0.759366581215529
MDM_Klemm2020,BS_6N3AFF66,0.666175505536445
MDM_Klemm2020,BS_6TSAVMT9,0.781100651453628
MDM_Klemm2020,BS_6VF6VPCG,0.758477136951119
MDM_Klemm2020,BS_769BDPDB,0.855680286680636
MDM_Klemm2020,BS_76DRXZRJ,0.743179737452637
MDM_Klemm2020,BS_775HDFNY,0.681640885987252
MDM_Klemm2020,BS_7H4RFCW9,0.851038637753628
MDM_Klemm2020,BS_7M3FNSYK,0.714738026275506
MDM_Klemm2020,BS_7MGXMG6S,0.747531511961364
MDM_Klemm2020,BS_7N0B2CY1,0.607933292355302
MDM_Klemm2020,BS_7P83Z28P,0.734482166652135
MDM_Klemm2020,BS_7Z93ZYMS,0.713258044155771
MDM_Klemm2020,BS_880ESDFZ,0.691968678971032
MDM_Klemm2020,BS_8BF616QR,0.782073247167373
MDM_Klemm2020,BS_8J3B6ZB6,0.730834123369834
MDM_Klemm2020,BS_8QJ43WKW,0.80482891005183
MDM_Klemm2020,BS_8RCR7Y4B,0.601899892356299
MDM_Klemm2020,BS_8VAZSJEN,0.790714275408933
MDM_Klemm2020,BS_92HCM7BN,0.794564879928392
MDM_Klemm2020,BS_94MT16N2,0.544308460971235
MDM_Klemm2020,BS_9BJARSX3,0.737540607377838
MDM_Klemm2020,BS_9F09XV62,0.590438255975625
MDM_Klemm2020,BS_9HSGV9TJ,0.793851047265995
MDM_Klemm2020,BS_9JBX2E8G,0.58238213585057
MDM_Klemm2020,BS_9P9MB8X8,0.684794595795083
MDM_Klemm2020,BS_9Q6Z6VJC,0.679096178711769
MDM_Klemm2020,BS_9S7AG4EN,0.564205794264013
MDM_Klemm2020,BS_9SJWWYQ4,0.637193800514081
MDM_Klemm2020,BS_9YXH2CZ0,0.693252524882559
MDM_Klemm2020,BS_A13BMEF5,0.604128450305198
MDM_Klemm2020,BS_A1VEGWTR,0.56715598015359
MDM_Klemm2020,BS_A46RDWGM,0.488751311980012
MDM_Klemm2020,BS_A96FKXN5,0.693948202412035
MDM_Klemm2020,BS_AGVWD5K8,0.671716240963931
MDM_Klemm2020,BS_AM0BZ61K,0.717553204794009
MDM_Klemm2020,BS_AP0SZ364,0.775761850852891
MDM_Klemm2020,BS_ATHSTZ5R,0.701707300192143
MDM_Klemm2020,BS_AW7J9F9R,0.786533908955071
MDM_Klemm2020,BS_B0SVFK4P,0.785445311859538
MDM_Klemm2020,BS_B3M5SGPA,0.653521180826748
MDM_Klemm2020,BS_B5JM6T8K,0.76974769598246
MDM_Klemm2020,BS_B6JKQFKA,0.722703935536591
MDM_Klemm2020,BS_B7GEH89C,0.662542204632728
MDM_Klemm2020,BS_B7X8VXQ3,0.679671625466724
MDM_Klemm2020,BS_BANCTAV6,0.686223548537963
MDM_Klemm2020,BS_BC936YNZ,0.809528615859266
MDM_Klemm2020,BS_BGRPWBNG,0.768227583569645
MDM_Klemm2020,BS_BJBM0BN7,0.724015129972391
MDM_Klemm2020,BS_BKQZ550R,0.711887970735031
MDM_Klemm2020,BS_BN986DF6,0.697547299434721
MDM_Klemm2020,BS_BNECCX4D,0.795168626518889
MDM_Klemm2020,BS_BPSTSCBJ,0.696387617642192
MDM_Klemm2020,BS_BW79W2PD,0.685492322885818
MDM_Klemm2020,BS_C0NEVC2B,0.796603229625227
MDM_Klemm2020,BS_C51RB0YR,0.7392129235831
MDM_Klemm2020,BS_C6SKJG3N,0.729190840725598
MDM_Klemm2020,BS_CC6RREE4,0.822556205954131
MDM_Klemm2020,BS_CGB2WS2A,0.647472280782912
MDM_Klemm2020,BS_CKX8RW1J,0.738088345351154
MDM_Klemm2020,BS_CMDJJQ7K,0.775571036822074
MDM_Klemm2020,BS_CTR5X93B,0.667248540742168
MDM_Klemm2020,BS_CVGFNCBJ,0.616779077402083
MDM_Klemm2020,BS_D3YBV7KB,0.793149817394414
MDM_Klemm2020,BS_DEHJF4C7,0.755604579080509
MDM_Klemm2020,BS_DMJHAG9X,0.728065180690884
MDM_Klemm2020,BS_DMZP9G1H,0.510396903201264
MDM_Klemm2020,BS_DPF1CX0G,0.637644000347774
MDM_Klemm2020,BS_DSS3S5XD,0.748524292760586
MDM_Klemm2020,BS_DV86M0Y7,0.680336933365149
MDM_Klemm2020,BS_E2DEWCSK,0.780648346051129
MDM_Klemm2020,BS_E3EJHXQV,0.751986394500089
MDM_Klemm2020,BS_E4GC9EXR,0.77368852035347
MDM_Klemm2020,BS_E94QRJDW,0.726047702761754
MDM_Klemm2020,BS_EBMCTR80,0.737506153497978
MDM_Klemm2020,BS_EFEZB0ZH,0.779623387807845
MDM_Klemm2020,BS_EHVYJAVA,0.679029298840858
MDM_Klemm2020,BS_EMAJ7P3P,0.758679092517955
MDM_Klemm2020,BS_ET8CJXSF,0.609405942433681
MDM_Klemm2020,BS_EXGBH3TD,0.696492965514249
MDM_Klemm2020,BS_EYSS0ZDS,0.611407887917237
MDM_Klemm2020,BS_F1K9QTBS,0.757795364667102
MDM_Klemm2020,BS_F77MGAQT,0.818393954929115
MDM_Klemm2020,BS_F8N6CFQE,0.787668865008881
MDM_Klemm2020,BS_FAQQ0GCQ,0.756537858433071
MDM_Klemm2020,BS_FJWZ3M7V,0.680386667212554
MDM_Klemm2020,BS_FJZPQZ2C,0.800066786355027
MDM_Klemm2020,BS_FR42HY0Z,0.743445663027064
MDM_Klemm2020,BS_FX4WKR2R,0.59348389907605
MDM_Klemm2020,BS_FZ62GZGV,0.803467553936061
MDM_Klemm2020,BS_G1DAGKSY,0.680918436156434
MDM_Klemm2020,BS_G5QBBHDV,0.707550903306857
MDM_Klemm2020,BS_G7AGNB5G,0.469359360056219
MDM_Klemm2020,BS_G9XE3N9T,0.585132566804225
MDM_Klemm2020,BS_GCA4GET3,0.688062528416323
MDM_Klemm2020,BS_GHNJ4CYC,0.658366400183774
MDM_Klemm2020,BS_GPEGRCCT,0.721632830186572
MDM_Klemm2020,BS_GTZCFGRZ,0.710415130351449
MDM_Klemm2020,BS_GYA4V1RD,0.600009182142781
MDM_Klemm2020,BS_GYXSDZ56,0.765170654622773
MDM_Klemm2020,BS_H08FEN68,0.661982696625072
MDM_Klemm2020,BS_H0WF1WHE,0.717271725699531
MDM_Klemm2020,BS_H3FE3TH9,0.652270097114063
MDM_Klemm2020,BS_H8A9PSYA,0.654446374666328
MDM_Klemm2020,BS_H9EX5WX3,0.706060671859626
MDM_Klemm2020,BS_HC5M8JTC,0.800813005642082
MDM_Klemm2020,BS_HM0R6SXQ,0.808428281070667
MDM_Klemm2020,BS_HNMQ7488,0.763023569029149
MDM_Klemm2020,BS_HQ5BJ6MW,0.797216933620231
MDM_Klemm2020,BS_HQDXQ5Y4,0.704647695424992
MDM_Klemm2020,BS_HSHN8PBB,0.683564488946539
MDM_Klemm2020,BS_HSTNFPKW,0.790165467449388
MDM_Klemm2020,BS_HV8PFRBR,0.734437102932882
MDM_Klemm2020,BS_J5H5VXWY,0.812498807857933
MDM_Klemm2020,BS_J9M83K8T,0.731306165740637
MDM_Klemm2020,BS_JFVB9KXB,0.492010706458448
MDM_Klemm2020,BS_JGKZ54SA,0.764774666062408
MDM_Klemm2020,BS_JH29M4KG,0.724148637117395
MDM_Klemm2020,BS_JKXA3FQC,0.608764150792269
MDM_Klemm2020,BS_JMHG7GCN,0.678095827955772
MDM_Klemm2020,BS_JVA2NQFF,0.666974940898278
MDM_Klemm2020,BS_JWSR581E,0.738912362416354
MDM_Klemm2020,BS_K57A4A9D,0.633493648684913
MDM_Klemm2020,BS_K5802F84,0.574452918033741
MDM_Klemm2020,BS_K7MVS0Z7,0.709105368038765
MDM_Klemm2020,BS_K838XW6V,0.792387393467016
MDM_Klemm2020,BS_M4NVX721,0.732506217379729
MDM_Klemm2020,BS_M4TTKPNR,0.824291846401332
MDM_Klemm2020,BS_M8M56Z4Y,0.652023551337015
MDM_Klemm2020,BS_M8WP5T16,0.790504662710235
MDM_Klemm2020,BS_MBSTWZA6,0.730294808577851
MDM_Klemm2020,BS_MF9X3PKH,0.798253140895519
MDM_Klemm2020,BS_MH8RAG4A,0.810551586813344
MDM_Klemm2020,BS_MX92FD6D,0.67840798761576
MDM_Klemm2020,BS_MY9D8XZ1,0.726299405167059
MDM_Klemm2020,BS_N1E0H8YQ,0.766454549183499
MDM_Klemm2020,BS_N210XMKR,0.569280050283962
MDM_Klemm2020,BS_N6NE6B3W,0.486958675800255
MDM_Klemm2020,BS_N87X1T8T,0.80554276341531
MDM_Klemm2020,BS_NB5XWMJT,0.732619018147113
MDM_Klemm2020,BS_NBZNAG7Q,0.754294818325966
MDM_Klemm2020,BS_NG9X6SJA,0.764997366814401
MDM_Klemm2020,BS_NKEAAFMW,0.42590901377487
MDM_Klemm2020,BS_NPQJ20KX,0.686079494810596
MDM_Klemm2020,BS_NQB91P48,0.712868931037112
MDM_Klemm2020,BS_NRFQEQKP,0.665402657319873
MDM_Klemm2020,BS_NRPG5K4K,0.655893574888099
MDM_Klemm2020,BS_NS7GSHB9,0.726926468300709
MDM_Klemm2020,BS_NT9NZYFD,0.574968415679231
MDM_Klemm2020,BS_NY5T05AK,0.734586427821664
MDM_Klemm2020,BS_P2Y2NANM,0.81551343302162
MDM_Klemm2020,BS_PDVD0GCM,0.682703241191545
MDM_Klemm2020,BS_PEP9NZXN,0.639851818567777
MDM_Klemm2020,BS_PQ7CQFYR,0.61703247734434
MDM_Klemm2020,BS_PRCG6W20,0.814230893883389
MDM_Klemm2020,BS_Q2PBFNDF,0.77040312006062
MDM_Klemm2020,BS_Q3TBCK4V,0.762950636110384
MDM_Klemm2020,BS_Q6VH5GJ8,0.609414274543079
MDM_Klemm2020,BS_Q79NP5YY,0.794624136834155
MDM_Klemm2020,BS_QBMW69AM,0.712301968022432
MDM_Klemm2020,BS_QH82PBMB,0.724830161635939
MDM_Klemm2020,BS_QTSXW7DA,0.726502507949549
MDM_Klemm2020,BS_QV51J756,0.585465261147951
MDM_Klemm2020,BS_R244Z0WX,0.679691149352963
MDM_Klemm2020,BS_R3AJB6VS,0.707256020572072
MDM_Klemm2020,BS_R7V8BC98,0.771472385364001
MDM_Klemm2020,BS_R9CKW9DY,0.78806147982024
MDM_Klemm2020,BS_RAQFEB0S,0.721601456566674
MDM_Klemm2020,BS_RARBBY7C,0.787927709215613
MDM_Klemm2020,BS_RGSMX7QD,0.639024977526829
MDM_Klemm2020,BS_RMT7ABN6,0.819193988519639
MDM_Klemm2020,BS_RNANA568,0.777904078249417
MDM_Klemm2020,BS_RPJ1EPHA,0.765555674732719
MDM_Klemm2020,BS_RRAEQZ97,0.726713382634402
MDM_Klemm2020,BS_RVSEDNJ4,0.534053178037904
MDM_Klemm2020,BS_S1KK7XRH,0.73911716739764
MDM_Klemm2020,BS_S458NMKH,0.718958064146479
MDM_Klemm2020,BS_S50KQEXV,0.672965256669443
MDM_Klemm2020,BS_SDA4RMMG,0.593886743485583
MDM_Klemm2020,BS_SDZY6RZ3,0.719412165947033
MDM_Klemm2020,BS_SFKZSJN1,0.586272235947435
MDM_Klemm2020,BS_SH2S6SFN,0.759440940609949
MDM_Klemm2020,BS_SHMC4902,0.733321193751453
MDM_Klemm2020,BS_SJ0HXCD0,0.736921278057798
MDM_Klemm2020,BS_SQX5E15Z,0.810668364125458
MDM_Klemm2020,BS_SW8C9Y5Y,0.789429133020176
MDM_Klemm2020,BS_SXRS2P6T,0.713506722921725
MDM_Klemm2020,BS_T0RKFEKR,0.836880063473125
MDM_Klemm2020,BS_T2QPMZCM,0.48406193643719
MDM_Klemm2020,BS_T4JFN54G,0.650004727241
MDM_Klemm2020,BS_T5P5ME9M,0.780262887396672
MDM_Klemm2020,BS_TDJXQBVY,0.79939802003198
MDM_Klemm2020,BS_TG93XC55,0.577944217240831
MDM_Klemm2020,BS_TRZZRYKF,0.680949225164606
MDM_Klemm2020,BS_TV80600R,0.708930992295191
MDM_Klemm2020,BS_TWFDEMBZ,0.7165688956754
MDM_Klemm2020,BS_V2G1YE8R,0.768241629876817
MDM_Klemm2020,BS_V33RCK1Y,0.670575558740137
MDM_Klemm2020,BS_V3REENH9,0.759923347041132
MDM_Klemm2020,BS_V72GX2AZ,0.69345786210533
MDM_Klemm2020,BS_V7BZ049H,0.823807125570072
MDM_Klemm2020,BS_V89HGTET,0.744685040044784
MDM_Klemm2020,BS_VARR255N,0.797191355575032
MDM_Klemm2020,BS_VMMJYN8Z,0.577982477816677
MDM_Klemm2020,BS_VTYNWK05,0.784099556990569
MDM_Klemm2020,BS_VZWXGYT2,0.784712890885913
MDM_Klemm2020,BS_WRQHPSXQ,0.550645020520334
MDM_Klemm2020,BS_WVS02TZK,0.616495786443472
MDM_Klemm2020,BS_X16PENSA,0.7676155395625
MDM_Klemm2020,BS_X2EDW2ZB,0.606378123523447
MDM_Klemm2020,BS_X5DFR216,0.744078403470251
MDM_Klemm2020,BS_X6GFVDVA,0.821278021526037
MDM_Klemm2020,BS_X91K8KMG,0.740090839895562
MDM_Klemm2020,BS_XGSA3GQE,0.721614596054929
MDM_Klemm2020,BS_XKKB4MZV,0.624159003519752
MDM_Klemm2020,BS_Y0PCBNJV,0.639841201664731
MDM_Klemm2020,BS_Y274AC0H,0.771922310402265
MDM_Klemm2020,BS_Y7H24JZG,0.816081721207431
MDM_Klemm2020,BS_Y7W8BR6B,0.734183041427133
MDM_Klemm2020,BS_YASWHXJC,0.820595656366637
MDM_Klemm2020,BS_YB2RXRHT,0.699486614507915
MDM_Klemm2020,BS_YCREDZTJ,0.697453966211853
MDM_Klemm2020,BS_YEQVW4ND,0.687651949882889
MDM_Klemm2020,BS_YMAJC22S,0.479245815210596
MDM_Klemm2020,BS_YVEEXAAT,0.804674170343082
MDM_Klemm2020,BS_YVMEEBKC,0.74712887270094
MDM_Klemm2020,BS_YWJKHMXV,0.682278233200038
MDM_Klemm2020,BS_YY5B2XDD,0.858446755884786
MDM_Klemm2020,BS_YZ2Z1Q6Y,0.685706638396801
MDM_Klemm2020,BS_Z0AVVB1V,0.765663269897848
MDM_Klemm2020,BS_Z1A875MW,0.649866706928364
MDM_Klemm2020,BS_Z6BWR941,0.596184451489339
MDM_Klemm2020,BS_Z7Y2466H,0.752098508347822
MDM_Klemm2020,BS_ZHHAM3AN,0.916637163744137
MDM_Klemm2020,BS_ZHRGDRBW,0.617068149598139
MDM_Klemm2020,BS_ZJY7Y34M,0.677274031357746
MDM_Klemm2020,BS_ZN2P8BKH,0.832688174881602
MDM_Klemm2020,BS_ZTWGFWTX,0.769881245617422
MDM_Klemm2020,BS_ZV9Z3SY6,0.807998417971638
MDM_Klemm2020,BS_ZVX2GRD6,0.745945405075682
MDM_Klemm2020,BS_ZZMYDZJW,0.775124025014756
MgTAM_Antunes2021,BS_00FD2KMP,0.756747342506911
MgTAM_Antunes2021,BS_028YFYJ6,0.716114407919498
MgTAM_Antunes2021,BS_052PZFMK,0.64494517034532
MgTAM_Antunes2021,BS_056Q8577,0.808484179524127
MgTAM_Antunes2021,BS_08ST21QE,0.766202674052108
MgTAM_Antunes2021,BS_0C7VZC0A,0.804731409709549
MgTAM_Antunes2021,BS_0S8E7590,0.717401350030907
MgTAM_Antunes2021,BS_0VXZCRJS,0.787120210548355
MgTAM_Antunes2021,BS_0XEBS3PG,0.800979811434067
MgTAM_Antunes2021,BS_0ZA67BBC,0.85586340910827
MgTAM_Antunes2021,BS_12G04QJM,0.690480930626304
MgTAM_Antunes2021,BS_17ZSMXFH,0.722491483063293
MgTAM_Antunes2021,BS_1A6MQ9ZA,0.732306662113247
MgTAM_Antunes2021,BS_1D93Z575,0.726660924841882
MgTAM_Antunes2021,BS_1EN5V3XW,0.692924169103133
MgTAM_Antunes2021,BS_223BM91B,0.770479933228351
MgTAM_Antunes2021,BS_25HNKZ79,0.819432933081713
MgTAM_Antunes2021,BS_2853394H,0.70864977687189
MgTAM_Antunes2021,BS_297H8BT4,0.78965887482897
MgTAM_Antunes2021,BS_29X4ZX6Q,0.701201180015694
MgTAM_Antunes2021,BS_2A5R9MEJ,0.79470014331529
MgTAM_Antunes2021,BS_2ARXK0TD,0.814436478051824
MgTAM_Antunes2021,BS_2AV1H5TV,0.740672205845187
MgTAM_Antunes2021,BS_2DMBCHNF,0.781149334801997
MgTAM_Antunes2021,BS_2EN3X6HB,0.837042316077169
MgTAM_Antunes2021,BS_2FEZWH1F,0.779540214587433
MgTAM_Antunes2021,BS_2HNXVFAS,0.75864034936458
MgTAM_Antunes2021,BS_2JH1QMT1,0.854809536045086
MgTAM_Antunes2021,BS_2JP7RBMB,0.835558203950432
MgTAM_Antunes2021,BS_2K01T8K6,0.776377400850802
MgTAM_Antunes2021,BS_2PDS3MSS,0.75148832215913
MgTAM_Antunes2021,BS_2T5PJAW8,0.843666730331489
MgTAM_Antunes2021,BS_2WANPFBJ,0.719347501901071
MgTAM_Antunes2021,BS_30F3Z9FS,0.840381801248809
MgTAM_Antunes2021,BS_30VC3R2Q,0.788765225525979
MgTAM_Antunes2021,BS_30YWQ3FY,0.822999876960506
MgTAM_Antunes2021,BS_31MBRWC4,0.821105617168045
MgTAM_Antunes2021,BS_333KCNDP,0.855245516383239
MgTAM_Antunes2021,BS_399RPKC9,0.822325139170026
MgTAM_Antunes2021,BS_3AC3SRWH,0.672910127225175
MgTAM_Antunes2021,BS_3MS8WVNR,0.810342161456857
MgTAM_Antunes2021,BS_3ZPJAK9A,0.795169487468375
MgTAM_Antunes2021,BS_45J79YTF,0.735397195382256
MgTAM_Antunes2021,BS_49BQS7Z6,0.795589444863102
MgTAM_Antunes2021,BS_49CJNZ06,0.682359431327025
MgTAM_Antunes2021,BS_4B0BAVTX,0.887960786261944
MgTAM_Antunes2021,BS_4BM3F6XJ,0.770557709908521
MgTAM_Antunes2021,BS_4C6B11E4,0.857136569761619
MgTAM_Antunes2021,BS_4GNN7J8E,0.900435287091522
MgTAM_Antunes2021,BS_4KNBXM3C,0.827596520668359
MgTAM_Antunes2021,BS_4Q3KRCZT,0.871796574144672
MgTAM_Antunes2021,BS_4QW2S1Q8,0.854799729308193
MgTAM_Antunes2021,BS_4T0HQ9QF,0.626116873110233
MgTAM_Antunes2021,BS_4V42BXBT,0.867248841286573
MgTAM_Antunes2021,BS_51RA1PGE,0.701606540184694
MgTAM_Antunes2021,BS_52C576HH,0.75429878596504
MgTAM_Antunes2021,BS_5965SFPZ,0.804341542491182
MgTAM_Antunes2021,BS_5EFYPZT0,0.626861012169152
MgTAM_Antunes2021,BS_5G5BD2MD,0.889861269360548
MgTAM_Antunes2021,BS_5K95FX4C,0.850719406727094
MgTAM_Antunes2021,BS_5KBXD2GQ,0.665441199828079
MgTAM_Antunes2021,BS_5PXZ8F7W,0.733569342423883
MgTAM_Antunes2021,BS_5VPM0F36,0.923112083659561
MgTAM_Antunes2021,BS_62SW4CC5,0.775432355151332
MgTAM_Antunes2021,BS_65WPD3DA,0.815034786251889
MgTAM_Antunes2021,BS_68KX6A42,0.885510721601226
MgTAM_Antunes2021,BS_6DCSD5Y6,0.608277350276983
MgTAM_Antunes2021,BS_6H4Q24WA,0.85316731033293
MgTAM_Antunes2021,BS_6M2053M0,0.863138159560395
MgTAM_Antunes2021,BS_6SY64H5J,0.82071767622239
MgTAM_Antunes2021,BS_6VRG1XFB,0.709267059534543
MgTAM_Antunes2021,BS_6WP1FHTE,0.834602819305062
MgTAM_Antunes2021,BS_7327SDAQ,0.812595078921985
MgTAM_Antunes2021,BS_75YRDXET,0.869850076604724
MgTAM_Antunes2021,BS_77SBTNPN,0.701006550947257
MgTAM_Antunes2021,BS_7AEF4D4G,0.757911267488302
MgTAM_Antunes2021,BS_7APCGCVF,0.746615658357119
MgTAM_Antunes2021,BS_7GJT4A6A,0.626340535813723
MgTAM_Antunes2021,BS_7GKWKGPH,0.810788652945903
MgTAM_Antunes2021,BS_7PVJ6Q3D,0.771724799540013
MgTAM_Antunes2021,BS_7WKNNRHK,0.643407514094741
MgTAM_Antunes2021,BS_84VZX732,0.729607147363805
MgTAM_Antunes2021,BS_84XCR9GG,0.719325473136766
MgTAM_Antunes2021,BS_8E8JKP01,0.732635326324635
MgTAM_Antunes2021,BS_8ERBDF7D,0.675524890233071
MgTAM_Antunes2021,BS_8JK9TXH2,0.670738900902154
MgTAM_Antunes2021,BS_8VD670NP,0.738444022756195
MgTAM_Antunes2021,BS_8YWYN7VH,0.756158459299651
MgTAM_Antunes2021,BS_8ZE4Z9G5,0.705408420015526
MgTAM_Antunes2021,BS_8ZY4GST0,0.819589983403146
MgTAM_Antunes2021,BS_91VYM11A,0.817183968669914
MgTAM_Antunes2021,BS_956G6QPJ,0.746315207723467
MgTAM_Antunes2021,BS_97M1E2DW,0.572655184796441
MgTAM_Antunes2021,BS_9A1YTHFF,0.879401892129214
MgTAM_Antunes2021,BS_9B0A62MT,0.764666447286134
MgTAM_Antunes2021,BS_9CA93S6D,0.585681811345216
MgTAM_Antunes2021,BS_9FHEFJNP,0.794559153090461
MgTAM_Antunes2021,BS_9FX3YREK,0.805481549319916
MgTAM_Antunes2021,BS_9GJ3DB1H,0.815449027295033
MgTAM_Antunes2021,BS_9JPQZQNG,0.692648124573054
MgTAM_Antunes2021,BS_9TXEDSWB,0.84387637069572
MgTAM_Antunes2021,BS_9XVACXP0,0.72356527948833
MgTAM_Antunes2021,BS_9Y1K14Q5,0.597714314102714
MgTAM_Antunes2021,BS_9ZJT0CP0,0.694436194838092
MgTAM_Antunes2021,BS_A4PF49V0,0.60174001588541
MgTAM_Antunes2021,BS_A6NXR7RC,0.850908880944044
MgTAM_Antunes2021,BS_A7Q8G0Y1,0.761495110875054
MgTAM_Antunes2021,BS_A8XW5S0W,0.792648864824811
MgTAM_Antunes2021,BS_AWH9757B,0.783785467410602
MgTAM_Antunes2021,BS_AYSXRQWY,0.713846399184372
MgTAM_Antunes2021,BS_AZQM1JJH,0.873700855537802
MgTAM_Antunes2021,BS_B1C6GZ84,0.77059133704814
MgTAM_Antunes2021,BS_B3MQFFYP,0.897784991701465
MgTAM_Antunes2021,BS_B4R7X1KE,0.735365257940556
MgTAM_Antunes2021,BS_B57327NA,0.852867327849878
MgTAM_Antunes2021,BS_BBAEMXRD,0.774344029823943
MgTAM_Antunes2021,BS_BBQ6BHGN,0.836439390718562
MgTAM_Antunes2021,BS_BK0HGRXM,0.825272198813145
MgTAM_Antunes2021,BS_BMMY0H73,0.811313225590606
MgTAM_Antunes2021,BS_C6ZZ3FY5,0.864703261066513
MgTAM_Antunes2021,BS_C83TK159,0.833448779034493
MgTAM_Antunes2021,BS_CBDQZ8PP,0.6576564475604
MgTAM_Antunes2021,BS_CF63VG3S,0.75950818529376
MgTAM_Antunes2021,BS_CFD3WHAY,0.851406091824871
MgTAM_Antunes2021,BS_CG1RG607,0.873072402268854
MgTAM_Antunes2021,BS_CVEDJGHZ,0.915123295571063
MgTAM_Antunes2021,BS_CXAQDK7S,0.927887103520669
MgTAM_Antunes2021,BS_CZPQ493E,0.759239277871536
MgTAM_Antunes2021,BS_D29RPBSZ,0.754614294843968
MgTAM_Antunes2021,BS_D4VNDNQA,0.631994457732964
MgTAM_Antunes2021,BS_D6J2BGDJ,0.739640400424952
MgTAM_Antunes2021,BS_DFGS950G,0.630488552052075
MgTAM_Antunes2021,BS_DNZVP92S,0.656293076534354
MgTAM_Antunes2021,BS_DR079H0D,0.780718449399599
MgTAM_Antunes2021,BS_DS438CXE,0.579602249158
MgTAM_Antunes2021,BS_DSPVSM7D,0.723780527980297
MgTAM_Antunes2021,BS_DZNXFPH1,0.845776102356577
MgTAM_Antunes2021,BS_E7NVYA6G,0.799066695112323
MgTAM_Antunes2021,BS_E9CYN4NP,0.785221113281293
MgTAM_Antunes2021,BS_EB0XRBT9,0.882258816085552
MgTAM_Antunes2021,BS_EDJ5TV0P,0.481776418200677
MgTAM_Antunes2021,BS_EMQM7HTA,0.710245569549148
MgTAM_Antunes2021,BS_ENEYB4TG,0.904293949161842
MgTAM_Antunes2021,BS_EXPJQZTH,0.872859206494682
MgTAM_Antunes2021,BS_EZ3147MX,0.852157002399426
MgTAM_Antunes2021,BS_F0JB4EAK,0.869674953078992
MgTAM_Antunes2021,BS_F21R36MM,0.653665952447181
MgTAM_Antunes2021,BS_F65GWS21,0.610462321568518
MgTAM_Antunes2021,BS_F6V1Y4QS,0.745004851770376
MgTAM_Antunes2021,BS_F9Y4Z92G,0.7535022092777
MgTAM_Antunes2021,BS_FCDAH728,0.818262130831805
MgTAM_Antunes2021,BS_FEV5A0HN,0.674083187198444
MgTAM_Antunes2021,BS_FGJH1X0S,0.623316122338941
MgTAM_Antunes2021,BS_FKASA3MN,0.669028129816208
MgTAM_Antunes2021,BS_FN07P04C,0.596248473514741
MgTAM_Antunes2021,BS_FX2P2WEG,0.812029989642808
MgTAM_Antunes2021,BS_FXJY0MNH,0.87336259632176
MgTAM_Antunes2021,BS_FYP2B298,0.806348546388309
MgTAM_Antunes2021,BS_G19QZG4S,0.897399404970293
MgTAM_Antunes2021,BS_G1E5DATJ,0.812168495774363
MgTAM_Antunes2021,BS_G257VSS9,0.761915708912995
MgTAM_Antunes2021,BS_G3NN392N,0.763491841160961
MgTAM_Antunes2021,BS_G3RJTBZD,0.70562760083921
MgTAM_Antunes2021,BS_G5NHSFD4,0.823031570406668
MgTAM_Antunes2021,BS_G8TXTX0H,0.802857253064873
MgTAM_Antunes2021,BS_GG9W3J9Y,0.722145232441517
MgTAM_Antunes2021,BS_GW0GKWMS,0.833331372298712
MgTAM_Antunes2021,BS_GWHYM3R4,0.665393120668909
MgTAM_Antunes2021,BS_GWSJ4Z9H,0.858406165142856
MgTAM_Antunes2021,BS_H5VQJR7X,0.700843352544807
MgTAM_Antunes2021,BS_H97S5SQN,0.881694752410685
MgTAM_Antunes2021,BS_H9JYKFTV,0.763818979410004
MgTAM_Antunes2021,BS_HDHXX8Q7,0.709233956329776
MgTAM_Antunes2021,BS_HDPCQETG,0.807582471128841
MgTAM_Antunes2021,BS_HJRTC9JQ,0.841017002925549
MgTAM_Antunes2021,BS_HJV0J603,0.624869341509845
MgTAM_Antunes2021,BS_HRJ9145M,0.817439378429093
MgTAM_Antunes2021,BS_HWGWYCY7,0.808174055602501
MgTAM_Antunes2021,BS_HZ9AYDCQ,0.847640619335634
MgTAM_Antunes2021,BS_J4JY2F3H,0.788234012085418
MgTAM_Antunes2021,BS_J6212Y48,0.683302773376617
MgTAM_Antunes2021,BS_J6W1RB7A,0.756065711992855
MgTAM_Antunes2021,BS_J9CBGP57,0.833381796214371
MgTAM_Antunes2021,BS_JB43XBCQ,0.900258479502223
MgTAM_Antunes2021,BS_JDSNFYQ0,0.750821619361721
MgTAM_Antunes2021,BS_JJVH7WR0,0.714621554397511
MgTAM_Antunes2021,BS_JMD386Z2,0.795774544456195
MgTAM_Antunes2021,BS_JP95KMRD,0.84222834708413
MgTAM_Antunes2021,BS_JQGJQ2QZ,0.800960901030824
MgTAM_Antunes2021,BS_JQVAWTTM,0.889944856918872
MgTAM_Antunes2021,BS_JQXHHK0K,0.711304458772618
MgTAM_Antunes2021,BS_JRYJGYC4,0.671657106472701
MgTAM_Antunes2021,BS_JS95PE0J,0.750379895810605
MgTAM_Antunes2021,BS_JTWNJ8T7,0.618825557866039
MgTAM_Antunes2021,BS_JVW2JJ39,0.551720815326963
MgTAM_Antunes2021,BS_K0X3PZGN,0.859706369125326
MgTAM_Antunes2021,BS_K17VQECG,0.834923439061733
MgTAM_Antunes2021,BS_K2PCC777,0.883675550711875
MgTAM_Antunes2021,BS_K74N1BXQ,0.857218375076132
MgTAM_Antunes2021,BS_K81PZXP2,0.783094898282596
MgTAM_Antunes2021,BS_K88T8SW7,0.679040198803588
MgTAM_Antunes2021,BS_KABQQA0T,0.827761715063506
MgTAM_Antunes2021,BS_KBEX4RT2,0.720168187650249
MgTAM_Antunes2021,BS_KFD5128N,0.794577331908469
MgTAM_Antunes2021,BS_KKDTW11T,0.559820711082138
MgTAM_Antunes2021,BS_KP735TJ6,0.607798586447282
MgTAM_Antunes2021,BS_KQ6ZW085,0.839336811133434
MgTAM_Antunes2021,BS_KRS4EV4X,0.732643178625175
MgTAM_Antunes2021,BS_KS8HMGA6,0.900570755862823
MgTAM_Antunes2021,BS_KVPWHDR4,0.78210055944172
MgTAM_Antunes2021,BS_M0FA190Y,0.819163651214271
MgTAM_Antunes2021,BS_M0XGZ53Z,0.728181773220257
MgTAM_Antunes2021,BS_M1PVEHCM,0.65464088864846
MgTAM_Antunes2021,BS_M54TWTH4,0.851600998703276
MgTAM_Antunes2021,BS_M7XB258E,0.875504239070746
MgTAM_Antunes2021,BS_M85CXHDV,0.837837992024742
MgTAM_Antunes2021,BS_MB7WN0ZB,0.745767435151371
MgTAM_Antunes2021,BS_MD0937XT,0.674712380354214
MgTAM_Antunes2021,BS_MDBT7S5Z,0.642207917330472
MgTAM_Antunes2021,BS_ME6VQGG4,0.769420570812863
MgTAM_Antunes2021,BS_MFGZH8FK,0.683412258914546
MgTAM_Antunes2021,BS_MG78HQDM,0.655772578787482
MgTAM_Antunes2021,BS_MWWZBQ60,0.798958639860565
MgTAM_Antunes2021,BS_N6TQBQ8M,0.688045488128954
MgTAM_Antunes2021,BS_N7SW36FD,0.884219575526845
MgTAM_Antunes2021,BS_N7VQ1GQB,0.872894415672141
MgTAM_Antunes2021,BS_NB9XXBW6,0.859493726802544
MgTAM_Antunes2021,BS_NEFAASTR,0.75898945924135
MgTAM_Antunes2021,BS_NEVYM2FP,0.875470617805071
MgTAM_Antunes2021,BS_NFKKDYSV,0.807298903979373
MgTAM_Antunes2021,BS_NGSG2KB6,0.886228188324616
MgTAM_Antunes2021,BS_NNYXMSTX,0.885185832420832
MgTAM_Antunes2021,BS_NPA6CZQF,0.868588459564307
MgTAM_Antunes2021,BS_NQ54ST98,0.825387145431352
MgTAM_Antunes2021,BS_NR3P3GN2,0.735970104920463
MgTAM_Antunes2021,BS_NX1R0BC3,0.777868678165018
MgTAM_Antunes2021,BS_P0QF87WC,0.646600688884855
MgTAM_Antunes2021,BS_P4PMWFMV,0.757106397831841
MgTAM_Antunes2021,BS_P7W3AYKV,0.699997123909381
MgTAM_Antunes2021,BS_PENM28KT,0.8406401855596
MgTAM_Antunes2021,BS_PJC6FH4Y,0.906180058730859
MgTAM_Antunes2021,BS_PS0P3QJ3,0.709294600997299
MgTAM_Antunes2021,BS_PXCPK5XS,0.751538806614654
MgTAM_Antunes2021,BS_PZVHMSYN,0.59457998666354
MgTAM_Antunes2021,BS_Q06J3RYW,0.858786858731488
MgTAM_Antunes2021,BS_Q35GFYDR,0.543355342592793
MgTAM_Antunes2021,BS_Q9N5PRD5,0.665427688946404
MgTAM_Antunes2021,BS_QB84TBA3,0.544059846487583
MgTAM_Antunes2021,BS_QGKEP3KB,0.837441578558993
MgTAM_Antunes2021,BS_QH0VYVJK,0.80293624916299
MgTAM_Antunes2021,BS_QHY302E8,0.78750029972687
MgTAM_Antunes2021,BS_QMBS32Y2,0.726668409347292
MgTAM_Antunes2021,BS_QNNX91SM,0.814038628365068
MgTAM_Antunes2021,BS_QY2G1JZJ,0.873469103249193
MgTAM_Antunes2021,BS_QYA4TQXX,0.595075451318994
MgTAM_Antunes2021,BS_R5JQE0VJ,0.655300802570616
MgTAM_Antunes2021,BS_R5SNFB5B,0.558628649130059
MgTAM_Antunes2021,BS_R9B92M75,0.851624778973714
MgTAM_Antunes2021,BS_RHAWQJ48,0.809899404761826
MgTAM_Antunes2021,BS_RHM60031,0.656819297672656
MgTAM_Antunes2021,BS_RJC3WDD6,0.636303026533651
MgTAM_Antunes2021,BS_RN0VAY51,0.84004949932063
MgTAM_Antunes2021,BS_RX1YTZ7F,0.781029374771185
MgTAM_Antunes2021,BS_RZBFH1QF,0.487537741841688
MgTAM_Antunes2021,BS_S2TA8R29,0.845714432597094
MgTAM_Antunes2021,BS_S3C2PZAH,0.647722759184264
MgTAM_Antunes2021,BS_S3MET0JZ,0.812916189181005
MgTAM_Antunes2021,BS_S4V9E1XJ,0.886889882122611
MgTAM_Antunes2021,BS_S5P8VTN5,0.793881086394852
MgTAM_Antunes2021,BS_S6B9DVNS,0.539526774495682
MgTAM_Antunes2021,BS_S6S7SK3P,0.665979889825585
MgTAM_Antunes2021,BS_S8K878T3,0.814046223604452
MgTAM_Antunes2021,BS_SBMAM00V,0.779867554609885
MgTAM_Antunes2021,BS_SBMCD7XZ,0.868606634402618
MgTAM_Antunes2021,BS_SD0EMK7Y,0.846900387401485
MgTAM_Antunes2021,BS_SD8YBRBR,0.557773545061635
MgTAM_Antunes2021,BS_SERDGASJ,0.818817012515007
MgTAM_Antunes2021,BS_SJVTZ5TH,0.572577607951462
MgTAM_Antunes2021,BS_SMWQR2F1,0.685113442244263
MgTAM_Antunes2021,BS_SNVM7CZT,0.80499883458142
MgTAM_Antunes2021,BS_SR2RGDXJ,0.809704830679427
MgTAM_Antunes2021,BS_SW9Z10F9,0.852210320685695
MgTAM_Antunes2021,BS_SY3J3XR9,0.772455416235593
MgTAM_Antunes2021,BS_T1YHK6B7,0.667585527108735
MgTAM_Antunes2021,BS_T2F48Z4E,0.73982261649778
MgTAM_Antunes2021,BS_T9A8JJW5,0.785977639779907
MgTAM_Antunes2021,BS_TASG32Z2,0.601740025467136
MgTAM_Antunes2021,BS_TGS109T3,0.766650741317466
MgTAM_Antunes2021,BS_TM9MH0RP,0.842750623168127
MgTAM_Antunes2021,BS_TR2P8KRF,0.725758979377727
MgTAM_Antunes2021,BS_TRKH2SPE,0.782045465579367
MgTAM_Antunes2021,BS_TRPXB3AV,0.703917610812528
MgTAM_Antunes2021,BS_TTDNZTZ0,0.886172605540526
MgTAM_Antunes2021,BS_TTE04ZP8,0.857588584401696
MgTAM_Antunes2021,BS_TV5B86ZD,0.561308367203145
MgTAM_Antunes2021,BS_TVH33J9Q,0.730483751933709
MgTAM_Antunes2021,BS_TXZ7KHTQ,0.773699772047663
MgTAM_Antunes2021,BS_V0DQFC75,0.573706075225824
MgTAM_Antunes2021,BS_V3Z3DB4N,0.849295272478801
MgTAM_Antunes2021,BS_V558NW3Q,0.77660421264437
MgTAM_Antunes2021,BS_V6RSB5HQ,0.761769507062475
MgTAM_Antunes2021,BS_V8QWBVS3,0.787707109600362
MgTAM_Antunes2021,BS_VBMRQK4F,0.755195858289777
MgTAM_Antunes2021,BS_VDFXXMEX,0.587238645036408
MgTAM_Antunes2021,BS_VF3NVT4G,0.852045117390785
MgTAM_Antunes2021,BS_VKH87DD2,0.755686563038655
MgTAM_Antunes2021,BS_VKHJG2B8,0.750609413659424
MgTAM_Antunes2021,BS_VKYEM67A,0.854277559738075
MgTAM_Antunes2021,BS_VMQMGSJY,0.781685668882585
MgTAM_Antunes2021,BS_VVTHDRBD,0.760736128415293
MgTAM_Antunes2021,BS_W1385R8Y,0.594073233229966
MgTAM_Antunes2021,BS_W4DB5RP1,0.560419332795471
MgTAM_Antunes2021,BS_W7MFJZ5A,0.881216498071127
MgTAM_Antunes2021,BS_WBVSK3MP,0.535203711452185
MgTAM_Antunes2021,BS_WEKK6SHP,0.553665714766482
MgTAM_Antunes2021,BS_WHBEXD5H,0.813727384824585
MgTAM_Antunes2021,BS_WQ1YRTAT,0.571800871470541
MgTAM_Antunes2021,BS_WTJEDTZC,0.688326463096044
MgTAM_Antunes2021,BS_WVRX4C9Z,0.920484320866403
MgTAM_Antunes2021,BS_X0XXN9BK,0.693921474138494
MgTAM_Antunes2021,BS_X1G0TKP4,0.888226350077469
MgTAM_Antunes2021,BS_X20JCR4H,0.807713638899223
MgTAM_Antunes2021,BS_X23724NJ,0.71126264481205
MgTAM_Antunes2021,BS_X3HR4Z21,0.822726026208029
MgTAM_Antunes2021,BS_X4DD4KSZ,0.895693773821252
MgTAM_Antunes2021,BS_X4X1SFSE,0.853441167471668
MgTAM_Antunes2021,BS_XG0DBWVT,0.666201704478597
MgTAM_Antunes2021,BS_XGDPK33A,0.828232223144997
MgTAM_Antunes2021,BS_XM1AHBDJ,0.693184644165803
MgTAM_Antunes2021,BS_XQ5SFW35,0.868555812345693
MgTAM_Antunes2021,BS_XQXXBWPD,0.875625095473259
MgTAM_Antunes2021,BS_XYVCMF4A,0.691712004848629
MgTAM_Antunes2021,BS_XZM79E42,0.903158976716829
MgTAM_Antunes2021,BS_YA0KMBRT,0.661026084681521
MgTAM_Antunes2021,BS_YDEVMD24,0.873305539258636
MgTAM_Antunes2021,BS_YMKQT5V0,0.851137728120045
MgTAM_Antunes2021,BS_YR12D1ZY,0.817124976906271
MgTAM_Antunes2021,BS_YSZRQ95C,0.681887396877442
MgTAM_Antunes2021,BS_YTWEM5SG,0.893128172274017
MgTAM_Antunes2021,BS_YZ2QFDAN,0.687496397978211
MgTAM_Antunes2021,BS_Z0ZPD9S9,0.861381310178614
MgTAM_Antunes2021,BS_Z3RCA1T9,0.83377794744872
MgTAM_Antunes2021,BS_Z8F3GM85,0.898495394136598
MgTAM_Antunes2021,BS_ZD5HN296,0.906025785749348
MgTAM_Antunes2021,BS_ZF6BSFNF,0.894261123026287
MgTAM_Antunes2021,BS_ZM97KKXE,0.852541797892653
MgTAM_Antunes2021,BS_ZV1P6W9C,0.757425204963513
MgTAM_Antunes2021,BS_ZVM8CAB0,0.877823536488083
MgTAM_Antunes2021,BS_ZZWMD6FA,0.882186950057261
MgTAM_Antunes2021,BS_06AMMCXR,0.754146513751004
MgTAM_Antunes2021,BS_08TWG4K0,0.87041198454598
MgTAM_Antunes2021,BS_1DECYC4K,0.877707754437445
MgTAM_Antunes2021,BS_2A5R9D97,0.779090383398003
MgTAM_Antunes2021,BS_3VJ0CA6A,0.826657850633514
MgTAM_Antunes2021,BS_3XYJBBHQ,0.763962106217775
MgTAM_Antunes2021,BS_4C4MZ4NT,0.822643964143857
MgTAM_Antunes2021,BS_4PPHAQXF,0.780982846405751
MgTAM_Antunes2021,BS_4SMPV083,0.759238140543421
MgTAM_Antunes2021,BS_A76PNWQS,0.602394093754007
MgTAM_Antunes2021,BS_BZCTXEPJ,0.869853154622923
MgTAM_Antunes2021,BS_CB6VK7PB,0.7895409353986
MgTAM_Antunes2021,BS_ED8G98XT,0.729092566830865
MgTAM_Antunes2021,BS_FCX6DZ0J,0.771697210563105
MgTAM_Antunes2021,BS_FYRDYBMZ,0.743480504181076
MgTAM_Antunes2021,BS_H1XPVS9A,0.874685431424413
MgTAM_Antunes2021,BS_QRNSKFMS,0.88747596011294
MgTAM_Antunes2021,BS_R13X6TMW,0.793921748075453
MgTAM_Antunes2021,BS_RJMJ935A,0.893459710193571
MgTAM_Antunes2021,BS_RWJZFTP9,0.86442519433316
MgTAM_Antunes2021,BS_S20SP0WW,0.84981365532705
MgTAM_Antunes2021,BS_SB12W1XT,0.871902854436855
MgTAM_Antunes2021,BS_T0MXH2CA,0.858220237421318
MgTAM_Antunes2021,BS_T1W4JA94,0.81572619527239
MgTAM_Antunes2021,BS_T289QKBV,0.808914574751546
MgTAM_Antunes2021,BS_T3H5AY8A,0.835771455777133
MgTAM_Antunes2021,BS_TVV122JG,0.732787535081496
MgTAM_Antunes2021,BS_VW85Q4XJ,0.840475570668963
MgTAM_Antunes2021,BS_W97QQYKQ,0.876214996872026
MgTAM_Antunes2021,BS_WYMX429C,0.814145837025266
MgTAM_Antunes2021,BS_YR1XY6SF,0.79896496676889
MgTAM_Antunes2021,BS_014EVM2D,0.908095021570617
MgTAM_Antunes2021,BS_044XZ8ST,0.845290751962687
MgTAM_Antunes2021,BS_063ERW0R,0.779733142083439
MgTAM_Antunes2021,BS_0D5VRAKC,0.900551581358675
MgTAM_Antunes2021,BS_0J9SHHSC,0.834190490185077
MgTAM_Antunes2021,BS_0SCXXM6N,0.860958035432796
MgTAM_Antunes2021,BS_0TDWG2CV,0.857781332767062
MgTAM_Antunes2021,BS_0WVJYM9R,0.898032170128818
MgTAM_Antunes2021,BS_0X9EGHY2,0.830848775831918
MgTAM_Antunes2021,BS_0Y5J2AQ4,0.823075393528781
MgTAM_Antunes2021,BS_13CGKADW,0.789364506896002
MgTAM_Antunes2021,BS_166N7SZQ,0.772855334813629
MgTAM_Antunes2021,BS_17WYVEEC,0.829061575524845
MgTAM_Antunes2021,BS_1G3WYEN3,0.810874531816892
MgTAM_Antunes2021,BS_1HYS8CSC,0.871912614099653
MgTAM_Antunes2021,BS_1JDG6JV5,0.857310787806082
MgTAM_Antunes2021,BS_1KYGSMA7,0.872683397142823
MgTAM_Antunes2021,BS_1N76FQZY,0.852935811843133
MgTAM_Antunes2021,BS_1NPD7PVG,0.860100738106915
MgTAM_Antunes2021,BS_1Z9AX9JS,0.842429611719992
MgTAM_Antunes2021,BS_1ZVXF5FE,0.826648554349332
MgTAM_Antunes2021,BS_21RE8W46,0.837973545466928
MgTAM_Antunes2021,BS_24AHZ9ZW,0.895513183242741
MgTAM_Antunes2021,BS_2720P44V,0.870743869414877
MgTAM_Antunes2021,BS_27FYYPJG,0.800936005738698
MgTAM_Antunes2021,BS_29TRQXWM,0.84387742228765
MgTAM_Antunes2021,BS_2ADZNNV4,0.859829754157725
MgTAM_Antunes2021,BS_2EMW8ZG3,0.799142041685237
MgTAM_Antunes2021,BS_2K3FVT86,0.748481293080639
MgTAM_Antunes2021,BS_2KJ2YAZR,0.850193530882818
MgTAM_Antunes2021,BS_2QCQYY6M,0.836280380029697
MgTAM_Antunes2021,BS_2WPQ8YCW,0.812248213798356
MgTAM_Antunes2021,BS_2XM08BFY,0.875779385695552
MgTAM_Antunes2021,BS_2YCJV2VV,0.859197598995084
MgTAM_Antunes2021,BS_304SPN6B,0.851786169070219
MgTAM_Antunes2021,BS_33AQSPRP,0.842308821832103
MgTAM_Antunes2021,BS_3G3KWY18,0.865306258567932
MgTAM_Antunes2021,BS_3GAN6Q43,0.782790023623018
MgTAM_Antunes2021,BS_3P20Q2C3,0.738122595428104
MgTAM_Antunes2021,BS_3PYESPHA,0.828311832894777
MgTAM_Antunes2021,BS_3Q0GTSYH,0.827911116657356
MgTAM_Antunes2021,BS_3TJHY996,0.876952849791384
MgTAM_Antunes2021,BS_3XY76V8T,0.812439075946927
MgTAM_Antunes2021,BS_3Y2X2RBJ,0.859152484549602
MgTAM_Antunes2021,BS_401R3KV0,0.818632796799071
MgTAM_Antunes2021,BS_42DY6WS7,0.881175610165461
MgTAM_Antunes2021,BS_42Y3YANN,0.898081490421966
MgTAM_Antunes2021,BS_470DYRJQ,0.815953185379073
MgTAM_Antunes2021,BS_47SJZ3PH,0.870369417357612
MgTAM_Antunes2021,BS_49852ZBH,0.848419713304619
MgTAM_Antunes2021,BS_4A45GGSW,0.85839380527963
MgTAM_Antunes2021,BS_4BWB0FA0,0.850891075015014
MgTAM_Antunes2021,BS_4CXE5XEP,0.852502278425084
MgTAM_Antunes2021,BS_4HQ3T2NC,0.897858320896081
MgTAM_Antunes2021,BS_4N1GNHX4,0.873886031806201
MgTAM_Antunes2021,BS_4NF35AF6,0.811486548553246
MgTAM_Antunes2021,BS_4TZQY7TT,0.848657903534658
MgTAM_Antunes2021,BS_4Y6BCYK5,0.835948695320347
MgTAM_Antunes2021,BS_4Z2F4P9N,0.84349293553877
MgTAM_Antunes2021,BS_503DZ8BN,0.82929820623609
MgTAM_Antunes2021,BS_52426AMF,0.873844271884545
MgTAM_Antunes2021,BS_52DAPP1Y,0.855182835291508
MgTAM_Antunes2021,BS_534XRSNB,0.871634605261119
MgTAM_Antunes2021,BS_53GQKVEX,0.851341366492199
MgTAM_Antunes2021,BS_54H90JW2,0.88526893000838
MgTAM_Antunes2021,BS_55P8HPYD,0.8531904863032
MgTAM_Antunes2021,BS_55X1W2MR,0.879413523844909
MgTAM_Antunes2021,BS_57NMZPS0,0.687906719991034
MgTAM_Antunes2021,BS_593HEWBF,0.816163877914757
MgTAM_Antunes2021,BS_5J5D3QTD,0.859191700151947
MgTAM_Antunes2021,BS_5K3R0F5D,0.774369615346576
MgTAM_Antunes2021,BS_5NWDARXG,0.833883085832817
MgTAM_Antunes2021,BS_5PEFNDCY,0.858548659001472
MgTAM_Antunes2021,BS_5PV5N4HQ,0.8752926772305
MgTAM_Antunes2021,BS_5YJEPPTP,0.866035086518149
MgTAM_Antunes2021,BS_5YYCP891,0.857985164148848
MgTAM_Antunes2021,BS_66ABA973,0.834702373930168
MgTAM_Antunes2021,BS_66HQ3E4Z,0.845656003327161
MgTAM_Antunes2021,BS_680K119G,0.823878751991584
MgTAM_Antunes2021,BS_68BW2163,0.745162269128371
MgTAM_Antunes2021,BS_699TN5RN,0.898207222518833
MgTAM_Antunes2021,BS_6HXD39AM,0.872179661492347
MgTAM_Antunes2021,BS_6N3AFF66,0.847034554346959
MgTAM_Antunes2021,BS_6TSAVMT9,0.885901509806855
MgTAM_Antunes2021,BS_6VF6VPCG,0.902167786603547
MgTAM_Antunes2021,BS_769BDPDB,0.818093308700943
MgTAM_Antunes2021,BS_76DRXZRJ,0.867711246088588
MgTAM_Antunes2021,BS_775HDFNY,0.869319277637103
MgTAM_Antunes2021,BS_7H4RFCW9,0.904947794037839
MgTAM_Antunes2021,BS_7M3FNSYK,0.776705642421646
MgTAM_Antunes2021,BS_7MGXMG6S,0.840828925934809
MgTAM_Antunes2021,BS_7N0B2CY1,0.789622118761143
MgTAM_Antunes2021,BS_7P83Z28P,0.839151860858109
MgTAM_Antunes2021,BS_7Z93ZYMS,0.869971819057882
MgTAM_Antunes2021,BS_880ESDFZ,0.840161386149203
MgTAM_Antunes2021,BS_8BF616QR,0.755571976974627
MgTAM_Antunes2021,BS_8J3B6ZB6,0.888534535339657
MgTAM_Antunes2021,BS_8QJ43WKW,0.867569325106599
MgTAM_Antunes2021,BS_8RCR7Y4B,0.84427289740124
MgTAM_Antunes2021,BS_8VAZSJEN,0.867208323419055
MgTAM_Antunes2021,BS_92HCM7BN,0.922523033296704
MgTAM_Antunes2021,BS_94MT16N2,0.737684473658103
MgTAM_Antunes2021,BS_9BJARSX3,0.810840407717728
MgTAM_Antunes2021,BS_9F09XV62,0.820387821380353
MgTAM_Antunes2021,BS_9HSGV9TJ,0.887624092105104
MgTAM_Antunes2021,BS_9JBX2E8G,0.840499825353659
MgTAM_Antunes2021,BS_9P9MB8X8,0.883119195440189
MgTAM_Antunes2021,BS_9Q6Z6VJC,0.822019269526322
MgTAM_Antunes2021,BS_9S7AG4EN,0.798408467080278
MgTAM_Antunes2021,BS_9SJWWYQ4,0.861109838248266
MgTAM_Antunes2021,BS_9YXH2CZ0,0.86110243145002
MgTAM_Antunes2021,BS_A13BMEF5,0.859657122662155
MgTAM_Antunes2021,BS_A1VEGWTR,0.857372841172548
MgTAM_Antunes2021,BS_A46RDWGM,0.756118381066836
MgTAM_Antunes2021,BS_A96FKXN5,0.837110200075844
MgTAM_Antunes2021,BS_AGVWD5K8,0.800920211724185
MgTAM_Antunes2021,BS_AM0BZ61K,0.859048180636572
MgTAM_Antunes2021,BS_AP0SZ364,0.846597271852112
MgTAM_Antunes2021,BS_ATHSTZ5R,0.847347280481688
MgTAM_Antunes2021,BS_AW7J9F9R,0.868115849129441
MgTAM_Antunes2021,BS_B0SVFK4P,0.82150652109991
MgTAM_Antunes2021,BS_B3M5SGPA,0.802348811707736
MgTAM_Antunes2021,BS_B5JM6T8K,0.864555224380552
MgTAM_Antunes2021,BS_B6JKQFKA,0.836811276310021
MgTAM_Antunes2021,BS_B7GEH89C,0.87228823332975
MgTAM_Antunes2021,BS_B7X8VXQ3,0.868763459166553
MgTAM_Antunes2021,BS_BANCTAV6,0.686725364383932
MgTAM_Antunes2021,BS_BC936YNZ,0.894477437939525
MgTAM_Antunes2021,BS_BGRPWBNG,0.846862145517575
MgTAM_Antunes2021,BS_BJBM0BN7,0.823351515737571
MgTAM_Antunes2021,BS_BKQZ550R,0.87774505135372
MgTAM_Antunes2021,BS_BN986DF6,0.784601318668805
MgTAM_Antunes2021,BS_BNECCX4D,0.903663193386681
MgTAM_Antunes2021,BS_BPSTSCBJ,0.823094530588996
MgTAM_Antunes2021,BS_BW79W2PD,0.906957084461638
MgTAM_Antunes2021,BS_C0NEVC2B,0.824012315442949
MgTAM_Antunes2021,BS_C51RB0YR,0.872814301624437
MgTAM_Antunes2021,BS_C6SKJG3N,0.868266733108973
MgTAM_Antunes2021,BS_CC6RREE4,0.880740570342422
MgTAM_Antunes2021,BS_CGB2WS2A,0.817903516209202
MgTAM_Antunes2021,BS_CKX8RW1J,0.831428447773548
MgTAM_Antunes2021,BS_CMDJJQ7K,0.867907714025963
MgTAM_Antunes2021,BS_CTR5X93B,0.885277861325168
MgTAM_Antunes2021,BS_CVGFNCBJ,0.786941274073008
MgTAM_Antunes2021,BS_D3YBV7KB,0.902944020778551
MgTAM_Antunes2021,BS_DEHJF4C7,0.825988980373953
MgTAM_Antunes2021,BS_DMJHAG9X,0.858965503033942
MgTAM_Antunes2021,BS_DMZP9G1H,0.76477536915901
MgTAM_Antunes2021,BS_DPF1CX0G,0.827834677341891
MgTAM_Antunes2021,BS_DSS3S5XD,0.791038937502787
MgTAM_Antunes2021,BS_DV86M0Y7,0.825134322975284
MgTAM_Antunes2021,BS_E2DEWCSK,0.860982354850707
MgTAM_Antunes2021,BS_E3EJHXQV,0.874261403474724
MgTAM_Antunes2021,BS_E4GC9EXR,0.865870908626869
MgTAM_Antunes2021,BS_E94QRJDW,0.845135298054382
MgTAM_Antunes2021,BS_EBMCTR80,0.822208701497033
MgTAM_Antunes2021,BS_EFEZB0ZH,0.813921339454799
MgTAM_Antunes2021,BS_EHVYJAVA,0.886384734543694
MgTAM_Antunes2021,BS_EMAJ7P3P,0.861837721148009
MgTAM_Antunes2021,BS_ET8CJXSF,0.793784594913037
MgTAM_Antunes2021,BS_EXGBH3TD,0.859068218351696
MgTAM_Antunes2021,BS_EYSS0ZDS,0.818265646321489
MgTAM_Antunes2021,BS_F1K9QTBS,0.864689269802245
MgTAM_Antunes2021,BS_F77MGAQT,0.928175273031103
MgTAM_Antunes2021,BS_F8N6CFQE,0.852116761200461
MgTAM_Antunes2021,BS_FAQQ0GCQ,0.877669179217434
MgTAM_Antunes2021,BS_FJWZ3M7V,0.806361202692505
MgTAM_Antunes2021,BS_FJZPQZ2C,0.879323904748286
MgTAM_Antunes2021,BS_FR42HY0Z,0.811605803174452
MgTAM_Antunes2021,BS_FX4WKR2R,0.773128471107828
MgTAM_Antunes2021,BS_FZ62GZGV,0.910327244259766
MgTAM_Antunes2021,BS_G1DAGKSY,0.818201804190242
MgTAM_Antunes2021,BS_G5QBBHDV,0.812612813544109
MgTAM_Antunes2021,BS_G7AGNB5G,0.767700105595562
MgTAM_Antunes2021,BS_G9XE3N9T,0.795688032024597
MgTAM_Antunes2021,BS_GCA4GET3,0.83687580438166
MgTAM_Antunes2021,BS_GHNJ4CYC,0.894218736862794
MgTAM_Antunes2021,BS_GPEGRCCT,0.892951149815012
MgTAM_Antunes2021,BS_GTZCFGRZ,0.751761654465017
MgTAM_Antunes2021,BS_GYA4V1RD,0.852081504760447
MgTAM_Antunes2021,BS_GYXSDZ56,0.865344418295901
MgTAM_Antunes2021,BS_H08FEN68,0.842121595230842
MgTAM_Antunes2021,BS_H0WF1WHE,0.901933479066839
MgTAM_Antunes2021,BS_H3FE3TH9,0.866795690246441
MgTAM_Antunes2021,BS_H8A9PSYA,0.831184375419173
MgTAM_Antunes2021,BS_H9EX5WX3,0.84729003775386
MgTAM_Antunes2021,BS_HC5M8JTC,0.890340190126529
MgTAM_Antunes2021,BS_HM0R6SXQ,0.84958449684763
MgTAM_Antunes2021,BS_HNMQ7488,0.879864996564034
MgTAM_Antunes2021,BS_HQ5BJ6MW,0.866862178849668
MgTAM_Antunes2021,BS_HQDXQ5Y4,0.841771067864201
MgTAM_Antunes2021,BS_HSHN8PBB,0.860417025663831
MgTAM_Antunes2021,BS_HSTNFPKW,0.886372256706421
MgTAM_Antunes2021,BS_HV8PFRBR,0.852457328999165
MgTAM_Antunes2021,BS_J5H5VXWY,0.873549976823675
MgTAM_Antunes2021,BS_J9M83K8T,0.890391355582694
MgTAM_Antunes2021,BS_JFVB9KXB,0.573679784634522
MgTAM_Antunes2021,BS_JGKZ54SA,0.876057919064808
MgTAM_Antunes2021,BS_JH29M4KG,0.882010368109148
MgTAM_Antunes2021,BS_JKXA3FQC,0.802067796929578
MgTAM_Antunes2021,BS_JMHG7GCN,0.871660009194675
MgTAM_Antunes2021,BS_JVA2NQFF,0.842428860994172
MgTAM_Antunes2021,BS_JWSR581E,0.894677520685243
MgTAM_Antunes2021,BS_K57A4A9D,0.824792131892446
MgTAM_Antunes2021,BS_K5802F84,0.796945466085956
MgTAM_Antunes2021,BS_K7MVS0Z7,0.851833715739392
MgTAM_Antunes2021,BS_K838XW6V,0.823512659928287
MgTAM_Antunes2021,BS_M4NVX721,0.854706399303431
MgTAM_Antunes2021,BS_M4TTKPNR,0.834333402365319
MgTAM_Antunes2021,BS_M8M56Z4Y,0.802851276230596
MgTAM_Antunes2021,BS_M8WP5T16,0.849635146545597
MgTAM_Antunes2021,BS_MBSTWZA6,0.843780925953592
MgTAM_Antunes2021,BS_MF9X3PKH,0.899844840645699
MgTAM_Antunes2021,BS_MH8RAG4A,0.789514296326508
MgTAM_Antunes2021,BS_MX92FD6D,0.818119325909159
MgTAM_Antunes2021,BS_MY9D8XZ1,0.887365112023015
MgTAM_Antunes2021,BS_N1E0H8YQ,0.81031464670319
MgTAM_Antunes2021,BS_N210XMKR,0.830894698168901
MgTAM_Antunes2021,BS_N6NE6B3W,0.656151828084772
MgTAM_Antunes2021,BS_N87X1T8T,0.893195334823585
MgTAM_Antunes2021,BS_NB5XWMJT,0.832385743200834
MgTAM_Antunes2021,BS_NBZNAG7Q,0.844005713096944
MgTAM_Antunes2021,BS_NG9X6SJA,0.872183567267908
MgTAM_Antunes2021,BS_NKEAAFMW,0.578604083326822
MgTAM_Antunes2021,BS_NPQJ20KX,0.793393521289544
MgTAM_Antunes2021,BS_NQB91P48,0.807957959829304
MgTAM_Antunes2021,BS_NRFQEQKP,0.837320521537226
MgTAM_Antunes2021,BS_NRPG5K4K,0.860679859958124
MgTAM_Antunes2021,BS_NS7GSHB9,0.851139747447254
MgTAM_Antunes2021,BS_NT9NZYFD,0.886862305233101
MgTAM_Antunes2021,BS_NY5T05AK,0.884556413305099
MgTAM_Antunes2021,BS_P2Y2NANM,0.86286669610714
MgTAM_Antunes2021,BS_PDVD0GCM,0.824685635850948
MgTAM_Antunes2021,BS_PEP9NZXN,0.845791998769081
MgTAM_Antunes2021,BS_PQ7CQFYR,0.747266820659208
MgTAM_Antunes2021,BS_PRCG6W20,0.831965027229547
MgTAM_Antunes2021,BS_Q2PBFNDF,0.854660474603019
MgTAM_Antunes2021,BS_Q3TBCK4V,0.837014866754095
MgTAM_Antunes2021,BS_Q6VH5GJ8,0.793355548067505
MgTAM_Antunes2021,BS_Q79NP5YY,0.856852667546982
MgTAM_Antunes2021,BS_QBMW69AM,0.801505661780374
MgTAM_Antunes2021,BS_QH82PBMB,0.859685044744298
MgTAM_Antunes2021,BS_QTSXW7DA,0.8266750844851
MgTAM_Antunes2021,BS_QV51J756,0.828646969328053
MgTAM_Antunes2021,BS_R244Z0WX,0.861998541981623
MgTAM_Antunes2021,BS_R3AJB6VS,0.856729493196753
MgTAM_Antunes2021,BS_R7V8BC98,0.85110586408994
MgTAM_Antunes2021,BS_R9CKW9DY,0.896887236704218
MgTAM_Antunes2021,BS_RAQFEB0S,0.88282483124776
MgTAM_Antunes2021,BS_RARBBY7C,0.880228525204721
MgTAM_Antunes2021,BS_RGSMX7QD,0.850849466731072
MgTAM_Antunes2021,BS_RMT7ABN6,0.892163140957216
MgTAM_Antunes2021,BS_RNANA568,0.81901411198804
MgTAM_Antunes2021,BS_RPJ1EPHA,0.889913701905005
MgTAM_Antunes2021,BS_RRAEQZ97,0.900489990062027
MgTAM_Antunes2021,BS_RVSEDNJ4,0.839294706978481
MgTAM_Antunes2021,BS_S1KK7XRH,0.860537530488562
MgTAM_Antunes2021,BS_S458NMKH,0.81669020396712
MgTAM_Antunes2021,BS_S50KQEXV,0.872724759157536
MgTAM_Antunes2021,BS_SDA4RMMG,0.809140693900755
MgTAM_Antunes2021,BS_SDZY6RZ3,0.816003517791028
MgTAM_Antunes2021,BS_SFKZSJN1,0.791035978096482
MgTAM_Antunes2021,BS_SH2S6SFN,0.833628652554403
MgTAM_Antunes2021,BS_SHMC4902,0.859415613510686
MgTAM_Antunes2021,BS_SJ0HXCD0,0.816403522046816
MgTAM_Antunes2021,BS_SQX5E15Z,0.910846679658246
MgTAM_Antunes2021,BS_SW8C9Y5Y,0.862518275064393
MgTAM_Antunes2021,BS_SXRS2P6T,0.812191487136251
MgTAM_Antunes2021,BS_T0RKFEKR,0.806102945918578
MgTAM_Antunes2021,BS_T2QPMZCM,0.763678185998487
MgTAM_Antunes2021,BS_T4JFN54G,0.899099135281295
MgTAM_Antunes2021,BS_T5P5ME9M,0.878752228900353
MgTAM_Antunes2021,BS_TDJXQBVY,0.884037102839778
MgTAM_Antunes2021,BS_TG93XC55,0.75468058364199
MgTAM_Antunes2021,BS_TRZZRYKF,0.87050575072669
MgTAM_Antunes2021,BS_TV80600R,0.831482452573973
MgTAM_Antunes2021,BS_TWFDEMBZ,0.86651290279033
MgTAM_Antunes2021,BS_V2G1YE8R,0.837830146960382
MgTAM_Antunes2021,BS_V33RCK1Y,0.79545002217084
MgTAM_Antunes2021,BS_V3REENH9,0.898736337657557
MgTAM_Antunes2021,BS_V72GX2AZ,0.896269028405977
MgTAM_Antunes2021,BS_V7BZ049H,0.902184200787666
MgTAM_Antunes2021,BS_V89HGTET,0.9132971171431
MgTAM_Antunes2021,BS_VARR255N,0.89877611368017
MgTAM_Antunes2021,BS_VMMJYN8Z,0.796089220355608
MgTAM_Antunes2021,BS_VTYNWK05,0.889031893269078
MgTAM_Antunes2021,BS_VZWXGYT2,0.861107180505818
MgTAM_Antunes2021,BS_WRQHPSXQ,0.79413285878644
MgTAM_Antunes2021,BS_WVS02TZK,0.816282553470185
MgTAM_Antunes2021,BS_X16PENSA,0.86660405172412
MgTAM_Antunes2021,BS_X2EDW2ZB,0.746564419606692
MgTAM_Antunes2021,BS_X5DFR216,0.838200150760763
MgTAM_Antunes2021,BS_X6GFVDVA,0.851463509106628
MgTAM_Antunes2021,BS_X91K8KMG,0.90406960313996
MgTAM_Antunes2021,BS_XGSA3GQE,0.877068263592685
MgTAM_Antunes2021,BS_XKKB4MZV,0.75982882492912
MgTAM_Antunes2021,BS_Y0PCBNJV,0.850140261890571
MgTAM_Antunes2021,BS_Y274AC0H,0.789724211634054
MgTAM_Antunes2021,BS_Y7H24JZG,0.870738220031276
MgTAM_Antunes2021,BS_Y7W8BR6B,0.836013698667352
MgTAM_Antunes2021,BS_YASWHXJC,0.882994148746763
MgTAM_Antunes2021,BS_YB2RXRHT,0.883113754374109
MgTAM_Antunes2021,BS_YCREDZTJ,0.83083825110801
MgTAM_Antunes2021,BS_YEQVW4ND,0.846544773123026
MgTAM_Antunes2021,BS_YMAJC22S,0.72453917010219
MgTAM_Antunes2021,BS_YVEEXAAT,0.884740278183086
MgTAM_Antunes2021,BS_YVMEEBKC,0.878408046258515
MgTAM_Antunes2021,BS_YWJKHMXV,0.865313561641955
MgTAM_Antunes2021,BS_YY5B2XDD,0.802542435692568
MgTAM_Antunes2021,BS_YZ2Z1Q6Y,0.75676449719018
MgTAM_Antunes2021,BS_Z0AVVB1V,0.8640688792262
MgTAM_Antunes2021,BS_Z1A875MW,0.829780775241019
MgTAM_Antunes2021,BS_Z6BWR941,0.839835402454355
MgTAM_Antunes2021,BS_Z7Y2466H,0.895549230440599
MgTAM_Antunes2021,BS_ZHHAM3AN,0.890943804678481
MgTAM_Antunes2021,BS_ZHRGDRBW,0.840117977735018
MgTAM_Antunes2021,BS_ZJY7Y34M,0.84304003298806
MgTAM_Antunes2021,BS_ZN2P8BKH,0.872695082574463
MgTAM_Antunes2021,BS_ZTWGFWTX,0.76098582333536
MgTAM_Antunes2021,BS_ZV9Z3SY6,0.827727679334505
MgTAM_Antunes2021,BS_ZVX2GRD6,0.830595772696789
MgTAM_Antunes2021,BS_ZZMYDZJW,0.892558992502887
MoTAM_Antunes2021,BS_00FD2KMP,0.593560540050596
MoTAM_Antunes2021,BS_028YFYJ6,0.780717480457473
MoTAM_Antunes2021,BS_052PZFMK,0.607673056870761
MoTAM_Antunes2021,BS_056Q8577,0.678978254624099
MoTAM_Antunes2021,BS_08ST21QE,0.81418423594622
MoTAM_Antunes2021,BS_0C7VZC0A,0.681022414791869
MoTAM_Antunes2021,BS_0S8E7590,0.797195723035611
MoTAM_Antunes2021,BS_0VXZCRJS,0.70141097576123
MoTAM_Antunes2021,BS_0XEBS3PG,0.588529592449151
MoTAM_Antunes2021,BS_0ZA67BBC,0.696930133510538
MoTAM_Antunes2021,BS_12G04QJM,0.685775213358368
MoTAM_Antunes2021,BS_17ZSMXFH,0.617227872012423
MoTAM_Antunes2021,BS_1A6MQ9ZA,0.768434980453461
MoTAM_Antunes2021,BS_1D93Z575,0.785907651605697
MoTAM_Antunes2021,BS_1EN5V3XW,0.622375493499749
MoTAM_Antunes2021,BS_223BM91B,0.838592115932889
MoTAM_Antunes2021,BS_25HNKZ79,0.806917423586297
MoTAM_Antunes2021,BS_2853394H,0.552163450303116
MoTAM_Antunes2021,BS_297H8BT4,0.810653241157331
MoTAM_Antunes2021,BS_29X4ZX6Q,0.64945051144925
MoTAM_Antunes2021,BS_2A5R9MEJ,0.559636019568462
MoTAM_Antunes2021,BS_2ARXK0TD,0.784707382174888
MoTAM_Antunes2021,BS_2AV1H5TV,0.713146172295965
MoTAM_Antunes2021,BS_2DMBCHNF,0.841329800390533
MoTAM_Antunes2021,BS_2EN3X6HB,0.775637061245956
MoTAM_Antunes2021,BS_2FEZWH1F,0.858227203405134
MoTAM_Antunes2021,BS_2HNXVFAS,0.6879858136595
MoTAM_Antunes2021,BS_2JH1QMT1,0.663459145501526
MoTAM_Antunes2021,BS_2JP7RBMB,0.703139074596454
MoTAM_Antunes2021,BS_2K01T8K6,0.803557454054045
MoTAM_Antunes2021,BS_2PDS3MSS,0.796907019464964
MoTAM_Antunes2021,BS_2T5PJAW8,0.763452757412493
MoTAM_Antunes2021,BS_2WANPFBJ,0.807398005410046
MoTAM_Antunes2021,BS_30F3Z9FS,0.699114037582937
MoTAM_Antunes2021,BS_30VC3R2Q,0.780773048002392
MoTAM_Antunes2021,BS_30YWQ3FY,0.813672509064259
MoTAM_Antunes2021,BS_31MBRWC4,0.733347471239651
MoTAM_Antunes2021,BS_333KCNDP,0.878439080200886
MoTAM_Antunes2021,BS_399RPKC9,0.699275272448074
MoTAM_Antunes2021,BS_3AC3SRWH,0.585233067615356
MoTAM_Antunes2021,BS_3MS8WVNR,0.552474288056115
MoTAM_Antunes2021,BS_3ZPJAK9A,0.641525093760126
MoTAM_Antunes2021,BS_45J79YTF,0.54615870153648
MoTAM_Antunes2021,BS_49BQS7Z6,0.654606535514512
MoTAM_Antunes2021,BS_49CJNZ06,0.742036564596952
MoTAM_Antunes2021,BS_4B0BAVTX,0.72824299092957
MoTAM_Antunes2021,BS_4BM3F6XJ,0.731096572201358
MoTAM_Antunes2021,BS_4C6B11E4,0.841375653518629
MoTAM_Antunes2021,BS_4GNN7J8E,0.835872020695196
MoTAM_Antunes2021,BS_4KNBXM3C,0.840071786827244
MoTAM_Antunes2021,BS_4Q3KRCZT,0.827440196471855
MoTAM_Antunes2021,BS_4QW2S1Q8,0.755136541461957
MoTAM_Antunes2021,BS_4T0HQ9QF,0.720689817986167
MoTAM_Antunes2021,BS_4V42BXBT,0.69198987112341
MoTAM_Antunes2021,BS_51RA1PGE,0.736812962608941
MoTAM_Antunes2021,BS_52C576HH,0.742904575936571
MoTAM_Antunes2021,BS_5965SFPZ,0.618153462951696
MoTAM_Antunes2021,BS_5EFYPZT0,0.75933462509648
MoTAM_Antunes2021,BS_5G5BD2MD,0.839074170920135
MoTAM_Antunes2021,BS_5K95FX4C,0.823445589832122
MoTAM_Antunes2021,BS_5KBXD2GQ,0.745810384504796
MoTAM_Antunes2021,BS_5PXZ8F7W,0.69162520847064
MoTAM_Antunes2021,BS_5VPM0F36,0.835782883908537
MoTAM_Antunes2021,BS_62SW4CC5,0.834972791283452
MoTAM_Antunes2021,BS_65WPD3DA,0.615325024812776
MoTAM_Antunes2021,BS_68KX6A42,0.747377317480495
MoTAM_Antunes2021,BS_6DCSD5Y6,0.675868905260622
MoTAM_Antunes2021,BS_6H4Q24WA,0.796608206186746
MoTAM_Antunes2021,BS_6M2053M0,0.72781664694495
MoTAM_Antunes2021,BS_6SY64H5J,0.864779843410749
MoTAM_Antunes2021,BS_6VRG1XFB,0.733325189974612
MoTAM_Antunes2021,BS_6WP1FHTE,0.722588193330453
MoTAM_Antunes2021,BS_7327SDAQ,0.683153632627017
MoTAM_Antunes2021,BS_75YRDXET,0.871933888383751
MoTAM_Antunes2021,BS_77SBTNPN,0.712686028305937
MoTAM_Antunes2021,BS_7AEF4D4G,0.783463389451397
MoTAM_Antunes2021,BS_7APCGCVF,0.800085498512596
MoTAM_Antunes2021,BS_7GJT4A6A,0.672975085330748
MoTAM_Antunes2021,BS_7GKWKGPH,0.836732890820007
MoTAM_Antunes2021,BS_7PVJ6Q3D,0.636102242121588
MoTAM_Antunes2021,BS_7WKNNRHK,0.795085564876952
MoTAM_Antunes2021,BS_84VZX732,0.777295898185843
MoTAM_Antunes2021,BS_84XCR9GG,0.767303610931276
MoTAM_Antunes2021,BS_8E8JKP01,0.513084460718714
MoTAM_Antunes2021,BS_8ERBDF7D,0.581517203858365
MoTAM_Antunes2021,BS_8JK9TXH2,0.783631897927861
MoTAM_Antunes2021,BS_8VD670NP,0.78461551698764
MoTAM_Antunes2021,BS_8YWYN7VH,0.714894747831465
MoTAM_Antunes2021,BS_8ZE4Z9G5,0.638383993771938
MoTAM_Antunes2021,BS_8ZY4GST0,0.656730848069174
MoTAM_Antunes2021,BS_91VYM11A,0.757905628998744
MoTAM_Antunes2021,BS_956G6QPJ,0.698936692472641
MoTAM_Antunes2021,BS_97M1E2DW,0.641494114435732
MoTAM_Antunes2021,BS_9A1YTHFF,0.747142806782706
MoTAM_Antunes2021,BS_9B0A62MT,0.803366072946667
MoTAM_Antunes2021,BS_9CA93S6D,0.548694622232135
MoTAM_Antunes2021,BS_9FHEFJNP,0.662379383531174
MoTAM_Antunes2021,BS_9FX3YREK,0.615917713148204
MoTAM_Antunes2021,BS_9GJ3DB1H,0.759820895109361
MoTAM_Antunes2021,BS_9JPQZQNG,0.704178990412928
MoTAM_Antunes2021,BS_9TXEDSWB,0.766640508418373
MoTAM_Antunes2021,BS_9XVACXP0,0.716899605567671
MoTAM_Antunes2021,BS_9Y1K14Q5,0.725401394023176
MoTAM_Antunes2021,BS_9ZJT0CP0,0.766690235865668
MoTAM_Antunes2021,BS_A4PF49V0,0.687727030589869
MoTAM_Antunes2021,BS_A6NXR7RC,0.824700262546448
MoTAM_Antunes2021,BS_A7Q8G0Y1,0.754267185714577
MoTAM_Antunes2021,BS_A8XW5S0W,0.70503764579688
MoTAM_Antunes2021,BS_AWH9757B,0.674595311464814
MoTAM_Antunes2021,BS_AYSXRQWY,0.801440850815794
MoTAM_Antunes2021,BS_AZQM1JJH,0.744118360541747
MoTAM_Antunes2021,BS_B1C6GZ84,0.691306350646245
MoTAM_Antunes2021,BS_B3MQFFYP,0.848202569029619
MoTAM_Antunes2021,BS_B4R7X1KE,0.567169036514177
MoTAM_Antunes2021,BS_B57327NA,0.763920642357369
MoTAM_Antunes2021,BS_BBAEMXRD,0.522518465040759
MoTAM_Antunes2021,BS_BBQ6BHGN,0.661361277772458
MoTAM_Antunes2021,BS_BK0HGRXM,0.782287614274527
MoTAM_Antunes2021,BS_BMMY0H73,0.755884739974164
MoTAM_Antunes2021,BS_C6ZZ3FY5,0.681388071818454
MoTAM_Antunes2021,BS_C83TK159,0.720093306605037
MoTAM_Antunes2021,BS_CBDQZ8PP,0.508162491935184
MoTAM_Antunes2021,BS_CF63VG3S,0.677150325274847
MoTAM_Antunes2021,BS_CFD3WHAY,0.69631531155065
MoTAM_Antunes2021,BS_CG1RG607,0.813800476421862
MoTAM_Antunes2021,BS_CVEDJGHZ,0.81527071958245
MoTAM_Antunes2021,BS_CXAQDK7S,0.825865488205374
MoTAM_Antunes2021,BS_CZPQ493E,0.726935419256625
MoTAM_Antunes2021,BS_D29RPBSZ,0.765312393190026
MoTAM_Antunes2021,BS_D4VNDNQA,0.661379411857628
MoTAM_Antunes2021,BS_D6J2BGDJ,0.558530972064925
MoTAM_Antunes2021,BS_DFGS950G,0.616935021185765
MoTAM_Antunes2021,BS_DNZVP92S,0.645209393479645
MoTAM_Antunes2021,BS_DR079H0D,0.646828011649248
MoTAM_Antunes2021,BS_DS438CXE,0.581700871348928
MoTAM_Antunes2021,BS_DSPVSM7D,0.750690656939997
MoTAM_Antunes2021,BS_DZNXFPH1,0.840089520818347
MoTAM_Antunes2021,BS_E7NVYA6G,0.836529001856426
MoTAM_Antunes2021,BS_E9CYN4NP,0.59377268355434
MoTAM_Antunes2021,BS_EB0XRBT9,0.810219383694521
MoTAM_Antunes2021,BS_EDJ5TV0P,0.696509817095525
MoTAM_Antunes2021,BS_EMQM7HTA,0.630752241344032
MoTAM_Antunes2021,BS_ENEYB4TG,0.808300693454838
MoTAM_Antunes2021,BS_EXPJQZTH,0.818131719038739
MoTAM_Antunes2021,BS_EZ3147MX,0.655906513178649
MoTAM_Antunes2021,BS_F0JB4EAK,0.687593246900922
MoTAM_Antunes2021,BS_F21R36MM,0.724317238125245
MoTAM_Antunes2021,BS_F65GWS21,0.722278444433701
MoTAM_Antunes2021,BS_F6V1Y4QS,0.808813164283223
MoTAM_Antunes2021,BS_F9Y4Z92G,0.608222609943262
MoTAM_Antunes2021,BS_FCDAH728,0.673883907759003
MoTAM_Antunes2021,BS_FEV5A0HN,0.506239414836529
MoTAM_Antunes2021,BS_FGJH1X0S,0.753547499193899
MoTAM_Antunes2021,BS_FKASA3MN,0.415912023624555
MoTAM_Antunes2021,BS_FN07P04C,0.611228832126625
MoTAM_Antunes2021,BS_FX2P2WEG,0.723020792748243
MoTAM_Antunes2021,BS_FXJY0MNH,0.766717638212059
MoTAM_Antunes2021,BS_FYP2B298,0.597927713739132
MoTAM_Antunes2021,BS_G19QZG4S,0.717813242941514
MoTAM_Antunes2021,BS_G1E5DATJ,0.706227498634906
MoTAM_Antunes2021,BS_G257VSS9,0.639264920320182
MoTAM_Antunes2021,BS_G3NN392N,0.704599538058552
MoTAM_Antunes2021,BS_G3RJTBZD,0.660445127460413
MoTAM_Antunes2021,BS_G5NHSFD4,0.604499988554565
MoTAM_Antunes2021,BS_G8TXTX0H,0.647098727279888
MoTAM_Antunes2021,BS_GG9W3J9Y,0.655723818549046
MoTAM_Antunes2021,BS_GW0GKWMS,0.614737631614822
MoTAM_Antunes2021,BS_GWHYM3R4,0.765708016717408
MoTAM_Antunes2021,BS_GWSJ4Z9H,0.807941119287738
MoTAM_Antunes2021,BS_H5VQJR7X,0.782286215228036
MoTAM_Antunes2021,BS_H97S5SQN,0.690120092149183
MoTAM_Antunes2021,BS_H9JYKFTV,0.806500894813934
MoTAM_Antunes2021,BS_HDHXX8Q7,0.714229435120192
MoTAM_Antunes2021,BS_HDPCQETG,0.787373637689698
MoTAM_Antunes2021,BS_HJRTC9JQ,0.793308005118423
MoTAM_Antunes2021,BS_HJV0J603,0.770838172916994
MoTAM_Antunes2021,BS_HRJ9145M,0.867204697680403
MoTAM_Antunes2021,BS_HWGWYCY7,0.805056849448661
MoTAM_Antunes2021,BS_HZ9AYDCQ,0.697537076897942
MoTAM_Antunes2021,BS_J4JY2F3H,0.728887552245725
MoTAM_Antunes2021,BS_J6212Y48,0.688099581206345
MoTAM_Antunes2021,BS_J6W1RB7A,0.822326278498382
MoTAM_Antunes2021,BS_J9CBGP57,0.67393753457767
MoTAM_Antunes2021,BS_JB43XBCQ,0.863627605290808
MoTAM_Antunes2021,BS_JDSNFYQ0,0.803637229671858
MoTAM_Antunes2021,BS_JJVH7WR0,0.51513852387255
MoTAM_Antunes2021,BS_JMD386Z2,0.731506947335818
MoTAM_Antunes2021,BS_JP95KMRD,0.787797752844454
MoTAM_Antunes2021,BS_JQGJQ2QZ,0.685625284171939
MoTAM_Antunes2021,BS_JQVAWTTM,0.721307657920519
MoTAM_Antunes2021,BS_JQXHHK0K,0.630879782339106
MoTAM_Antunes2021,BS_JRYJGYC4,0.806084767304508
MoTAM_Antunes2021,BS_JS95PE0J,0.803340264635551
MoTAM_Antunes2021,BS_JTWNJ8T7,0.545402531479891
MoTAM_Antunes2021,BS_JVW2JJ39,0.630322492844818
MoTAM_Antunes2021,BS_K0X3PZGN,0.858988591840121
MoTAM_Antunes2021,BS_K17VQECG,0.680539981025721
MoTAM_Antunes2021,BS_K2PCC777,0.828926629227675
MoTAM_Antunes2021,BS_K74N1BXQ,0.734941639799879
MoTAM_Antunes2021,BS_K81PZXP2,0.829987126609142
MoTAM_Antunes2021,BS_K88T8SW7,0.831171467222755
MoTAM_Antunes2021,BS_KABQQA0T,0.551195116063041
MoTAM_Antunes2021,BS_KBEX4RT2,0.663490180626325
MoTAM_Antunes2021,BS_KFD5128N,0.69605623406619
MoTAM_Antunes2021,BS_KKDTW11T,0.636637340773623
MoTAM_Antunes2021,BS_KP735TJ6,0.678634483712707
MoTAM_Antunes2021,BS_KQ6ZW085,0.674101951256037
MoTAM_Antunes2021,BS_KRS4EV4X,0.614768212854743
MoTAM_Antunes2021,BS_KS8HMGA6,0.825840405050748
MoTAM_Antunes2021,BS_KVPWHDR4,0.695802982448568
MoTAM_Antunes2021,BS_M0FA190Y,0.724915855441594
MoTAM_Antunes2021,BS_M0XGZ53Z,0.55893197813297
MoTAM_Antunes2021,BS_M1PVEHCM,0.562118369216913
MoTAM_Antunes2021,BS_M54TWTH4,0.690836669878867
MoTAM_Antunes2021,BS_M7XB258E,0.871066543795325
MoTAM_Antunes2021,BS_M85CXHDV,0.804450161427711
MoTAM_Antunes2021,BS_MB7WN0ZB,0.768106591871624
MoTAM_Antunes2021,BS_MD0937XT,0.668349110289392
MoTAM_Antunes2021,BS_MDBT7S5Z,0.621798196598156
MoTAM_Antunes2021,BS_ME6VQGG4,0.728387424905903
MoTAM_Antunes2021,BS_MFGZH8FK,0.754212268388705
MoTAM_Antunes2021,BS_MG78HQDM,0.514051938893066
MoTAM_Antunes2021,BS_MWWZBQ60,0.779979061696408
MoTAM_Antunes2021,BS_N6TQBQ8M,0.63402444610009
MoTAM_Antunes2021,BS_N7SW36FD,0.758475731615522
MoTAM_Antunes2021,BS_N7VQ1GQB,0.760268606509265
MoTAM_Antunes2021,BS_NB9XXBW6,0.766112579915564
MoTAM_Antunes2021,BS_NEFAASTR,0.769358569627427
MoTAM_Antunes2021,BS_NEVYM2FP,0.73572929749395
MoTAM_Antunes2021,BS_NFKKDYSV,0.815173670601175
MoTAM_Antunes2021,BS_NGSG2KB6,0.806829747839106
MoTAM_Antunes2021,BS_NNYXMSTX,0.736957464082708
MoTAM_Antunes2021,BS_NPA6CZQF,0.593290843432577
MoTAM_Antunes2021,BS_NQ54ST98,0.777769222741383
MoTAM_Antunes2021,BS_NR3P3GN2,0.787072892733949
MoTAM_Antunes2021,BS_NX1R0BC3,0.830659409924016
MoTAM_Antunes2021,BS_P0QF87WC,0.835813572419393
MoTAM_Antunes2021,BS_P4PMWFMV,0.71521749964677
MoTAM_Antunes2021,BS_P7W3AYKV,0.719572096086028
MoTAM_Antunes2021,BS_PENM28KT,0.671850671381558
MoTAM_Antunes2021,BS_PJC6FH4Y,0.845007288626477
MoTAM_Antunes2021,BS_PS0P3QJ3,0.758441857027647
MoTAM_Antunes2021,BS_PXCPK5XS,0.715565936526749
MoTAM_Antunes2021,BS_PZVHMSYN,0.741449378607447
MoTAM_Antunes2021,BS_Q06J3RYW,0.789504682071997
MoTAM_Antunes2021,BS_Q35GFYDR,0.667752274293587
MoTAM_Antunes2021,BS_Q9N5PRD5,0.785175507474657
MoTAM_Antunes2021,BS_QB84TBA3,0.615897896554628
MoTAM_Antunes2021,BS_QGKEP3KB,0.767264693539503
MoTAM_Antunes2021,BS_QH0VYVJK,0.775416643652037
MoTAM_Antunes2021,BS_QHY302E8,0.831741064500363
MoTAM_Antunes2021,BS_QMBS32Y2,0.724147370872909
MoTAM_Antunes2021,BS_QNNX91SM,0.694760731892389
MoTAM_Antunes2021,BS_QY2G1JZJ,0.683431149523643
MoTAM_Antunes2021,BS_QYA4TQXX,0.701653531657265
MoTAM_Antunes2021,BS_R5JQE0VJ,0.780710945057126
MoTAM_Antunes2021,BS_R5SNFB5B,0.618288373224548
MoTAM_Antunes2021,BS_R9B92M75,0.767792566334291
MoTAM_Antunes2021,BS_RHAWQJ48,0.813433775927984
MoTAM_Antunes2021,BS_RHM60031,0.784435232719701
MoTAM_Antunes2021,BS_RJC3WDD6,0.497358085156476
MoTAM_Antunes2021,BS_RN0VAY51,0.693283095684611
MoTAM_Antunes2021,BS_RX1YTZ7F,0.728803618661369
MoTAM_Antunes2021,BS_RZBFH1QF,0.654062167711759
MoTAM_Antunes2021,BS_S2TA8R29,0.748522426343284
MoTAM_Antunes2021,BS_S3C2PZAH,0.801700955853716
MoTAM_Antunes2021,BS_S3MET0JZ,0.690071804944274
MoTAM_Antunes2021,BS_S4V9E1XJ,0.799315764128857
MoTAM_Antunes2021,BS_S5P8VTN5,0.739474326159045
MoTAM_Antunes2021,BS_S6B9DVNS,0.663965693923369
MoTAM_Antunes2021,BS_S6S7SK3P,0.644716821168508
MoTAM_Antunes2021,BS_S8K878T3,0.83261356308043
MoTAM_Antunes2021,BS_SBMAM00V,0.659287889052627
MoTAM_Antunes2021,BS_SBMCD7XZ,0.707390834886828
MoTAM_Antunes2021,BS_SD0EMK7Y,0.767565280808423
MoTAM_Antunes2021,BS_SD8YBRBR,0.586805234431604
MoTAM_Antunes2021,BS_SERDGASJ,0.722662013229765
MoTAM_Antunes2021,BS_SJVTZ5TH,0.745533194148412
MoTAM_Antunes2021,BS_SMWQR2F1,0.736384696033917
MoTAM_Antunes2021,BS_SNVM7CZT,0.742172287265829
MoTAM_Antunes2021,BS_SR2RGDXJ,0.792904987718796
MoTAM_Antunes2021,BS_SW9Z10F9,0.779715910558875
MoTAM_Antunes2021,BS_SY3J3XR9,0.624785560823491
MoTAM_Antunes2021,BS_T1YHK6B7,0.695293133160496
MoTAM_Antunes2021,BS_T2F48Z4E,0.830625348140777
MoTAM_Antunes2021,BS_T9A8JJW5,0.737794015931372
MoTAM_Antunes2021,BS_TASG32Z2,0.742801921902023
MoTAM_Antunes2021,BS_TGS109T3,0.591878614596533
MoTAM_Antunes2021,BS_TM9MH0RP,0.744285086518147
MoTAM_Antunes2021,BS_TR2P8KRF,0.7287556488091
MoTAM_Antunes2021,BS_TRKH2SPE,0.676563213728514
MoTAM_Antunes2021,BS_TRPXB3AV,0.717376381483285
MoTAM_Antunes2021,BS_TTDNZTZ0,0.784464971430833
MoTAM_Antunes2021,BS_TTE04ZP8,0.806885418444411
MoTAM_Antunes2021,BS_TV5B86ZD,0.594161036781324
MoTAM_Antunes2021,BS_TVH33J9Q,0.596243244261143
MoTAM_Antunes2021,BS_TXZ7KHTQ,0.638714466615394
MoTAM_Antunes2021,BS_V0DQFC75,0.720443727216477
MoTAM_Antunes2021,BS_V3Z3DB4N,0.619531893516072
MoTAM_Antunes2021,BS_V558NW3Q,0.863157771386841
MoTAM_Antunes2021,BS_V6RSB5HQ,0.713303049243652
MoTAM_Antunes2021,BS_V8QWBVS3,0.886783277698304
MoTAM_Antunes2021,BS_VBMRQK4F,0.728855579814842
MoTAM_Antunes2021,BS_VDFXXMEX,0.705597556421321
MoTAM_Antunes2021,BS_VF3NVT4G,0.781399590755581
MoTAM_Antunes2021,BS_VKH87DD2,0.796102452622231
MoTAM_Antunes2021,BS_VKHJG2B8,0.769701652807492
MoTAM_Antunes2021,BS_VKYEM67A,0.851037343220562
MoTAM_Antunes2021,BS_VMQMGSJY,0.892543795243761
MoTAM_Antunes2021,BS_VVTHDRBD,0.70623020612692
MoTAM_Antunes2021,BS_W1385R8Y,0.688725348904956
MoTAM_Antunes2021,BS_W4DB5RP1,0.561407530749985
MoTAM_Antunes2021,BS_W7MFJZ5A,0.824596613024342
MoTAM_Antunes2021,BS_WBVSK3MP,0.528006845366592
MoTAM_Antunes2021,BS_WEKK6SHP,0.789310990806698
MoTAM_Antunes2021,BS_WHBEXD5H,0.769771970344104
MoTAM_Antunes2021,BS_WQ1YRTAT,0.507150843808418
MoTAM_Antunes2021,BS_WTJEDTZC,0.798100935143658
MoTAM_Antunes2021,BS_WVRX4C9Z,0.782313528198708
MoTAM_Antunes2021,BS_X0XXN9BK,0.800793652954837
MoTAM_Antunes2021,BS_X1G0TKP4,0.724263415979637
MoTAM_Antunes2021,BS_X20JCR4H,0.811776974061753
MoTAM_Antunes2021,BS_X23724NJ,0.789077038196296
MoTAM_Antunes2021,BS_X3HR4Z21,0.661594475739884
MoTAM_Antunes2021,BS_X4DD4KSZ,0.837759445087758
MoTAM_Antunes2021,BS_X4X1SFSE,0.614043744616337
MoTAM_Antunes2021,BS_XG0DBWVT,0.703107225482629
MoTAM_Antunes2021,BS_XGDPK33A,0.65604450206137
MoTAM_Antunes2021,BS_XM1AHBDJ,0.647206761026581
MoTAM_Antunes2021,BS_XQ5SFW35,0.79141738725653
MoTAM_Antunes2021,BS_XQXXBWPD,0.759859830271426
MoTAM_Antunes2021,BS_XYVCMF4A,0.731036678247754
MoTAM_Antunes2021,BS_XZM79E42,0.823447965461171
MoTAM_Antunes2021,BS_YA0KMBRT,0.68350916344184
MoTAM_Antunes2021,BS_YDEVMD24,0.727321668992681
MoTAM_Antunes2021,BS_YMKQT5V0,0.820025276926554
MoTAM_Antunes2021,BS_YR12D1ZY,0.819498517324137
MoTAM_Antunes2021,BS_YSZRQ95C,0.776985982840952
MoTAM_Antunes2021,BS_YTWEM5SG,0.860340583376422
MoTAM_Antunes2021,BS_YZ2QFDAN,0.726607446885722
MoTAM_Antunes2021,BS_Z0ZPD9S9,0.797917695032256
MoTAM_Antunes2021,BS_Z3RCA1T9,0.744616313621635
MoTAM_Antunes2021,BS_Z8F3GM85,0.729466231719979
MoTAM_Antunes2021,BS_ZD5HN296,0.839540643979071
MoTAM_Antunes2021,BS_ZF6BSFNF,0.715561750807442
MoTAM_Antunes2021,BS_ZM97KKXE,0.732850475529132
MoTAM_Antunes2021,BS_ZV1P6W9C,0.706392023774193
MoTAM_Antunes2021,BS_ZVM8CAB0,0.828958367162496
MoTAM_Antunes2021,BS_ZZWMD6FA,0.73848136754712
MoTAM_Antunes2021,BS_06AMMCXR,0.805769015560507
MoTAM_Antunes2021,BS_08TWG4K0,0.811046989147223
MoTAM_Antunes2021,BS_1DECYC4K,0.72455485816866
MoTAM_Antunes2021,BS_2A5R9D97,0.810936749442975
MoTAM_Antunes2021,BS_3VJ0CA6A,0.746396417009273
MoTAM_Antunes2021,BS_3XYJBBHQ,0.840901877858929
MoTAM_Antunes2021,BS_4C4MZ4NT,0.771993027911367
MoTAM_Antunes2021,BS_4PPHAQXF,0.674952175211422
MoTAM_Antunes2021,BS_4SMPV083,0.7912987977135
MoTAM_Antunes2021,BS_A76PNWQS,0.66952247145783
MoTAM_Antunes2021,BS_BZCTXEPJ,0.799490809777562
MoTAM_Antunes2021,BS_CB6VK7PB,0.736059572927913
MoTAM_Antunes2021,BS_ED8G98XT,0.717496410200095
MoTAM_Antunes2021,BS_FCX6DZ0J,0.81226644859547
MoTAM_Antunes2021,BS_FYRDYBMZ,0.788018514706076
MoTAM_Antunes2021,BS_H1XPVS9A,0.73326221640437
MoTAM_Antunes2021,BS_QRNSKFMS,0.764876268547819
MoTAM_Antunes2021,BS_R13X6TMW,0.78535783417686
MoTAM_Antunes2021,BS_RJMJ935A,0.82662678011955
MoTAM_Antunes2021,BS_RWJZFTP9,0.642173625010359
MoTAM_Antunes2021,BS_S20SP0WW,0.801771530092882
MoTAM_Antunes2021,BS_SB12W1XT,0.733680787139015
MoTAM_Antunes2021,BS_T0MXH2CA,0.743137089568334
MoTAM_Antunes2021,BS_T1W4JA94,0.708699407084116
MoTAM_Antunes2021,BS_T289QKBV,0.800850701919209
MoTAM_Antunes2021,BS_T3H5AY8A,0.798752671718423
MoTAM_Antunes2021,BS_TVV122JG,0.651665259763344
MoTAM_Antunes2021,BS_VW85Q4XJ,0.789553547524559
MoTAM_Antunes2021,BS_W97QQYKQ,0.766088734928226
MoTAM_Antunes2021,BS_WYMX429C,0.791193886617802
MoTAM_Antunes2021,BS_YR1XY6SF,0.780760492446147
MoTAM_Antunes2021,BS_014EVM2D,0.777969717703095
MoTAM_Antunes2021,BS_044XZ8ST,0.702668249402227
MoTAM_Antunes2021,BS_063ERW0R,0.6609373278888
MoTAM_Antunes2021,BS_0D5VRAKC,0.84456430164878
MoTAM_Antunes2021,BS_0J9SHHSC,0.694382949521827
MoTAM_Antunes2021,BS_0SCXXM6N,0.763594600665423
MoTAM_Antunes2021,BS_0TDWG2CV,0.851670070390981
MoTAM_Antunes2021,BS_0WVJYM9R,0.750793384748841
MoTAM_Antunes2021,BS_0X9EGHY2,0.690438913064663
MoTAM_Antunes2021,BS_0Y5J2AQ4,0.711015837729815
MoTAM_Antunes2021,BS_13CGKADW,0.627351990046168
MoTAM_Antunes2021,BS_166N7SZQ,0.706714304329168
MoTAM_Antunes2021,BS_17WYVEEC,0.603644377122653
MoTAM_Antunes2021,BS_1G3WYEN3,0.677716247005178
MoTAM_Antunes2021,BS_1HYS8CSC,0.847691238295879
MoTAM_Antunes2021,BS_1JDG6JV5,0.867221401579608
MoTAM_Antunes2021,BS_1KYGSMA7,0.73991796308912
MoTAM_Antunes2021,BS_1N76FQZY,0.672942983493028
MoTAM_Antunes2021,BS_1NPD7PVG,0.691229880598273
MoTAM_Antunes2021,BS_1Z9AX9JS,0.676830462788716
MoTAM_Antunes2021,BS_1ZVXF5FE,0.632396146014229
MoTAM_Antunes2021,BS_21RE8W46,0.640199632418716
MoTAM_Antunes2021,BS_24AHZ9ZW,0.794577283251194
MoTAM_Antunes2021,BS_2720P44V,0.777599946169125
MoTAM_Antunes2021,BS_27FYYPJG,0.72848428205855
MoTAM_Antunes2021,BS_29TRQXWM,0.74160792017612
MoTAM_Antunes2021,BS_2ADZNNV4,0.681233680735883
MoTAM_Antunes2021,BS_2EMW8ZG3,0.672166229035732
MoTAM_Antunes2021,BS_2K3FVT86,0.841058245880901
MoTAM_Antunes2021,BS_2KJ2YAZR,0.729673329413375
MoTAM_Antunes2021,BS_2QCQYY6M,0.797722111758665
MoTAM_Antunes2021,BS_2WPQ8YCW,0.676041606165668
MoTAM_Antunes2021,BS_2XM08BFY,0.815604382565041
MoTAM_Antunes2021,BS_2YCJV2VV,0.803732716746668
MoTAM_Antunes2021,BS_304SPN6B,0.722134015167985
MoTAM_Antunes2021,BS_33AQSPRP,0.804236284705982
MoTAM_Antunes2021,BS_3G3KWY18,0.723178153743246
MoTAM_Antunes2021,BS_3GAN6Q43,0.74226942613483
MoTAM_Antunes2021,BS_3P20Q2C3,0.537554702826705
MoTAM_Antunes2021,BS_3PYESPHA,0.564247438967539
MoTAM_Antunes2021,BS_3Q0GTSYH,0.740701648812385
MoTAM_Antunes2021,BS_3TJHY996,0.781664506027129
MoTAM_Antunes2021,BS_3XY76V8T,0.686321757357154
MoTAM_Antunes2021,BS_3Y2X2RBJ,0.802282630132063
MoTAM_Antunes2021,BS_401R3KV0,0.786852092584918
MoTAM_Antunes2021,BS_42DY6WS7,0.662038106430159
MoTAM_Antunes2021,BS_42Y3YANN,0.752295251292472
MoTAM_Antunes2021,BS_470DYRJQ,0.713151342255729
MoTAM_Antunes2021,BS_47SJZ3PH,0.719670781502845
MoTAM_Antunes2021,BS_49852ZBH,0.723937908592861
MoTAM_Antunes2021,BS_4A45GGSW,0.742164911171096
MoTAM_Antunes2021,BS_4BWB0FA0,0.772739353497926
MoTAM_Antunes2021,BS_4CXE5XEP,0.771763721511102
MoTAM_Antunes2021,BS_4HQ3T2NC,0.765468526603973
MoTAM_Antunes2021,BS_4N1GNHX4,0.751803987674745
MoTAM_Antunes2021,BS_4NF35AF6,0.644038166598975
MoTAM_Antunes2021,BS_4TZQY7TT,0.779635258048616
MoTAM_Antunes2021,BS_4Y6BCYK5,0.695804745814481
MoTAM_Antunes2021,BS_4Z2F4P9N,0.800770058161649
MoTAM_Antunes2021,BS_503DZ8BN,0.726937389000168
MoTAM_Antunes2021,BS_52426AMF,0.826232648204641
MoTAM_Antunes2021,BS_52DAPP1Y,0.622485431117505
MoTAM_Antunes2021,BS_534XRSNB,0.792908877945711
MoTAM_Antunes2021,BS_53GQKVEX,0.716403213626369
MoTAM_Antunes2021,BS_54H90JW2,0.807945621409152
MoTAM_Antunes2021,BS_55P8HPYD,0.612762680077795
MoTAM_Antunes2021,BS_55X1W2MR,0.867234842084926
MoTAM_Antunes2021,BS_57NMZPS0,0.66731249932952
MoTAM_Antunes2021,BS_593HEWBF,0.787742211381239
MoTAM_Antunes2021,BS_5J5D3QTD,0.737766701505444
MoTAM_Antunes2021,BS_5K3R0F5D,0.659535389529078
MoTAM_Antunes2021,BS_5NWDARXG,0.770375743522367
MoTAM_Antunes2021,BS_5PEFNDCY,0.653062011375182
MoTAM_Antunes2021,BS_5PV5N4HQ,0.703418828196931
MoTAM_Antunes2021,BS_5YJEPPTP,0.757471159562884
MoTAM_Antunes2021,BS_5YYCP891,0.742079380855309
MoTAM_Antunes2021,BS_66ABA973,0.665356806944898
MoTAM_Antunes2021,BS_66HQ3E4Z,0.682098563246485
MoTAM_Antunes2021,BS_680K119G,0.70538076139573
MoTAM_Antunes2021,BS_68BW2163,0.646968698993341
MoTAM_Antunes2021,BS_699TN5RN,0.789708091581585
MoTAM_Antunes2021,BS_6HXD39AM,0.812282399988623
MoTAM_Antunes2021,BS_6N3AFF66,0.717274368979245
MoTAM_Antunes2021,BS_6TSAVMT9,0.78206806443311
MoTAM_Antunes2021,BS_6VF6VPCG,0.778764372987256
MoTAM_Antunes2021,BS_769BDPDB,0.856073429992895
MoTAM_Antunes2021,BS_76DRXZRJ,0.783516812117658
MoTAM_Antunes2021,BS_775HDFNY,0.762357532479236
MoTAM_Antunes2021,BS_7H4RFCW9,0.844158395361275
MoTAM_Antunes2021,BS_7M3FNSYK,0.731593590584103
MoTAM_Antunes2021,BS_7MGXMG6S,0.806529487053152
MoTAM_Antunes2021,BS_7N0B2CY1,0.650184197819427
MoTAM_Antunes2021,BS_7P83Z28P,0.786812742767121
MoTAM_Antunes2021,BS_7Z93ZYMS,0.700683750147312
MoTAM_Antunes2021,BS_880ESDFZ,0.710541770608486
MoTAM_Antunes2021,BS_8BF616QR,0.824334000513269
MoTAM_Antunes2021,BS_8J3B6ZB6,0.721157514169988
MoTAM_Antunes2021,BS_8QJ43WKW,0.85998283083402
MoTAM_Antunes2021,BS_8RCR7Y4B,0.668396325404455
MoTAM_Antunes2021,BS_8VAZSJEN,0.816533930707416
MoTAM_Antunes2021,BS_92HCM7BN,0.789633056887458
MoTAM_Antunes2021,BS_94MT16N2,0.566931661465849
MoTAM_Antunes2021,BS_9BJARSX3,0.769452462871283
MoTAM_Antunes2021,BS_9F09XV62,0.64963806236167
MoTAM_Antunes2021,BS_9HSGV9TJ,0.760929847993447
MoTAM_Antunes2021,BS_9JBX2E8G,0.665596049624028
MoTAM_Antunes2021,BS_9P9MB8X8,0.682162636777576
MoTAM_Antunes2021,BS_9Q6Z6VJC,0.670729173801375
MoTAM_Antunes2021,BS_9S7AG4EN,0.644841654411141
MoTAM_Antunes2021,BS_9SJWWYQ4,0.711643821956787
MoTAM_Antunes2021,BS_9YXH2CZ0,0.728015372232566
MoTAM_Antunes2021,BS_A13BMEF5,0.641549051432222
MoTAM_Antunes2021,BS_A1VEGWTR,0.663218919790524
MoTAM_Antunes2021,BS_A46RDWGM,0.558060536841645
MoTAM_Antunes2021,BS_A96FKXN5,0.7811290431771
MoTAM_Antunes2021,BS_AGVWD5K8,0.729175609512798
MoTAM_Antunes2021,BS_AM0BZ61K,0.764733775950483
MoTAM_Antunes2021,BS_AP0SZ364,0.81010512540856
MoTAM_Antunes2021,BS_ATHSTZ5R,0.770069295506806
MoTAM_Antunes2021,BS_AW7J9F9R,0.833097021231296
MoTAM_Antunes2021,BS_B0SVFK4P,0.800984981236351
MoTAM_Antunes2021,BS_B3M5SGPA,0.662714054739265
MoTAM_Antunes2021,BS_B5JM6T8K,0.810292952539002
MoTAM_Antunes2021,BS_B6JKQFKA,0.764397489946528
MoTAM_Antunes2021,BS_B7GEH89C,0.708378131897397
MoTAM_Antunes2021,BS_B7X8VXQ3,0.713798442636673
MoTAM_Antunes2021,BS_BANCTAV6,0.764045547265818
MoTAM_Antunes2021,BS_BC936YNZ,0.829800738929777
MoTAM_Antunes2021,BS_BGRPWBNG,0.782167883997312
MoTAM_Antunes2021,BS_BJBM0BN7,0.726202473043969
MoTAM_Antunes2021,BS_BKQZ550R,0.710131744582947
MoTAM_Antunes2021,BS_BN986DF6,0.681651602254973
MoTAM_Antunes2021,BS_BNECCX4D,0.807512377356524
MoTAM_Antunes2021,BS_BPSTSCBJ,0.714967111977132
MoTAM_Antunes2021,BS_BW79W2PD,0.709808710263631
MoTAM_Antunes2021,BS_C0NEVC2B,0.812742538890239
MoTAM_Antunes2021,BS_C51RB0YR,0.731743661071187
MoTAM_Antunes2021,BS_C6SKJG3N,0.782264019651109
MoTAM_Antunes2021,BS_CC6RREE4,0.866368452608176
MoTAM_Antunes2021,BS_CGB2WS2A,0.664393134958446
MoTAM_Antunes2021,BS_CKX8RW1J,0.744407502630589
MoTAM_Antunes2021,BS_CMDJJQ7K,0.776574090351339
MoTAM_Antunes2021,BS_CTR5X93B,0.665432251347623
MoTAM_Antunes2021,BS_CVGFNCBJ,0.633583147471161
MoTAM_Antunes2021,BS_D3YBV7KB,0.834186477360366
MoTAM_Antunes2021,BS_DEHJF4C7,0.752337515941955
MoTAM_Antunes2021,BS_DMJHAG9X,0.734535358971804
MoTAM_Antunes2021,BS_DMZP9G1H,0.592522648778101
MoTAM_Antunes2021,BS_DPF1CX0G,0.690540017652133
MoTAM_Antunes2021,BS_DSS3S5XD,0.769140483347089
MoTAM_Antunes2021,BS_DV86M0Y7,0.699813816016857
MoTAM_Antunes2021,BS_E2DEWCSK,0.799568210672672
MoTAM_Antunes2021,BS_E3EJHXQV,0.744767404569302
MoTAM_Antunes2021,BS_E4GC9EXR,0.801246925091248
MoTAM_Antunes2021,BS_E94QRJDW,0.741183789275776
MoTAM_Antunes2021,BS_EBMCTR80,0.764395367015231
MoTAM_Antunes2021,BS_EFEZB0ZH,0.797507745357053
MoTAM_Antunes2021,BS_EHVYJAVA,0.70704228480573
MoTAM_Antunes2021,BS_EMAJ7P3P,0.79183515305812
MoTAM_Antunes2021,BS_ET8CJXSF,0.644221782491313
MoTAM_Antunes2021,BS_EXGBH3TD,0.662841361335212
MoTAM_Antunes2021,BS_EYSS0ZDS,0.663726807606537
MoTAM_Antunes2021,BS_F1K9QTBS,0.794022033168162
MoTAM_Antunes2021,BS_F77MGAQT,0.836441851273061
MoTAM_Antunes2021,BS_F8N6CFQE,0.779675037938607
MoTAM_Antunes2021,BS_FAQQ0GCQ,0.767181706895799
MoTAM_Antunes2021,BS_FJWZ3M7V,0.705780417656818
MoTAM_Antunes2021,BS_FJZPQZ2C,0.776827142203384
MoTAM_Antunes2021,BS_FR42HY0Z,0.790463621980058
MoTAM_Antunes2021,BS_FX4WKR2R,0.690878791364506
MoTAM_Antunes2021,BS_FZ62GZGV,0.829161165896419
MoTAM_Antunes2021,BS_G1DAGKSY,0.755613186668112
MoTAM_Antunes2021,BS_G5QBBHDV,0.708248889250415
MoTAM_Antunes2021,BS_G7AGNB5G,0.565743574817401
MoTAM_Antunes2021,BS_G9XE3N9T,0.626190342444775
MoTAM_Antunes2021,BS_GCA4GET3,0.721777903402691
MoTAM_Antunes2021,BS_GHNJ4CYC,0.658560069174115
MoTAM_Antunes2021,BS_GPEGRCCT,0.762178619763935
MoTAM_Antunes2021,BS_GTZCFGRZ,0.717628690518899
MoTAM_Antunes2021,BS_GYA4V1RD,0.650298452584162
MoTAM_Antunes2021,BS_GYXSDZ56,0.797511997806589
MoTAM_Antunes2021,BS_H08FEN68,0.677991468971183
MoTAM_Antunes2021,BS_H0WF1WHE,0.762373416752914
MoTAM_Antunes2021,BS_H3FE3TH9,0.675208277638517
MoTAM_Antunes2021,BS_H8A9PSYA,0.657855600379762
MoTAM_Antunes2021,BS_H9EX5WX3,0.714289844705279
MoTAM_Antunes2021,BS_HC5M8JTC,0.794363386240546
MoTAM_Antunes2021,BS_HM0R6SXQ,0.792921463507743
MoTAM_Antunes2021,BS_HNMQ7488,0.784574951017784
MoTAM_Antunes2021,BS_HQ5BJ6MW,0.805687181994019
MoTAM_Antunes2021,BS_HQDXQ5Y4,0.790056310270372
MoTAM_Antunes2021,BS_HSHN8PBB,0.685548008960599
MoTAM_Antunes2021,BS_HSTNFPKW,0.847582254367294
MoTAM_Antunes2021,BS_HV8PFRBR,0.729612654539769
MoTAM_Antunes2021,BS_J5H5VXWY,0.846104877532773
MoTAM_Antunes2021,BS_J9M83K8T,0.772774640858216
MoTAM_Antunes2021,BS_JFVB9KXB,0.573886009065364
MoTAM_Antunes2021,BS_JGKZ54SA,0.785636045457297
MoTAM_Antunes2021,BS_JH29M4KG,0.722404244179288
MoTAM_Antunes2021,BS_JKXA3FQC,0.658791509046169
MoTAM_Antunes2021,BS_JMHG7GCN,0.715324958299699
MoTAM_Antunes2021,BS_JVA2NQFF,0.690309041636177
MoTAM_Antunes2021,BS_JWSR581E,0.724059935357753
MoTAM_Antunes2021,BS_K57A4A9D,0.683396954558658
MoTAM_Antunes2021,BS_K5802F84,0.624445368597425
MoTAM_Antunes2021,BS_K7MVS0Z7,0.693558344889188
MoTAM_Antunes2021,BS_K838XW6V,0.805193455900502
MoTAM_Antunes2021,BS_M4NVX721,0.7230638186683
MoTAM_Antunes2021,BS_M4TTKPNR,0.844448282569914
MoTAM_Antunes2021,BS_M8M56Z4Y,0.690459995017223
MoTAM_Antunes2021,BS_M8WP5T16,0.829726105630485
MoTAM_Antunes2021,BS_MBSTWZA6,0.702283013002922
MoTAM_Antunes2021,BS_MF9X3PKH,0.794088921912226
MoTAM_Antunes2021,BS_MH8RAG4A,0.818039502848965
MoTAM_Antunes2021,BS_MX92FD6D,0.694346569250493
MoTAM_Antunes2021,BS_MY9D8XZ1,0.743596040071853
MoTAM_Antunes2021,BS_N1E0H8YQ,0.791260414889514
MoTAM_Antunes2021,BS_N210XMKR,0.625690050886176
MoTAM_Antunes2021,BS_N6NE6B3W,0.572634561864345
MoTAM_Antunes2021,BS_N87X1T8T,0.829916992715835
MoTAM_Antunes2021,BS_NB5XWMJT,0.774963174454395
MoTAM_Antunes2021,BS_NBZNAG7Q,0.773369944703577
MoTAM_Antunes2021,BS_NG9X6SJA,0.77578358733648
MoTAM_Antunes2021,BS_NKEAAFMW,0.443056843802065
MoTAM_Antunes2021,BS_NPQJ20KX,0.726409110640043
MoTAM_Antunes2021,BS_NQB91P48,0.745338851315943
MoTAM_Antunes2021,BS_NRFQEQKP,0.697396231200403
MoTAM_Antunes2021,BS_NRPG5K4K,0.707001807707727
MoTAM_Antunes2021,BS_NS7GSHB9,0.711254153134239
MoTAM_Antunes2021,BS_NT9NZYFD,0.630428498225366
MoTAM_Antunes2021,BS_NY5T05AK,0.774538070632966
MoTAM_Antunes2021,BS_P2Y2NANM,0.84968981872871
MoTAM_Antunes2021,BS_PDVD0GCM,0.708537381346639
MoTAM_Antunes2021,BS_PEP9NZXN,0.701723169483804
MoTAM_Antunes2021,BS_PQ7CQFYR,0.696287989340642
MoTAM_Antunes2021,BS_PRCG6W20,0.844404631800262
MoTAM_Antunes2021,BS_Q2PBFNDF,0.77934951704078
MoTAM_Antunes2021,BS_Q3TBCK4V,0.769737851812963
MoTAM_Antunes2021,BS_Q6VH5GJ8,0.695268222682375
MoTAM_Antunes2021,BS_Q79NP5YY,0.813503785045661
MoTAM_Antunes2021,BS_QBMW69AM,0.782234594418338
MoTAM_Antunes2021,BS_QH82PBMB,0.736509863716929
MoTAM_Antunes2021,BS_QTSXW7DA,0.731954692764319
MoTAM_Antunes2021,BS_QV51J756,0.645916824237964
MoTAM_Antunes2021,BS_R244Z0WX,0.690408830203948
MoTAM_Antunes2021,BS_R3AJB6VS,0.761829601970886
MoTAM_Antunes2021,BS_R7V8BC98,0.797930599134061
MoTAM_Antunes2021,BS_R9CKW9DY,0.822094004920435
MoTAM_Antunes2021,BS_RAQFEB0S,0.781336143737091
MoTAM_Antunes2021,BS_RARBBY7C,0.82663558501192
MoTAM_Antunes2021,BS_RGSMX7QD,0.638728313648426
MoTAM_Antunes2021,BS_RMT7ABN6,0.837500465216266
MoTAM_Antunes2021,BS_RNANA568,0.795688438967904
MoTAM_Antunes2021,BS_RPJ1EPHA,0.750812632249119
MoTAM_Antunes2021,BS_RRAEQZ97,0.752470563051603
MoTAM_Antunes2021,BS_RVSEDNJ4,0.661094088025523
MoTAM_Antunes2021,BS_S1KK7XRH,0.743193963388857
MoTAM_Antunes2021,BS_S458NMKH,0.749863803888066
MoTAM_Antunes2021,BS_S50KQEXV,0.691288770015972
MoTAM_Antunes2021,BS_SDA4RMMG,0.637967668788258
MoTAM_Antunes2021,BS_SDZY6RZ3,0.729792683898113
MoTAM_Antunes2021,BS_SFKZSJN1,0.645835969322619
MoTAM_Antunes2021,BS_SH2S6SFN,0.825569608091971
MoTAM_Antunes2021,BS_SHMC4902,0.708396016824188
MoTAM_Antunes2021,BS_SJ0HXCD0,0.788413972586471
MoTAM_Antunes2021,BS_SQX5E15Z,0.808517692025962
MoTAM_Antunes2021,BS_SW8C9Y5Y,0.805097717478855
MoTAM_Antunes2021,BS_SXRS2P6T,0.735108385827605
MoTAM_Antunes2021,BS_T0RKFEKR,0.849049568801694
MoTAM_Antunes2021,BS_T2QPMZCM,0.558490674635103
MoTAM_Antunes2021,BS_T4JFN54G,0.69912107685486
MoTAM_Antunes2021,BS_T5P5ME9M,0.809546636557777
MoTAM_Antunes2021,BS_TDJXQBVY,0.810328058376451
MoTAM_Antunes2021,BS_TG93XC55,0.63194375734933
MoTAM_Antunes2021,BS_TRZZRYKF,0.741845641464658
MoTAM_Antunes2021,BS_TV80600R,0.746450311983185
MoTAM_Antunes2021,BS_TWFDEMBZ,0.731945872429256
MoTAM_Antunes2021,BS_V2G1YE8R,0.800888364851508
MoTAM_Antunes2021,BS_V33RCK1Y,0.701984552206721
MoTAM_Antunes2021,BS_V3REENH9,0.742732696631593
MoTAM_Antunes2021,BS_V72GX2AZ,0.705554934215206
MoTAM_Antunes2021,BS_V7BZ049H,0.81726333969729
MoTAM_Antunes2021,BS_V89HGTET,0.756441414711866
MoTAM_Antunes2021,BS_VARR255N,0.773532099073681
MoTAM_Antunes2021,BS_VMMJYN8Z,0.630172653296301
MoTAM_Antunes2021,BS_VTYNWK05,0.827183407784273
MoTAM_Antunes2021,BS_VZWXGYT2,0.767580454917502
MoTAM_Antunes2021,BS_WRQHPSXQ,0.610791991833894
MoTAM_Antunes2021,BS_WVS02TZK,0.665576530336559
MoTAM_Antunes2021,BS_X16PENSA,0.785196141069135
MoTAM_Antunes2021,BS_X2EDW2ZB,0.701119482118773
MoTAM_Antunes2021,BS_X5DFR216,0.805995215517261
MoTAM_Antunes2021,BS_X6GFVDVA,0.850848756233681
MoTAM_Antunes2021,BS_X91K8KMG,0.773968312753523
MoTAM_Antunes2021,BS_XGSA3GQE,0.716902287047039
MoTAM_Antunes2021,BS_XKKB4MZV,0.609610428629047
MoTAM_Antunes2021,BS_Y0PCBNJV,0.645469625010645
MoTAM_Antunes2021,BS_Y274AC0H,0.797294943618105
MoTAM_Antunes2021,BS_Y7H24JZG,0.82016531341357
MoTAM_Antunes2021,BS_Y7W8BR6B,0.750492217647507
MoTAM_Antunes2021,BS_YASWHXJC,0.826148633895575
MoTAM_Antunes2021,BS_YB2RXRHT,0.739333710961908
MoTAM_Antunes2021,BS_YCREDZTJ,0.682968376449017
MoTAM_Antunes2021,BS_YEQVW4ND,0.691314104846357
MoTAM_Antunes2021,BS_YMAJC22S,0.534464642325229
MoTAM_Antunes2021,BS_YVEEXAAT,0.843633833470873
MoTAM_Antunes2021,BS_YVMEEBKC,0.763208873901792
MoTAM_Antunes2021,BS_YWJKHMXV,0.721370314186225
MoTAM_Antunes2021,BS_YY5B2XDD,0.886808837700662
MoTAM_Antunes2021,BS_YZ2Z1Q6Y,0.730256474527518
MoTAM_Antunes2021,BS_Z0AVVB1V,0.771229211455667
MoTAM_Antunes2021,BS_Z1A875MW,0.738082301969766
MoTAM_Antunes2021,BS_Z6BWR941,0.628471844789044
MoTAM_Antunes2021,BS_Z7Y2466H,0.798067778955032
MoTAM_Antunes2021,BS_ZHHAM3AN,0.917078571648472
MoTAM_Antunes2021,BS_ZHRGDRBW,0.665510183093371
MoTAM_Antunes2021,BS_ZJY7Y34M,0.73135212907194
MoTAM_Antunes2021,BS_ZN2P8BKH,0.860818002781981
MoTAM_Antunes2021,BS_ZTWGFWTX,0.794593444791204
MoTAM_Antunes2021,BS_ZV9Z3SY6,0.798786941743156
MoTAM_Antunes2021,BS_ZVX2GRD6,0.745137337347531
MoTAM_Antunes2021,BS_ZZMYDZJW,0.755456837769631
DAM_KerenShaul2017,BS_00FD2KMP,0.789353543673045
DAM_KerenShaul2017,BS_028YFYJ6,0.894571301662468
DAM_KerenShaul2017,BS_052PZFMK,0.734905067252119
DAM_KerenShaul2017,BS_056Q8577,0.797394605667201
DAM_KerenShaul2017,BS_08ST21QE,0.898697149060281
DAM_KerenShaul2017,BS_0C7VZC0A,0.867910633459264
DAM_KerenShaul2017,BS_0S8E7590,0.86287114504633
DAM_KerenShaul2017,BS_0VXZCRJS,0.850618265930097
DAM_KerenShaul2017,BS_0XEBS3PG,0.770854550786745
DAM_KerenShaul2017,BS_0ZA67BBC,0.807704643871002
DAM_KerenShaul2017,BS_12G04QJM,0.808651353160366
DAM_KerenShaul2017,BS_17ZSMXFH,0.75293643849591
DAM_KerenShaul2017,BS_1A6MQ9ZA,0.829896438896524
DAM_KerenShaul2017,BS_1D93Z575,0.871047472041343
DAM_KerenShaul2017,BS_1EN5V3XW,0.738809120201914
DAM_KerenShaul2017,BS_223BM91B,0.889849721708988
DAM_KerenShaul2017,BS_25HNKZ79,0.898768658006956
DAM_KerenShaul2017,BS_2853394H,0.751209281421388
DAM_KerenShaul2017,BS_297H8BT4,0.851429393214795
DAM_KerenShaul2017,BS_29X4ZX6Q,0.817014072523683
DAM_KerenShaul2017,BS_2A5R9MEJ,0.809745813781104
DAM_KerenShaul2017,BS_2ARXK0TD,0.852619773934283
DAM_KerenShaul2017,BS_2AV1H5TV,0.857911515768617
DAM_KerenShaul2017,BS_2DMBCHNF,0.882287007004386
DAM_KerenShaul2017,BS_2EN3X6HB,0.85744465444306
DAM_KerenShaul2017,BS_2FEZWH1F,0.922234231377532
DAM_KerenShaul2017,BS_2HNXVFAS,0.828195661251263
DAM_KerenShaul2017,BS_2JH1QMT1,0.836088626282214
DAM_KerenShaul2017,BS_2JP7RBMB,0.853054946358391
DAM_KerenShaul2017,BS_2K01T8K6,0.880699840239615
DAM_KerenShaul2017,BS_2PDS3MSS,0.889903287730577
DAM_KerenShaul2017,BS_2T5PJAW8,0.817786667491542
DAM_KerenShaul2017,BS_2WANPFBJ,0.91176386870807
DAM_KerenShaul2017,BS_30F3Z9FS,0.871924632480357
DAM_KerenShaul2017,BS_30VC3R2Q,0.855402503265173
DAM_KerenShaul2017,BS_30YWQ3FY,0.85529739926367
DAM_KerenShaul2017,BS_31MBRWC4,0.861667241648403
DAM_KerenShaul2017,BS_333KCNDP,0.88934757669552
DAM_KerenShaul2017,BS_399RPKC9,0.855385711875932
DAM_KerenShaul2017,BS_3AC3SRWH,0.784990899628546
DAM_KerenShaul2017,BS_3MS8WVNR,0.832245956242425
DAM_KerenShaul2017,BS_3ZPJAK9A,0.814013628506035
DAM_KerenShaul2017,BS_45J79YTF,0.784332424883226
DAM_KerenShaul2017,BS_49BQS7Z6,0.828161703261867
DAM_KerenShaul2017,BS_49CJNZ06,0.82604795190312
DAM_KerenShaul2017,BS_4B0BAVTX,0.848374087377266
DAM_KerenShaul2017,BS_4BM3F6XJ,0.818335636300805
DAM_KerenShaul2017,BS_4C6B11E4,0.924993836066127
DAM_KerenShaul2017,BS_4GNN7J8E,0.922239771545483
DAM_KerenShaul2017,BS_4KNBXM3C,0.883440306189838
DAM_KerenShaul2017,BS_4Q3KRCZT,0.913113839183413
DAM_KerenShaul2017,BS_4QW2S1Q8,0.869867710557331
DAM_KerenShaul2017,BS_4T0HQ9QF,0.827840956376444
DAM_KerenShaul2017,BS_4V42BXBT,0.812103478643393
DAM_KerenShaul2017,BS_51RA1PGE,0.869444255970881
DAM_KerenShaul2017,BS_52C576HH,0.828602362520574
DAM_KerenShaul2017,BS_5965SFPZ,0.827271968051794
DAM_KerenShaul2017,BS_5EFYPZT0,0.854003280903413
DAM_KerenShaul2017,BS_5G5BD2MD,0.89507201993588
DAM_KerenShaul2017,BS_5K95FX4C,0.93441866969842
DAM_KerenShaul2017,BS_5KBXD2GQ,0.830615323978257
DAM_KerenShaul2017,BS_5PXZ8F7W,0.843134730535421
DAM_KerenShaul2017,BS_5VPM0F36,0.902243300250031
DAM_KerenShaul2017,BS_62SW4CC5,0.867154875625259
DAM_KerenShaul2017,BS_65WPD3DA,0.815836992991108
DAM_KerenShaul2017,BS_68KX6A42,0.866046119217394
DAM_KerenShaul2017,BS_6DCSD5Y6,0.818308120942609
DAM_KerenShaul2017,BS_6H4Q24WA,0.894081436894452
DAM_KerenShaul2017,BS_6M2053M0,0.857765308168341
DAM_KerenShaul2017,BS_6SY64H5J,0.896642149074062
DAM_KerenShaul2017,BS_6VRG1XFB,0.809544655676551
DAM_KerenShaul2017,BS_6WP1FHTE,0.852862114028557
DAM_KerenShaul2017,BS_7327SDAQ,0.841118654019569
DAM_KerenShaul2017,BS_75YRDXET,0.944966708426219
DAM_KerenShaul2017,BS_77SBTNPN,0.797073775782101
DAM_KerenShaul2017,BS_7AEF4D4G,0.864693306134062
DAM_KerenShaul2017,BS_7APCGCVF,0.848469761418504
DAM_KerenShaul2017,BS_7GJT4A6A,0.858391338961792
DAM_KerenShaul2017,BS_7GKWKGPH,0.826155870131688
DAM_KerenShaul2017,BS_7PVJ6Q3D,0.815139987870187
DAM_KerenShaul2017,BS_7WKNNRHK,0.850176164899694
DAM_KerenShaul2017,BS_84VZX732,0.882944598723928
DAM_KerenShaul2017,BS_84XCR9GG,0.846132778573134
DAM_KerenShaul2017,BS_8E8JKP01,0.747643442145004
DAM_KerenShaul2017,BS_8ERBDF7D,0.817369359860557
DAM_KerenShaul2017,BS_8JK9TXH2,0.866452824876072
DAM_KerenShaul2017,BS_8VD670NP,0.849328270073965
DAM_KerenShaul2017,BS_8YWYN7VH,0.881170494096098
DAM_KerenShaul2017,BS_8ZE4Z9G5,0.781778075157513
DAM_KerenShaul2017,BS_8ZY4GST0,0.799184191782623
DAM_KerenShaul2017,BS_91VYM11A,0.845378022734571
DAM_KerenShaul2017,BS_956G6QPJ,0.853975561351636
DAM_KerenShaul2017,BS_97M1E2DW,0.81543383212875
DAM_KerenShaul2017,BS_9A1YTHFF,0.852972676911399
DAM_KerenShaul2017,BS_9B0A62MT,0.889538560566381
DAM_KerenShaul2017,BS_9CA93S6D,0.750943349899254
DAM_KerenShaul2017,BS_9FHEFJNP,0.810878751592755
DAM_KerenShaul2017,BS_9FX3YREK,0.77672474631701
DAM_KerenShaul2017,BS_9GJ3DB1H,0.825144333327889
DAM_KerenShaul2017,BS_9JPQZQNG,0.814791440345464
DAM_KerenShaul2017,BS_9TXEDSWB,0.84868405660747
DAM_KerenShaul2017,BS_9XVACXP0,0.790674997181541
DAM_KerenShaul2017,BS_9Y1K14Q5,0.826438841866354
DAM_KerenShaul2017,BS_9ZJT0CP0,0.82298843356148
DAM_KerenShaul2017,BS_A4PF49V0,0.83865796060503
DAM_KerenShaul2017,BS_A6NXR7RC,0.843556082900321
DAM_KerenShaul2017,BS_A7Q8G0Y1,0.879198929726084
DAM_KerenShaul2017,BS_A8XW5S0W,0.838085174339925
DAM_KerenShaul2017,BS_AWH9757B,0.800393016410153
DAM_KerenShaul2017,BS_AYSXRQWY,0.899712662328899
DAM_KerenShaul2017,BS_AZQM1JJH,0.871101876426697
DAM_KerenShaul2017,BS_B1C6GZ84,0.808136256347713
DAM_KerenShaul2017,BS_B3MQFFYP,0.903445802298716
DAM_KerenShaul2017,BS_B4R7X1KE,0.729475324704136
DAM_KerenShaul2017,BS_B57327NA,0.859670875788727
DAM_KerenShaul2017,BS_BBAEMXRD,0.836603699513286
DAM_KerenShaul2017,BS_BBQ6BHGN,0.798039624363583
DAM_KerenShaul2017,BS_BK0HGRXM,0.873520210558243
DAM_KerenShaul2017,BS_BMMY0H73,0.834669943535262
DAM_KerenShaul2017,BS_C6ZZ3FY5,0.852303539714013
DAM_KerenShaul2017,BS_C83TK159,0.839949779607333
DAM_KerenShaul2017,BS_CBDQZ8PP,0.707705974331617
DAM_KerenShaul2017,BS_CF63VG3S,0.847330388036991
DAM_KerenShaul2017,BS_CFD3WHAY,0.834060188232457
DAM_KerenShaul2017,BS_CG1RG607,0.926224513803868
DAM_KerenShaul2017,BS_CVEDJGHZ,0.874245577134581
DAM_KerenShaul2017,BS_CXAQDK7S,0.910004406080486
DAM_KerenShaul2017,BS_CZPQ493E,0.82542006842855
DAM_KerenShaul2017,BS_D29RPBSZ,0.843569754891226
DAM_KerenShaul2017,BS_D4VNDNQA,0.811520196573935
DAM_KerenShaul2017,BS_D6J2BGDJ,0.841203935398713
DAM_KerenShaul2017,BS_DFGS950G,0.74171341558635
DAM_KerenShaul2017,BS_DNZVP92S,0.761167572358536
DAM_KerenShaul2017,BS_DR079H0D,0.785535402001671
DAM_KerenShaul2017,BS_DS438CXE,0.68704002709111
DAM_KerenShaul2017,BS_DSPVSM7D,0.799392301982133
DAM_KerenShaul2017,BS_DZNXFPH1,0.889468120909373
DAM_KerenShaul2017,BS_E7NVYA6G,0.871049113614278
DAM_KerenShaul2017,BS_E9CYN4NP,0.766884804143549
DAM_KerenShaul2017,BS_EB0XRBT9,0.894253000197123
DAM_KerenShaul2017,BS_EDJ5TV0P,0.74773144516345
DAM_KerenShaul2017,BS_EMQM7HTA,0.816672774802513
DAM_KerenShaul2017,BS_ENEYB4TG,0.878452633891062
DAM_KerenShaul2017,BS_EXPJQZTH,0.867031837858651
DAM_KerenShaul2017,BS_EZ3147MX,0.857390041627414
DAM_KerenShaul2017,BS_F0JB4EAK,0.815414868380438
DAM_KerenShaul2017,BS_F21R36MM,0.801430977158536
DAM_KerenShaul2017,BS_F65GWS21,0.809070886903654
DAM_KerenShaul2017,BS_F6V1Y4QS,0.830548679406418
DAM_KerenShaul2017,BS_F9Y4Z92G,0.754364124217875
DAM_KerenShaul2017,BS_FCDAH728,0.808257733518431
DAM_KerenShaul2017,BS_FEV5A0HN,0.720956795804852
DAM_KerenShaul2017,BS_FGJH1X0S,0.821287587699782
DAM_KerenShaul2017,BS_FKASA3MN,0.69863200601787
DAM_KerenShaul2017,BS_FN07P04C,0.781247450317775
DAM_KerenShaul2017,BS_FX2P2WEG,0.858459718617922
DAM_KerenShaul2017,BS_FXJY0MNH,0.856154346449591
DAM_KerenShaul2017,BS_FYP2B298,0.741642985690508
DAM_KerenShaul2017,BS_G19QZG4S,0.851399046728869
DAM_KerenShaul2017,BS_G1E5DATJ,0.832866793839887
DAM_KerenShaul2017,BS_G257VSS9,0.81353790099199
DAM_KerenShaul2017,BS_G3NN392N,0.842754009131721
DAM_KerenShaul2017,BS_G3RJTBZD,0.806632083080435
DAM_KerenShaul2017,BS_G5NHSFD4,0.830955744408925
DAM_KerenShaul2017,BS_G8TXTX0H,0.861900305363533
DAM_KerenShaul2017,BS_GG9W3J9Y,0.801125508315254
DAM_KerenShaul2017,BS_GW0GKWMS,0.835505354238726
DAM_KerenShaul2017,BS_GWHYM3R4,0.840559498690131
DAM_KerenShaul2017,BS_GWSJ4Z9H,0.875775005615762
DAM_KerenShaul2017,BS_H5VQJR7X,0.883668176118007
DAM_KerenShaul2017,BS_H97S5SQN,0.840982289315626
DAM_KerenShaul2017,BS_H9JYKFTV,0.848351839532593
DAM_KerenShaul2017,BS_HDHXX8Q7,0.818626082723107
DAM_KerenShaul2017,BS_HDPCQETG,0.886216187197572
DAM_KerenShaul2017,BS_HJRTC9JQ,0.937668296744416
DAM_KerenShaul2017,BS_HJV0J603,0.782915360360348
DAM_KerenShaul2017,BS_HRJ9145M,0.886388266263701
DAM_KerenShaul2017,BS_HWGWYCY7,0.904242590671272
DAM_KerenShaul2017,BS_HZ9AYDCQ,0.807087630537719
DAM_KerenShaul2017,BS_J4JY2F3H,0.905735839551722
DAM_KerenShaul2017,BS_J6212Y48,0.867779697464518
DAM_KerenShaul2017,BS_J6W1RB7A,0.864999252050548
DAM_KerenShaul2017,BS_J9CBGP57,0.832446569444416
DAM_KerenShaul2017,BS_JB43XBCQ,0.89508544710622
DAM_KerenShaul2017,BS_JDSNFYQ0,0.836385377064967
DAM_KerenShaul2017,BS_JJVH7WR0,0.762410857047469
DAM_KerenShaul2017,BS_JMD386Z2,0.867236885791681
DAM_KerenShaul2017,BS_JP95KMRD,0.855948000409935
DAM_KerenShaul2017,BS_JQGJQ2QZ,0.821188920374979
DAM_KerenShaul2017,BS_JQVAWTTM,0.852869395451986
DAM_KerenShaul2017,BS_JQXHHK0K,0.740504800197391
DAM_KerenShaul2017,BS_JRYJGYC4,0.859611558324375
DAM_KerenShaul2017,BS_JS95PE0J,0.861213744958343
DAM_KerenShaul2017,BS_JTWNJ8T7,0.761037452937758
DAM_KerenShaul2017,BS_JVW2JJ39,0.756092542400798
DAM_KerenShaul2017,BS_K0X3PZGN,0.921789877620422
DAM_KerenShaul2017,BS_K17VQECG,0.879989040712312
DAM_KerenShaul2017,BS_K2PCC777,0.899990420461672
DAM_KerenShaul2017,BS_K74N1BXQ,0.837901175848609
DAM_KerenShaul2017,BS_K81PZXP2,0.865287287852017
DAM_KerenShaul2017,BS_K88T8SW7,0.835095163956774
DAM_KerenShaul2017,BS_KABQQA0T,0.799512718525884
DAM_KerenShaul2017,BS_KBEX4RT2,0.816611120928535
DAM_KerenShaul2017,BS_KFD5128N,0.859473994918541
DAM_KerenShaul2017,BS_KKDTW11T,0.734448982214755
DAM_KerenShaul2017,BS_KP735TJ6,0.800682876434506
DAM_KerenShaul2017,BS_KQ6ZW085,0.858263971691505
DAM_KerenShaul2017,BS_KRS4EV4X,0.792369998968339
DAM_KerenShaul2017,BS_KS8HMGA6,0.897341370254166
DAM_KerenShaul2017,BS_KVPWHDR4,0.843952877942104
DAM_KerenShaul2017,BS_M0FA190Y,0.821854096034068
DAM_KerenShaul2017,BS_M0XGZ53Z,0.745459971676199
DAM_KerenShaul2017,BS_M1PVEHCM,0.765816877493626
DAM_KerenShaul2017,BS_M54TWTH4,0.825115853222868
DAM_KerenShaul2017,BS_M7XB258E,0.896818037157816
DAM_KerenShaul2017,BS_M85CXHDV,0.916388214887262
DAM_KerenShaul2017,BS_MB7WN0ZB,0.853407326430797
DAM_KerenShaul2017,BS_MD0937XT,0.766122754770613
DAM_KerenShaul2017,BS_MDBT7S5Z,0.790825355601551
DAM_KerenShaul2017,BS_ME6VQGG4,0.846793312648904
DAM_KerenShaul2017,BS_MFGZH8FK,0.815240522058478
DAM_KerenShaul2017,BS_MG78HQDM,0.693490997431248
DAM_KerenShaul2017,BS_MWWZBQ60,0.865797638575277
DAM_KerenShaul2017,BS_N6TQBQ8M,0.810258120251923
DAM_KerenShaul2017,BS_N7SW36FD,0.890676215874298
DAM_KerenShaul2017,BS_N7VQ1GQB,0.878492098286829
DAM_KerenShaul2017,BS_NB9XXBW6,0.849899121170308
DAM_KerenShaul2017,BS_NEFAASTR,0.843439766690943
DAM_KerenShaul2017,BS_NEVYM2FP,0.878114910607142
DAM_KerenShaul2017,BS_NFKKDYSV,0.882762538342666
DAM_KerenShaul2017,BS_NGSG2KB6,0.862776523708958
DAM_KerenShaul2017,BS_NNYXMSTX,0.912231194190801
DAM_KerenShaul2017,BS_NPA6CZQF,0.811123554503735
DAM_KerenShaul2017,BS_NQ54ST98,0.894310012382659
DAM_KerenShaul2017,BS_NR3P3GN2,0.849500492347871
DAM_KerenShaul2017,BS_NX1R0BC3,0.860904749743097
DAM_KerenShaul2017,BS_P0QF87WC,0.90668938444305
DAM_KerenShaul2017,BS_P4PMWFMV,0.834962478387056
DAM_KerenShaul2017,BS_P7W3AYKV,0.813670686046778
DAM_KerenShaul2017,BS_PENM28KT,0.854704166523032
DAM_KerenShaul2017,BS_PJC6FH4Y,0.894947947924712
DAM_KerenShaul2017,BS_PS0P3QJ3,0.835960320700442
DAM_KerenShaul2017,BS_PXCPK5XS,0.838637355617746
DAM_KerenShaul2017,BS_PZVHMSYN,0.830129582427683
DAM_KerenShaul2017,BS_Q06J3RYW,0.879772373133603
DAM_KerenShaul2017,BS_Q35GFYDR,0.798487072475122
DAM_KerenShaul2017,BS_Q9N5PRD5,0.856376189710016
DAM_KerenShaul2017,BS_QB84TBA3,0.761032329012261
DAM_KerenShaul2017,BS_QGKEP3KB,0.886549134236141
DAM_KerenShaul2017,BS_QH0VYVJK,0.848029545109709
DAM_KerenShaul2017,BS_QHY302E8,0.90426713408454
DAM_KerenShaul2017,BS_QMBS32Y2,0.844311578744792
DAM_KerenShaul2017,BS_QNNX91SM,0.810905139175543
DAM_KerenShaul2017,BS_QY2G1JZJ,0.856945839577415
DAM_KerenShaul2017,BS_QYA4TQXX,0.764741471142933
DAM_KerenShaul2017,BS_R5JQE0VJ,0.820268379439269
DAM_KerenShaul2017,BS_R5SNFB5B,0.750678710594206
DAM_KerenShaul2017,BS_R9B92M75,0.859050129600976
DAM_KerenShaul2017,BS_RHAWQJ48,0.888059750892211
DAM_KerenShaul2017,BS_RHM60031,0.879688431781344
DAM_KerenShaul2017,BS_RJC3WDD6,0.691689720265422
DAM_KerenShaul2017,BS_RN0VAY51,0.858648946372844
DAM_KerenShaul2017,BS_RX1YTZ7F,0.858863861991714
DAM_KerenShaul2017,BS_RZBFH1QF,0.728420730080393
DAM_KerenShaul2017,BS_S2TA8R29,0.853953600577644
DAM_KerenShaul2017,BS_S3C2PZAH,0.885400384501216
DAM_KerenShaul2017,BS_S3MET0JZ,0.874523215185409
DAM_KerenShaul2017,BS_S4V9E1XJ,0.888670807988458
DAM_KerenShaul2017,BS_S5P8VTN5,0.840798568507353
DAM_KerenShaul2017,BS_S6B9DVNS,0.734470501492899
DAM_KerenShaul2017,BS_S6S7SK3P,0.757199220736614
DAM_KerenShaul2017,BS_S8K878T3,0.91178160106509
DAM_KerenShaul2017,BS_SBMAM00V,0.860345898671317
DAM_KerenShaul2017,BS_SBMCD7XZ,0.876814095356625
DAM_KerenShaul2017,BS_SD0EMK7Y,0.829246315369123
DAM_KerenShaul2017,BS_SD8YBRBR,0.75920652580293
DAM_KerenShaul2017,BS_SERDGASJ,0.816000805337627
DAM_KerenShaul2017,BS_SJVTZ5TH,0.815857855837614
DAM_KerenShaul2017,BS_SMWQR2F1,0.869996897078256
DAM_KerenShaul2017,BS_SNVM7CZT,0.850571461763051
DAM_KerenShaul2017,BS_SR2RGDXJ,0.802953141460076
DAM_KerenShaul2017,BS_SW9Z10F9,0.869430484370631
DAM_KerenShaul2017,BS_SY3J3XR9,0.799448738807008
DAM_KerenShaul2017,BS_T1YHK6B7,0.850979009278199
DAM_KerenShaul2017,BS_T2F48Z4E,0.853455132053729
DAM_KerenShaul2017,BS_T9A8JJW5,0.848137514973422
DAM_KerenShaul2017,BS_TASG32Z2,0.816458353921016
DAM_KerenShaul2017,BS_TGS109T3,0.787538441538756
DAM_KerenShaul2017,BS_TM9MH0RP,0.845169081524265
DAM_KerenShaul2017,BS_TR2P8KRF,0.821444912007979
DAM_KerenShaul2017,BS_TRKH2SPE,0.844643814727909
DAM_KerenShaul2017,BS_TRPXB3AV,0.799234672801185
DAM_KerenShaul2017,BS_TTDNZTZ0,0.884989821716496
DAM_KerenShaul2017,BS_TTE04ZP8,0.896376258014585
DAM_KerenShaul2017,BS_TV5B86ZD,0.69812393139369
DAM_KerenShaul2017,BS_TVH33J9Q,0.797721041040622
DAM_KerenShaul2017,BS_TXZ7KHTQ,0.826175052993306
DAM_KerenShaul2017,BS_V0DQFC75,0.8257597733561
DAM_KerenShaul2017,BS_V3Z3DB4N,0.833783111349399
DAM_KerenShaul2017,BS_V558NW3Q,0.897899195753624
DAM_KerenShaul2017,BS_V6RSB5HQ,0.794530410748599
DAM_KerenShaul2017,BS_V8QWBVS3,0.940498459148944
DAM_KerenShaul2017,BS_VBMRQK4F,0.837977406329501
DAM_KerenShaul2017,BS_VDFXXMEX,0.784541872363752
DAM_KerenShaul2017,BS_VF3NVT4G,0.87048134276192
DAM_KerenShaul2017,BS_VKH87DD2,0.900927990009736
DAM_KerenShaul2017,BS_VKHJG2B8,0.819899440951542
DAM_KerenShaul2017,BS_VKYEM67A,0.902629051135531
DAM_KerenShaul2017,BS_VMQMGSJY,0.910338809054758
DAM_KerenShaul2017,BS_VVTHDRBD,0.800463291743318
DAM_KerenShaul2017,BS_W1385R8Y,0.796820054252264
DAM_KerenShaul2017,BS_W4DB5RP1,0.76462062618598
DAM_KerenShaul2017,BS_W7MFJZ5A,0.871496340694949
DAM_KerenShaul2017,BS_WBVSK3MP,0.707370576576145
DAM_KerenShaul2017,BS_WEKK6SHP,0.833701179951637
DAM_KerenShaul2017,BS_WHBEXD5H,0.880669956731052
DAM_KerenShaul2017,BS_WQ1YRTAT,0.691854646982114
DAM_KerenShaul2017,BS_WTJEDTZC,0.863064556563428
DAM_KerenShaul2017,BS_WVRX4C9Z,0.883793673504957
DAM_KerenShaul2017,BS_X0XXN9BK,0.873576633157571
DAM_KerenShaul2017,BS_X1G0TKP4,0.892276918191258
DAM_KerenShaul2017,BS_X20JCR4H,0.854744273477005
DAM_KerenShaul2017,BS_X23724NJ,0.876292627834729
DAM_KerenShaul2017,BS_X3HR4Z21,0.830687333057986
DAM_KerenShaul2017,BS_X4DD4KSZ,0.882248374428679
DAM_KerenShaul2017,BS_X4X1SFSE,0.796065291701135
DAM_KerenShaul2017,BS_XG0DBWVT,0.826015941116772
DAM_KerenShaul2017,BS_XGDPK33A,0.837129197160279
DAM_KerenShaul2017,BS_XM1AHBDJ,0.801463334559547
DAM_KerenShaul2017,BS_XQ5SFW35,0.90834698680355
DAM_KerenShaul2017,BS_XQXXBWPD,0.886719356068575
DAM_KerenShaul2017,BS_XYVCMF4A,0.7970071111918
DAM_KerenShaul2017,BS_XZM79E42,0.911052113036104
DAM_KerenShaul2017,BS_YA0KMBRT,0.794725086799882
DAM_KerenShaul2017,BS_YDEVMD24,0.865608532873
DAM_KerenShaul2017,BS_YMKQT5V0,0.895293891093185
DAM_KerenShaul2017,BS_YR12D1ZY,0.855913372946593
DAM_KerenShaul2017,BS_YSZRQ95C,0.845407252613853
DAM_KerenShaul2017,BS_YTWEM5SG,0.893090305570489
DAM_KerenShaul2017,BS_YZ2QFDAN,0.813313914603283
DAM_KerenShaul2017,BS_Z0ZPD9S9,0.891112168803371
DAM_KerenShaul2017,BS_Z3RCA1T9,0.871551528783843
DAM_KerenShaul2017,BS_Z8F3GM85,0.889558850225403
DAM_KerenShaul2017,BS_ZD5HN296,0.925132939609426
DAM_KerenShaul2017,BS_ZF6BSFNF,0.85317321694972
DAM_KerenShaul2017,BS_ZM97KKXE,0.867818940221279
DAM_KerenShaul2017,BS_ZV1P6W9C,0.804155098930137
DAM_KerenShaul2017,BS_ZVM8CAB0,0.900735535350285
DAM_KerenShaul2017,BS_ZZWMD6FA,0.889473306225898
DAM_KerenShaul2017,BS_06AMMCXR,0.878861161548677
DAM_KerenShaul2017,BS_08TWG4K0,0.946546076647765
DAM_KerenShaul2017,BS_1DECYC4K,0.864365862895178
DAM_KerenShaul2017,BS_2A5R9D97,0.87368109401957
DAM_KerenShaul2017,BS_3VJ0CA6A,0.859405978013948
DAM_KerenShaul2017,BS_3XYJBBHQ,0.904603860788484
DAM_KerenShaul2017,BS_4C4MZ4NT,0.833403779703262
DAM_KerenShaul2017,BS_4PPHAQXF,0.853266238798327
DAM_KerenShaul2017,BS_4SMPV083,0.885892157191758
DAM_KerenShaul2017,BS_A76PNWQS,0.733273744332317
DAM_KerenShaul2017,BS_BZCTXEPJ,0.902916130289401
DAM_KerenShaul2017,BS_CB6VK7PB,0.868459204231849
DAM_KerenShaul2017,BS_ED8G98XT,0.821972098418723
DAM_KerenShaul2017,BS_FCX6DZ0J,0.893537036146212
DAM_KerenShaul2017,BS_FYRDYBMZ,0.872926149851266
DAM_KerenShaul2017,BS_H1XPVS9A,0.878120580753692
DAM_KerenShaul2017,BS_QRNSKFMS,0.886378766578447
DAM_KerenShaul2017,BS_R13X6TMW,0.869730070159068
DAM_KerenShaul2017,BS_RJMJ935A,0.916485596046897
DAM_KerenShaul2017,BS_RWJZFTP9,0.867453856968679
DAM_KerenShaul2017,BS_S20SP0WW,0.893454476491753
DAM_KerenShaul2017,BS_SB12W1XT,0.878982935321748
DAM_KerenShaul2017,BS_T0MXH2CA,0.883215136689205
DAM_KerenShaul2017,BS_T1W4JA94,0.844418034110477
DAM_KerenShaul2017,BS_T289QKBV,0.884079895417208
DAM_KerenShaul2017,BS_T3H5AY8A,0.900875750524047
DAM_KerenShaul2017,BS_TVV122JG,0.829365826713105
DAM_KerenShaul2017,BS_VW85Q4XJ,0.870350347539593
DAM_KerenShaul2017,BS_W97QQYKQ,0.889167254222955
DAM_KerenShaul2017,BS_WYMX429C,0.892152245670818
DAM_KerenShaul2017,BS_YR1XY6SF,0.882000896903715
DAM_KerenShaul2017,BS_014EVM2D,0.908379471301003
DAM_KerenShaul2017,BS_044XZ8ST,0.892396642400144
DAM_KerenShaul2017,BS_063ERW0R,0.845461527463639
DAM_KerenShaul2017,BS_0D5VRAKC,0.884539273782447
DAM_KerenShaul2017,BS_0J9SHHSC,0.871063087164219
DAM_KerenShaul2017,BS_0SCXXM6N,0.886556127068958
DAM_KerenShaul2017,BS_0TDWG2CV,0.910919338312369
DAM_KerenShaul2017,BS_0WVJYM9R,0.891171366250208
DAM_KerenShaul2017,BS_0X9EGHY2,0.850381959045143
DAM_KerenShaul2017,BS_0Y5J2AQ4,0.852509021959176
DAM_KerenShaul2017,BS_13CGKADW,0.811807946868623
DAM_KerenShaul2017,BS_166N7SZQ,0.837063086754587
DAM_KerenShaul2017,BS_17WYVEEC,0.828720350536911
DAM_KerenShaul2017,BS_1G3WYEN3,0.833497302185748
DAM_KerenShaul2017,BS_1HYS8CSC,0.896825922183605
DAM_KerenShaul2017,BS_1JDG6JV5,0.907305939081464
DAM_KerenShaul2017,BS_1KYGSMA7,0.909855154733925
DAM_KerenShaul2017,BS_1N76FQZY,0.84123052234717
DAM_KerenShaul2017,BS_1NPD7PVG,0.875775607180373
DAM_KerenShaul2017,BS_1Z9AX9JS,0.873232123626275
DAM_KerenShaul2017,BS_1ZVXF5FE,0.850685473470892
DAM_KerenShaul2017,BS_21RE8W46,0.84849721625308
DAM_KerenShaul2017,BS_24AHZ9ZW,0.884091115860695
DAM_KerenShaul2017,BS_2720P44V,0.897185559053725
DAM_KerenShaul2017,BS_27FYYPJG,0.875706709590526
DAM_KerenShaul2017,BS_29TRQXWM,0.879557786483156
DAM_KerenShaul2017,BS_2ADZNNV4,0.850762252236527
DAM_KerenShaul2017,BS_2EMW8ZG3,0.886964026155306
DAM_KerenShaul2017,BS_2K3FVT86,0.909351381252599
DAM_KerenShaul2017,BS_2KJ2YAZR,0.856846884745007
DAM_KerenShaul2017,BS_2QCQYY6M,0.889327350899824
DAM_KerenShaul2017,BS_2WPQ8YCW,0.867046901145128
DAM_KerenShaul2017,BS_2XM08BFY,0.861508456286507
DAM_KerenShaul2017,BS_2YCJV2VV,0.852791736720728
DAM_KerenShaul2017,BS_304SPN6B,0.87410241408445
DAM_KerenShaul2017,BS_33AQSPRP,0.891777433036413
DAM_KerenShaul2017,BS_3G3KWY18,0.879172891607981
DAM_KerenShaul2017,BS_3GAN6Q43,0.880639900453535
DAM_KerenShaul2017,BS_3P20Q2C3,0.790266355210928
DAM_KerenShaul2017,BS_3PYESPHA,0.834082968652746
DAM_KerenShaul2017,BS_3Q0GTSYH,0.84860982222016
DAM_KerenShaul2017,BS_3TJHY996,0.91628918896922
DAM_KerenShaul2017,BS_3XY76V8T,0.88736555324204
DAM_KerenShaul2017,BS_3Y2X2RBJ,0.897830446124451
DAM_KerenShaul2017,BS_401R3KV0,0.85619194527433
DAM_KerenShaul2017,BS_42DY6WS7,0.870826484735665
DAM_KerenShaul2017,BS_42Y3YANN,0.877653790303989
DAM_KerenShaul2017,BS_470DYRJQ,0.853747536504141
DAM_KerenShaul2017,BS_47SJZ3PH,0.8928960162236
DAM_KerenShaul2017,BS_49852ZBH,0.867787325201393
DAM_KerenShaul2017,BS_4A45GGSW,0.852406871388098
DAM_KerenShaul2017,BS_4BWB0FA0,0.895837669871226
DAM_KerenShaul2017,BS_4CXE5XEP,0.88723834077553
DAM_KerenShaul2017,BS_4HQ3T2NC,0.880056958604262
DAM_KerenShaul2017,BS_4N1GNHX4,0.885968389816735
DAM_KerenShaul2017,BS_4NF35AF6,0.828633749822967
DAM_KerenShaul2017,BS_4TZQY7TT,0.92245322779142
DAM_KerenShaul2017,BS_4Y6BCYK5,0.8583523385093
DAM_KerenShaul2017,BS_4Z2F4P9N,0.858217471944452
DAM_KerenShaul2017,BS_503DZ8BN,0.881975726211317
DAM_KerenShaul2017,BS_52426AMF,0.881311661317145
DAM_KerenShaul2017,BS_52DAPP1Y,0.857239893016067
DAM_KerenShaul2017,BS_534XRSNB,0.882832479021
DAM_KerenShaul2017,BS_53GQKVEX,0.860501189073012
DAM_KerenShaul2017,BS_54H90JW2,0.891696161844233
DAM_KerenShaul2017,BS_55P8HPYD,0.844940546170925
DAM_KerenShaul2017,BS_55X1W2MR,0.920086241466483
DAM_KerenShaul2017,BS_57NMZPS0,0.831649857002569
DAM_KerenShaul2017,BS_593HEWBF,0.887096270957013
DAM_KerenShaul2017,BS_5J5D3QTD,0.871560065544163
DAM_KerenShaul2017,BS_5K3R0F5D,0.821357250787286
DAM_KerenShaul2017,BS_5NWDARXG,0.910341934877676
DAM_KerenShaul2017,BS_5PEFNDCY,0.845499654606393
DAM_KerenShaul2017,BS_5PV5N4HQ,0.873346653714702
DAM_KerenShaul2017,BS_5YJEPPTP,0.878874915464117
DAM_KerenShaul2017,BS_5YYCP891,0.900390435882462
DAM_KerenShaul2017,BS_66ABA973,0.829225743780304
DAM_KerenShaul2017,BS_66HQ3E4Z,0.857242119120815
DAM_KerenShaul2017,BS_680K119G,0.86006663136929
DAM_KerenShaul2017,BS_68BW2163,0.801882206177331
DAM_KerenShaul2017,BS_699TN5RN,0.903935959552675
DAM_KerenShaul2017,BS_6HXD39AM,0.920281176175127
DAM_KerenShaul2017,BS_6N3AFF66,0.862542143018126
DAM_KerenShaul2017,BS_6TSAVMT9,0.88961514297766
DAM_KerenShaul2017,BS_6VF6VPCG,0.894070761646613
DAM_KerenShaul2017,BS_769BDPDB,0.923764659279736
DAM_KerenShaul2017,BS_76DRXZRJ,0.899260012248977
DAM_KerenShaul2017,BS_775HDFNY,0.87732321990851
DAM_KerenShaul2017,BS_7H4RFCW9,0.922481914646234
DAM_KerenShaul2017,BS_7M3FNSYK,0.860872777405123
DAM_KerenShaul2017,BS_7MGXMG6S,0.842583260485083
DAM_KerenShaul2017,BS_7N0B2CY1,0.783246004262034
DAM_KerenShaul2017,BS_7P83Z28P,0.881413846551888
DAM_KerenShaul2017,BS_7Z93ZYMS,0.879705795465191
DAM_KerenShaul2017,BS_880ESDFZ,0.860175750418855
DAM_KerenShaul2017,BS_8BF616QR,0.902752870815628
DAM_KerenShaul2017,BS_8J3B6ZB6,0.884312377542622
DAM_KerenShaul2017,BS_8QJ43WKW,0.881822884620505
DAM_KerenShaul2017,BS_8RCR7Y4B,0.871000303370495
DAM_KerenShaul2017,BS_8VAZSJEN,0.901424514905558
DAM_KerenShaul2017,BS_92HCM7BN,0.896981135549323
DAM_KerenShaul2017,BS_94MT16N2,0.841190979651933
DAM_KerenShaul2017,BS_9BJARSX3,0.887147440043374
DAM_KerenShaul2017,BS_9F09XV62,0.80936457953686
DAM_KerenShaul2017,BS_9HSGV9TJ,0.883428067810673
DAM_KerenShaul2017,BS_9JBX2E8G,0.842080773885529
DAM_KerenShaul2017,BS_9P9MB8X8,0.870785777427532
DAM_KerenShaul2017,BS_9Q6Z6VJC,0.863556363752871
DAM_KerenShaul2017,BS_9S7AG4EN,0.820846414096009
DAM_KerenShaul2017,BS_9SJWWYQ4,0.849730226402616
DAM_KerenShaul2017,BS_9YXH2CZ0,0.877637957987399
DAM_KerenShaul2017,BS_A13BMEF5,0.841461431150412
DAM_KerenShaul2017,BS_A1VEGWTR,0.823064793047058
DAM_KerenShaul2017,BS_A46RDWGM,0.787316742613078
DAM_KerenShaul2017,BS_A96FKXN5,0.855790124024788
DAM_KerenShaul2017,BS_AGVWD5K8,0.896153010523491
DAM_KerenShaul2017,BS_AM0BZ61K,0.876061498525537
DAM_KerenShaul2017,BS_AP0SZ364,0.889866159048244
DAM_KerenShaul2017,BS_ATHSTZ5R,0.86111527373487
DAM_KerenShaul2017,BS_AW7J9F9R,0.859609299375435
DAM_KerenShaul2017,BS_B0SVFK4P,0.890158245741031
DAM_KerenShaul2017,BS_B3M5SGPA,0.85236446388468
DAM_KerenShaul2017,BS_B5JM6T8K,0.872510472538673
DAM_KerenShaul2017,BS_B6JKQFKA,0.879677933260985
DAM_KerenShaul2017,BS_B7GEH89C,0.86592286054357
DAM_KerenShaul2017,BS_B7X8VXQ3,0.856879249483008
DAM_KerenShaul2017,BS_BANCTAV6,0.818279764427464
DAM_KerenShaul2017,BS_BC936YNZ,0.875203896649573
DAM_KerenShaul2017,BS_BGRPWBNG,0.894520687006756
DAM_KerenShaul2017,BS_BJBM0BN7,0.874293169018451
DAM_KerenShaul2017,BS_BKQZ550R,0.880113519259168
DAM_KerenShaul2017,BS_BN986DF6,0.850483948041535
DAM_KerenShaul2017,BS_BNECCX4D,0.908126510471833
DAM_KerenShaul2017,BS_BPSTSCBJ,0.887334292109581
DAM_KerenShaul2017,BS_BW79W2PD,0.84637465364129
DAM_KerenShaul2017,BS_C0NEVC2B,0.908864318378757
DAM_KerenShaul2017,BS_C51RB0YR,0.87035709956044
DAM_KerenShaul2017,BS_C6SKJG3N,0.868809624112707
DAM_KerenShaul2017,BS_CC6RREE4,0.903512111390172
DAM_KerenShaul2017,BS_CGB2WS2A,0.846316090134186
DAM_KerenShaul2017,BS_CKX8RW1J,0.888589261310477
DAM_KerenShaul2017,BS_CMDJJQ7K,0.903575858784509
DAM_KerenShaul2017,BS_CTR5X93B,0.899440277537658
DAM_KerenShaul2017,BS_CVGFNCBJ,0.855491108648336
DAM_KerenShaul2017,BS_D3YBV7KB,0.895304434086556
DAM_KerenShaul2017,BS_DEHJF4C7,0.898827384860202
DAM_KerenShaul2017,BS_DMJHAG9X,0.887107318872592
DAM_KerenShaul2017,BS_DMZP9G1H,0.786786296509354
DAM_KerenShaul2017,BS_DPF1CX0G,0.845843846705158
DAM_KerenShaul2017,BS_DSS3S5XD,0.882876076608978
DAM_KerenShaul2017,BS_DV86M0Y7,0.861312185335502
DAM_KerenShaul2017,BS_E2DEWCSK,0.884387305066207
DAM_KerenShaul2017,BS_E3EJHXQV,0.900723629976872
DAM_KerenShaul2017,BS_E4GC9EXR,0.897505777033546
DAM_KerenShaul2017,BS_E94QRJDW,0.870907397562198
DAM_KerenShaul2017,BS_EBMCTR80,0.851524374575644
DAM_KerenShaul2017,BS_EFEZB0ZH,0.917707018323473
DAM_KerenShaul2017,BS_EHVYJAVA,0.867874189048825
DAM_KerenShaul2017,BS_EMAJ7P3P,0.858673352587797
DAM_KerenShaul2017,BS_ET8CJXSF,0.855754361790018
DAM_KerenShaul2017,BS_EXGBH3TD,0.877402729423005
DAM_KerenShaul2017,BS_EYSS0ZDS,0.862189284595113
DAM_KerenShaul2017,BS_F1K9QTBS,0.895697027830518
DAM_KerenShaul2017,BS_F77MGAQT,0.924351948338894
DAM_KerenShaul2017,BS_F8N6CFQE,0.859799789533095
DAM_KerenShaul2017,BS_FAQQ0GCQ,0.921390577726949
DAM_KerenShaul2017,BS_FJWZ3M7V,0.848584280203786
DAM_KerenShaul2017,BS_FJZPQZ2C,0.899641857154218
DAM_KerenShaul2017,BS_FR42HY0Z,0.861327887759146
DAM_KerenShaul2017,BS_FX4WKR2R,0.82642522441623
DAM_KerenShaul2017,BS_FZ62GZGV,0.889112042475225
DAM_KerenShaul2017,BS_G1DAGKSY,0.846773921664615
DAM_KerenShaul2017,BS_G5QBBHDV,0.86485419185485
DAM_KerenShaul2017,BS_G7AGNB5G,0.789367067391678
DAM_KerenShaul2017,BS_G9XE3N9T,0.810786842596713
DAM_KerenShaul2017,BS_GCA4GET3,0.851350784668476
DAM_KerenShaul2017,BS_GHNJ4CYC,0.857094742197015
DAM_KerenShaul2017,BS_GPEGRCCT,0.889297258707289
DAM_KerenShaul2017,BS_GTZCFGRZ,0.866831031393403
DAM_KerenShaul2017,BS_GYA4V1RD,0.829902389076704
DAM_KerenShaul2017,BS_GYXSDZ56,0.885610883534067
DAM_KerenShaul2017,BS_H08FEN68,0.816410400301174
DAM_KerenShaul2017,BS_H0WF1WHE,0.855490685992311
DAM_KerenShaul2017,BS_H3FE3TH9,0.864549133422715
DAM_KerenShaul2017,BS_H8A9PSYA,0.853487383378063
DAM_KerenShaul2017,BS_H9EX5WX3,0.870127324135806
DAM_KerenShaul2017,BS_HC5M8JTC,0.916595404459059
DAM_KerenShaul2017,BS_HM0R6SXQ,0.912561964859725
DAM_KerenShaul2017,BS_HNMQ7488,0.884027803419782
DAM_KerenShaul2017,BS_HQ5BJ6MW,0.870400733002501
DAM_KerenShaul2017,BS_HQDXQ5Y4,0.861046216560873
DAM_KerenShaul2017,BS_HSHN8PBB,0.854558480635598
DAM_KerenShaul2017,BS_HSTNFPKW,0.882082119066138
DAM_KerenShaul2017,BS_HV8PFRBR,0.885888043739087
DAM_KerenShaul2017,BS_J5H5VXWY,0.904538522825435
DAM_KerenShaul2017,BS_J9M83K8T,0.905909299238455
DAM_KerenShaul2017,BS_JFVB9KXB,0.716285842665573
DAM_KerenShaul2017,BS_JGKZ54SA,0.874611760971365
DAM_KerenShaul2017,BS_JH29M4KG,0.901711742995763
DAM_KerenShaul2017,BS_JKXA3FQC,0.817898166783538
DAM_KerenShaul2017,BS_JMHG7GCN,0.879253094240184
DAM_KerenShaul2017,BS_JVA2NQFF,0.862468645755991
DAM_KerenShaul2017,BS_JWSR581E,0.87179585123345
DAM_KerenShaul2017,BS_K57A4A9D,0.83910762969369
DAM_KerenShaul2017,BS_K5802F84,0.804892513692583
DAM_KerenShaul2017,BS_K7MVS0Z7,0.865210769351652
DAM_KerenShaul2017,BS_K838XW6V,0.886007709261766
DAM_KerenShaul2017,BS_M4NVX721,0.84006817167087
DAM_KerenShaul2017,BS_M4TTKPNR,0.900462378340943
DAM_KerenShaul2017,BS_M8M56Z4Y,0.877486915802815
DAM_KerenShaul2017,BS_M8WP5T16,0.907833801963914
DAM_KerenShaul2017,BS_MBSTWZA6,0.877774271484425
DAM_KerenShaul2017,BS_MF9X3PKH,0.882208036398106
DAM_KerenShaul2017,BS_MH8RAG4A,0.869512255679177
DAM_KerenShaul2017,BS_MX92FD6D,0.861067290410773
DAM_KerenShaul2017,BS_MY9D8XZ1,0.846112454008062
DAM_KerenShaul2017,BS_N1E0H8YQ,0.897884577646131
DAM_KerenShaul2017,BS_N210XMKR,0.870119688054027
DAM_KerenShaul2017,BS_N6NE6B3W,0.703206144144778
DAM_KerenShaul2017,BS_N87X1T8T,0.906599046543073
DAM_KerenShaul2017,BS_NB5XWMJT,0.88697808456061
DAM_KerenShaul2017,BS_NBZNAG7Q,0.88395600325596
DAM_KerenShaul2017,BS_NG9X6SJA,0.882616481942182
DAM_KerenShaul2017,BS_NKEAAFMW,0.693388432290316
DAM_KerenShaul2017,BS_NPQJ20KX,0.862456364938302
DAM_KerenShaul2017,BS_NQB91P48,0.879209998639462
DAM_KerenShaul2017,BS_NRFQEQKP,0.826661499697971
DAM_KerenShaul2017,BS_NRPG5K4K,0.86076365365873
DAM_KerenShaul2017,BS_NS7GSHB9,0.853717457869644
DAM_KerenShaul2017,BS_NT9NZYFD,0.850480078232696
DAM_KerenShaul2017,BS_NY5T05AK,0.878853086967708
DAM_KerenShaul2017,BS_P2Y2NANM,0.914023782500425
DAM_KerenShaul2017,BS_PDVD0GCM,0.870799963474383
DAM_KerenShaul2017,BS_PEP9NZXN,0.83633532576296
DAM_KerenShaul2017,BS_PQ7CQFYR,0.843438571308693
DAM_KerenShaul2017,BS_PRCG6W20,0.918834085122608
DAM_KerenShaul2017,BS_Q2PBFNDF,0.894584677847801
DAM_KerenShaul2017,BS_Q3TBCK4V,0.857409285736906
DAM_KerenShaul2017,BS_Q6VH5GJ8,0.857707193345309
DAM_KerenShaul2017,BS_Q79NP5YY,0.875615564130453
DAM_KerenShaul2017,BS_QBMW69AM,0.879279860067088
DAM_KerenShaul2017,BS_QH82PBMB,0.870869480443995
DAM_KerenShaul2017,BS_QTSXW7DA,0.861540683145586
DAM_KerenShaul2017,BS_QV51J756,0.809148780338153
DAM_KerenShaul2017,BS_R244Z0WX,0.888474407405039
DAM_KerenShaul2017,BS_R3AJB6VS,0.873091779817927
DAM_KerenShaul2017,BS_R7V8BC98,0.891268397339409
DAM_KerenShaul2017,BS_R9CKW9DY,0.894816052909804
DAM_KerenShaul2017,BS_RAQFEB0S,0.876846724345866
DAM_KerenShaul2017,BS_RARBBY7C,0.899633163611247
DAM_KerenShaul2017,BS_RGSMX7QD,0.83797493151731
DAM_KerenShaul2017,BS_RMT7ABN6,0.882644141602264
DAM_KerenShaul2017,BS_RNANA568,0.880277579509215
DAM_KerenShaul2017,BS_RPJ1EPHA,0.892487816340136
DAM_KerenShaul2017,BS_RRAEQZ97,0.853533208504011
DAM_KerenShaul2017,BS_RVSEDNJ4,0.840611642709165
DAM_KerenShaul2017,BS_S1KK7XRH,0.884821725309234
DAM_KerenShaul2017,BS_S458NMKH,0.842059843387254
DAM_KerenShaul2017,BS_S50KQEXV,0.858805134590199
DAM_KerenShaul2017,BS_SDA4RMMG,0.814794013809892
DAM_KerenShaul2017,BS_SDZY6RZ3,0.871662426892261
DAM_KerenShaul2017,BS_SFKZSJN1,0.798711744552913
DAM_KerenShaul2017,BS_SH2S6SFN,0.954469293979705
DAM_KerenShaul2017,BS_SHMC4902,0.856230238356835
DAM_KerenShaul2017,BS_SJ0HXCD0,0.889629588948609
DAM_KerenShaul2017,BS_SQX5E15Z,0.919779302822771
DAM_KerenShaul2017,BS_SW8C9Y5Y,0.906221972969441
DAM_KerenShaul2017,BS_SXRS2P6T,0.868044439739516
DAM_KerenShaul2017,BS_T0RKFEKR,0.914170854356236
DAM_KerenShaul2017,BS_T2QPMZCM,0.768685443622165
DAM_KerenShaul2017,BS_T4JFN54G,0.870853517294095
DAM_KerenShaul2017,BS_T5P5ME9M,0.887244894455078
DAM_KerenShaul2017,BS_TDJXQBVY,0.893562350306291
DAM_KerenShaul2017,BS_TG93XC55,0.76266435849075
DAM_KerenShaul2017,BS_TRZZRYKF,0.838941533747679
DAM_KerenShaul2017,BS_TV80600R,0.862760543344847
DAM_KerenShaul2017,BS_TWFDEMBZ,0.844620898373706
DAM_KerenShaul2017,BS_V2G1YE8R,0.896419839049658
DAM_KerenShaul2017,BS_V33RCK1Y,0.861660373829332
DAM_KerenShaul2017,BS_V3REENH9,0.874790023690996
DAM_KerenShaul2017,BS_V72GX2AZ,0.852511475710891
DAM_KerenShaul2017,BS_V7BZ049H,0.896215751330067
DAM_KerenShaul2017,BS_V89HGTET,0.851290773347809
DAM_KerenShaul2017,BS_VARR255N,0.880219721622062
DAM_KerenShaul2017,BS_VMMJYN8Z,0.821179733915007
DAM_KerenShaul2017,BS_VTYNWK05,0.914278722132131
DAM_KerenShaul2017,BS_VZWXGYT2,0.90807837098097
DAM_KerenShaul2017,BS_WRQHPSXQ,0.808091353064249
DAM_KerenShaul2017,BS_WVS02TZK,0.847860815686733
DAM_KerenShaul2017,BS_X16PENSA,0.89459466324232
DAM_KerenShaul2017,BS_X2EDW2ZB,0.797158681272333
DAM_KerenShaul2017,BS_X5DFR216,0.886503513402423
DAM_KerenShaul2017,BS_X6GFVDVA,0.906294730394429
DAM_KerenShaul2017,BS_X91K8KMG,0.907268794792454
DAM_KerenShaul2017,BS_XGSA3GQE,0.852971271939957
DAM_KerenShaul2017,BS_XKKB4MZV,0.839427885902713
DAM_KerenShaul2017,BS_Y0PCBNJV,0.852117041942116
DAM_KerenShaul2017,BS_Y274AC0H,0.88821415395235
DAM_KerenShaul2017,BS_Y7H24JZG,0.912708934488204
DAM_KerenShaul2017,BS_Y7W8BR6B,0.878738866286415
DAM_KerenShaul2017,BS_YASWHXJC,0.916831636603442
DAM_KerenShaul2017,BS_YB2RXRHT,0.843397761313158
DAM_KerenShaul2017,BS_YCREDZTJ,0.879127490074474
DAM_KerenShaul2017,BS_YEQVW4ND,0.866302249464659
DAM_KerenShaul2017,BS_YMAJC22S,0.7509885362217
DAM_KerenShaul2017,BS_YVEEXAAT,0.898103201849387
DAM_KerenShaul2017,BS_YVMEEBKC,0.889922481304676
DAM_KerenShaul2017,BS_YWJKHMXV,0.889207323337582
DAM_KerenShaul2017,BS_YY5B2XDD,0.929450450614193
DAM_KerenShaul2017,BS_YZ2Z1Q6Y,0.849854009513335
DAM_KerenShaul2017,BS_Z0AVVB1V,0.901807613648965
DAM_KerenShaul2017,BS_Z1A875MW,0.86184860414449
DAM_KerenShaul2017,BS_Z6BWR941,0.83372935979562
DAM_KerenShaul2017,BS_Z7Y2466H,0.892427932206699
DAM_KerenShaul2017,BS_ZHHAM3AN,0.93761060912411
DAM_KerenShaul2017,BS_ZHRGDRBW,0.850244377862915
DAM_KerenShaul2017,BS_ZJY7Y34M,0.844837177552054
DAM_KerenShaul2017,BS_ZN2P8BKH,0.906918463176695
DAM_KerenShaul2017,BS_ZTWGFWTX,0.870454729514342
DAM_KerenShaul2017,BS_ZV9Z3SY6,0.884870452542544
DAM_KerenShaul2017,BS_ZVX2GRD6,0.866070036080292
DAM_KerenShaul2017,BS_ZZMYDZJW,0.863849899431938
MHC_Class_I,BS_00FD2KMP,0.805624463083803
MHC_Class_I,BS_028YFYJ6,0.82461644568532
MHC_Class_I,BS_052PZFMK,0.867784138930324
MHC_Class_I,BS_056Q8577,0.840387378996577
MHC_Class_I,BS_08ST21QE,0.856974713848963
MHC_Class_I,BS_0C7VZC0A,0.858123214907072
MHC_Class_I,BS_0S8E7590,0.87495455049059
MHC_Class_I,BS_0VXZCRJS,0.869845554627621
MHC_Class_I,BS_0XEBS3PG,0.787435840682671
MHC_Class_I,BS_0ZA67BBC,0.821637981587184
MHC_Class_I,BS_12G04QJM,0.860499062476109
MHC_Class_I,BS_17ZSMXFH,0.849161264106782
MHC_Class_I,BS_1A6MQ9ZA,0.874621239682725
MHC_Class_I,BS_1D93Z575,0.882735917538514
MHC_Class_I,BS_1EN5V3XW,0.863927518190614
MHC_Class_I,BS_223BM91B,0.863644215600759
MHC_Class_I,BS_25HNKZ79,0.877437078313522
MHC_Class_I,BS_2853394H,0.823269561548853
MHC_Class_I,BS_297H8BT4,0.866833068357549
MHC_Class_I,BS_29X4ZX6Q,0.848034002097305
MHC_Class_I,BS_2A5R9MEJ,0.845185028056609
MHC_Class_I,BS_2ARXK0TD,0.859588726631241
MHC_Class_I,BS_2AV1H5TV,0.802684364341975
MHC_Class_I,BS_2DMBCHNF,0.91180965727017
MHC_Class_I,BS_2EN3X6HB,0.872128986386025
MHC_Class_I,BS_2FEZWH1F,0.89915356546839
MHC_Class_I,BS_2HNXVFAS,0.88266904167975
MHC_Class_I,BS_2JH1QMT1,0.884429036726652
MHC_Class_I,BS_2JP7RBMB,0.806940918329845
MHC_Class_I,BS_2K01T8K6,0.87756185302883
MHC_Class_I,BS_2PDS3MSS,0.885712437525185
MHC_Class_I,BS_2T5PJAW8,0.832683454249826
MHC_Class_I,BS_2WANPFBJ,0.873333088449532
MHC_Class_I,BS_30F3Z9FS,0.862674352614655
MHC_Class_I,BS_30VC3R2Q,0.848675551217383
MHC_Class_I,BS_30YWQ3FY,0.773494583098043
MHC_Class_I,BS_31MBRWC4,0.834908627648617
MHC_Class_I,BS_333KCNDP,0.879353488050379
MHC_Class_I,BS_399RPKC9,0.873612242592373
MHC_Class_I,BS_3AC3SRWH,0.747005275369721
MHC_Class_I,BS_3MS8WVNR,0.843033889600099
MHC_Class_I,BS_3ZPJAK9A,0.847571368776579
MHC_Class_I,BS_45J79YTF,0.766685672899884
MHC_Class_I,BS_49BQS7Z6,0.866152383936642
MHC_Class_I,BS_49CJNZ06,0.827766216410648
MHC_Class_I,BS_4B0BAVTX,0.874211823525141
MHC_Class_I,BS_4BM3F6XJ,0.849705297674719
MHC_Class_I,BS_4C6B11E4,0.906730780650425
MHC_Class_I,BS_4GNN7J8E,0.902929153499396
MHC_Class_I,BS_4KNBXM3C,0.909903907150654
MHC_Class_I,BS_4Q3KRCZT,0.862933404327004
MHC_Class_I,BS_4QW2S1Q8,0.898535512644638
MHC_Class_I,BS_4T0HQ9QF,0.873696244257602
MHC_Class_I,BS_4V42BXBT,0.827486906787491
MHC_Class_I,BS_51RA1PGE,0.895946458409725
MHC_Class_I,BS_52C576HH,0.887235838312912
MHC_Class_I,BS_5965SFPZ,0.876664708595665
MHC_Class_I,BS_5EFYPZT0,0.866250317365442
MHC_Class_I,BS_5G5BD2MD,0.889501488997511
MHC_Class_I,BS_5K95FX4C,0.900453774370534
MHC_Class_I,BS_5KBXD2GQ,0.873636585716138
MHC_Class_I,BS_5PXZ8F7W,0.866200933395912
MHC_Class_I,BS_5VPM0F36,0.904233950672941
MHC_Class_I,BS_62SW4CC5,0.912239967426268
MHC_Class_I,BS_65WPD3DA,0.770227122161813
MHC_Class_I,BS_68KX6A42,0.903334717690342
MHC_Class_I,BS_6DCSD5Y6,0.835250035973215
MHC_Class_I,BS_6H4Q24WA,0.868216923687905
MHC_Class_I,BS_6M2053M0,0.873039293640166
MHC_Class_I,BS_6SY64H5J,0.844679799830443
MHC_Class_I,BS_6VRG1XFB,0.829821087004942
MHC_Class_I,BS_6WP1FHTE,0.892448086831719
MHC_Class_I,BS_7327SDAQ,0.840779654101249
MHC_Class_I,BS_75YRDXET,0.885271102891717
MHC_Class_I,BS_77SBTNPN,0.872589141306841
MHC_Class_I,BS_7AEF4D4G,0.882891215353119
MHC_Class_I,BS_7APCGCVF,0.86932777753792
MHC_Class_I,BS_7GJT4A6A,0.858201382420824
MHC_Class_I,BS_7GKWKGPH,0.911273057949505
MHC_Class_I,BS_7PVJ6Q3D,0.807713121757368
MHC_Class_I,BS_7WKNNRHK,0.876085916159617
MHC_Class_I,BS_84VZX732,0.882074876580481
MHC_Class_I,BS_84XCR9GG,0.862867287960006
MHC_Class_I,BS_8E8JKP01,0.88370861553261
MHC_Class_I,BS_8ERBDF7D,0.865852699241136
MHC_Class_I,BS_8JK9TXH2,0.869858581514145
MHC_Class_I,BS_8VD670NP,0.830380925641557
MHC_Class_I,BS_8YWYN7VH,0.886560503601701
MHC_Class_I,BS_8ZE4Z9G5,0.931807553846254
MHC_Class_I,BS_8ZY4GST0,0.802394617087233
MHC_Class_I,BS_91VYM11A,0.86731866960517
MHC_Class_I,BS_956G6QPJ,0.84281563824113
MHC_Class_I,BS_97M1E2DW,0.852670882544004
MHC_Class_I,BS_9A1YTHFF,0.874780796127632
MHC_Class_I,BS_9B0A62MT,0.863952181492591
MHC_Class_I,BS_9CA93S6D,0.805547225587079
MHC_Class_I,BS_9FHEFJNP,0.882079742451785
MHC_Class_I,BS_9FX3YREK,0.800382178056806
MHC_Class_I,BS_9GJ3DB1H,0.827201278364207
MHC_Class_I,BS_9JPQZQNG,0.818515756355997
MHC_Class_I,BS_9TXEDSWB,0.9214278088719
MHC_Class_I,BS_9XVACXP0,0.830808995224023
MHC_Class_I,BS_9Y1K14Q5,0.894335206432011
MHC_Class_I,BS_9ZJT0CP0,0.878274704270153
MHC_Class_I,BS_A4PF49V0,0.838735988339212
MHC_Class_I,BS_A6NXR7RC,0.874839733802658
MHC_Class_I,BS_A7Q8G0Y1,0.872290065028136
MHC_Class_I,BS_A8XW5S0W,0.825296080382208
MHC_Class_I,BS_AWH9757B,0.749805372631451
MHC_Class_I,BS_AYSXRQWY,0.86643971189689
MHC_Class_I,BS_AZQM1JJH,0.843444120072694
MHC_Class_I,BS_B1C6GZ84,0.859390053162536
MHC_Class_I,BS_B3MQFFYP,0.87815896370816
MHC_Class_I,BS_B4R7X1KE,0.895310429054409
MHC_Class_I,BS_B57327NA,0.85824484684565
MHC_Class_I,BS_BBAEMXRD,0.87081262163664
MHC_Class_I,BS_BBQ6BHGN,0.827344662382188
MHC_Class_I,BS_BK0HGRXM,0.871337634983312
MHC_Class_I,BS_BMMY0H73,0.867621698161311
MHC_Class_I,BS_C6ZZ3FY5,0.850257687516247
MHC_Class_I,BS_C83TK159,0.845084920100632
MHC_Class_I,BS_CBDQZ8PP,0.792774007889636
MHC_Class_I,BS_CF63VG3S,0.80661102876232
MHC_Class_I,BS_CFD3WHAY,0.86096589643799
MHC_Class_I,BS_CG1RG607,0.860179949447866
MHC_Class_I,BS_CVEDJGHZ,0.893015654989033
MHC_Class_I,BS_CXAQDK7S,0.917222586471487
MHC_Class_I,BS_CZPQ493E,0.853529820211579
MHC_Class_I,BS_D29RPBSZ,0.898565717885059
MHC_Class_I,BS_D4VNDNQA,0.797566183900106
MHC_Class_I,BS_D6J2BGDJ,0.855383783971858
MHC_Class_I,BS_DFGS950G,0.848446053807667
MHC_Class_I,BS_DNZVP92S,0.861244166819524
MHC_Class_I,BS_DR079H0D,0.790184911996148
MHC_Class_I,BS_DS438CXE,0.801463306641375
MHC_Class_I,BS_DSPVSM7D,0.846796217051783
MHC_Class_I,BS_DZNXFPH1,0.887847865536127
MHC_Class_I,BS_E7NVYA6G,0.886269692062805
MHC_Class_I,BS_E9CYN4NP,0.775920794665422
MHC_Class_I,BS_EB0XRBT9,0.86085431051182
MHC_Class_I,BS_EDJ5TV0P,0.772096509151096
MHC_Class_I,BS_EMQM7HTA,0.864303837884595
MHC_Class_I,BS_ENEYB4TG,0.841792262242777
MHC_Class_I,BS_EXPJQZTH,0.907613683598107
MHC_Class_I,BS_EZ3147MX,0.892845014578281
MHC_Class_I,BS_F0JB4EAK,0.800526313667346
MHC_Class_I,BS_F21R36MM,0.870830348141823
MHC_Class_I,BS_F65GWS21,0.841694100642635
MHC_Class_I,BS_F6V1Y4QS,0.878050061813464
MHC_Class_I,BS_F9Y4Z92G,0.787344760818596
MHC_Class_I,BS_FCDAH728,0.854620876773926
MHC_Class_I,BS_FEV5A0HN,0.737639036848595
MHC_Class_I,BS_FGJH1X0S,0.850525318990271
MHC_Class_I,BS_FKASA3MN,0.761546829889183
MHC_Class_I,BS_FN07P04C,0.874818765706398
MHC_Class_I,BS_FX2P2WEG,0.932319269698242
MHC_Class_I,BS_FXJY0MNH,0.876056107370428
MHC_Class_I,BS_FYP2B298,0.898948486579758
MHC_Class_I,BS_G19QZG4S,0.823828302472155
MHC_Class_I,BS_G1E5DATJ,0.861317362787408
MHC_Class_I,BS_G257VSS9,0.868890552929805
MHC_Class_I,BS_G3NN392N,0.866678032439397
MHC_Class_I,BS_G3RJTBZD,0.874900233834393
MHC_Class_I,BS_G5NHSFD4,0.803448424989558
MHC_Class_I,BS_G8TXTX0H,0.810327905457843
MHC_Class_I,BS_GG9W3J9Y,0.84187968256602
MHC_Class_I,BS_GW0GKWMS,0.877413978538098
MHC_Class_I,BS_GWHYM3R4,0.833955223302942
MHC_Class_I,BS_GWSJ4Z9H,0.881556859020887
MHC_Class_I,BS_H5VQJR7X,0.873757167325904
MHC_Class_I,BS_H97S5SQN,0.83932393325448
MHC_Class_I,BS_H9JYKFTV,0.861189040895451
MHC_Class_I,BS_HDHXX8Q7,0.87531403266846
MHC_Class_I,BS_HDPCQETG,0.894692411764651
MHC_Class_I,BS_HJRTC9JQ,0.921565280313494
MHC_Class_I,BS_HJV0J603,0.916434218151393
MHC_Class_I,BS_HRJ9145M,0.914735011431122
MHC_Class_I,BS_HWGWYCY7,0.914913786938184
MHC_Class_I,BS_HZ9AYDCQ,0.887780818847777
MHC_Class_I,BS_J4JY2F3H,0.877423776556087
MHC_Class_I,BS_J6212Y48,0.866611671380884
MHC_Class_I,BS_J6W1RB7A,0.830958953942456
MHC_Class_I,BS_J9CBGP57,0.871470367371824
MHC_Class_I,BS_JB43XBCQ,0.883014142734728
MHC_Class_I,BS_JDSNFYQ0,0.831108596860538
MHC_Class_I,BS_JJVH7WR0,0.859360040028365
MHC_Class_I,BS_JMD386Z2,0.883889018616101
MHC_Class_I,BS_JP95KMRD,0.862148625834256
MHC_Class_I,BS_JQGJQ2QZ,0.830577110688969
MHC_Class_I,BS_JQVAWTTM,0.836035837916971
MHC_Class_I,BS_JQXHHK0K,0.879939368765012
MHC_Class_I,BS_JRYJGYC4,0.871222925773477
MHC_Class_I,BS_JS95PE0J,0.847527791923104
MHC_Class_I,BS_JTWNJ8T7,0.735933466138626
MHC_Class_I,BS_JVW2JJ39,0.805980580263399
MHC_Class_I,BS_K0X3PZGN,0.930723411163261
MHC_Class_I,BS_K17VQECG,0.92278940014796
MHC_Class_I,BS_K2PCC777,0.890424606904586
MHC_Class_I,BS_K74N1BXQ,0.809901572427947
MHC_Class_I,BS_K81PZXP2,0.893495138516973
MHC_Class_I,BS_K88T8SW7,0.956905137253599
MHC_Class_I,BS_KABQQA0T,0.788239113529612
MHC_Class_I,BS_KBEX4RT2,0.817707082523386
MHC_Class_I,BS_KFD5128N,0.844886080525666
MHC_Class_I,BS_KKDTW11T,0.834783767471012
MHC_Class_I,BS_KP735TJ6,0.789524519542423
MHC_Class_I,BS_KQ6ZW085,0.831060423879633
MHC_Class_I,BS_KRS4EV4X,0.89168724003648
MHC_Class_I,BS_KS8HMGA6,0.880645710722558
MHC_Class_I,BS_KVPWHDR4,0.866719253388937
MHC_Class_I,BS_M0FA190Y,0.849013578652488
MHC_Class_I,BS_M0XGZ53Z,0.827411792877526
MHC_Class_I,BS_M1PVEHCM,0.757436610279504
MHC_Class_I,BS_M54TWTH4,0.78563920427206
MHC_Class_I,BS_M7XB258E,0.896539642362074
MHC_Class_I,BS_M85CXHDV,0.906850267335246
MHC_Class_I,BS_MB7WN0ZB,0.838662615942763
MHC_Class_I,BS_MD0937XT,0.828095867498139
MHC_Class_I,BS_MDBT7S5Z,0.788211489257431
MHC_Class_I,BS_ME6VQGG4,0.917225606244738
MHC_Class_I,BS_MFGZH8FK,0.863223679436358
MHC_Class_I,BS_MG78HQDM,0.66885379166815
MHC_Class_I,BS_MWWZBQ60,0.872073141825937
MHC_Class_I,BS_N6TQBQ8M,0.880581613929096
MHC_Class_I,BS_N7SW36FD,0.869390002590362
MHC_Class_I,BS_N7VQ1GQB,0.86979854190492
MHC_Class_I,BS_NB9XXBW6,0.845002679670092
MHC_Class_I,BS_NEFAASTR,0.83792895828278
MHC_Class_I,BS_NEVYM2FP,0.833201841047836
MHC_Class_I,BS_NFKKDYSV,0.87688991725234
MHC_Class_I,BS_NGSG2KB6,0.864714364893281
MHC_Class_I,BS_NNYXMSTX,0.848189790165566
MHC_Class_I,BS_NPA6CZQF,0.829713607002731
MHC_Class_I,BS_NQ54ST98,0.865047938413177
MHC_Class_I,BS_NR3P3GN2,0.872420695332061
MHC_Class_I,BS_NX1R0BC3,0.858429116411393
MHC_Class_I,BS_P0QF87WC,0.886727688249762
MHC_Class_I,BS_P4PMWFMV,0.860409326330665
MHC_Class_I,BS_P7W3AYKV,0.796368932815246
MHC_Class_I,BS_PENM28KT,0.880209398369102
MHC_Class_I,BS_PJC6FH4Y,0.903106423242246
MHC_Class_I,BS_PS0P3QJ3,0.84659556492547
MHC_Class_I,BS_PXCPK5XS,0.876684809608276
MHC_Class_I,BS_PZVHMSYN,0.849335227193815
MHC_Class_I,BS_Q06J3RYW,0.871895535070098
MHC_Class_I,BS_Q35GFYDR,0.8588019145304
MHC_Class_I,BS_Q9N5PRD5,0.830330539721927
MHC_Class_I,BS_QB84TBA3,0.78981642567357
MHC_Class_I,BS_QGKEP3KB,0.906215784057161
MHC_Class_I,BS_QH0VYVJK,0.889123139991887
MHC_Class_I,BS_QHY302E8,0.847076483127608
MHC_Class_I,BS_QMBS32Y2,0.785787670524263
MHC_Class_I,BS_QNNX91SM,0.835784044057144
MHC_Class_I,BS_QY2G1JZJ,0.838154984231862
MHC_Class_I,BS_QYA4TQXX,0.819023954628055
MHC_Class_I,BS_R5JQE0VJ,0.782258466899664
MHC_Class_I,BS_R5SNFB5B,0.777531247006468
MHC_Class_I,BS_R9B92M75,0.804201864820284
MHC_Class_I,BS_RHAWQJ48,0.847645300323246
MHC_Class_I,BS_RHM60031,0.876912047482591
MHC_Class_I,BS_RJC3WDD6,0.783715737342389
MHC_Class_I,BS_RN0VAY51,0.859879998416306
MHC_Class_I,BS_RX1YTZ7F,0.884596200488631
MHC_Class_I,BS_RZBFH1QF,0.803935765193152
MHC_Class_I,BS_S2TA8R29,0.87525085669638
MHC_Class_I,BS_S3C2PZAH,0.867994317631033
MHC_Class_I,BS_S3MET0JZ,0.872984868096664
MHC_Class_I,BS_S4V9E1XJ,0.874119668479407
MHC_Class_I,BS_S5P8VTN5,0.880060925738222
MHC_Class_I,BS_S6B9DVNS,0.718791167784799
MHC_Class_I,BS_S6S7SK3P,0.799804091396976
MHC_Class_I,BS_S8K878T3,0.934993090860194
MHC_Class_I,BS_SBMAM00V,0.835600072291275
MHC_Class_I,BS_SBMCD7XZ,0.85052628727172
MHC_Class_I,BS_SD0EMK7Y,0.826261106115921
MHC_Class_I,BS_SD8YBRBR,0.770521984765104
MHC_Class_I,BS_SERDGASJ,0.857378362282727
MHC_Class_I,BS_SJVTZ5TH,0.849191699084476
MHC_Class_I,BS_SMWQR2F1,0.882830565898038
MHC_Class_I,BS_SNVM7CZT,0.8648114650029
MHC_Class_I,BS_SR2RGDXJ,0.868242825928979
MHC_Class_I,BS_SW9Z10F9,0.870000294158668
MHC_Class_I,BS_SY3J3XR9,0.87402703252199
MHC_Class_I,BS_T1YHK6B7,0.881598469161847
MHC_Class_I,BS_T2F48Z4E,0.900011784758501
MHC_Class_I,BS_T9A8JJW5,0.873963566636921
MHC_Class_I,BS_TASG32Z2,0.887425070424852
MHC_Class_I,BS_TGS109T3,0.878144700164744
MHC_Class_I,BS_TM9MH0RP,0.843596086482961
MHC_Class_I,BS_TR2P8KRF,0.88171474039006
MHC_Class_I,BS_TRKH2SPE,0.838067955059878
MHC_Class_I,BS_TRPXB3AV,0.886176838521107
MHC_Class_I,BS_TTDNZTZ0,0.890109735634048
MHC_Class_I,BS_TTE04ZP8,0.854193411591038
MHC_Class_I,BS_TV5B86ZD,0.810289074821002
MHC_Class_I,BS_TVH33J9Q,0.79159973744431
MHC_Class_I,BS_TXZ7KHTQ,0.870941616253938
MHC_Class_I,BS_V0DQFC75,0.852849827152405
MHC_Class_I,BS_V3Z3DB4N,0.807994829516426
MHC_Class_I,BS_V558NW3Q,0.892263492407999
MHC_Class_I,BS_V6RSB5HQ,0.789275201950836
MHC_Class_I,BS_V8QWBVS3,0.907809563527833
MHC_Class_I,BS_VBMRQK4F,0.83612976135891
MHC_Class_I,BS_VDFXXMEX,0.801472421998445
MHC_Class_I,BS_VF3NVT4G,0.870186946189471
MHC_Class_I,BS_VKH87DD2,0.861177023718874
MHC_Class_I,BS_VKHJG2B8,0.853166371784339
MHC_Class_I,BS_VKYEM67A,0.889633718074074
MHC_Class_I,BS_VMQMGSJY,0.878326406364134
MHC_Class_I,BS_VVTHDRBD,0.857051254681281
MHC_Class_I,BS_W1385R8Y,0.89332663126249
MHC_Class_I,BS_W4DB5RP1,0.834931221750734
MHC_Class_I,BS_W7MFJZ5A,0.878680957514566
MHC_Class_I,BS_WBVSK3MP,0.793592042895648
MHC_Class_I,BS_WEKK6SHP,0.872789096193897
MHC_Class_I,BS_WHBEXD5H,0.903928593741095
MHC_Class_I,BS_WQ1YRTAT,0.69537520058444
MHC_Class_I,BS_WTJEDTZC,0.904051910100286
MHC_Class_I,BS_WVRX4C9Z,0.87643187680349
MHC_Class_I,BS_X0XXN9BK,0.891244479705345
MHC_Class_I,BS_X1G0TKP4,0.857137957140594
MHC_Class_I,BS_X20JCR4H,0.842097885396532
MHC_Class_I,BS_X23724NJ,0.884522249895078
MHC_Class_I,BS_X3HR4Z21,0.815551088868071
MHC_Class_I,BS_X4DD4KSZ,0.884709703760109
MHC_Class_I,BS_X4X1SFSE,0.857734481405339
MHC_Class_I,BS_XG0DBWVT,0.826416575428079
MHC_Class_I,BS_XGDPK33A,0.845931653836236
MHC_Class_I,BS_XM1AHBDJ,0.837870104787016
MHC_Class_I,BS_XQ5SFW35,0.890063095533202
MHC_Class_I,BS_XQXXBWPD,0.888230169103385
MHC_Class_I,BS_XYVCMF4A,0.809802679260313
MHC_Class_I,BS_XZM79E42,0.857281477656254
MHC_Class_I,BS_YA0KMBRT,0.884105845096408
MHC_Class_I,BS_YDEVMD24,0.825857996100787
MHC_Class_I,BS_YMKQT5V0,0.878129740703049
MHC_Class_I,BS_YR12D1ZY,0.850377087705506
MHC_Class_I,BS_YSZRQ95C,0.845698909835236
MHC_Class_I,BS_YTWEM5SG,0.876640436969135
MHC_Class_I,BS_YZ2QFDAN,0.904208455055165
MHC_Class_I,BS_Z0ZPD9S9,0.846662278554558
MHC_Class_I,BS_Z3RCA1T9,0.874269809166506
MHC_Class_I,BS_Z8F3GM85,0.914181127591537
MHC_Class_I,BS_ZD5HN296,0.889930422714149
MHC_Class_I,BS_ZF6BSFNF,0.830258004471135
MHC_Class_I,BS_ZM97KKXE,0.895397217740011
MHC_Class_I,BS_ZV1P6W9C,0.853414437704348
MHC_Class_I,BS_ZVM8CAB0,0.939464522349657
MHC_Class_I,BS_ZZWMD6FA,0.877996088723793
MHC_Class_I,BS_06AMMCXR,0.877449890504589
MHC_Class_I,BS_08TWG4K0,0.924055403331455
MHC_Class_I,BS_1DECYC4K,0.88218486324546
MHC_Class_I,BS_2A5R9D97,0.874253349927307
MHC_Class_I,BS_3VJ0CA6A,0.872938315959383
MHC_Class_I,BS_3XYJBBHQ,0.901233393450732
MHC_Class_I,BS_4C4MZ4NT,0.884224700713661
MHC_Class_I,BS_4PPHAQXF,0.870143025382541
MHC_Class_I,BS_4SMPV083,0.868864821909446
MHC_Class_I,BS_A76PNWQS,0.892991134745068
MHC_Class_I,BS_BZCTXEPJ,0.90437961435553
MHC_Class_I,BS_CB6VK7PB,0.902186692451588
MHC_Class_I,BS_ED8G98XT,0.836410473650371
MHC_Class_I,BS_FCX6DZ0J,0.88739067448486
MHC_Class_I,BS_FYRDYBMZ,0.82684526475592
MHC_Class_I,BS_H1XPVS9A,0.91840683125344
MHC_Class_I,BS_QRNSKFMS,0.878119013014476
MHC_Class_I,BS_R13X6TMW,0.884035335813007
MHC_Class_I,BS_RJMJ935A,0.876926723751557
MHC_Class_I,BS_RWJZFTP9,0.88700300565222
MHC_Class_I,BS_S20SP0WW,0.872048285747072
MHC_Class_I,BS_SB12W1XT,0.87790467828706
MHC_Class_I,BS_T0MXH2CA,0.888419862780685
MHC_Class_I,BS_T1W4JA94,0.860332665111777
MHC_Class_I,BS_T289QKBV,0.861661610931579
MHC_Class_I,BS_T3H5AY8A,0.886729962659767
MHC_Class_I,BS_TVV122JG,0.86389949260169
MHC_Class_I,BS_VW85Q4XJ,0.892059377932013
MHC_Class_I,BS_W97QQYKQ,0.919506896385406
MHC_Class_I,BS_WYMX429C,0.88269727742447
MHC_Class_I,BS_YR1XY6SF,0.847097524950217
MHC_Class_I,BS_014EVM2D,0.904549825858849
MHC_Class_I,BS_044XZ8ST,0.863432570360554
MHC_Class_I,BS_063ERW0R,0.834042148924682
MHC_Class_I,BS_0D5VRAKC,0.882927134322241
MHC_Class_I,BS_0J9SHHSC,0.89088424795156
MHC_Class_I,BS_0SCXXM6N,0.899026687726552
MHC_Class_I,BS_0TDWG2CV,0.895932450191716
MHC_Class_I,BS_0WVJYM9R,0.84348674603226
MHC_Class_I,BS_0X9EGHY2,0.847068982938158
MHC_Class_I,BS_0Y5J2AQ4,0.881512868295366
MHC_Class_I,BS_13CGKADW,0.818562771926996
MHC_Class_I,BS_166N7SZQ,0.89329979940923
MHC_Class_I,BS_17WYVEEC,0.857015806966959
MHC_Class_I,BS_1G3WYEN3,0.833233599275153
MHC_Class_I,BS_1HYS8CSC,0.903893586432625
MHC_Class_I,BS_1JDG6JV5,0.904003662442126
MHC_Class_I,BS_1KYGSMA7,0.893054153842748
MHC_Class_I,BS_1N76FQZY,0.843282639778606
MHC_Class_I,BS_1NPD7PVG,0.874752439419335
MHC_Class_I,BS_1Z9AX9JS,0.863391155016835
MHC_Class_I,BS_1ZVXF5FE,0.875462926092271
MHC_Class_I,BS_21RE8W46,0.87145086425654
MHC_Class_I,BS_24AHZ9ZW,0.8951489625036
MHC_Class_I,BS_2720P44V,0.894750598294675
MHC_Class_I,BS_27FYYPJG,0.851447638714099
MHC_Class_I,BS_29TRQXWM,0.873837366391814
MHC_Class_I,BS_2ADZNNV4,0.873532911004898
MHC_Class_I,BS_2EMW8ZG3,0.873619984467151
MHC_Class_I,BS_2K3FVT86,0.918727033760619
MHC_Class_I,BS_2KJ2YAZR,0.897518978793057
MHC_Class_I,BS_2QCQYY6M,0.899840322855767
MHC_Class_I,BS_2WPQ8YCW,0.882172541379117
MHC_Class_I,BS_2XM08BFY,0.870788936728722
MHC_Class_I,BS_2YCJV2VV,0.87399252963501
MHC_Class_I,BS_304SPN6B,0.878950406545755
MHC_Class_I,BS_33AQSPRP,0.91103739951559
MHC_Class_I,BS_3G3KWY18,0.879001917206188
MHC_Class_I,BS_3GAN6Q43,0.887137576484519
MHC_Class_I,BS_3P20Q2C3,0.819222451124464
MHC_Class_I,BS_3PYESPHA,0.807848178380446
MHC_Class_I,BS_3Q0GTSYH,0.865391909404358
MHC_Class_I,BS_3TJHY996,0.891796456662195
MHC_Class_I,BS_3XY76V8T,0.85930034278277
MHC_Class_I,BS_3Y2X2RBJ,0.88926286068044
MHC_Class_I,BS_401R3KV0,0.878962899430617
MHC_Class_I,BS_42DY6WS7,0.867891653810161
MHC_Class_I,BS_42Y3YANN,0.879458647566241
MHC_Class_I,BS_470DYRJQ,0.854752498701433
MHC_Class_I,BS_47SJZ3PH,0.874646346722243
MHC_Class_I,BS_49852ZBH,0.883750857803266
MHC_Class_I,BS_4A45GGSW,0.871349873480601
MHC_Class_I,BS_4BWB0FA0,0.874873622728604
MHC_Class_I,BS_4CXE5XEP,0.883447870591873
MHC_Class_I,BS_4HQ3T2NC,0.87769320445282
MHC_Class_I,BS_4N1GNHX4,0.878588401554851
MHC_Class_I,BS_4NF35AF6,0.862318007537441
MHC_Class_I,BS_4TZQY7TT,0.917332196707164
MHC_Class_I,BS_4Y6BCYK5,0.869460176656761
MHC_Class_I,BS_4Z2F4P9N,0.876387707440075
MHC_Class_I,BS_503DZ8BN,0.885712509378269
MHC_Class_I,BS_52426AMF,0.871570202668314
MHC_Class_I,BS_52DAPP1Y,0.869562222663124
MHC_Class_I,BS_534XRSNB,0.868473428576742
MHC_Class_I,BS_53GQKVEX,0.898374148163214
MHC_Class_I,BS_54H90JW2,0.899677314918087
MHC_Class_I,BS_55P8HPYD,0.849809023641933
MHC_Class_I,BS_55X1W2MR,0.871326496445593
MHC_Class_I,BS_57NMZPS0,0.857428020951509
MHC_Class_I,BS_593HEWBF,0.878419610157206
MHC_Class_I,BS_5J5D3QTD,0.892500559014842
MHC_Class_I,BS_5K3R0F5D,0.810206199961767
MHC_Class_I,BS_5NWDARXG,0.889271279248624
MHC_Class_I,BS_5PEFNDCY,0.847411981544414
MHC_Class_I,BS_5PV5N4HQ,0.869830840789964
MHC_Class_I,BS_5YJEPPTP,0.877143732687057
MHC_Class_I,BS_5YYCP891,0.920992395825187
MHC_Class_I,BS_66ABA973,0.857640642145641
MHC_Class_I,BS_66HQ3E4Z,0.869672547680755
MHC_Class_I,BS_680K119G,0.838946344846672
MHC_Class_I,BS_68BW2163,0.822118729917187
MHC_Class_I,BS_699TN5RN,0.898739738123926
MHC_Class_I,BS_6HXD39AM,0.883117169436645
MHC_Class_I,BS_6N3AFF66,0.86732791679055
MHC_Class_I,BS_6TSAVMT9,0.873192255126545
MHC_Class_I,BS_6VF6VPCG,0.885275762587788
MHC_Class_I,BS_769BDPDB,0.918613983038607
MHC_Class_I,BS_76DRXZRJ,0.881813594088325
MHC_Class_I,BS_775HDFNY,0.889887584788058
MHC_Class_I,BS_7H4RFCW9,0.910751186683843
MHC_Class_I,BS_7M3FNSYK,0.873490798580929
MHC_Class_I,BS_7MGXMG6S,0.838978394736681
MHC_Class_I,BS_7N0B2CY1,0.79113078858301
MHC_Class_I,BS_7P83Z28P,0.880150679091352
MHC_Class_I,BS_7Z93ZYMS,0.90854917815479
MHC_Class_I,BS_880ESDFZ,0.858634908583591
MHC_Class_I,BS_8BF616QR,0.87514616528938
MHC_Class_I,BS_8J3B6ZB6,0.881554663733078
MHC_Class_I,BS_8QJ43WKW,0.882138109777987
MHC_Class_I,BS_8RCR7Y4B,0.888486336465338
MHC_Class_I,BS_8VAZSJEN,0.876363688868996
MHC_Class_I,BS_92HCM7BN,0.89452330520658
MHC_Class_I,BS_94MT16N2,0.880863400509909
MHC_Class_I,BS_9BJARSX3,0.879878727259476
MHC_Class_I,BS_9F09XV62,0.823761705570729
MHC_Class_I,BS_9HSGV9TJ,0.907725816482698
MHC_Class_I,BS_9JBX2E8G,0.83676691220303
MHC_Class_I,BS_9P9MB8X8,0.881507498213983
MHC_Class_I,BS_9Q6Z6VJC,0.879877415841769
MHC_Class_I,BS_9S7AG4EN,0.836508742143288
MHC_Class_I,BS_9SJWWYQ4,0.846268088692706
MHC_Class_I,BS_9YXH2CZ0,0.886831182526646
MHC_Class_I,BS_A13BMEF5,0.86556810595128
MHC_Class_I,BS_A1VEGWTR,0.873169996234308
MHC_Class_I,BS_A46RDWGM,0.831998106615288
MHC_Class_I,BS_A96FKXN5,0.882052706507602
MHC_Class_I,BS_AGVWD5K8,0.874797438771179
MHC_Class_I,BS_AM0BZ61K,0.883239943190045
MHC_Class_I,BS_AP0SZ364,0.884496044524149
MHC_Class_I,BS_ATHSTZ5R,0.887649508981465
MHC_Class_I,BS_AW7J9F9R,0.881927909881352
MHC_Class_I,BS_B0SVFK4P,0.896566309940718
MHC_Class_I,BS_B3M5SGPA,0.878919288666497
MHC_Class_I,BS_B5JM6T8K,0.88956734147632
MHC_Class_I,BS_B6JKQFKA,0.882761514270027
MHC_Class_I,BS_B7GEH89C,0.878913210809683
MHC_Class_I,BS_B7X8VXQ3,0.828831295150939
MHC_Class_I,BS_BANCTAV6,0.846875323466023
MHC_Class_I,BS_BC936YNZ,0.880453550147477
MHC_Class_I,BS_BGRPWBNG,0.901364137123257
MHC_Class_I,BS_BJBM0BN7,0.886696306456733
MHC_Class_I,BS_BKQZ550R,0.8892238015892
MHC_Class_I,BS_BN986DF6,0.890977906193078
MHC_Class_I,BS_BNECCX4D,0.895665649562442
MHC_Class_I,BS_BPSTSCBJ,0.90164793482897
MHC_Class_I,BS_BW79W2PD,0.817160059446239
MHC_Class_I,BS_C0NEVC2B,0.886196349276314
MHC_Class_I,BS_C51RB0YR,0.891659684612779
MHC_Class_I,BS_C6SKJG3N,0.874908709229795
MHC_Class_I,BS_CC6RREE4,0.90675579437071
MHC_Class_I,BS_CGB2WS2A,0.838214382812361
MHC_Class_I,BS_CKX8RW1J,0.895017968601848
MHC_Class_I,BS_CMDJJQ7K,0.879076847469593
MHC_Class_I,BS_CTR5X93B,0.874030612804526
MHC_Class_I,BS_CVGFNCBJ,0.812084232288635
MHC_Class_I,BS_D3YBV7KB,0.884432755675676
MHC_Class_I,BS_DEHJF4C7,0.879878825439605
MHC_Class_I,BS_DMJHAG9X,0.893538880614231
MHC_Class_I,BS_DMZP9G1H,0.779195654066612
MHC_Class_I,BS_DPF1CX0G,0.862753014605086
MHC_Class_I,BS_DSS3S5XD,0.885489372917087
MHC_Class_I,BS_DV86M0Y7,0.852924532065144
MHC_Class_I,BS_E2DEWCSK,0.878151236760113
MHC_Class_I,BS_E3EJHXQV,0.882239725366478
MHC_Class_I,BS_E4GC9EXR,0.8872195566711
MHC_Class_I,BS_E94QRJDW,0.874508603151121
MHC_Class_I,BS_EBMCTR80,0.888058978282021
MHC_Class_I,BS_EFEZB0ZH,0.901115665631138
MHC_Class_I,BS_EHVYJAVA,0.835427596442809
MHC_Class_I,BS_EMAJ7P3P,0.866701805206027
MHC_Class_I,BS_ET8CJXSF,0.844322380852029
MHC_Class_I,BS_EXGBH3TD,0.88959955147398
MHC_Class_I,BS_EYSS0ZDS,0.873952344222566
MHC_Class_I,BS_F1K9QTBS,0.88727403104586
MHC_Class_I,BS_F77MGAQT,0.868240614964318
MHC_Class_I,BS_F8N6CFQE,0.866581867440709
MHC_Class_I,BS_FAQQ0GCQ,0.900101689067712
MHC_Class_I,BS_FJWZ3M7V,0.891004096518849
MHC_Class_I,BS_FJZPQZ2C,0.872364483915407
MHC_Class_I,BS_FR42HY0Z,0.861038138514539
MHC_Class_I,BS_FX4WKR2R,0.798355581171393
MHC_Class_I,BS_FZ62GZGV,0.898070017839416
MHC_Class_I,BS_G1DAGKSY,0.848362429047299
MHC_Class_I,BS_G5QBBHDV,0.893471097931049
MHC_Class_I,BS_G7AGNB5G,0.817154042101642
MHC_Class_I,BS_G9XE3N9T,0.828834677380968
MHC_Class_I,BS_GCA4GET3,0.840015002578773
MHC_Class_I,BS_GHNJ4CYC,0.846074848015073
MHC_Class_I,BS_GPEGRCCT,0.885849547741163
MHC_Class_I,BS_GTZCFGRZ,0.887501585355209
MHC_Class_I,BS_GYA4V1RD,0.845168383789811
MHC_Class_I,BS_GYXSDZ56,0.898266126238616
MHC_Class_I,BS_H08FEN68,0.831213334371758
MHC_Class_I,BS_H0WF1WHE,0.855939869929319
MHC_Class_I,BS_H3FE3TH9,0.894933738397626
MHC_Class_I,BS_H8A9PSYA,0.857479179719391
MHC_Class_I,BS_H9EX5WX3,0.87530971438189
MHC_Class_I,BS_HC5M8JTC,0.898260839755065
MHC_Class_I,BS_HM0R6SXQ,0.904084496744474
MHC_Class_I,BS_HNMQ7488,0.876868825478154
MHC_Class_I,BS_HQ5BJ6MW,0.898690284276233
MHC_Class_I,BS_HQDXQ5Y4,0.841912936168751
MHC_Class_I,BS_HSHN8PBB,0.905616494336948
MHC_Class_I,BS_HSTNFPKW,0.876733730532616
MHC_Class_I,BS_HV8PFRBR,0.866132095374146
MHC_Class_I,BS_J5H5VXWY,0.880762221721268
MHC_Class_I,BS_J9M83K8T,0.895312019393955
MHC_Class_I,BS_JFVB9KXB,0.836862376043564
MHC_Class_I,BS_JGKZ54SA,0.901393464638634
MHC_Class_I,BS_JH29M4KG,0.919234361065137
MHC_Class_I,BS_JKXA3FQC,0.876181778358376
MHC_Class_I,BS_JMHG7GCN,0.875233320970084
MHC_Class_I,BS_JVA2NQFF,0.874645697453893
MHC_Class_I,BS_JWSR581E,0.882531791194958
MHC_Class_I,BS_K57A4A9D,0.816043207020313
MHC_Class_I,BS_K5802F84,0.782092649111191
MHC_Class_I,BS_K7MVS0Z7,0.874383635483148
MHC_Class_I,BS_K838XW6V,0.904219566894274
MHC_Class_I,BS_M4NVX721,0.84518150375602
MHC_Class_I,BS_M4TTKPNR,0.899316282093607
MHC_Class_I,BS_M8M56Z4Y,0.88324276785554
MHC_Class_I,BS_M8WP5T16,0.908738520259458
MHC_Class_I,BS_MBSTWZA6,0.899114209401934
MHC_Class_I,BS_MF9X3PKH,0.906107011208369
MHC_Class_I,BS_MH8RAG4A,0.898260700613603
MHC_Class_I,BS_MX92FD6D,0.874782406890216
MHC_Class_I,BS_MY9D8XZ1,0.872603817096893
MHC_Class_I,BS_N1E0H8YQ,0.873488491827884
MHC_Class_I,BS_N210XMKR,0.889720410793064
MHC_Class_I,BS_N6NE6B3W,0.730835574284267
MHC_Class_I,BS_N87X1T8T,0.887554836022921
MHC_Class_I,BS_NB5XWMJT,0.892347504330784
MHC_Class_I,BS_NBZNAG7Q,0.887567451619804
MHC_Class_I,BS_NG9X6SJA,0.90047335002567
MHC_Class_I,BS_NKEAAFMW,0.826415309970432
MHC_Class_I,BS_NPQJ20KX,0.867646216434931
MHC_Class_I,BS_NQB91P48,0.87647812609984
MHC_Class_I,BS_NRFQEQKP,0.857845684906831
MHC_Class_I,BS_NRPG5K4K,0.878217666275606
MHC_Class_I,BS_NS7GSHB9,0.900395986517659
MHC_Class_I,BS_NT9NZYFD,0.831101406371236
MHC_Class_I,BS_NY5T05AK,0.900029631555527
MHC_Class_I,BS_P2Y2NANM,0.896233488052395
MHC_Class_I,BS_PDVD0GCM,0.878160851476
MHC_Class_I,BS_PEP9NZXN,0.843246195235785
MHC_Class_I,BS_PQ7CQFYR,0.828566005056304
MHC_Class_I,BS_PRCG6W20,0.890707749677025
MHC_Class_I,BS_Q2PBFNDF,0.879353023372784
MHC_Class_I,BS_Q3TBCK4V,0.870726116103681
MHC_Class_I,BS_Q6VH5GJ8,0.854545512354006
MHC_Class_I,BS_Q79NP5YY,0.858833521924515
MHC_Class_I,BS_QBMW69AM,0.873838066920537
MHC_Class_I,BS_QH82PBMB,0.882613095198662
MHC_Class_I,BS_QTSXW7DA,0.857020508724267
MHC_Class_I,BS_QV51J756,0.809626124572839
MHC_Class_I,BS_R244Z0WX,0.895237954309777
MHC_Class_I,BS_R3AJB6VS,0.916665503447095
MHC_Class_I,BS_R7V8BC98,0.885694097869825
MHC_Class_I,BS_R9CKW9DY,0.914443709178895
MHC_Class_I,BS_RAQFEB0S,0.875098491608048
MHC_Class_I,BS_RARBBY7C,0.898223371605636
MHC_Class_I,BS_RGSMX7QD,0.838411949629502
MHC_Class_I,BS_RMT7ABN6,0.878986415040469
MHC_Class_I,BS_RNANA568,0.879750550749378
MHC_Class_I,BS_RPJ1EPHA,0.892685263804022
MHC_Class_I,BS_RRAEQZ97,0.874685932328258
MHC_Class_I,BS_RVSEDNJ4,0.889926260241694
MHC_Class_I,BS_S1KK7XRH,0.894028064653077
MHC_Class_I,BS_S458NMKH,0.861959465108908
MHC_Class_I,BS_S50KQEXV,0.875558530928431
MHC_Class_I,BS_SDA4RMMG,0.832927300574423
MHC_Class_I,BS_SDZY6RZ3,0.880290738744126
MHC_Class_I,BS_SFKZSJN1,0.813826912225985
MHC_Class_I,BS_SH2S6SFN,0.892455923354882
MHC_Class_I,BS_SHMC4902,0.880241620338061
MHC_Class_I,BS_SJ0HXCD0,0.889580801131142
MHC_Class_I,BS_SQX5E15Z,0.910481839953377
MHC_Class_I,BS_SW8C9Y5Y,0.88284272498816
MHC_Class_I,BS_SXRS2P6T,0.917825095904029
MHC_Class_I,BS_T0RKFEKR,0.888121976391124
MHC_Class_I,BS_T2QPMZCM,0.778963021052389
MHC_Class_I,BS_T4JFN54G,0.898871701086663
MHC_Class_I,BS_T5P5ME9M,0.894355863344063
MHC_Class_I,BS_TDJXQBVY,0.907572098497668
MHC_Class_I,BS_TG93XC55,0.776721933423901
MHC_Class_I,BS_TRZZRYKF,0.868797393888205
MHC_Class_I,BS_TV80600R,0.874281065468106
MHC_Class_I,BS_TWFDEMBZ,0.887279476656643
MHC_Class_I,BS_V2G1YE8R,0.883754164714861
MHC_Class_I,BS_V33RCK1Y,0.88876159761787
MHC_Class_I,BS_V3REENH9,0.907197807428907
MHC_Class_I,BS_V72GX2AZ,0.890668110181815
MHC_Class_I,BS_V7BZ049H,0.877678024605056
MHC_Class_I,BS_V89HGTET,0.906551987116769
MHC_Class_I,BS_VARR255N,0.903060070381772
MHC_Class_I,BS_VMMJYN8Z,0.824350143850787
MHC_Class_I,BS_VTYNWK05,0.893845074927915
MHC_Class_I,BS_VZWXGYT2,0.911703242233785
MHC_Class_I,BS_WRQHPSXQ,0.843461943454353
MHC_Class_I,BS_WVS02TZK,0.888483513318211
MHC_Class_I,BS_X16PENSA,0.888860132614983
MHC_Class_I,BS_X2EDW2ZB,0.862700926157864
MHC_Class_I,BS_X5DFR216,0.878962850791339
MHC_Class_I,BS_X6GFVDVA,0.87219933160146
MHC_Class_I,BS_X91K8KMG,0.9033475790074
MHC_Class_I,BS_XGSA3GQE,0.8808057164378
MHC_Class_I,BS_XKKB4MZV,0.871510289253116
MHC_Class_I,BS_Y0PCBNJV,0.860995304538202
MHC_Class_I,BS_Y274AC0H,0.851195676689417
MHC_Class_I,BS_Y7H24JZG,0.903387355009791
MHC_Class_I,BS_Y7W8BR6B,0.888461662809904
MHC_Class_I,BS_YASWHXJC,0.911193390196652
MHC_Class_I,BS_YB2RXRHT,0.844702903664773
MHC_Class_I,BS_YCREDZTJ,0.892915778271172
MHC_Class_I,BS_YEQVW4ND,0.878485854308159
MHC_Class_I,BS_YMAJC22S,0.797253905304077
MHC_Class_I,BS_YVEEXAAT,0.899143806778039
MHC_Class_I,BS_YVMEEBKC,0.869868032811654
MHC_Class_I,BS_YWJKHMXV,0.913580602769793
MHC_Class_I,BS_YY5B2XDD,0.869212357306854
MHC_Class_I,BS_YZ2Z1Q6Y,0.858016118448459
MHC_Class_I,BS_Z0AVVB1V,0.900053758882804
MHC_Class_I,BS_Z1A875MW,0.848369938986597
MHC_Class_I,BS_Z6BWR941,0.854162010415222
MHC_Class_I,BS_Z7Y2466H,0.903439951523987
MHC_Class_I,BS_ZHHAM3AN,0.938682877268647
MHC_Class_I,BS_ZHRGDRBW,0.834822309892104
MHC_Class_I,BS_ZJY7Y34M,0.838768986449107
MHC_Class_I,BS_ZN2P8BKH,0.903235595579871
MHC_Class_I,BS_ZTWGFWTX,0.894820969369601
MHC_Class_I,BS_ZV9Z3SY6,0.873302125537064
MHC_Class_I,BS_ZVX2GRD6,0.870243799499887
MHC_Class_I,BS_ZZMYDZJW,0.894602943080723
MHC_Class_II,BS_00FD2KMP,0.679163209727328
MHC_Class_II,BS_028YFYJ6,0.857085573206063
MHC_Class_II,BS_052PZFMK,0.673415751702023
MHC_Class_II,BS_056Q8577,0.72943165353659
MHC_Class_II,BS_08ST21QE,0.88109198823972
MHC_Class_II,BS_0C7VZC0A,0.826638175345747
MHC_Class_II,BS_0S8E7590,0.857989203543434
MHC_Class_II,BS_0VXZCRJS,0.840473379724719
MHC_Class_II,BS_0XEBS3PG,0.555659689767115
MHC_Class_II,BS_0ZA67BBC,0.663292571739676
MHC_Class_II,BS_12G04QJM,0.685616750728833
MHC_Class_II,BS_17ZSMXFH,0.600642946601211
MHC_Class_II,BS_1A6MQ9ZA,0.776432060786911
MHC_Class_II,BS_1D93Z575,0.819206522428341
MHC_Class_II,BS_1EN5V3XW,0.764102548332431
MHC_Class_II,BS_223BM91B,0.894562551179863
MHC_Class_II,BS_25HNKZ79,0.878035163209032
MHC_Class_II,BS_2853394H,0.634274104068192
MHC_Class_II,BS_297H8BT4,0.804092068551879
MHC_Class_II,BS_29X4ZX6Q,0.692606399198473
MHC_Class_II,BS_2A5R9MEJ,0.770528520669614
MHC_Class_II,BS_2ARXK0TD,0.818642494748772
MHC_Class_II,BS_2AV1H5TV,0.798691097535911
MHC_Class_II,BS_2DMBCHNF,0.854589733845594
MHC_Class_II,BS_2EN3X6HB,0.870524551091467
MHC_Class_II,BS_2FEZWH1F,0.925150105565474
MHC_Class_II,BS_2HNXVFAS,0.788958641684259
MHC_Class_II,BS_2JH1QMT1,0.815956768322661
MHC_Class_II,BS_2JP7RBMB,0.759004325876363
MHC_Class_II,BS_2K01T8K6,0.752957733516045
MHC_Class_II,BS_2PDS3MSS,0.881180063215808
MHC_Class_II,BS_2T5PJAW8,0.826474132348658
MHC_Class_II,BS_2WANPFBJ,0.862550053205259
MHC_Class_II,BS_30F3Z9FS,0.813114130088591
MHC_Class_II,BS_30VC3R2Q,0.735013675615488
MHC_Class_II,BS_30YWQ3FY,0.767385936978149
MHC_Class_II,BS_31MBRWC4,0.798030642000347
MHC_Class_II,BS_333KCNDP,0.874467399549886
MHC_Class_II,BS_399RPKC9,0.714271239931251
MHC_Class_II,BS_3AC3SRWH,0.685256660150095
MHC_Class_II,BS_3MS8WVNR,0.666940587553684
MHC_Class_II,BS_3ZPJAK9A,0.676427039845076
MHC_Class_II,BS_45J79YTF,0.643450574047681
MHC_Class_II,BS_49BQS7Z6,0.830251540198195
MHC_Class_II,BS_49CJNZ06,0.654923488770555
MHC_Class_II,BS_4B0BAVTX,0.844176849187493
MHC_Class_II,BS_4BM3F6XJ,0.769519754540378
MHC_Class_II,BS_4C6B11E4,0.767460233964187
MHC_Class_II,BS_4GNN7J8E,0.926798696903223
MHC_Class_II,BS_4KNBXM3C,0.841288106794185
MHC_Class_II,BS_4Q3KRCZT,0.864702092416549
MHC_Class_II,BS_4QW2S1Q8,0.835079522058608
MHC_Class_II,BS_4T0HQ9QF,0.800386014232884
MHC_Class_II,BS_4V42BXBT,0.849556354043351
MHC_Class_II,BS_51RA1PGE,0.871203259520893
MHC_Class_II,BS_52C576HH,0.8073236636528
MHC_Class_II,BS_5965SFPZ,0.726673827113176
MHC_Class_II,BS_5EFYPZT0,0.679824791317636
MHC_Class_II,BS_5G5BD2MD,0.905330706113081
MHC_Class_II,BS_5K95FX4C,0.8996304446342
MHC_Class_II,BS_5KBXD2GQ,0.82106217695031
MHC_Class_II,BS_5PXZ8F7W,0.811363111211845
MHC_Class_II,BS_5VPM0F36,0.918164264467014
MHC_Class_II,BS_62SW4CC5,0.847754957636898
MHC_Class_II,BS_65WPD3DA,0.678753496460501
MHC_Class_II,BS_68KX6A42,0.880144982804429
MHC_Class_II,BS_6DCSD5Y6,0.740062308879319
MHC_Class_II,BS_6H4Q24WA,0.869620151181286
MHC_Class_II,BS_6M2053M0,0.835832294218499
MHC_Class_II,BS_6SY64H5J,0.853066961103591
MHC_Class_II,BS_6VRG1XFB,0.774014036785251
MHC_Class_II,BS_6WP1FHTE,0.88681890553446
MHC_Class_II,BS_7327SDAQ,0.828255261006012
MHC_Class_II,BS_75YRDXET,0.867267436647959
MHC_Class_II,BS_77SBTNPN,0.800430818032138
MHC_Class_II,BS_7AEF4D4G,0.857196566612148
MHC_Class_II,BS_7APCGCVF,0.772138472860713
MHC_Class_II,BS_7GJT4A6A,0.744664793235006
MHC_Class_II,BS_7GKWKGPH,0.876815199039287
MHC_Class_II,BS_7PVJ6Q3D,0.748959758579871
MHC_Class_II,BS_7WKNNRHK,0.674978264695268
MHC_Class_II,BS_84VZX732,0.814731632948475
MHC_Class_II,BS_84XCR9GG,0.725301081517171
MHC_Class_II,BS_8E8JKP01,0.735850414095468
MHC_Class_II,BS_8ERBDF7D,0.783686438063483
MHC_Class_II,BS_8JK9TXH2,0.837077575051818
MHC_Class_II,BS_8VD670NP,0.708103099253
MHC_Class_II,BS_8YWYN7VH,0.862543612291354
MHC_Class_II,BS_8ZE4Z9G5,0.699728976842084
MHC_Class_II,BS_8ZY4GST0,0.672345886153254
MHC_Class_II,BS_91VYM11A,0.831878202253054
MHC_Class_II,BS_956G6QPJ,0.832803733291591
MHC_Class_II,BS_97M1E2DW,0.752788762924549
MHC_Class_II,BS_9A1YTHFF,0.848765688204681
MHC_Class_II,BS_9B0A62MT,0.765569493643522
MHC_Class_II,BS_9CA93S6D,0.542562866719333
MHC_Class_II,BS_9FHEFJNP,0.807580780706654
MHC_Class_II,BS_9FX3YREK,0.632434766355293
MHC_Class_II,BS_9GJ3DB1H,0.780504906890896
MHC_Class_II,BS_9JPQZQNG,0.724459719906156
MHC_Class_II,BS_9TXEDSWB,0.727635314154364
MHC_Class_II,BS_9XVACXP0,0.622543161515793
MHC_Class_II,BS_9Y1K14Q5,0.552520489991427
MHC_Class_II,BS_9ZJT0CP0,0.793720108322402
MHC_Class_II,BS_A4PF49V0,0.739693179025089
MHC_Class_II,BS_A6NXR7RC,0.775884352395553
MHC_Class_II,BS_A7Q8G0Y1,0.867136493602088
MHC_Class_II,BS_A8XW5S0W,0.751766043774074
MHC_Class_II,BS_AWH9757B,0.676144761716938
MHC_Class_II,BS_AYSXRQWY,0.83466609900668
MHC_Class_II,BS_AZQM1JJH,0.846675231592887
MHC_Class_II,BS_B1C6GZ84,0.726798438119463
MHC_Class_II,BS_B3MQFFYP,0.874479504306737
MHC_Class_II,BS_B4R7X1KE,0.736757446750889
MHC_Class_II,BS_B57327NA,0.771017183363628
MHC_Class_II,BS_BBAEMXRD,0.804924364745328
MHC_Class_II,BS_BBQ6BHGN,0.78955505119237
MHC_Class_II,BS_BK0HGRXM,0.807047897204492
MHC_Class_II,BS_BMMY0H73,0.818559794487977
MHC_Class_II,BS_C6ZZ3FY5,0.831072710160392
MHC_Class_II,BS_C83TK159,0.806249800485337
MHC_Class_II,BS_CBDQZ8PP,0.522599242037921
MHC_Class_II,BS_CF63VG3S,0.737714125186222
MHC_Class_II,BS_CFD3WHAY,0.845037684156388
MHC_Class_II,BS_CG1RG607,0.861363889643506
MHC_Class_II,BS_CVEDJGHZ,0.890495035672489
MHC_Class_II,BS_CXAQDK7S,0.880735191425959
MHC_Class_II,BS_CZPQ493E,0.819012971558183
MHC_Class_II,BS_D29RPBSZ,0.819594937965899
MHC_Class_II,BS_D4VNDNQA,0.707852482059924
MHC_Class_II,BS_D6J2BGDJ,0.810706758846352
MHC_Class_II,BS_DFGS950G,0.556601405877397
MHC_Class_II,BS_DNZVP92S,0.699194517690581
MHC_Class_II,BS_DR079H0D,0.607330647560746
MHC_Class_II,BS_DS438CXE,0.439596081446835
MHC_Class_II,BS_DSPVSM7D,0.711406829281235
MHC_Class_II,BS_DZNXFPH1,0.850322990235805
MHC_Class_II,BS_E7NVYA6G,0.839488378598191
MHC_Class_II,BS_E9CYN4NP,0.644230922944978
MHC_Class_II,BS_EB0XRBT9,0.864335113811505
MHC_Class_II,BS_EDJ5TV0P,0.654843259389691
MHC_Class_II,BS_EMQM7HTA,0.775077086972195
MHC_Class_II,BS_ENEYB4TG,0.820521006422165
MHC_Class_II,BS_EXPJQZTH,0.905312947599515
MHC_Class_II,BS_EZ3147MX,0.79029279169414
MHC_Class_II,BS_F0JB4EAK,0.631165671150315
MHC_Class_II,BS_F21R36MM,0.67885413981712
MHC_Class_II,BS_F65GWS21,0.677055428290224
MHC_Class_II,BS_F6V1Y4QS,0.644332397613046
MHC_Class_II,BS_F9Y4Z92G,0.701968756893883
MHC_Class_II,BS_FCDAH728,0.754217850065065
MHC_Class_II,BS_FEV5A0HN,0.583628130990857
MHC_Class_II,BS_FGJH1X0S,0.587484507714032
MHC_Class_II,BS_FKASA3MN,0.577037604538459
MHC_Class_II,BS_FN07P04C,0.553892823873741
MHC_Class_II,BS_FX2P2WEG,0.893961188285707
MHC_Class_II,BS_FXJY0MNH,0.837718323267682
MHC_Class_II,BS_FYP2B298,0.751788348547294
MHC_Class_II,BS_G19QZG4S,0.85993481240226
MHC_Class_II,BS_G1E5DATJ,0.680934936317011
MHC_Class_II,BS_G257VSS9,0.691911655509933
MHC_Class_II,BS_G3NN392N,0.829723280913277
MHC_Class_II,BS_G3RJTBZD,0.734016515993376
MHC_Class_II,BS_G5NHSFD4,0.741814414327218
MHC_Class_II,BS_G8TXTX0H,0.808177372971846
MHC_Class_II,BS_GG9W3J9Y,0.737913666590281
MHC_Class_II,BS_GW0GKWMS,0.852174380648763
MHC_Class_II,BS_GWHYM3R4,0.715972709657721
MHC_Class_II,BS_GWSJ4Z9H,0.850115052407974
MHC_Class_II,BS_H5VQJR7X,0.877259565180392
MHC_Class_II,BS_H97S5SQN,0.826013643921662
MHC_Class_II,BS_H9JYKFTV,0.692184949161624
MHC_Class_II,BS_HDHXX8Q7,0.784907132523165
MHC_Class_II,BS_HDPCQETG,0.868618097359481
MHC_Class_II,BS_HJRTC9JQ,0.877350794878403
MHC_Class_II,BS_HJV0J603,0.727157417724744
MHC_Class_II,BS_HRJ9145M,0.845108444386548
MHC_Class_II,BS_HWGWYCY7,0.875236259331077
MHC_Class_II,BS_HZ9AYDCQ,0.75051416702977
MHC_Class_II,BS_J4JY2F3H,0.90138525080877
MHC_Class_II,BS_J6212Y48,0.824982821507057
MHC_Class_II,BS_J6W1RB7A,0.72751994868554
MHC_Class_II,BS_J9CBGP57,0.836266706236201
MHC_Class_II,BS_JB43XBCQ,0.884957798827057
MHC_Class_II,BS_JDSNFYQ0,0.85133470298236
MHC_Class_II,BS_JJVH7WR0,0.623054114611501
MHC_Class_II,BS_JMD386Z2,0.809520996808952
MHC_Class_II,BS_JP95KMRD,0.834602691716946
MHC_Class_II,BS_JQGJQ2QZ,0.769458276231033
MHC_Class_II,BS_JQVAWTTM,0.838366464733037
MHC_Class_II,BS_JQXHHK0K,0.661503512846932
MHC_Class_II,BS_JRYJGYC4,0.852690129541446
MHC_Class_II,BS_JS95PE0J,0.724311813471924
MHC_Class_II,BS_JTWNJ8T7,0.569202512861654
MHC_Class_II,BS_JVW2JJ39,0.616737025254787
MHC_Class_II,BS_K0X3PZGN,0.874319080902444
MHC_Class_II,BS_K17VQECG,0.87480987804654
MHC_Class_II,BS_K2PCC777,0.885428793730638
MHC_Class_II,BS_K74N1BXQ,0.701198468124569
MHC_Class_II,BS_K81PZXP2,0.806338274752872
MHC_Class_II,BS_K88T8SW7,0.951368497876904
MHC_Class_II,BS_KABQQA0T,0.664926829033382
MHC_Class_II,BS_KBEX4RT2,0.734032390630204
MHC_Class_II,BS_KFD5128N,0.753775035537419
MHC_Class_II,BS_KKDTW11T,0.634001858217848
MHC_Class_II,BS_KP735TJ6,0.609217272004427
MHC_Class_II,BS_KQ6ZW085,0.856551163005469
MHC_Class_II,BS_KRS4EV4X,0.730608710294128
MHC_Class_II,BS_KS8HMGA6,0.873964398445008
MHC_Class_II,BS_KVPWHDR4,0.77891918364009
MHC_Class_II,BS_M0FA190Y,0.744317108260476
MHC_Class_II,BS_M0XGZ53Z,0.564155015486981
MHC_Class_II,BS_M1PVEHCM,0.590089873334638
MHC_Class_II,BS_M54TWTH4,0.795791660907486
MHC_Class_II,BS_M7XB258E,0.899445672391704
MHC_Class_II,BS_M85CXHDV,0.907441822437941
MHC_Class_II,BS_MB7WN0ZB,0.8516326086487
MHC_Class_II,BS_MD0937XT,0.599806279106145
MHC_Class_II,BS_MDBT7S5Z,0.714400182742729
MHC_Class_II,BS_ME6VQGG4,0.807941670881354
MHC_Class_II,BS_MFGZH8FK,0.736280713929323
MHC_Class_II,BS_MG78HQDM,0.462354061075923
MHC_Class_II,BS_MWWZBQ60,0.833452481532146
MHC_Class_II,BS_N6TQBQ8M,0.699533679954314
MHC_Class_II,BS_N7SW36FD,0.867601353544583
MHC_Class_II,BS_N7VQ1GQB,0.881364854853075
MHC_Class_II,BS_NB9XXBW6,0.752914724560102
MHC_Class_II,BS_NEFAASTR,0.849751885906227
MHC_Class_II,BS_NEVYM2FP,0.776930904742835
MHC_Class_II,BS_NFKKDYSV,0.873775023292598
MHC_Class_II,BS_NGSG2KB6,0.835658150384529
MHC_Class_II,BS_NNYXMSTX,0.897009257713722
MHC_Class_II,BS_NPA6CZQF,0.731259303568754
MHC_Class_II,BS_NQ54ST98,0.84604461834671
MHC_Class_II,BS_NR3P3GN2,0.846926017292941
MHC_Class_II,BS_NX1R0BC3,0.735989647144003
MHC_Class_II,BS_P0QF87WC,0.741942688262068
MHC_Class_II,BS_P4PMWFMV,0.771967376039042
MHC_Class_II,BS_P7W3AYKV,0.755370525599585
MHC_Class_II,BS_PENM28KT,0.81929164516988
MHC_Class_II,BS_PJC6FH4Y,0.884207355822101
MHC_Class_II,BS_PS0P3QJ3,0.754811391059641
MHC_Class_II,BS_PXCPK5XS,0.758043439910521
MHC_Class_II,BS_PZVHMSYN,0.788688934894074
MHC_Class_II,BS_Q06J3RYW,0.862905835172449
MHC_Class_II,BS_Q35GFYDR,0.757736062758358
MHC_Class_II,BS_Q9N5PRD5,0.727597110930185
MHC_Class_II,BS_QB84TBA3,0.749287534102585
MHC_Class_II,BS_QGKEP3KB,0.879268173505741
MHC_Class_II,BS_QH0VYVJK,0.820681811493663
MHC_Class_II,BS_QHY302E8,0.777919284839616
MHC_Class_II,BS_QMBS32Y2,0.72755085536353
MHC_Class_II,BS_QNNX91SM,0.759694341490221
MHC_Class_II,BS_QY2G1JZJ,0.836066762029331
MHC_Class_II,BS_QYA4TQXX,0.636245356728752
MHC_Class_II,BS_R5JQE0VJ,0.689744785722503
MHC_Class_II,BS_R5SNFB5B,0.578840475989895
MHC_Class_II,BS_R9B92M75,0.734852831232645
MHC_Class_II,BS_RHAWQJ48,0.874479815632427
MHC_Class_II,BS_RHM60031,0.868632012077459
MHC_Class_II,BS_RJC3WDD6,0.587654335138413
MHC_Class_II,BS_RN0VAY51,0.742312302238902
MHC_Class_II,BS_RX1YTZ7F,0.858564170636015
MHC_Class_II,BS_RZBFH1QF,0.609970954120063
MHC_Class_II,BS_S2TA8R29,0.891569786945097
MHC_Class_II,BS_S3C2PZAH,0.835868885281754
MHC_Class_II,BS_S3MET0JZ,0.885612048038779
MHC_Class_II,BS_S4V9E1XJ,0.893773607799005
MHC_Class_II,BS_S5P8VTN5,0.891597816777362
MHC_Class_II,BS_S6B9DVNS,0.50306943539356
MHC_Class_II,BS_S6S7SK3P,0.597923380222324
MHC_Class_II,BS_S8K878T3,0.812105686244238
MHC_Class_II,BS_SBMAM00V,0.801346922028074
MHC_Class_II,BS_SBMCD7XZ,0.834848237796475
MHC_Class_II,BS_SD0EMK7Y,0.704023975246696
MHC_Class_II,BS_SD8YBRBR,0.543469333433392
MHC_Class_II,BS_SERDGASJ,0.75470133299716
MHC_Class_II,BS_SJVTZ5TH,0.785239592440088
MHC_Class_II,BS_SMWQR2F1,0.832650896734238
MHC_Class_II,BS_SNVM7CZT,0.891985866237696
MHC_Class_II,BS_SR2RGDXJ,0.830296805657569
MHC_Class_II,BS_SW9Z10F9,0.822261695621931
MHC_Class_II,BS_SY3J3XR9,0.694630842436814
MHC_Class_II,BS_T1YHK6B7,0.846217166002856
MHC_Class_II,BS_T2F48Z4E,0.677708804831146
MHC_Class_II,BS_T9A8JJW5,0.775168527301817
MHC_Class_II,BS_TASG32Z2,0.834932556425043
MHC_Class_II,BS_TGS109T3,0.787766414320636
MHC_Class_II,BS_TM9MH0RP,0.835565294506483
MHC_Class_II,BS_TR2P8KRF,0.804304364762278
MHC_Class_II,BS_TRKH2SPE,0.845809570771522
MHC_Class_II,BS_TRPXB3AV,0.655137781247551
MHC_Class_II,BS_TTDNZTZ0,0.913773238902168
MHC_Class_II,BS_TTE04ZP8,0.813550258627346
MHC_Class_II,BS_TV5B86ZD,0.611624370185838
MHC_Class_II,BS_TVH33J9Q,0.775949442007748
MHC_Class_II,BS_TXZ7KHTQ,0.730482170445883
MHC_Class_II,BS_V0DQFC75,0.712091537185996
MHC_Class_II,BS_V3Z3DB4N,0.722433295259119
MHC_Class_II,BS_V558NW3Q,0.940129554740435
MHC_Class_II,BS_V6RSB5HQ,0.746554530649838
MHC_Class_II,BS_V8QWBVS3,0.911678572677362
MHC_Class_II,BS_VBMRQK4F,0.871548062744795
MHC_Class_II,BS_VDFXXMEX,0.70583756415241
MHC_Class_II,BS_VF3NVT4G,0.788549892198713
MHC_Class_II,BS_VKH87DD2,0.884974543214452
MHC_Class_II,BS_VKHJG2B8,0.656379327718984
MHC_Class_II,BS_VKYEM67A,0.852251503676257
MHC_Class_II,BS_VMQMGSJY,0.814879299800214
MHC_Class_II,BS_VVTHDRBD,0.740839320636842
MHC_Class_II,BS_W1385R8Y,0.613657977711016
MHC_Class_II,BS_W4DB5RP1,0.754338026702367
MHC_Class_II,BS_W7MFJZ5A,0.898711341129167
MHC_Class_II,BS_WBVSK3MP,0.52432946246735
MHC_Class_II,BS_WEKK6SHP,0.815714723554776
MHC_Class_II,BS_WHBEXD5H,0.891842805435922
MHC_Class_II,BS_WQ1YRTAT,0.53995997396937
MHC_Class_II,BS_WTJEDTZC,0.745477288790411
MHC_Class_II,BS_WVRX4C9Z,0.8769275821341
MHC_Class_II,BS_X0XXN9BK,0.86294980477639
MHC_Class_II,BS_X1G0TKP4,0.840746053456098
MHC_Class_II,BS_X20JCR4H,0.814617853236093
MHC_Class_II,BS_X23724NJ,0.722659906005906
MHC_Class_II,BS_X3HR4Z21,0.842042558001881
MHC_Class_II,BS_X4DD4KSZ,0.888872997288904
MHC_Class_II,BS_X4X1SFSE,0.778468477703855
MHC_Class_II,BS_XG0DBWVT,0.760981517103485
MHC_Class_II,BS_XGDPK33A,0.801727677104005
MHC_Class_II,BS_XM1AHBDJ,0.730400500599704
MHC_Class_II,BS_XQ5SFW35,0.86815209389623
MHC_Class_II,BS_XQXXBWPD,0.88822823935563
MHC_Class_II,BS_XYVCMF4A,0.787409184834902
MHC_Class_II,BS_XZM79E42,0.885162649240028
MHC_Class_II,BS_YA0KMBRT,0.670216613915924
MHC_Class_II,BS_YDEVMD24,0.783220496612565
MHC_Class_II,BS_YMKQT5V0,0.86169793826904
MHC_Class_II,BS_YR12D1ZY,0.817555631825197
MHC_Class_II,BS_YSZRQ95C,0.690543655178725
MHC_Class_II,BS_YTWEM5SG,0.843522687949386
MHC_Class_II,BS_YZ2QFDAN,0.769999638897483
MHC_Class_II,BS_Z0ZPD9S9,0.865207940528078
MHC_Class_II,BS_Z3RCA1T9,0.7997210291324
MHC_Class_II,BS_Z8F3GM85,0.848331260337741
MHC_Class_II,BS_ZD5HN296,0.901424998492243
MHC_Class_II,BS_ZF6BSFNF,0.830712680388592
MHC_Class_II,BS_ZM97KKXE,0.858988976372914
MHC_Class_II,BS_ZV1P6W9C,0.80107663176342
MHC_Class_II,BS_ZVM8CAB0,0.905945840711726
MHC_Class_II,BS_ZZWMD6FA,0.899271158012815
MHC_Class_II,BS_06AMMCXR,0.910522569624476
MHC_Class_II,BS_08TWG4K0,0.950048857497013
MHC_Class_II,BS_1DECYC4K,0.878157373811459
MHC_Class_II,BS_2A5R9D97,0.861520556004348
MHC_Class_II,BS_3VJ0CA6A,0.879405930896667
MHC_Class_II,BS_3XYJBBHQ,0.907459607892046
MHC_Class_II,BS_4C4MZ4NT,0.79873818678735
MHC_Class_II,BS_4PPHAQXF,0.842169296513249
MHC_Class_II,BS_4SMPV083,0.83198333948793
MHC_Class_II,BS_A76PNWQS,0.68385869193724
MHC_Class_II,BS_BZCTXEPJ,0.924493027777094
MHC_Class_II,BS_CB6VK7PB,0.892369059875035
MHC_Class_II,BS_ED8G98XT,0.739347221021887
MHC_Class_II,BS_FCX6DZ0J,0.853904137374881
MHC_Class_II,BS_FYRDYBMZ,0.774840357015478
MHC_Class_II,BS_H1XPVS9A,0.890050301567001
MHC_Class_II,BS_QRNSKFMS,0.89202339131068
MHC_Class_II,BS_R13X6TMW,0.839659207588863
MHC_Class_II,BS_RJMJ935A,0.908227490208063
MHC_Class_II,BS_RWJZFTP9,0.885626760168748
MHC_Class_II,BS_S20SP0WW,0.889144194513581
MHC_Class_II,BS_SB12W1XT,0.853362048874819
MHC_Class_II,BS_T0MXH2CA,0.890531404039875
MHC_Class_II,BS_T1W4JA94,0.84071125873135
MHC_Class_II,BS_T289QKBV,0.882374797601031
MHC_Class_II,BS_T3H5AY8A,0.896939831859826
MHC_Class_II,BS_TVV122JG,0.789831338512904
MHC_Class_II,BS_VW85Q4XJ,0.92039981225648
MHC_Class_II,BS_W97QQYKQ,0.891379612218753
MHC_Class_II,BS_WYMX429C,0.883827739733757
MHC_Class_II,BS_YR1XY6SF,0.846708627092568
MHC_Class_II,BS_014EVM2D,0.925605540513387
MHC_Class_II,BS_044XZ8ST,0.876580283883627
MHC_Class_II,BS_063ERW0R,0.804104631861725
MHC_Class_II,BS_0D5VRAKC,0.896156863843776
MHC_Class_II,BS_0J9SHHSC,0.82577139601573
MHC_Class_II,BS_0SCXXM6N,0.908393883361734
MHC_Class_II,BS_0TDWG2CV,0.92427821537499
MHC_Class_II,BS_0WVJYM9R,0.838732588526688
MHC_Class_II,BS_0X9EGHY2,0.773279648300059
MHC_Class_II,BS_0Y5J2AQ4,0.85243574572503
MHC_Class_II,BS_13CGKADW,0.79494450012103
MHC_Class_II,BS_166N7SZQ,0.853297775700292
MHC_Class_II,BS_17WYVEEC,0.773091851092783
MHC_Class_II,BS_1G3WYEN3,0.807649712904948
MHC_Class_II,BS_1HYS8CSC,0.90719378473655
MHC_Class_II,BS_1JDG6JV5,0.857312049234068
MHC_Class_II,BS_1KYGSMA7,0.899687447037657
MHC_Class_II,BS_1N76FQZY,0.784029167150935
MHC_Class_II,BS_1NPD7PVG,0.83584085567733
MHC_Class_II,BS_1Z9AX9JS,0.865154277774172
MHC_Class_II,BS_1ZVXF5FE,0.8676950950415
MHC_Class_II,BS_21RE8W46,0.867949291051578
MHC_Class_II,BS_24AHZ9ZW,0.88979941959619
MHC_Class_II,BS_2720P44V,0.893717780691347
MHC_Class_II,BS_27FYYPJG,0.851614391061222
MHC_Class_II,BS_29TRQXWM,0.870455728555435
MHC_Class_II,BS_2ADZNNV4,0.86811909558611
MHC_Class_II,BS_2EMW8ZG3,0.846382425211842
MHC_Class_II,BS_2K3FVT86,0.872679188460231
MHC_Class_II,BS_2KJ2YAZR,0.905119995586963
MHC_Class_II,BS_2QCQYY6M,0.879046595156256
MHC_Class_II,BS_2WPQ8YCW,0.864509719751668
MHC_Class_II,BS_2XM08BFY,0.888401348412916
MHC_Class_II,BS_2YCJV2VV,0.820331179354883
MHC_Class_II,BS_304SPN6B,0.879920854589179
MHC_Class_II,BS_33AQSPRP,0.894983504505497
MHC_Class_II,BS_3G3KWY18,0.89206076959034
MHC_Class_II,BS_3GAN6Q43,0.89854838320108
MHC_Class_II,BS_3P20Q2C3,0.663155230792057
MHC_Class_II,BS_3PYESPHA,0.793097192710149
MHC_Class_II,BS_3Q0GTSYH,0.792656013994051
MHC_Class_II,BS_3TJHY996,0.899700909994948
MHC_Class_II,BS_3XY76V8T,0.890460385257638
MHC_Class_II,BS_3Y2X2RBJ,0.890818734722364
MHC_Class_II,BS_401R3KV0,0.872816547478878
MHC_Class_II,BS_42DY6WS7,0.867217703534407
MHC_Class_II,BS_42Y3YANN,0.815627387031881
MHC_Class_II,BS_470DYRJQ,0.8493949347519
MHC_Class_II,BS_47SJZ3PH,0.922465999221796
MHC_Class_II,BS_49852ZBH,0.822074070464998
MHC_Class_II,BS_4A45GGSW,0.858184302270768
MHC_Class_II,BS_4BWB0FA0,0.883692063721826
MHC_Class_II,BS_4CXE5XEP,0.892356481695586
MHC_Class_II,BS_4HQ3T2NC,0.859454196750403
MHC_Class_II,BS_4N1GNHX4,0.84893083077826
MHC_Class_II,BS_4NF35AF6,0.791837455549463
MHC_Class_II,BS_4TZQY7TT,0.918580096722722
MHC_Class_II,BS_4Y6BCYK5,0.869602697502952
MHC_Class_II,BS_4Z2F4P9N,0.859639631535633
MHC_Class_II,BS_503DZ8BN,0.896168617021008
MHC_Class_II,BS_52426AMF,0.871234520450406
MHC_Class_II,BS_52DAPP1Y,0.810023386184025
MHC_Class_II,BS_534XRSNB,0.865604274852378
MHC_Class_II,BS_53GQKVEX,0.881323200745939
MHC_Class_II,BS_54H90JW2,0.926523302520376
MHC_Class_II,BS_55P8HPYD,0.775598954429506
MHC_Class_II,BS_55X1W2MR,0.918705546652296
MHC_Class_II,BS_57NMZPS0,0.759148325493906
MHC_Class_II,BS_593HEWBF,0.837012418862852
MHC_Class_II,BS_5J5D3QTD,0.879712407332988
MHC_Class_II,BS_5K3R0F5D,0.745545435249235
MHC_Class_II,BS_5NWDARXG,0.918446036223335
MHC_Class_II,BS_5PEFNDCY,0.796624395075831
MHC_Class_II,BS_5PV5N4HQ,0.825430659208959
MHC_Class_II,BS_5YJEPPTP,0.837180837436717
MHC_Class_II,BS_5YYCP891,0.912122581616842
MHC_Class_II,BS_66ABA973,0.815412877300579
MHC_Class_II,BS_66HQ3E4Z,0.834798509281144
MHC_Class_II,BS_680K119G,0.803042221048599
MHC_Class_II,BS_68BW2163,0.665499501338353
MHC_Class_II,BS_699TN5RN,0.93079887202742
MHC_Class_II,BS_6HXD39AM,0.931159157226183
MHC_Class_II,BS_6N3AFF66,0.807784835931581
MHC_Class_II,BS_6TSAVMT9,0.89178369249226
MHC_Class_II,BS_6VF6VPCG,0.895970336010525
MHC_Class_II,BS_769BDPDB,0.927392899224979
MHC_Class_II,BS_76DRXZRJ,0.910130062982328
MHC_Class_II,BS_775HDFNY,0.860066082729438
MHC_Class_II,BS_7H4RFCW9,0.932479011539282
MHC_Class_II,BS_7M3FNSYK,0.838809249440757
MHC_Class_II,BS_7MGXMG6S,0.766025386146395
MHC_Class_II,BS_7N0B2CY1,0.662725031004019
MHC_Class_II,BS_7P83Z28P,0.85996515186959
MHC_Class_II,BS_7Z93ZYMS,0.893641596326298
MHC_Class_II,BS_880ESDFZ,0.821313623715501
MHC_Class_II,BS_8BF616QR,0.869969769382466
MHC_Class_II,BS_8J3B6ZB6,0.873428879138231
MHC_Class_II,BS_8QJ43WKW,0.848865795411606
MHC_Class_II,BS_8RCR7Y4B,0.845541843519264
MHC_Class_II,BS_8VAZSJEN,0.88598683741102
MHC_Class_II,BS_92HCM7BN,0.914445723971513
MHC_Class_II,BS_94MT16N2,0.772168610291296
MHC_Class_II,BS_9BJARSX3,0.870701200458592
MHC_Class_II,BS_9F09XV62,0.726783950795695
MHC_Class_II,BS_9HSGV9TJ,0.899523031011344
MHC_Class_II,BS_9JBX2E8G,0.829608595804284
MHC_Class_II,BS_9P9MB8X8,0.886770800276521
MHC_Class_II,BS_9Q6Z6VJC,0.851627030819172
MHC_Class_II,BS_9S7AG4EN,0.825407097975637
MHC_Class_II,BS_9SJWWYQ4,0.819730263283846
MHC_Class_II,BS_9YXH2CZ0,0.891011186538167
MHC_Class_II,BS_A13BMEF5,0.84886957226266
MHC_Class_II,BS_A1VEGWTR,0.829252775475355
MHC_Class_II,BS_A46RDWGM,0.684722126456406
MHC_Class_II,BS_A96FKXN5,0.868465180904012
MHC_Class_II,BS_AGVWD5K8,0.908479107357085
MHC_Class_II,BS_AM0BZ61K,0.882485586407377
MHC_Class_II,BS_AP0SZ364,0.9094445647508
MHC_Class_II,BS_ATHSTZ5R,0.874472012213111
MHC_Class_II,BS_AW7J9F9R,0.821934003534351
MHC_Class_II,BS_B0SVFK4P,0.924278955642818
MHC_Class_II,BS_B3M5SGPA,0.800210739162686
MHC_Class_II,BS_B5JM6T8K,0.892347699544583
MHC_Class_II,BS_B6JKQFKA,0.870228353255717
MHC_Class_II,BS_B7GEH89C,0.840047068296926
MHC_Class_II,BS_B7X8VXQ3,0.851281345103134
MHC_Class_II,BS_BANCTAV6,0.775079225796779
MHC_Class_II,BS_BC936YNZ,0.910743049395323
MHC_Class_II,BS_BGRPWBNG,0.872205499435955
MHC_Class_II,BS_BJBM0BN7,0.886588717199524
MHC_Class_II,BS_BKQZ550R,0.891607616023604
MHC_Class_II,BS_BN986DF6,0.823315114437534
MHC_Class_II,BS_BNECCX4D,0.906747764172067
MHC_Class_II,BS_BPSTSCBJ,0.903739736016132
MHC_Class_II,BS_BW79W2PD,0.642176291212127
MHC_Class_II,BS_C0NEVC2B,0.909885980238939
MHC_Class_II,BS_C51RB0YR,0.837632491424408
MHC_Class_II,BS_C6SKJG3N,0.877100640321341
MHC_Class_II,BS_CC6RREE4,0.89764492034381
MHC_Class_II,BS_CGB2WS2A,0.752285845364207
MHC_Class_II,BS_CKX8RW1J,0.905690071449732
MHC_Class_II,BS_CMDJJQ7K,0.89743152311721
MHC_Class_II,BS_CTR5X93B,0.876166008519948
MHC_Class_II,BS_CVGFNCBJ,0.797970663436336
MHC_Class_II,BS_D3YBV7KB,0.900271980214423
MHC_Class_II,BS_DEHJF4C7,0.874034247901157
MHC_Class_II,BS_DMJHAG9X,0.904697303504156
MHC_Class_II,BS_DMZP9G1H,0.68345906151195
MHC_Class_II,BS_DPF1CX0G,0.822590444049054
MHC_Class_II,BS_DSS3S5XD,0.904187442715617
MHC_Class_II,BS_DV86M0Y7,0.867466712443283
MHC_Class_II,BS_E2DEWCSK,0.878183582867486
MHC_Class_II,BS_E3EJHXQV,0.90590774117362
MHC_Class_II,BS_E4GC9EXR,0.895401226829494
MHC_Class_II,BS_E94QRJDW,0.87877200940597
MHC_Class_II,BS_EBMCTR80,0.816707217107284
MHC_Class_II,BS_EFEZB0ZH,0.871317290977711
MHC_Class_II,BS_EHVYJAVA,0.831390066528068
MHC_Class_II,BS_EMAJ7P3P,0.876851449569322
MHC_Class_II,BS_ET8CJXSF,0.818080413580776
MHC_Class_II,BS_EXGBH3TD,0.899555011897292
MHC_Class_II,BS_EYSS0ZDS,0.887029675832314
MHC_Class_II,BS_F1K9QTBS,0.899874701611176
MHC_Class_II,BS_F77MGAQT,0.913073975959598
MHC_Class_II,BS_F8N6CFQE,0.84803095625407
MHC_Class_II,BS_FAQQ0GCQ,0.929102305213865
MHC_Class_II,BS_FJWZ3M7V,0.877782894227037
MHC_Class_II,BS_FJZPQZ2C,0.891449437834976
MHC_Class_II,BS_FR42HY0Z,0.880596351695579
MHC_Class_II,BS_FX4WKR2R,0.769032399972472
MHC_Class_II,BS_FZ62GZGV,0.880729832267325
MHC_Class_II,BS_G1DAGKSY,0.844821990792917
MHC_Class_II,BS_G5QBBHDV,0.867562117429785
MHC_Class_II,BS_G7AGNB5G,0.663620294901176
MHC_Class_II,BS_G9XE3N9T,0.81914229115256
MHC_Class_II,BS_GCA4GET3,0.828683438496891
MHC_Class_II,BS_GHNJ4CYC,0.857312363511205
MHC_Class_II,BS_GPEGRCCT,0.894961485117059
MHC_Class_II,BS_GTZCFGRZ,0.860918744748404
MHC_Class_II,BS_GYA4V1RD,0.814629552624471
MHC_Class_II,BS_GYXSDZ56,0.905412513051082
MHC_Class_II,BS_H08FEN68,0.814365338762167
MHC_Class_II,BS_H0WF1WHE,0.79510732471169
MHC_Class_II,BS_H3FE3TH9,0.839318872246117
MHC_Class_II,BS_H8A9PSYA,0.827474389348261
MHC_Class_II,BS_H9EX5WX3,0.866021171836088
MHC_Class_II,BS_HC5M8JTC,0.918281340432461
MHC_Class_II,BS_HM0R6SXQ,0.921572072024402
MHC_Class_II,BS_HNMQ7488,0.895817160470425
MHC_Class_II,BS_HQ5BJ6MW,0.874269145192068
MHC_Class_II,BS_HQDXQ5Y4,0.868871848013233
MHC_Class_II,BS_HSHN8PBB,0.888846954165692
MHC_Class_II,BS_HSTNFPKW,0.883992458357153
MHC_Class_II,BS_HV8PFRBR,0.884386831337919
MHC_Class_II,BS_J5H5VXWY,0.928028462393844
MHC_Class_II,BS_J9M83K8T,0.917003843263266
MHC_Class_II,BS_JFVB9KXB,0.585735750132202
MHC_Class_II,BS_JGKZ54SA,0.894898408066428
MHC_Class_II,BS_JH29M4KG,0.919739180209311
MHC_Class_II,BS_JKXA3FQC,0.862422615144867
MHC_Class_II,BS_JMHG7GCN,0.871970319794462
MHC_Class_II,BS_JVA2NQFF,0.824209572279162
MHC_Class_II,BS_JWSR581E,0.891464175098377
MHC_Class_II,BS_K57A4A9D,0.75267225112402
MHC_Class_II,BS_K5802F84,0.671182636922718
MHC_Class_II,BS_K7MVS0Z7,0.819320220926024
MHC_Class_II,BS_K838XW6V,0.869132557579646
MHC_Class_II,BS_M4NVX721,0.834082022228916
MHC_Class_II,BS_M4TTKPNR,0.90143639332906
MHC_Class_II,BS_M8M56Z4Y,0.88770254963657
MHC_Class_II,BS_M8WP5T16,0.824813558890355
MHC_Class_II,BS_MBSTWZA6,0.879473046362993
MHC_Class_II,BS_MF9X3PKH,0.895062523972811
MHC_Class_II,BS_MH8RAG4A,0.837493267103387
MHC_Class_II,BS_MX92FD6D,0.880296526036834
MHC_Class_II,BS_MY9D8XZ1,0.877477687523185
MHC_Class_II,BS_N1E0H8YQ,0.859287799433167
MHC_Class_II,BS_N210XMKR,0.867837377073647
MHC_Class_II,BS_N6NE6B3W,0.589923781125716
MHC_Class_II,BS_N87X1T8T,0.875909863803562
MHC_Class_II,BS_NB5XWMJT,0.904876075678617
MHC_Class_II,BS_NBZNAG7Q,0.891841866823264
MHC_Class_II,BS_NG9X6SJA,0.906014989081182
MHC_Class_II,BS_NKEAAFMW,0.62523374600393
MHC_Class_II,BS_NPQJ20KX,0.834116316729505
MHC_Class_II,BS_NQB91P48,0.866919033668949
MHC_Class_II,BS_NRFQEQKP,0.785204055087701
MHC_Class_II,BS_NRPG5K4K,0.880093404914093
MHC_Class_II,BS_NS7GSHB9,0.911197638029153
MHC_Class_II,BS_NT9NZYFD,0.80923382407213
MHC_Class_II,BS_NY5T05AK,0.89057115638418
MHC_Class_II,BS_P2Y2NANM,0.904236530893355
MHC_Class_II,BS_PDVD0GCM,0.85124480674542
MHC_Class_II,BS_PEP9NZXN,0.812995171506308
MHC_Class_II,BS_PQ7CQFYR,0.82085198041407
MHC_Class_II,BS_PRCG6W20,0.918448233757322
MHC_Class_II,BS_Q2PBFNDF,0.876645287629918
MHC_Class_II,BS_Q3TBCK4V,0.846770208242423
MHC_Class_II,BS_Q6VH5GJ8,0.840681167844559
MHC_Class_II,BS_Q79NP5YY,0.896743539421103
MHC_Class_II,BS_QBMW69AM,0.84012301404463
MHC_Class_II,BS_QH82PBMB,0.85680793399747
MHC_Class_II,BS_QTSXW7DA,0.857452575721206
MHC_Class_II,BS_QV51J756,0.785451984648133
MHC_Class_II,BS_R244Z0WX,0.901678577399009
MHC_Class_II,BS_R3AJB6VS,0.919187683419904
MHC_Class_II,BS_R7V8BC98,0.864448097705005
MHC_Class_II,BS_R9CKW9DY,0.905255489117364
MHC_Class_II,BS_RAQFEB0S,0.875101765555401
MHC_Class_II,BS_RARBBY7C,0.915819907281083
MHC_Class_II,BS_RGSMX7QD,0.825924216593399
MHC_Class_II,BS_RMT7ABN6,0.882000905142343
MHC_Class_II,BS_RNANA568,0.893825192277209
MHC_Class_II,BS_RPJ1EPHA,0.896965794258781
MHC_Class_II,BS_RRAEQZ97,0.869760916979823
MHC_Class_II,BS_RVSEDNJ4,0.756667692626866
MHC_Class_II,BS_S1KK7XRH,0.91440988665828
MHC_Class_II,BS_S458NMKH,0.856850096945116
MHC_Class_II,BS_S50KQEXV,0.869876253532564
MHC_Class_II,BS_SDA4RMMG,0.789184552106292
MHC_Class_II,BS_SDZY6RZ3,0.832828173794343
MHC_Class_II,BS_SFKZSJN1,0.788345950043076
MHC_Class_II,BS_SH2S6SFN,0.934099174185451
MHC_Class_II,BS_SHMC4902,0.853651193216337
MHC_Class_II,BS_SJ0HXCD0,0.894687742465118
MHC_Class_II,BS_SQX5E15Z,0.927858345210481
MHC_Class_II,BS_SW8C9Y5Y,0.901172465603369
MHC_Class_II,BS_SXRS2P6T,0.899006734575069
MHC_Class_II,BS_T0RKFEKR,0.902469081211798
MHC_Class_II,BS_T2QPMZCM,0.669273684921418
MHC_Class_II,BS_T4JFN54G,0.868958571804017
MHC_Class_II,BS_T5P5ME9M,0.897466555320711
MHC_Class_II,BS_TDJXQBVY,0.902273704329957
MHC_Class_II,BS_TG93XC55,0.640628719024261
MHC_Class_II,BS_TRZZRYKF,0.844694252024842
MHC_Class_II,BS_TV80600R,0.857428977191003
MHC_Class_II,BS_TWFDEMBZ,0.871502177650116
MHC_Class_II,BS_V2G1YE8R,0.862435653853426
MHC_Class_II,BS_V33RCK1Y,0.843142811594118
MHC_Class_II,BS_V3REENH9,0.894201159934106
MHC_Class_II,BS_V72GX2AZ,0.884226217383822
MHC_Class_II,BS_V7BZ049H,0.886156925096733
MHC_Class_II,BS_V89HGTET,0.907762165022262
MHC_Class_II,BS_VARR255N,0.894511357337141
MHC_Class_II,BS_VMMJYN8Z,0.799323236564052
MHC_Class_II,BS_VTYNWK05,0.910145992019311
MHC_Class_II,BS_VZWXGYT2,0.91681345347037
MHC_Class_II,BS_WRQHPSXQ,0.767596759133826
MHC_Class_II,BS_WVS02TZK,0.845595972238449
MHC_Class_II,BS_X16PENSA,0.890343500670135
MHC_Class_II,BS_X2EDW2ZB,0.785666292516796
MHC_Class_II,BS_X5DFR216,0.875732858681388
MHC_Class_II,BS_X6GFVDVA,0.850202135126648
MHC_Class_II,BS_X91K8KMG,0.9064644114667
MHC_Class_II,BS_XGSA3GQE,0.884526293610108
MHC_Class_II,BS_XKKB4MZV,0.77595397396071
MHC_Class_II,BS_Y0PCBNJV,0.826696853966871
MHC_Class_II,BS_Y274AC0H,0.876365712260142
MHC_Class_II,BS_Y7H24JZG,0.902687854939976
MHC_Class_II,BS_Y7W8BR6B,0.867007392956428
MHC_Class_II,BS_YASWHXJC,0.916998450547207
MHC_Class_II,BS_YB2RXRHT,0.848306661524337
MHC_Class_II,BS_YCREDZTJ,0.8124083810723
MHC_Class_II,BS_YEQVW4ND,0.906613917329041
MHC_Class_II,BS_YMAJC22S,0.58650164925954
MHC_Class_II,BS_YVEEXAAT,0.920526584938112
MHC_Class_II,BS_YVMEEBKC,0.845921158550809
MHC_Class_II,BS_YWJKHMXV,0.893412169586624
MHC_Class_II,BS_YY5B2XDD,0.848323834028841
MHC_Class_II,BS_YZ2Z1Q6Y,0.773080498008794
MHC_Class_II,BS_Z0AVVB1V,0.8784150928245
MHC_Class_II,BS_Z1A875MW,0.841854965155802
MHC_Class_II,BS_Z6BWR941,0.819264157341201
MHC_Class_II,BS_Z7Y2466H,0.910480976007583
MHC_Class_II,BS_ZHHAM3AN,0.927337103920022
MHC_Class_II,BS_ZHRGDRBW,0.841660551925847
MHC_Class_II,BS_ZJY7Y34M,0.805168921266952
MHC_Class_II,BS_ZN2P8BKH,0.938780368202375
MHC_Class_II,BS_ZTWGFWTX,0.829513899751882
MHC_Class_II,BS_ZV9Z3SY6,0.896362220345696
MHC_Class_II,BS_ZVX2GRD6,0.858169791302079
MHC_Class_II,BS_ZZMYDZJW,0.873717826537815
IFN_Gamma_Response,BS_00FD2KMP,0.507695680534339
IFN_Gamma_Response,BS_028YFYJ6,0.555707547975664
IFN_Gamma_Response,BS_052PZFMK,0.482347772799603
IFN_Gamma_Response,BS_056Q8577,0.677899412069196
IFN_Gamma_Response,BS_08ST21QE,0.664950374196839
IFN_Gamma_Response,BS_0C7VZC0A,0.519369122361799
IFN_Gamma_Response,BS_0S8E7590,0.75210709759521
IFN_Gamma_Response,BS_0VXZCRJS,0.538644445535719
IFN_Gamma_Response,BS_0XEBS3PG,0.472614626710277
IFN_Gamma_Response,BS_0ZA67BBC,0.490429091055424
IFN_Gamma_Response,BS_12G04QJM,0.662228568806586
IFN_Gamma_Response,BS_17ZSMXFH,0.555052838333257
IFN_Gamma_Response,BS_1A6MQ9ZA,0.670320923851884
IFN_Gamma_Response,BS_1D93Z575,0.540876894090588
IFN_Gamma_Response,BS_1EN5V3XW,0.49955255342633
IFN_Gamma_Response,BS_223BM91B,0.714871912943911
IFN_Gamma_Response,BS_25HNKZ79,0.633422656509913
IFN_Gamma_Response,BS_2853394H,0.459462262057756
IFN_Gamma_Response,BS_297H8BT4,0.622092255192227
IFN_Gamma_Response,BS_29X4ZX6Q,0.495821837321261
IFN_Gamma_Response,BS_2A5R9MEJ,0.57630319708508
IFN_Gamma_Response,BS_2ARXK0TD,0.631752384189252
IFN_Gamma_Response,BS_2AV1H5TV,0.52810666454742
IFN_Gamma_Response,BS_2DMBCHNF,0.693936686914744
IFN_Gamma_Response,BS_2EN3X6HB,0.612167266467624
IFN_Gamma_Response,BS_2FEZWH1F,0.688263865989403
IFN_Gamma_Response,BS_2HNXVFAS,0.588672422207774
IFN_Gamma_Response,BS_2JH1QMT1,0.57411736390596
IFN_Gamma_Response,BS_2JP7RBMB,0.529880133066685
IFN_Gamma_Response,BS_2K01T8K6,0.649437523029967
IFN_Gamma_Response,BS_2PDS3MSS,0.662207348876287
IFN_Gamma_Response,BS_2T5PJAW8,0.591887010738689
IFN_Gamma_Response,BS_2WANPFBJ,0.603754066324311
IFN_Gamma_Response,BS_30F3Z9FS,0.685182847396429
IFN_Gamma_Response,BS_30VC3R2Q,0.496922965923301
IFN_Gamma_Response,BS_30YWQ3FY,0.539321468031429
IFN_Gamma_Response,BS_31MBRWC4,0.606368056192151
IFN_Gamma_Response,BS_333KCNDP,0.673437697347097
IFN_Gamma_Response,BS_399RPKC9,0.632329985805457
IFN_Gamma_Response,BS_3AC3SRWH,0.495851557851007
IFN_Gamma_Response,BS_3MS8WVNR,0.559106479094001
IFN_Gamma_Response,BS_3ZPJAK9A,0.504411298150922
IFN_Gamma_Response,BS_45J79YTF,0.449635275653972
IFN_Gamma_Response,BS_49BQS7Z6,0.554008307900779
IFN_Gamma_Response,BS_49CJNZ06,0.485825296878822
IFN_Gamma_Response,BS_4B0BAVTX,0.588646382739215
IFN_Gamma_Response,BS_4BM3F6XJ,0.582919681986914
IFN_Gamma_Response,BS_4C6B11E4,0.674847289091269
IFN_Gamma_Response,BS_4GNN7J8E,0.779527979241105
IFN_Gamma_Response,BS_4KNBXM3C,0.621085984341461
IFN_Gamma_Response,BS_4Q3KRCZT,0.59689643513405
IFN_Gamma_Response,BS_4QW2S1Q8,0.80253158558824
IFN_Gamma_Response,BS_4T0HQ9QF,0.639696565576227
IFN_Gamma_Response,BS_4V42BXBT,0.551232135999046
IFN_Gamma_Response,BS_51RA1PGE,0.644904523714246
IFN_Gamma_Response,BS_52C576HH,0.585517407952466
IFN_Gamma_Response,BS_5965SFPZ,0.570702993883775
IFN_Gamma_Response,BS_5EFYPZT0,0.532423350550207
IFN_Gamma_Response,BS_5G5BD2MD,0.626863853232248
IFN_Gamma_Response,BS_5K95FX4C,0.687327932114074
IFN_Gamma_Response,BS_5KBXD2GQ,0.614153994726904
IFN_Gamma_Response,BS_5PXZ8F7W,0.609959756482167
IFN_Gamma_Response,BS_5VPM0F36,0.745843975082505
IFN_Gamma_Response,BS_62SW4CC5,0.83849429890705
IFN_Gamma_Response,BS_65WPD3DA,0.568809446558106
IFN_Gamma_Response,BS_68KX6A42,0.761141879001853
IFN_Gamma_Response,BS_6DCSD5Y6,0.52850674582944
IFN_Gamma_Response,BS_6H4Q24WA,0.711544656814342
IFN_Gamma_Response,BS_6M2053M0,0.663272806750766
IFN_Gamma_Response,BS_6SY64H5J,0.691435090541113
IFN_Gamma_Response,BS_6VRG1XFB,0.546076687600148
IFN_Gamma_Response,BS_6WP1FHTE,0.743591793552262
IFN_Gamma_Response,BS_7327SDAQ,0.56361893108404
IFN_Gamma_Response,BS_75YRDXET,0.726080290319048
IFN_Gamma_Response,BS_77SBTNPN,0.534088559596539
IFN_Gamma_Response,BS_7AEF4D4G,0.725972432709302
IFN_Gamma_Response,BS_7APCGCVF,0.638278501423027
IFN_Gamma_Response,BS_7GJT4A6A,0.524281886579648
IFN_Gamma_Response,BS_7GKWKGPH,0.742137380117899
IFN_Gamma_Response,BS_7PVJ6Q3D,0.486577628382359
IFN_Gamma_Response,BS_7WKNNRHK,0.57099946999746
IFN_Gamma_Response,BS_84VZX732,0.665565250150561
IFN_Gamma_Response,BS_84XCR9GG,0.594737954648896
IFN_Gamma_Response,BS_8E8JKP01,0.60464302637285
IFN_Gamma_Response,BS_8ERBDF7D,0.567979742291904
IFN_Gamma_Response,BS_8JK9TXH2,0.571593101297012
IFN_Gamma_Response,BS_8VD670NP,0.498999670752774
IFN_Gamma_Response,BS_8YWYN7VH,0.752396187958977
IFN_Gamma_Response,BS_8ZE4Z9G5,0.723337470138828
IFN_Gamma_Response,BS_8ZY4GST0,0.448644779751147
IFN_Gamma_Response,BS_91VYM11A,0.614124610079296
IFN_Gamma_Response,BS_956G6QPJ,0.58918532719977
IFN_Gamma_Response,BS_97M1E2DW,0.560013972157234
IFN_Gamma_Response,BS_9A1YTHFF,0.715369760756301
IFN_Gamma_Response,BS_9B0A62MT,0.626233908228031
IFN_Gamma_Response,BS_9CA93S6D,0.494668621485481
IFN_Gamma_Response,BS_9FHEFJNP,0.600670773366739
IFN_Gamma_Response,BS_9FX3YREK,0.443239347268533
IFN_Gamma_Response,BS_9GJ3DB1H,0.613099764209684
IFN_Gamma_Response,BS_9JPQZQNG,0.58099522659587
IFN_Gamma_Response,BS_9TXEDSWB,0.728660335555243
IFN_Gamma_Response,BS_9XVACXP0,0.487339920224737
IFN_Gamma_Response,BS_9Y1K14Q5,0.595320317956632
IFN_Gamma_Response,BS_9ZJT0CP0,0.707622358008641
IFN_Gamma_Response,BS_A4PF49V0,0.509150671496992
IFN_Gamma_Response,BS_A6NXR7RC,0.614681452939994
IFN_Gamma_Response,BS_A7Q8G0Y1,0.542587516682679
IFN_Gamma_Response,BS_A8XW5S0W,0.593385401557073
IFN_Gamma_Response,BS_AWH9757B,0.444461355824027
IFN_Gamma_Response,BS_AYSXRQWY,0.599891043730082
IFN_Gamma_Response,BS_AZQM1JJH,0.588973006362149
IFN_Gamma_Response,BS_B1C6GZ84,0.582714846591982
IFN_Gamma_Response,BS_B3MQFFYP,0.667039085592999
IFN_Gamma_Response,BS_B4R7X1KE,0.557204666418935
IFN_Gamma_Response,BS_B57327NA,0.634289705987544
IFN_Gamma_Response,BS_BBAEMXRD,0.53820586453979
IFN_Gamma_Response,BS_BBQ6BHGN,0.506039207693981
IFN_Gamma_Response,BS_BK0HGRXM,0.675886360585151
IFN_Gamma_Response,BS_BMMY0H73,0.588022952268457
IFN_Gamma_Response,BS_C6ZZ3FY5,0.583617966251893
IFN_Gamma_Response,BS_C83TK159,0.520941531727287
IFN_Gamma_Response,BS_CBDQZ8PP,0.54668625711915
IFN_Gamma_Response,BS_CF63VG3S,0.560814461324342
IFN_Gamma_Response,BS_CFD3WHAY,0.595835527558239
IFN_Gamma_Response,BS_CG1RG607,0.674265454081481
IFN_Gamma_Response,BS_CVEDJGHZ,0.712746697259962
IFN_Gamma_Response,BS_CXAQDK7S,0.787506158693575
IFN_Gamma_Response,BS_CZPQ493E,0.571822536909911
IFN_Gamma_Response,BS_D29RPBSZ,0.654799723090149
IFN_Gamma_Response,BS_D4VNDNQA,0.523221953904343
IFN_Gamma_Response,BS_D6J2BGDJ,0.444802169204976
IFN_Gamma_Response,BS_DFGS950G,0.570540682470761
IFN_Gamma_Response,BS_DNZVP92S,0.543885065950288
IFN_Gamma_Response,BS_DR079H0D,0.480358432265808
IFN_Gamma_Response,BS_DS438CXE,0.389916859210327
IFN_Gamma_Response,BS_DSPVSM7D,0.503007477515635
IFN_Gamma_Response,BS_DZNXFPH1,0.663554631268522
IFN_Gamma_Response,BS_E7NVYA6G,0.635510731000229
IFN_Gamma_Response,BS_E9CYN4NP,0.503635118074385
IFN_Gamma_Response,BS_EB0XRBT9,0.59603501946261
IFN_Gamma_Response,BS_EDJ5TV0P,0.490930887297429
IFN_Gamma_Response,BS_EMQM7HTA,0.597965205017091
IFN_Gamma_Response,BS_ENEYB4TG,0.61462364653524
IFN_Gamma_Response,BS_EXPJQZTH,0.738120889981022
IFN_Gamma_Response,BS_EZ3147MX,0.666425810747218
IFN_Gamma_Response,BS_F0JB4EAK,0.4398827756401
IFN_Gamma_Response,BS_F21R36MM,0.579218105279843
IFN_Gamma_Response,BS_F65GWS21,0.57812515774282
IFN_Gamma_Response,BS_F6V1Y4QS,0.562996429405061
IFN_Gamma_Response,BS_F9Y4Z92G,0.493107990964888
IFN_Gamma_Response,BS_FCDAH728,0.632095744705358
IFN_Gamma_Response,BS_FEV5A0HN,0.487722913336177
IFN_Gamma_Response,BS_FGJH1X0S,0.525246904025888
IFN_Gamma_Response,BS_FKASA3MN,0.390619537292018
IFN_Gamma_Response,BS_FN07P04C,0.483165130790762
IFN_Gamma_Response,BS_FX2P2WEG,0.713867221242996
IFN_Gamma_Response,BS_FXJY0MNH,0.661745516421497
IFN_Gamma_Response,BS_FYP2B298,0.639465476487229
IFN_Gamma_Response,BS_G19QZG4S,0.554472125259953
IFN_Gamma_Response,BS_G1E5DATJ,0.610774561464001
IFN_Gamma_Response,BS_G257VSS9,0.478966884965753
IFN_Gamma_Response,BS_G3NN392N,0.633461447208101
IFN_Gamma_Response,BS_G3RJTBZD,0.579434836272605
IFN_Gamma_Response,BS_G5NHSFD4,0.525250319816346
IFN_Gamma_Response,BS_G8TXTX0H,0.549562228926153
IFN_Gamma_Response,BS_GG9W3J9Y,0.473236831144032
IFN_Gamma_Response,BS_GW0GKWMS,0.473846784307487
IFN_Gamma_Response,BS_GWHYM3R4,0.517105597627484
IFN_Gamma_Response,BS_GWSJ4Z9H,0.724461331149712
IFN_Gamma_Response,BS_H5VQJR7X,0.619292563041472
IFN_Gamma_Response,BS_H97S5SQN,0.618235800783348
IFN_Gamma_Response,BS_H9JYKFTV,0.553589423666054
IFN_Gamma_Response,BS_HDHXX8Q7,0.617676234483169
IFN_Gamma_Response,BS_HDPCQETG,0.728684162102172
IFN_Gamma_Response,BS_HJRTC9JQ,0.736387655099712
IFN_Gamma_Response,BS_HJV0J603,0.651632725502225
IFN_Gamma_Response,BS_HRJ9145M,0.656364836672672
IFN_Gamma_Response,BS_HWGWYCY7,0.714192649357332
IFN_Gamma_Response,BS_HZ9AYDCQ,0.688415021048319
IFN_Gamma_Response,BS_J4JY2F3H,0.703016344015768
IFN_Gamma_Response,BS_J6212Y48,0.667073649266396
IFN_Gamma_Response,BS_J6W1RB7A,0.561263675591942
IFN_Gamma_Response,BS_J9CBGP57,0.604041855837471
IFN_Gamma_Response,BS_JB43XBCQ,0.724167333613002
IFN_Gamma_Response,BS_JDSNFYQ0,0.62095215749701
IFN_Gamma_Response,BS_JJVH7WR0,0.598210556426645
IFN_Gamma_Response,BS_JMD386Z2,0.656866436666136
IFN_Gamma_Response,BS_JP95KMRD,0.67808787107218
IFN_Gamma_Response,BS_JQGJQ2QZ,0.548226894731923
IFN_Gamma_Response,BS_JQVAWTTM,0.604190912310559
IFN_Gamma_Response,BS_JQXHHK0K,0.658389038122762
IFN_Gamma_Response,BS_JRYJGYC4,0.537680043899562
IFN_Gamma_Response,BS_JS95PE0J,0.644110387580549
IFN_Gamma_Response,BS_JTWNJ8T7,0.46647763923885
IFN_Gamma_Response,BS_JVW2JJ39,0.450637662599234
IFN_Gamma_Response,BS_K0X3PZGN,0.853037684126178
IFN_Gamma_Response,BS_K17VQECG,0.745322268693034
IFN_Gamma_Response,BS_K2PCC777,0.747096465373756
IFN_Gamma_Response,BS_K74N1BXQ,0.583074129377394
IFN_Gamma_Response,BS_K81PZXP2,0.683819609260451
IFN_Gamma_Response,BS_K88T8SW7,0.860893989371035
IFN_Gamma_Response,BS_KABQQA0T,0.424567275896923
IFN_Gamma_Response,BS_KBEX4RT2,0.562772814448673
IFN_Gamma_Response,BS_KFD5128N,0.567864675488355
IFN_Gamma_Response,BS_KKDTW11T,0.528275365995945
IFN_Gamma_Response,BS_KP735TJ6,0.453327546659391
IFN_Gamma_Response,BS_KQ6ZW085,0.529353324823171
IFN_Gamma_Response,BS_KRS4EV4X,0.582790088730156
IFN_Gamma_Response,BS_KS8HMGA6,0.639763696700321
IFN_Gamma_Response,BS_KVPWHDR4,0.583046453177181
IFN_Gamma_Response,BS_M0FA190Y,0.550920193888121
IFN_Gamma_Response,BS_M0XGZ53Z,0.449646274291565
IFN_Gamma_Response,BS_M1PVEHCM,0.48164717762868
IFN_Gamma_Response,BS_M54TWTH4,0.597402380479857
IFN_Gamma_Response,BS_M7XB258E,0.687639915435278
IFN_Gamma_Response,BS_M85CXHDV,0.677603630508014
IFN_Gamma_Response,BS_MB7WN0ZB,0.54931339708252
IFN_Gamma_Response,BS_MD0937XT,0.558527826035289
IFN_Gamma_Response,BS_MDBT7S5Z,0.411248468522183
IFN_Gamma_Response,BS_ME6VQGG4,0.643135511900717
IFN_Gamma_Response,BS_MFGZH8FK,0.553449998823302
IFN_Gamma_Response,BS_MG78HQDM,0.346749133608567
IFN_Gamma_Response,BS_MWWZBQ60,0.467333444739853
IFN_Gamma_Response,BS_N6TQBQ8M,0.590681826099828
IFN_Gamma_Response,BS_N7SW36FD,0.698647979047039
IFN_Gamma_Response,BS_N7VQ1GQB,0.609748827114965
IFN_Gamma_Response,BS_NB9XXBW6,0.492661175175246
IFN_Gamma_Response,BS_NEFAASTR,0.612304699235223
IFN_Gamma_Response,BS_NEVYM2FP,0.494177364194424
IFN_Gamma_Response,BS_NFKKDYSV,0.673683561121235
IFN_Gamma_Response,BS_NGSG2KB6,0.715161307875113
IFN_Gamma_Response,BS_NNYXMSTX,0.607378752389501
IFN_Gamma_Response,BS_NPA6CZQF,0.498996941301731
IFN_Gamma_Response,BS_NQ54ST98,0.533970201307919
IFN_Gamma_Response,BS_NR3P3GN2,0.610213940930015
IFN_Gamma_Response,BS_NX1R0BC3,0.599319183860901
IFN_Gamma_Response,BS_P0QF87WC,0.616565370181039
IFN_Gamma_Response,BS_P4PMWFMV,0.549937658746659
IFN_Gamma_Response,BS_P7W3AYKV,0.604381485926573
IFN_Gamma_Response,BS_PENM28KT,0.64091055381232
IFN_Gamma_Response,BS_PJC6FH4Y,0.699284122384142
IFN_Gamma_Response,BS_PS0P3QJ3,0.551706807052346
IFN_Gamma_Response,BS_PXCPK5XS,0.604965617678621
IFN_Gamma_Response,BS_PZVHMSYN,0.549058401858792
IFN_Gamma_Response,BS_Q06J3RYW,0.642302629789188
IFN_Gamma_Response,BS_Q35GFYDR,0.624671612799626
IFN_Gamma_Response,BS_Q9N5PRD5,0.5800264756914
IFN_Gamma_Response,BS_QB84TBA3,0.537653521271721
IFN_Gamma_Response,BS_QGKEP3KB,0.769946627153671
IFN_Gamma_Response,BS_QH0VYVJK,0.635756910770494
IFN_Gamma_Response,BS_QHY302E8,0.578508058287415
IFN_Gamma_Response,BS_QMBS32Y2,0.520224147175174
IFN_Gamma_Response,BS_QNNX91SM,0.636278000790192
IFN_Gamma_Response,BS_QY2G1JZJ,0.554924619335339
IFN_Gamma_Response,BS_QYA4TQXX,0.551168807086008
IFN_Gamma_Response,BS_R5JQE0VJ,0.472592490342357
IFN_Gamma_Response,BS_R5SNFB5B,0.542374280985318
IFN_Gamma_Response,BS_R9B92M75,0.512787626926591
IFN_Gamma_Response,BS_RHAWQJ48,0.625544278128922
IFN_Gamma_Response,BS_RHM60031,0.591197412287731
IFN_Gamma_Response,BS_RJC3WDD6,0.369657122077995
IFN_Gamma_Response,BS_RN0VAY51,0.558633259758746
IFN_Gamma_Response,BS_RX1YTZ7F,0.516689480191554
IFN_Gamma_Response,BS_RZBFH1QF,0.472915858440699
IFN_Gamma_Response,BS_S2TA8R29,0.6071247396864
IFN_Gamma_Response,BS_S3C2PZAH,0.604148309804777
IFN_Gamma_Response,BS_S3MET0JZ,0.592142052040047
IFN_Gamma_Response,BS_S4V9E1XJ,0.613471535041569
IFN_Gamma_Response,BS_S5P8VTN5,0.570272746151277
IFN_Gamma_Response,BS_S6B9DVNS,0.437326622521899
IFN_Gamma_Response,BS_S6S7SK3P,0.489697920690147
IFN_Gamma_Response,BS_S8K878T3,0.791826260275022
IFN_Gamma_Response,BS_SBMAM00V,0.532016043593055
IFN_Gamma_Response,BS_SBMCD7XZ,0.623863085947906
IFN_Gamma_Response,BS_SD0EMK7Y,0.533786610391978
IFN_Gamma_Response,BS_SD8YBRBR,0.386501341583414
IFN_Gamma_Response,BS_SERDGASJ,0.648823243325416
IFN_Gamma_Response,BS_SJVTZ5TH,0.573883662655048
IFN_Gamma_Response,BS_SMWQR2F1,0.638378318702474
IFN_Gamma_Response,BS_SNVM7CZT,0.700780213794691
IFN_Gamma_Response,BS_SR2RGDXJ,0.606515208479977
IFN_Gamma_Response,BS_SW9Z10F9,0.671337643453647
IFN_Gamma_Response,BS_SY3J3XR9,0.50364163074176
IFN_Gamma_Response,BS_T1YHK6B7,0.694380553489383
IFN_Gamma_Response,BS_T2F48Z4E,0.723957669975717
IFN_Gamma_Response,BS_T9A8JJW5,0.540575597705017
IFN_Gamma_Response,BS_TASG32Z2,0.574055235297235
IFN_Gamma_Response,BS_TGS109T3,0.612038187901655
IFN_Gamma_Response,BS_TM9MH0RP,0.580588838733315
IFN_Gamma_Response,BS_TR2P8KRF,0.57547093690258
IFN_Gamma_Response,BS_TRKH2SPE,0.498586654518977
IFN_Gamma_Response,BS_TRPXB3AV,0.592437412317616
IFN_Gamma_Response,BS_TTDNZTZ0,0.769657826145132
IFN_Gamma_Response,BS_TTE04ZP8,0.59371052493285
IFN_Gamma_Response,BS_TV5B86ZD,0.50877984577775
IFN_Gamma_Response,BS_TVH33J9Q,0.606748978479106
IFN_Gamma_Response,BS_TXZ7KHTQ,0.636549648823689
IFN_Gamma_Response,BS_V0DQFC75,0.603765652627801
IFN_Gamma_Response,BS_V3Z3DB4N,0.517507568943194
IFN_Gamma_Response,BS_V558NW3Q,0.654589490483481
IFN_Gamma_Response,BS_V6RSB5HQ,0.48659532474098
IFN_Gamma_Response,BS_V8QWBVS3,0.780239135690834
IFN_Gamma_Response,BS_VBMRQK4F,0.554866908604768
IFN_Gamma_Response,BS_VDFXXMEX,0.517700298508586
IFN_Gamma_Response,BS_VF3NVT4G,0.58008323455899
IFN_Gamma_Response,BS_VKH87DD2,0.659384949748671
IFN_Gamma_Response,BS_VKHJG2B8,0.591513047076858
IFN_Gamma_Response,BS_VKYEM67A,0.64414024756268
IFN_Gamma_Response,BS_VMQMGSJY,0.569508511231608
IFN_Gamma_Response,BS_VVTHDRBD,0.54022279175695
IFN_Gamma_Response,BS_W1385R8Y,0.653117138490045
IFN_Gamma_Response,BS_W4DB5RP1,0.545116752161967
IFN_Gamma_Response,BS_W7MFJZ5A,0.668903155492009
IFN_Gamma_Response,BS_WBVSK3MP,0.442573907413695
IFN_Gamma_Response,BS_WEKK6SHP,0.580760157468892
IFN_Gamma_Response,BS_WHBEXD5H,0.724044656885023
IFN_Gamma_Response,BS_WQ1YRTAT,0.430420204561697
IFN_Gamma_Response,BS_WTJEDTZC,0.566744725078096
IFN_Gamma_Response,BS_WVRX4C9Z,0.680672374978695
IFN_Gamma_Response,BS_X0XXN9BK,0.674721183695256
IFN_Gamma_Response,BS_X1G0TKP4,0.581227720097286
IFN_Gamma_Response,BS_X20JCR4H,0.580342797923098
IFN_Gamma_Response,BS_X23724NJ,0.606587081864488
IFN_Gamma_Response,BS_X3HR4Z21,0.613347533937748
IFN_Gamma_Response,BS_X4DD4KSZ,0.765770341579986
IFN_Gamma_Response,BS_X4X1SFSE,0.544101548639409
IFN_Gamma_Response,BS_XG0DBWVT,0.442115522407684
IFN_Gamma_Response,BS_XGDPK33A,0.592934935942859
IFN_Gamma_Response,BS_XM1AHBDJ,0.521401011213693
IFN_Gamma_Response,BS_XQ5SFW35,0.599169652934346
IFN_Gamma_Response,BS_XQXXBWPD,0.643406204049828
IFN_Gamma_Response,BS_XYVCMF4A,0.512236760032356
IFN_Gamma_Response,BS_XZM79E42,0.565126987057097
IFN_Gamma_Response,BS_YA0KMBRT,0.629207544729645
IFN_Gamma_Response,BS_YDEVMD24,0.474411646952034
IFN_Gamma_Response,BS_YMKQT5V0,0.694110656879978
IFN_Gamma_Response,BS_YR12D1ZY,0.571277832452446
IFN_Gamma_Response,BS_YSZRQ95C,0.579575837126221
IFN_Gamma_Response,BS_YTWEM5SG,0.717510804375333
IFN_Gamma_Response,BS_YZ2QFDAN,0.655662714907021
IFN_Gamma_Response,BS_Z0ZPD9S9,0.62606644290487
IFN_Gamma_Response,BS_Z3RCA1T9,0.709575138200229
IFN_Gamma_Response,BS_Z8F3GM85,0.696162647018734
IFN_Gamma_Response,BS_ZD5HN296,0.681797268689928
IFN_Gamma_Response,BS_ZF6BSFNF,0.563665507457479
IFN_Gamma_Response,BS_ZM97KKXE,0.681894336642195
IFN_Gamma_Response,BS_ZV1P6W9C,0.514277113555592
IFN_Gamma_Response,BS_ZVM8CAB0,0.844301759250529
IFN_Gamma_Response,BS_ZZWMD6FA,0.622083877815869
IFN_Gamma_Response,BS_06AMMCXR,0.646225733441191
IFN_Gamma_Response,BS_08TWG4K0,0.877383599768501
IFN_Gamma_Response,BS_1DECYC4K,0.589544797652212
IFN_Gamma_Response,BS_2A5R9D97,0.595183146863989
IFN_Gamma_Response,BS_3VJ0CA6A,0.601767133148158
IFN_Gamma_Response,BS_3XYJBBHQ,0.710153240723284
IFN_Gamma_Response,BS_4C4MZ4NT,0.5776562163198
IFN_Gamma_Response,BS_4PPHAQXF,0.605620069157237
IFN_Gamma_Response,BS_4SMPV083,0.662531221298057
IFN_Gamma_Response,BS_A76PNWQS,0.595218396203997
IFN_Gamma_Response,BS_BZCTXEPJ,0.677493109762863
IFN_Gamma_Response,BS_CB6VK7PB,0.643739501894716
IFN_Gamma_Response,BS_ED8G98XT,0.544089057238637
IFN_Gamma_Response,BS_FCX6DZ0J,0.720801255611431
IFN_Gamma_Response,BS_FYRDYBMZ,0.536470993182656
IFN_Gamma_Response,BS_H1XPVS9A,0.660007955393246
IFN_Gamma_Response,BS_QRNSKFMS,0.578876905995227
IFN_Gamma_Response,BS_R13X6TMW,0.569336933765094
IFN_Gamma_Response,BS_RJMJ935A,0.697381590869194
IFN_Gamma_Response,BS_RWJZFTP9,0.560480929612456
IFN_Gamma_Response,BS_S20SP0WW,0.672179335606173
IFN_Gamma_Response,BS_SB12W1XT,0.580246758071396
IFN_Gamma_Response,BS_T0MXH2CA,0.574251248941452
IFN_Gamma_Response,BS_T1W4JA94,0.550847696893314
IFN_Gamma_Response,BS_T289QKBV,0.636535719535213
IFN_Gamma_Response,BS_T3H5AY8A,0.678397220704555
IFN_Gamma_Response,BS_TVV122JG,0.566171130492538
IFN_Gamma_Response,BS_VW85Q4XJ,0.662414235955013
IFN_Gamma_Response,BS_W97QQYKQ,0.764532188148339
IFN_Gamma_Response,BS_WYMX429C,0.680759394336886
IFN_Gamma_Response,BS_YR1XY6SF,0.568461400659501
IFN_Gamma_Response,BS_014EVM2D,0.739804029387137
IFN_Gamma_Response,BS_044XZ8ST,0.561612647761318
IFN_Gamma_Response,BS_063ERW0R,0.46118569343187
IFN_Gamma_Response,BS_0D5VRAKC,0.637569137328726
IFN_Gamma_Response,BS_0J9SHHSC,0.611884642546479
IFN_Gamma_Response,BS_0SCXXM6N,0.681317608662692
IFN_Gamma_Response,BS_0TDWG2CV,0.737199894957426
IFN_Gamma_Response,BS_0WVJYM9R,0.541382567766403
IFN_Gamma_Response,BS_0X9EGHY2,0.506338322067111
IFN_Gamma_Response,BS_0Y5J2AQ4,0.575271102325561
IFN_Gamma_Response,BS_13CGKADW,0.50033041895981
IFN_Gamma_Response,BS_166N7SZQ,0.627556104320547
IFN_Gamma_Response,BS_17WYVEEC,0.491812710842973
IFN_Gamma_Response,BS_1G3WYEN3,0.530237544848147
IFN_Gamma_Response,BS_1HYS8CSC,0.638476545023205
IFN_Gamma_Response,BS_1JDG6JV5,0.615420861498888
IFN_Gamma_Response,BS_1KYGSMA7,0.7334151646534
IFN_Gamma_Response,BS_1N76FQZY,0.568287792065563
IFN_Gamma_Response,BS_1NPD7PVG,0.56071945169704
IFN_Gamma_Response,BS_1Z9AX9JS,0.613311529431335
IFN_Gamma_Response,BS_1ZVXF5FE,0.540252996805198
IFN_Gamma_Response,BS_21RE8W46,0.537509009673522
IFN_Gamma_Response,BS_24AHZ9ZW,0.607924268913135
IFN_Gamma_Response,BS_2720P44V,0.702393273099308
IFN_Gamma_Response,BS_27FYYPJG,0.554880915037595
IFN_Gamma_Response,BS_29TRQXWM,0.589986014046407
IFN_Gamma_Response,BS_2ADZNNV4,0.573500504025631
IFN_Gamma_Response,BS_2EMW8ZG3,0.580618002463131
IFN_Gamma_Response,BS_2K3FVT86,0.682282681453187
IFN_Gamma_Response,BS_2KJ2YAZR,0.580723887027329
IFN_Gamma_Response,BS_2QCQYY6M,0.596657402314366
IFN_Gamma_Response,BS_2WPQ8YCW,0.60856697507192
IFN_Gamma_Response,BS_2XM08BFY,0.614248209497918
IFN_Gamma_Response,BS_2YCJV2VV,0.538980310524591
IFN_Gamma_Response,BS_304SPN6B,0.590606306708397
IFN_Gamma_Response,BS_33AQSPRP,0.611289658911011
IFN_Gamma_Response,BS_3G3KWY18,0.584420162870126
IFN_Gamma_Response,BS_3GAN6Q43,0.664190793718116
IFN_Gamma_Response,BS_3P20Q2C3,0.450249366940676
IFN_Gamma_Response,BS_3PYESPHA,0.489304584042142
IFN_Gamma_Response,BS_3Q0GTSYH,0.515290692484961
IFN_Gamma_Response,BS_3TJHY996,0.667179353338493
IFN_Gamma_Response,BS_3XY76V8T,0.602814101923414
IFN_Gamma_Response,BS_3Y2X2RBJ,0.682313142111067
IFN_Gamma_Response,BS_401R3KV0,0.567814057548234
IFN_Gamma_Response,BS_42DY6WS7,0.541109301075507
IFN_Gamma_Response,BS_42Y3YANN,0.602651543675371
IFN_Gamma_Response,BS_470DYRJQ,0.612393556680716
IFN_Gamma_Response,BS_47SJZ3PH,0.598311589920553
IFN_Gamma_Response,BS_49852ZBH,0.597565499747372
IFN_Gamma_Response,BS_4A45GGSW,0.554863730383691
IFN_Gamma_Response,BS_4BWB0FA0,0.6208493515496
IFN_Gamma_Response,BS_4CXE5XEP,0.659451318557839
IFN_Gamma_Response,BS_4HQ3T2NC,0.552838522117625
IFN_Gamma_Response,BS_4N1GNHX4,0.639430326753005
IFN_Gamma_Response,BS_4NF35AF6,0.515867879517165
IFN_Gamma_Response,BS_4TZQY7TT,0.766919764379604
IFN_Gamma_Response,BS_4Y6BCYK5,0.524572047178457
IFN_Gamma_Response,BS_4Z2F4P9N,0.590759618795839
IFN_Gamma_Response,BS_503DZ8BN,0.830015526745888
IFN_Gamma_Response,BS_52426AMF,0.627776610945371
IFN_Gamma_Response,BS_52DAPP1Y,0.543362850151053
IFN_Gamma_Response,BS_534XRSNB,0.55255721902093
IFN_Gamma_Response,BS_53GQKVEX,0.556801143948854
IFN_Gamma_Response,BS_54H90JW2,0.702722519699797
IFN_Gamma_Response,BS_55P8HPYD,0.562707244719217
IFN_Gamma_Response,BS_55X1W2MR,0.71472241089903
IFN_Gamma_Response,BS_57NMZPS0,0.521612041699818
IFN_Gamma_Response,BS_593HEWBF,0.551870918849408
IFN_Gamma_Response,BS_5J5D3QTD,0.656346300478097
IFN_Gamma_Response,BS_5K3R0F5D,0.494593034668664
IFN_Gamma_Response,BS_5NWDARXG,0.661485088051504
IFN_Gamma_Response,BS_5PEFNDCY,0.573612901052699
IFN_Gamma_Response,BS_5PV5N4HQ,0.53106801916672
IFN_Gamma_Response,BS_5YJEPPTP,0.573201138409653
IFN_Gamma_Response,BS_5YYCP891,0.708980110432513
IFN_Gamma_Response,BS_66ABA973,0.513910607454143
IFN_Gamma_Response,BS_66HQ3E4Z,0.542961657343686
IFN_Gamma_Response,BS_680K119G,0.559225941285026
IFN_Gamma_Response,BS_68BW2163,0.488220159896826
IFN_Gamma_Response,BS_699TN5RN,0.719351099156016
IFN_Gamma_Response,BS_6HXD39AM,0.741276213637321
IFN_Gamma_Response,BS_6N3AFF66,0.53701702386327
IFN_Gamma_Response,BS_6TSAVMT9,0.586257787954742
IFN_Gamma_Response,BS_6VF6VPCG,0.61196676630212
IFN_Gamma_Response,BS_769BDPDB,0.71095087385722
IFN_Gamma_Response,BS_76DRXZRJ,0.671800117642092
IFN_Gamma_Response,BS_775HDFNY,0.58582768368864
IFN_Gamma_Response,BS_7H4RFCW9,0.723374364905775
IFN_Gamma_Response,BS_7M3FNSYK,0.581818032075917
IFN_Gamma_Response,BS_7MGXMG6S,0.594324713543796
IFN_Gamma_Response,BS_7N0B2CY1,0.454477667519084
IFN_Gamma_Response,BS_7P83Z28P,0.552719491002361
IFN_Gamma_Response,BS_7Z93ZYMS,0.636678468274501
IFN_Gamma_Response,BS_880ESDFZ,0.53398729794656
IFN_Gamma_Response,BS_8BF616QR,0.606382499751419
IFN_Gamma_Response,BS_8J3B6ZB6,0.609232591977716
IFN_Gamma_Response,BS_8QJ43WKW,0.652848678764525
IFN_Gamma_Response,BS_8RCR7Y4B,0.610576430301674
IFN_Gamma_Response,BS_8VAZSJEN,0.579556541631973
IFN_Gamma_Response,BS_92HCM7BN,0.653221935477691
IFN_Gamma_Response,BS_94MT16N2,0.56197044832785
IFN_Gamma_Response,BS_9BJARSX3,0.684100213119841
IFN_Gamma_Response,BS_9F09XV62,0.496773750983162
IFN_Gamma_Response,BS_9HSGV9TJ,0.694092081274432
IFN_Gamma_Response,BS_9JBX2E8G,0.56149047188479
IFN_Gamma_Response,BS_9P9MB8X8,0.589302928650252
IFN_Gamma_Response,BS_9Q6Z6VJC,0.569031123792714
IFN_Gamma_Response,BS_9S7AG4EN,0.532272806658186
IFN_Gamma_Response,BS_9SJWWYQ4,0.49919727934226
IFN_Gamma_Response,BS_9YXH2CZ0,0.634986795281968
IFN_Gamma_Response,BS_A13BMEF5,0.575946540147529
IFN_Gamma_Response,BS_A1VEGWTR,0.479627083734895
IFN_Gamma_Response,BS_A46RDWGM,0.469170832343766
IFN_Gamma_Response,BS_A96FKXN5,0.583341307994301
IFN_Gamma_Response,BS_AGVWD5K8,0.609685764713761
IFN_Gamma_Response,BS_AM0BZ61K,0.621817395831006
IFN_Gamma_Response,BS_AP0SZ364,0.624267625835736
IFN_Gamma_Response,BS_ATHSTZ5R,0.606481889385675
IFN_Gamma_Response,BS_AW7J9F9R,0.585870901989401
IFN_Gamma_Response,BS_B0SVFK4P,0.683708380415541
IFN_Gamma_Response,BS_B3M5SGPA,0.567054979282147
IFN_Gamma_Response,BS_B5JM6T8K,0.599677729268584
IFN_Gamma_Response,BS_B6JKQFKA,0.574866213193211
IFN_Gamma_Response,BS_B7GEH89C,0.575078424584605
IFN_Gamma_Response,BS_B7X8VXQ3,0.509515955793029
IFN_Gamma_Response,BS_BANCTAV6,0.523313193249332
IFN_Gamma_Response,BS_BC936YNZ,0.626306489213572
IFN_Gamma_Response,BS_BGRPWBNG,0.698709488583891
IFN_Gamma_Response,BS_BJBM0BN7,0.685287152948621
IFN_Gamma_Response,BS_BKQZ550R,0.586284015240272
IFN_Gamma_Response,BS_BN986DF6,0.58348101140816
IFN_Gamma_Response,BS_BNECCX4D,0.65794024097354
IFN_Gamma_Response,BS_BPSTSCBJ,0.661581889929458
IFN_Gamma_Response,BS_BW79W2PD,0.57843332696832
IFN_Gamma_Response,BS_C0NEVC2B,0.670046607955769
IFN_Gamma_Response,BS_C51RB0YR,0.620080300402446
IFN_Gamma_Response,BS_C6SKJG3N,0.573825803485163
IFN_Gamma_Response,BS_CC6RREE4,0.756909941956118
IFN_Gamma_Response,BS_CGB2WS2A,0.488545748064363
IFN_Gamma_Response,BS_CKX8RW1J,0.657585053216864
IFN_Gamma_Response,BS_CMDJJQ7K,0.672304247991493
IFN_Gamma_Response,BS_CTR5X93B,0.603707438345071
IFN_Gamma_Response,BS_CVGFNCBJ,0.468456539429882
IFN_Gamma_Response,BS_D3YBV7KB,0.625875335459927
IFN_Gamma_Response,BS_DEHJF4C7,0.636926619162255
IFN_Gamma_Response,BS_DMJHAG9X,0.645967213438334
IFN_Gamma_Response,BS_DMZP9G1H,0.443983841985707
IFN_Gamma_Response,BS_DPF1CX0G,0.532642374318583
IFN_Gamma_Response,BS_DSS3S5XD,0.632088416122706
IFN_Gamma_Response,BS_DV86M0Y7,0.542052138270234
IFN_Gamma_Response,BS_E2DEWCSK,0.614131399529022
IFN_Gamma_Response,BS_E3EJHXQV,0.671974293531729
IFN_Gamma_Response,BS_E4GC9EXR,0.658933348924478
IFN_Gamma_Response,BS_E94QRJDW,0.621300492466287
IFN_Gamma_Response,BS_EBMCTR80,0.569115474366031
IFN_Gamma_Response,BS_EFEZB0ZH,0.660983326751291
IFN_Gamma_Response,BS_EHVYJAVA,0.531146573908196
IFN_Gamma_Response,BS_EMAJ7P3P,0.605058261803419
IFN_Gamma_Response,BS_ET8CJXSF,0.502626965855848
IFN_Gamma_Response,BS_EXGBH3TD,0.579955043326227
IFN_Gamma_Response,BS_EYSS0ZDS,0.600725449817061
IFN_Gamma_Response,BS_F1K9QTBS,0.710064251333077
IFN_Gamma_Response,BS_F77MGAQT,0.650084398572611
IFN_Gamma_Response,BS_F8N6CFQE,0.585521566982556
IFN_Gamma_Response,BS_FAQQ0GCQ,0.706119267984843
IFN_Gamma_Response,BS_FJWZ3M7V,0.592235064799703
IFN_Gamma_Response,BS_FJZPQZ2C,0.633094186396737
IFN_Gamma_Response,BS_FR42HY0Z,0.580708219061419
IFN_Gamma_Response,BS_FX4WKR2R,0.53595861394458
IFN_Gamma_Response,BS_FZ62GZGV,0.62353641220053
IFN_Gamma_Response,BS_G1DAGKSY,0.544829255377932
IFN_Gamma_Response,BS_G5QBBHDV,0.608137390435875
IFN_Gamma_Response,BS_G7AGNB5G,0.486350505685178
IFN_Gamma_Response,BS_G9XE3N9T,0.486949214062758
IFN_Gamma_Response,BS_GCA4GET3,0.49534241580773
IFN_Gamma_Response,BS_GHNJ4CYC,0.537157588827681
IFN_Gamma_Response,BS_GPEGRCCT,0.662301710640956
IFN_Gamma_Response,BS_GTZCFGRZ,0.596371427152299
IFN_Gamma_Response,BS_GYA4V1RD,0.51591792736575
IFN_Gamma_Response,BS_GYXSDZ56,0.641441079224533
IFN_Gamma_Response,BS_H08FEN68,0.549019798750525
IFN_Gamma_Response,BS_H0WF1WHE,0.598121519272117
IFN_Gamma_Response,BS_H3FE3TH9,0.607190881979356
IFN_Gamma_Response,BS_H8A9PSYA,0.572737420939054
IFN_Gamma_Response,BS_H9EX5WX3,0.608602260564677
IFN_Gamma_Response,BS_HC5M8JTC,0.665509772235486
IFN_Gamma_Response,BS_HM0R6SXQ,0.740409953711953
IFN_Gamma_Response,BS_HNMQ7488,0.660448161186727
IFN_Gamma_Response,BS_HQ5BJ6MW,0.626426933573086
IFN_Gamma_Response,BS_HQDXQ5Y4,0.567779730385899
IFN_Gamma_Response,BS_HSHN8PBB,0.670343365636914
IFN_Gamma_Response,BS_HSTNFPKW,0.62472765252038
IFN_Gamma_Response,BS_HV8PFRBR,0.57253259271737
IFN_Gamma_Response,BS_J5H5VXWY,0.77224946001787
IFN_Gamma_Response,BS_J9M83K8T,0.661883926915255
IFN_Gamma_Response,BS_JFVB9KXB,0.649227788056505
IFN_Gamma_Response,BS_JGKZ54SA,0.653895400534497
IFN_Gamma_Response,BS_JH29M4KG,0.669236996529383
IFN_Gamma_Response,BS_JKXA3FQC,0.529168019626436
IFN_Gamma_Response,BS_JMHG7GCN,0.568977170464285
IFN_Gamma_Response,BS_JVA2NQFF,0.575713106081247
IFN_Gamma_Response,BS_JWSR581E,0.598923611000593
IFN_Gamma_Response,BS_K57A4A9D,0.550513916509028
IFN_Gamma_Response,BS_K5802F84,0.464039695395527
IFN_Gamma_Response,BS_K7MVS0Z7,0.532346987958552
IFN_Gamma_Response,BS_K838XW6V,0.618515514541277
IFN_Gamma_Response,BS_M4NVX721,0.581605587504378
IFN_Gamma_Response,BS_M4TTKPNR,0.622348942516642
IFN_Gamma_Response,BS_M8M56Z4Y,0.620764095013622
IFN_Gamma_Response,BS_M8WP5T16,0.653569131036973
IFN_Gamma_Response,BS_MBSTWZA6,0.61318213095849
IFN_Gamma_Response,BS_MF9X3PKH,0.616484662616228
IFN_Gamma_Response,BS_MH8RAG4A,0.740407607981378
IFN_Gamma_Response,BS_MX92FD6D,0.591901825557793
IFN_Gamma_Response,BS_MY9D8XZ1,0.583283340126678
IFN_Gamma_Response,BS_N1E0H8YQ,0.579054332451787
IFN_Gamma_Response,BS_N210XMKR,0.579237570518543
IFN_Gamma_Response,BS_N6NE6B3W,0.394060656446233
IFN_Gamma_Response,BS_N87X1T8T,0.657921653678262
IFN_Gamma_Response,BS_NB5XWMJT,0.664636707037407
IFN_Gamma_Response,BS_NBZNAG7Q,0.690448666636018
IFN_Gamma_Response,BS_NG9X6SJA,0.630495458341684
IFN_Gamma_Response,BS_NKEAAFMW,0.402092090088874
IFN_Gamma_Response,BS_NPQJ20KX,0.529757629769062
IFN_Gamma_Response,BS_NQB91P48,0.566082294581523
IFN_Gamma_Response,BS_NRFQEQKP,0.543330748995815
IFN_Gamma_Response,BS_NRPG5K4K,0.58900685669914
IFN_Gamma_Response,BS_NS7GSHB9,0.586401000194476
IFN_Gamma_Response,BS_NT9NZYFD,0.541005345011977
IFN_Gamma_Response,BS_NY5T05AK,0.637427680071509
IFN_Gamma_Response,BS_P2Y2NANM,0.637292456336591
IFN_Gamma_Response,BS_PDVD0GCM,0.6139650811072
IFN_Gamma_Response,BS_PEP9NZXN,0.503889125770084
IFN_Gamma_Response,BS_PQ7CQFYR,0.533665664092571
IFN_Gamma_Response,BS_PRCG6W20,0.70870564448938
IFN_Gamma_Response,BS_Q2PBFNDF,0.621542168408072
IFN_Gamma_Response,BS_Q3TBCK4V,0.548726028498634
IFN_Gamma_Response,BS_Q6VH5GJ8,0.576961348366591
IFN_Gamma_Response,BS_Q79NP5YY,0.627154572708199
IFN_Gamma_Response,BS_QBMW69AM,0.607420030506246
IFN_Gamma_Response,BS_QH82PBMB,0.582957409658099
IFN_Gamma_Response,BS_QTSXW7DA,0.576429536176276
IFN_Gamma_Response,BS_QV51J756,0.480205777428401
IFN_Gamma_Response,BS_R244Z0WX,0.603619009691263
IFN_Gamma_Response,BS_R3AJB6VS,0.676718238127162
IFN_Gamma_Response,BS_R7V8BC98,0.587774030205866
IFN_Gamma_Response,BS_R9CKW9DY,0.757318281406838
IFN_Gamma_Response,BS_RAQFEB0S,0.61049852198505
IFN_Gamma_Response,BS_RARBBY7C,0.690084675164651
IFN_Gamma_Response,BS_RGSMX7QD,0.510998827323019
IFN_Gamma_Response,BS_RMT7ABN6,0.629269965111505
IFN_Gamma_Response,BS_RNANA568,0.641623546433124
IFN_Gamma_Response,BS_RPJ1EPHA,0.613227496593738
IFN_Gamma_Response,BS_RRAEQZ97,0.584990548448026
IFN_Gamma_Response,BS_RVSEDNJ4,0.515566310307218
IFN_Gamma_Response,BS_S1KK7XRH,0.638838422960032
IFN_Gamma_Response,BS_S458NMKH,0.578086353445385
IFN_Gamma_Response,BS_S50KQEXV,0.565262633710048
IFN_Gamma_Response,BS_SDA4RMMG,0.483673837663672
IFN_Gamma_Response,BS_SDZY6RZ3,0.581624159276166
IFN_Gamma_Response,BS_SFKZSJN1,0.514831069412192
IFN_Gamma_Response,BS_SH2S6SFN,0.652542343364014
IFN_Gamma_Response,BS_SHMC4902,0.566045375004382
IFN_Gamma_Response,BS_SJ0HXCD0,0.659035031383911
IFN_Gamma_Response,BS_SQX5E15Z,0.671020412077864
IFN_Gamma_Response,BS_SW8C9Y5Y,0.655050922306951
IFN_Gamma_Response,BS_SXRS2P6T,0.665680063218041
IFN_Gamma_Response,BS_T0RKFEKR,0.644003644323156
IFN_Gamma_Response,BS_T2QPMZCM,0.454078786965224
IFN_Gamma_Response,BS_T4JFN54G,0.644025286396625
IFN_Gamma_Response,BS_T5P5ME9M,0.633290862295443
IFN_Gamma_Response,BS_TDJXQBVY,0.718153861285163
IFN_Gamma_Response,BS_TG93XC55,0.452202429683941
IFN_Gamma_Response,BS_TRZZRYKF,0.595755039235529
IFN_Gamma_Response,BS_TV80600R,0.594811941844208
IFN_Gamma_Response,BS_TWFDEMBZ,0.634771176296119
IFN_Gamma_Response,BS_V2G1YE8R,0.649449475609495
IFN_Gamma_Response,BS_V33RCK1Y,0.566306931427048
IFN_Gamma_Response,BS_V3REENH9,0.672501892950933
IFN_Gamma_Response,BS_V72GX2AZ,0.624252637451517
IFN_Gamma_Response,BS_V7BZ049H,0.624969561956802
IFN_Gamma_Response,BS_V89HGTET,0.641532926277588
IFN_Gamma_Response,BS_VARR255N,0.661050787258195
IFN_Gamma_Response,BS_VMMJYN8Z,0.505157041265357
IFN_Gamma_Response,BS_VTYNWK05,0.648041068150075
IFN_Gamma_Response,BS_VZWXGYT2,0.668547152408313
IFN_Gamma_Response,BS_WRQHPSXQ,0.443267196564646
IFN_Gamma_Response,BS_WVS02TZK,0.585531542895091
IFN_Gamma_Response,BS_X16PENSA,0.621500056644646
IFN_Gamma_Response,BS_X2EDW2ZB,0.740222505671363
IFN_Gamma_Response,BS_X5DFR216,0.657674136271682
IFN_Gamma_Response,BS_X6GFVDVA,0.62300062471603
IFN_Gamma_Response,BS_X91K8KMG,0.674039888056499
IFN_Gamma_Response,BS_XGSA3GQE,0.555355253249318
IFN_Gamma_Response,BS_XKKB4MZV,0.526934726238055
IFN_Gamma_Response,BS_Y0PCBNJV,0.541515696453369
IFN_Gamma_Response,BS_Y274AC0H,0.635668027595837
IFN_Gamma_Response,BS_Y7H24JZG,0.696862206009026
IFN_Gamma_Response,BS_Y7W8BR6B,0.622358399717739
IFN_Gamma_Response,BS_YASWHXJC,0.673193289494665
IFN_Gamma_Response,BS_YB2RXRHT,0.522290364482055
IFN_Gamma_Response,BS_YCREDZTJ,0.65696978819354
IFN_Gamma_Response,BS_YEQVW4ND,0.577528006287683
IFN_Gamma_Response,BS_YMAJC22S,0.450474037173125
IFN_Gamma_Response,BS_YVEEXAAT,0.706276621877078
IFN_Gamma_Response,BS_YVMEEBKC,0.560319474577386
IFN_Gamma_Response,BS_YWJKHMXV,0.722207434898137
IFN_Gamma_Response,BS_YY5B2XDD,0.580770387583836
IFN_Gamma_Response,BS_YZ2Z1Q6Y,0.520472510867325
IFN_Gamma_Response,BS_Z0AVVB1V,0.59657405466078
IFN_Gamma_Response,BS_Z1A875MW,0.554045669301661
IFN_Gamma_Response,BS_Z6BWR941,0.549100468435333
IFN_Gamma_Response,BS_Z7Y2466H,0.625922822102265
IFN_Gamma_Response,BS_ZHHAM3AN,0.795010214341871
IFN_Gamma_Response,BS_ZHRGDRBW,0.559014496770051
IFN_Gamma_Response,BS_ZJY7Y34M,0.574501860306931
IFN_Gamma_Response,BS_ZN2P8BKH,0.72442919543144
IFN_Gamma_Response,BS_ZTWGFWTX,0.610480484678261
IFN_Gamma_Response,BS_ZV9Z3SY6,0.582895409379611
IFN_Gamma_Response,BS_ZVX2GRD6,0.548075401701061
IFN_Gamma_Response,BS_ZZMYDZJW,0.627268184833306
IFN_Alpha_Response,BS_00FD2KMP,0.622965010522922
IFN_Alpha_Response,BS_028YFYJ6,0.680186717232593
IFN_Alpha_Response,BS_052PZFMK,0.604533796332834
IFN_Alpha_Response,BS_056Q8577,0.776874523052289
IFN_Alpha_Response,BS_08ST21QE,0.751913358722694
IFN_Alpha_Response,BS_0C7VZC0A,0.645617766006873
IFN_Alpha_Response,BS_0S8E7590,0.74906643939502
IFN_Alpha_Response,BS_0VXZCRJS,0.619631425891227
IFN_Alpha_Response,BS_0XEBS3PG,0.637797463062497
IFN_Alpha_Response,BS_0ZA67BBC,0.667196922434143
IFN_Alpha_Response,BS_12G04QJM,0.779145817645519
IFN_Alpha_Response,BS_17ZSMXFH,0.672463073579758
IFN_Alpha_Response,BS_1A6MQ9ZA,0.812812967085735
IFN_Alpha_Response,BS_1D93Z575,0.63782533147281
IFN_Alpha_Response,BS_1EN5V3XW,0.619276272720626
IFN_Alpha_Response,BS_223BM91B,0.773828473024892
IFN_Alpha_Response,BS_25HNKZ79,0.739130676920733
IFN_Alpha_Response,BS_2853394H,0.593205856084096
IFN_Alpha_Response,BS_297H8BT4,0.661180640851029
IFN_Alpha_Response,BS_29X4ZX6Q,0.603938522005286
IFN_Alpha_Response,BS_2A5R9MEJ,0.726030660954094
IFN_Alpha_Response,BS_2ARXK0TD,0.712714727834302
IFN_Alpha_Response,BS_2AV1H5TV,0.664187743258435
IFN_Alpha_Response,BS_2DMBCHNF,0.719912612737239
IFN_Alpha_Response,BS_2EN3X6HB,0.68225542785251
IFN_Alpha_Response,BS_2FEZWH1F,0.758337316523999
IFN_Alpha_Response,BS_2HNXVFAS,0.73305185155035
IFN_Alpha_Response,BS_2JH1QMT1,0.764368029299062
IFN_Alpha_Response,BS_2JP7RBMB,0.623222203687141
IFN_Alpha_Response,BS_2K01T8K6,0.725534527005308
IFN_Alpha_Response,BS_2PDS3MSS,0.780174243943259
IFN_Alpha_Response,BS_2T5PJAW8,0.737368490051078
IFN_Alpha_Response,BS_2WANPFBJ,0.649464927350739
IFN_Alpha_Response,BS_30F3Z9FS,0.807761837748966
IFN_Alpha_Response,BS_30VC3R2Q,0.620602987805141
IFN_Alpha_Response,BS_30YWQ3FY,0.607422545420273
IFN_Alpha_Response,BS_31MBRWC4,0.627284187195471
IFN_Alpha_Response,BS_333KCNDP,0.717270131384553
IFN_Alpha_Response,BS_399RPKC9,0.791951058032224
IFN_Alpha_Response,BS_3AC3SRWH,0.664556832965582
IFN_Alpha_Response,BS_3MS8WVNR,0.716503405789055
IFN_Alpha_Response,BS_3ZPJAK9A,0.648444504616458
IFN_Alpha_Response,BS_45J79YTF,0.581687408449351
IFN_Alpha_Response,BS_49BQS7Z6,0.661692151089653
IFN_Alpha_Response,BS_49CJNZ06,0.619364834288542
IFN_Alpha_Response,BS_4B0BAVTX,0.726005945959639
IFN_Alpha_Response,BS_4BM3F6XJ,0.674652276294269
IFN_Alpha_Response,BS_4C6B11E4,0.820047293125159
IFN_Alpha_Response,BS_4GNN7J8E,0.832086381771056
IFN_Alpha_Response,BS_4KNBXM3C,0.718528960720724
IFN_Alpha_Response,BS_4Q3KRCZT,0.671143172468323
IFN_Alpha_Response,BS_4QW2S1Q8,0.818814551659914
IFN_Alpha_Response,BS_4T0HQ9QF,0.77982382238945
IFN_Alpha_Response,BS_4V42BXBT,0.651978874508736
IFN_Alpha_Response,BS_51RA1PGE,0.714588443545016
IFN_Alpha_Response,BS_52C576HH,0.675921058679609
IFN_Alpha_Response,BS_5965SFPZ,0.746561222726003
IFN_Alpha_Response,BS_5EFYPZT0,0.636243873047907
IFN_Alpha_Response,BS_5G5BD2MD,0.671234708620563
IFN_Alpha_Response,BS_5K95FX4C,0.756377053137961
IFN_Alpha_Response,BS_5KBXD2GQ,0.712563718097498
IFN_Alpha_Response,BS_5PXZ8F7W,0.767407082824338
IFN_Alpha_Response,BS_5VPM0F36,0.825563814770152
IFN_Alpha_Response,BS_62SW4CC5,0.897785536000573
IFN_Alpha_Response,BS_65WPD3DA,0.70118516168757
IFN_Alpha_Response,BS_68KX6A42,0.825554694256931
IFN_Alpha_Response,BS_6DCSD5Y6,0.659224942217152
IFN_Alpha_Response,BS_6H4Q24WA,0.822066550527308
IFN_Alpha_Response,BS_6M2053M0,0.811429719602625
IFN_Alpha_Response,BS_6SY64H5J,0.731441009927693
IFN_Alpha_Response,BS_6VRG1XFB,0.649217098903092
IFN_Alpha_Response,BS_6WP1FHTE,0.762666686874626
IFN_Alpha_Response,BS_7327SDAQ,0.674945306121208
IFN_Alpha_Response,BS_75YRDXET,0.854688329712338
IFN_Alpha_Response,BS_77SBTNPN,0.64417743965458
IFN_Alpha_Response,BS_7AEF4D4G,0.821334376216474
IFN_Alpha_Response,BS_7APCGCVF,0.726268886275179
IFN_Alpha_Response,BS_7GJT4A6A,0.651348891160052
IFN_Alpha_Response,BS_7GKWKGPH,0.774749875257668
IFN_Alpha_Response,BS_7PVJ6Q3D,0.635754775585946
IFN_Alpha_Response,BS_7WKNNRHK,0.675446865421627
IFN_Alpha_Response,BS_84VZX732,0.806080524000217
IFN_Alpha_Response,BS_84XCR9GG,0.68288370313541
IFN_Alpha_Response,BS_8E8JKP01,0.755294140103127
IFN_Alpha_Response,BS_8ERBDF7D,0.682997754997465
IFN_Alpha_Response,BS_8JK9TXH2,0.675282228518899
IFN_Alpha_Response,BS_8VD670NP,0.614883533541322
IFN_Alpha_Response,BS_8YWYN7VH,0.825595346452474
IFN_Alpha_Response,BS_8ZE4Z9G5,0.771546632460377
IFN_Alpha_Response,BS_8ZY4GST0,0.627186786143174
IFN_Alpha_Response,BS_91VYM11A,0.737920239155691
IFN_Alpha_Response,BS_956G6QPJ,0.706400234295202
IFN_Alpha_Response,BS_97M1E2DW,0.67760068443954
IFN_Alpha_Response,BS_9A1YTHFF,0.805898492805151
IFN_Alpha_Response,BS_9B0A62MT,0.713610089218282
IFN_Alpha_Response,BS_9CA93S6D,0.576920969355399
IFN_Alpha_Response,BS_9FHEFJNP,0.737503062370627
IFN_Alpha_Response,BS_9FX3YREK,0.596243850423834
IFN_Alpha_Response,BS_9GJ3DB1H,0.699193370382646
IFN_Alpha_Response,BS_9JPQZQNG,0.699309100111858
IFN_Alpha_Response,BS_9TXEDSWB,0.859378265596809
IFN_Alpha_Response,BS_9XVACXP0,0.609094151377582
IFN_Alpha_Response,BS_9Y1K14Q5,0.73543195565461
IFN_Alpha_Response,BS_9ZJT0CP0,0.787496614282128
IFN_Alpha_Response,BS_A4PF49V0,0.609018216000903
IFN_Alpha_Response,BS_A6NXR7RC,0.71886103068551
IFN_Alpha_Response,BS_A7Q8G0Y1,0.59817352822028
IFN_Alpha_Response,BS_A8XW5S0W,0.655285966157689
IFN_Alpha_Response,BS_AWH9757B,0.544227534334831
IFN_Alpha_Response,BS_AYSXRQWY,0.721172988361723
IFN_Alpha_Response,BS_AZQM1JJH,0.669641999375582
IFN_Alpha_Response,BS_B1C6GZ84,0.7268319924684
IFN_Alpha_Response,BS_B3MQFFYP,0.770470681373152
IFN_Alpha_Response,BS_B4R7X1KE,0.689174736431268
IFN_Alpha_Response,BS_B57327NA,0.776955838072689
IFN_Alpha_Response,BS_BBAEMXRD,0.623936938650544
IFN_Alpha_Response,BS_BBQ6BHGN,0.640713911737889
IFN_Alpha_Response,BS_BK0HGRXM,0.774853171877206
IFN_Alpha_Response,BS_BMMY0H73,0.71024811590698
IFN_Alpha_Response,BS_C6ZZ3FY5,0.720640013134352
IFN_Alpha_Response,BS_C83TK159,0.644193434919748
IFN_Alpha_Response,BS_CBDQZ8PP,0.754295977468131
IFN_Alpha_Response,BS_CF63VG3S,0.684000671498075
IFN_Alpha_Response,BS_CFD3WHAY,0.727892445195787
IFN_Alpha_Response,BS_CG1RG607,0.740738320058758
IFN_Alpha_Response,BS_CVEDJGHZ,0.821094182346466
IFN_Alpha_Response,BS_CXAQDK7S,0.854297314481762
IFN_Alpha_Response,BS_CZPQ493E,0.655585844766152
IFN_Alpha_Response,BS_D29RPBSZ,0.756438813401546
IFN_Alpha_Response,BS_D4VNDNQA,0.65517032024159
IFN_Alpha_Response,BS_D6J2BGDJ,0.571991938892808
IFN_Alpha_Response,BS_DFGS950G,0.774797984750214
IFN_Alpha_Response,BS_DNZVP92S,0.590428463525091
IFN_Alpha_Response,BS_DR079H0D,0.575826265689258
IFN_Alpha_Response,BS_DS438CXE,0.526853058935558
IFN_Alpha_Response,BS_DSPVSM7D,0.616255582607919
IFN_Alpha_Response,BS_DZNXFPH1,0.69678377894436
IFN_Alpha_Response,BS_E7NVYA6G,0.656559317596944
IFN_Alpha_Response,BS_E9CYN4NP,0.686594847805422
IFN_Alpha_Response,BS_EB0XRBT9,0.662617572967163
IFN_Alpha_Response,BS_EDJ5TV0P,0.635090404888829
IFN_Alpha_Response,BS_EMQM7HTA,0.70311635776883
IFN_Alpha_Response,BS_ENEYB4TG,0.719503467514695
IFN_Alpha_Response,BS_EXPJQZTH,0.829731080323227
IFN_Alpha_Response,BS_EZ3147MX,0.840179528618859
IFN_Alpha_Response,BS_F0JB4EAK,0.644552103867791
IFN_Alpha_Response,BS_F21R36MM,0.652277056445181
IFN_Alpha_Response,BS_F65GWS21,0.70545564304137
IFN_Alpha_Response,BS_F6V1Y4QS,0.669882692216934
IFN_Alpha_Response,BS_F9Y4Z92G,0.654297009417536
IFN_Alpha_Response,BS_FCDAH728,0.7912229485386
IFN_Alpha_Response,BS_FEV5A0HN,0.645270312760397
IFN_Alpha_Response,BS_FGJH1X0S,0.651094020387951
IFN_Alpha_Response,BS_FKASA3MN,0.511771794757612
IFN_Alpha_Response,BS_FN07P04C,0.619893511898204
IFN_Alpha_Response,BS_FX2P2WEG,0.672693834450877
IFN_Alpha_Response,BS_FXJY0MNH,0.785276356263099
IFN_Alpha_Response,BS_FYP2B298,0.785110339537924
IFN_Alpha_Response,BS_G19QZG4S,0.68684823643074
IFN_Alpha_Response,BS_G1E5DATJ,0.814927763064988
IFN_Alpha_Response,BS_G257VSS9,0.638799295091875
IFN_Alpha_Response,BS_G3NN392N,0.793654777223254
IFN_Alpha_Response,BS_G3RJTBZD,0.769473944073653
IFN_Alpha_Response,BS_G5NHSFD4,0.647471689129433
IFN_Alpha_Response,BS_G8TXTX0H,0.666963408025817
IFN_Alpha_Response,BS_GG9W3J9Y,0.606051412915671
IFN_Alpha_Response,BS_GW0GKWMS,0.564856099025951
IFN_Alpha_Response,BS_GWHYM3R4,0.614980345408997
IFN_Alpha_Response,BS_GWSJ4Z9H,0.810200557575995
IFN_Alpha_Response,BS_H5VQJR7X,0.7294570296448
IFN_Alpha_Response,BS_H97S5SQN,0.745382515958631
IFN_Alpha_Response,BS_H9JYKFTV,0.606192992384593
IFN_Alpha_Response,BS_HDHXX8Q7,0.744952832435471
IFN_Alpha_Response,BS_HDPCQETG,0.79572902044898
IFN_Alpha_Response,BS_HJRTC9JQ,0.823991550974118
IFN_Alpha_Response,BS_HJV0J603,0.687743141942563
IFN_Alpha_Response,BS_HRJ9145M,0.682686524969558
IFN_Alpha_Response,BS_HWGWYCY7,0.773655195448031
IFN_Alpha_Response,BS_HZ9AYDCQ,0.820016655799429
IFN_Alpha_Response,BS_J4JY2F3H,0.779336906885594
IFN_Alpha_Response,BS_J6212Y48,0.781826428987919
IFN_Alpha_Response,BS_J6W1RB7A,0.664109917482649
IFN_Alpha_Response,BS_J9CBGP57,0.715188416154886
IFN_Alpha_Response,BS_JB43XBCQ,0.793938746273763
IFN_Alpha_Response,BS_JDSNFYQ0,0.737234073316589
IFN_Alpha_Response,BS_JJVH7WR0,0.779957103478021
IFN_Alpha_Response,BS_JMD386Z2,0.794116121860533
IFN_Alpha_Response,BS_JP95KMRD,0.800630957565932
IFN_Alpha_Response,BS_JQGJQ2QZ,0.622720215517575
IFN_Alpha_Response,BS_JQVAWTTM,0.754578521629292
IFN_Alpha_Response,BS_JQXHHK0K,0.786599665459281
IFN_Alpha_Response,BS_JRYJGYC4,0.62372963054187
IFN_Alpha_Response,BS_JS95PE0J,0.76807228046264
IFN_Alpha_Response,BS_JTWNJ8T7,0.647644119821889
IFN_Alpha_Response,BS_JVW2JJ39,0.514005130846044
IFN_Alpha_Response,BS_K0X3PZGN,0.886458894699387
IFN_Alpha_Response,BS_K17VQECG,0.842031264444945
IFN_Alpha_Response,BS_K2PCC777,0.807310707630449
IFN_Alpha_Response,BS_K74N1BXQ,0.717204541085446
IFN_Alpha_Response,BS_K81PZXP2,0.723125308232202
IFN_Alpha_Response,BS_K88T8SW7,0.822487780879429
IFN_Alpha_Response,BS_KABQQA0T,0.578142056960241
IFN_Alpha_Response,BS_KBEX4RT2,0.601084626374834
IFN_Alpha_Response,BS_KFD5128N,0.683875840281547
IFN_Alpha_Response,BS_KKDTW11T,0.740704121393646
IFN_Alpha_Response,BS_KP735TJ6,0.541719636721082
IFN_Alpha_Response,BS_KQ6ZW085,0.669342061273725
IFN_Alpha_Response,BS_KRS4EV4X,0.644118576010361
IFN_Alpha_Response,BS_KS8HMGA6,0.733704878201507
IFN_Alpha_Response,BS_KVPWHDR4,0.68767532073249
IFN_Alpha_Response,BS_M0FA190Y,0.666054207910886
IFN_Alpha_Response,BS_M0XGZ53Z,0.568579766039828
IFN_Alpha_Response,BS_M1PVEHCM,0.64642617555371
IFN_Alpha_Response,BS_M54TWTH4,0.7223091455294
IFN_Alpha_Response,BS_M7XB258E,0.736823270334439
IFN_Alpha_Response,BS_M85CXHDV,0.705524007832111
IFN_Alpha_Response,BS_MB7WN0ZB,0.619681424134066
IFN_Alpha_Response,BS_MD0937XT,0.686301995067976
IFN_Alpha_Response,BS_MDBT7S5Z,0.534615602581038
IFN_Alpha_Response,BS_ME6VQGG4,0.761835280483248
IFN_Alpha_Response,BS_MFGZH8FK,0.682250629381013
IFN_Alpha_Response,BS_MG78HQDM,0.484955285681141
IFN_Alpha_Response,BS_MWWZBQ60,0.589073253185238
IFN_Alpha_Response,BS_N6TQBQ8M,0.742800160776416
IFN_Alpha_Response,BS_N7SW36FD,0.829991986769618
IFN_Alpha_Response,BS_N7VQ1GQB,0.72385697668782
IFN_Alpha_Response,BS_NB9XXBW6,0.67111473315413
IFN_Alpha_Response,BS_NEFAASTR,0.695314405052086
IFN_Alpha_Response,BS_NEVYM2FP,0.648978563149444
IFN_Alpha_Response,BS_NFKKDYSV,0.758793888990243
IFN_Alpha_Response,BS_NGSG2KB6,0.797611268380723
IFN_Alpha_Response,BS_NNYXMSTX,0.706525368442669
IFN_Alpha_Response,BS_NPA6CZQF,0.683226658096327
IFN_Alpha_Response,BS_NQ54ST98,0.66873111536563
IFN_Alpha_Response,BS_NR3P3GN2,0.683168562708159
IFN_Alpha_Response,BS_NX1R0BC3,0.654131234862967
IFN_Alpha_Response,BS_P0QF87WC,0.688042117801479
IFN_Alpha_Response,BS_P4PMWFMV,0.6863567635044
IFN_Alpha_Response,BS_P7W3AYKV,0.62643725560408
IFN_Alpha_Response,BS_PENM28KT,0.742284261961792
IFN_Alpha_Response,BS_PJC6FH4Y,0.77730168362448
IFN_Alpha_Response,BS_PS0P3QJ3,0.659939412715605
IFN_Alpha_Response,BS_PXCPK5XS,0.668742981824514
IFN_Alpha_Response,BS_PZVHMSYN,0.655686126773004
IFN_Alpha_Response,BS_Q06J3RYW,0.745450518459668
IFN_Alpha_Response,BS_Q35GFYDR,0.734775579215181
IFN_Alpha_Response,BS_Q9N5PRD5,0.713442691586303
IFN_Alpha_Response,BS_QB84TBA3,0.629184079131645
IFN_Alpha_Response,BS_QGKEP3KB,0.849839813977668
IFN_Alpha_Response,BS_QH0VYVJK,0.760711179299288
IFN_Alpha_Response,BS_QHY302E8,0.673156246497914
IFN_Alpha_Response,BS_QMBS32Y2,0.615932209519273
IFN_Alpha_Response,BS_QNNX91SM,0.78780351762606
IFN_Alpha_Response,BS_QY2G1JZJ,0.659129523702574
IFN_Alpha_Response,BS_QYA4TQXX,0.677311760587768
IFN_Alpha_Response,BS_R5JQE0VJ,0.57216869149039
IFN_Alpha_Response,BS_R5SNFB5B,0.684522956244179
IFN_Alpha_Response,BS_R9B92M75,0.668852246603549
IFN_Alpha_Response,BS_RHAWQJ48,0.671968905539967
IFN_Alpha_Response,BS_RHM60031,0.681403868189836
IFN_Alpha_Response,BS_RJC3WDD6,0.585139673061814
IFN_Alpha_Response,BS_RN0VAY51,0.65411376398479
IFN_Alpha_Response,BS_RX1YTZ7F,0.631728383929723
IFN_Alpha_Response,BS_RZBFH1QF,0.575801363178502
IFN_Alpha_Response,BS_S2TA8R29,0.731997162926851
IFN_Alpha_Response,BS_S3C2PZAH,0.725285538205742
IFN_Alpha_Response,BS_S3MET0JZ,0.705553176161053
IFN_Alpha_Response,BS_S4V9E1XJ,0.68134223073641
IFN_Alpha_Response,BS_S5P8VTN5,0.635508840254763
IFN_Alpha_Response,BS_S6B9DVNS,0.561022364669247
IFN_Alpha_Response,BS_S6S7SK3P,0.615836958527881
IFN_Alpha_Response,BS_S8K878T3,0.859863680030782
IFN_Alpha_Response,BS_SBMAM00V,0.62416823118061
IFN_Alpha_Response,BS_SBMCD7XZ,0.716385204311315
IFN_Alpha_Response,BS_SD0EMK7Y,0.642437931068314
IFN_Alpha_Response,BS_SD8YBRBR,0.474444685138936
IFN_Alpha_Response,BS_SERDGASJ,0.803746083974139
IFN_Alpha_Response,BS_SJVTZ5TH,0.661836481721169
IFN_Alpha_Response,BS_SMWQR2F1,0.78299970386505
IFN_Alpha_Response,BS_SNVM7CZT,0.738606920319855
IFN_Alpha_Response,BS_SR2RGDXJ,0.738815869551436
IFN_Alpha_Response,BS_SW9Z10F9,0.790678689517794
IFN_Alpha_Response,BS_SY3J3XR9,0.666839804090136
IFN_Alpha_Response,BS_T1YHK6B7,0.758067073967179
IFN_Alpha_Response,BS_T2F48Z4E,0.754431957782457
IFN_Alpha_Response,BS_T9A8JJW5,0.653914365701222
IFN_Alpha_Response,BS_TASG32Z2,0.687423614205352
IFN_Alpha_Response,BS_TGS109T3,0.774326420740857
IFN_Alpha_Response,BS_TM9MH0RP,0.670136330265696
IFN_Alpha_Response,BS_TR2P8KRF,0.674402252089963
IFN_Alpha_Response,BS_TRKH2SPE,0.629491099246531
IFN_Alpha_Response,BS_TRPXB3AV,0.714799829394525
IFN_Alpha_Response,BS_TTDNZTZ0,0.801900471370007
IFN_Alpha_Response,BS_TTE04ZP8,0.706788184249399
IFN_Alpha_Response,BS_TV5B86ZD,0.589075911512528
IFN_Alpha_Response,BS_TVH33J9Q,0.624057279940989
IFN_Alpha_Response,BS_TXZ7KHTQ,0.762652140102195
IFN_Alpha_Response,BS_V0DQFC75,0.658549348365315
IFN_Alpha_Response,BS_V3Z3DB4N,0.690936391938977
IFN_Alpha_Response,BS_V558NW3Q,0.627789788382312
IFN_Alpha_Response,BS_V6RSB5HQ,0.646326973283462
IFN_Alpha_Response,BS_V8QWBVS3,0.776286725213275
IFN_Alpha_Response,BS_VBMRQK4F,0.619877039990281
IFN_Alpha_Response,BS_VDFXXMEX,0.659626970765751
IFN_Alpha_Response,BS_VF3NVT4G,0.698001718894036
IFN_Alpha_Response,BS_VKH87DD2,0.763905786694182
IFN_Alpha_Response,BS_VKHJG2B8,0.687682771824815
IFN_Alpha_Response,BS_VKYEM67A,0.731000387732465
IFN_Alpha_Response,BS_VMQMGSJY,0.669328178346791
IFN_Alpha_Response,BS_VVTHDRBD,0.671819993583721
IFN_Alpha_Response,BS_W1385R8Y,0.791933883337507
IFN_Alpha_Response,BS_W4DB5RP1,0.68186309058478
IFN_Alpha_Response,BS_W7MFJZ5A,0.746513476132021
IFN_Alpha_Response,BS_WBVSK3MP,0.581576216163694
IFN_Alpha_Response,BS_WEKK6SHP,0.639681844284116
IFN_Alpha_Response,BS_WHBEXD5H,0.786973049015267
IFN_Alpha_Response,BS_WQ1YRTAT,0.613591109692689
IFN_Alpha_Response,BS_WTJEDTZC,0.659393530177251
IFN_Alpha_Response,BS_WVRX4C9Z,0.800199797529494
IFN_Alpha_Response,BS_X0XXN9BK,0.727272361621985
IFN_Alpha_Response,BS_X1G0TKP4,0.699024448156932
IFN_Alpha_Response,BS_X20JCR4H,0.675897311860525
IFN_Alpha_Response,BS_X23724NJ,0.724646829748988
IFN_Alpha_Response,BS_X3HR4Z21,0.736464780768142
IFN_Alpha_Response,BS_X4DD4KSZ,0.767214197979662
IFN_Alpha_Response,BS_X4X1SFSE,0.716600498946289
IFN_Alpha_Response,BS_XG0DBWVT,0.553720087161023
IFN_Alpha_Response,BS_XGDPK33A,0.766329108662093
IFN_Alpha_Response,BS_XM1AHBDJ,0.656782084795415
IFN_Alpha_Response,BS_XQ5SFW35,0.707306617576714
IFN_Alpha_Response,BS_XQXXBWPD,0.724456585281286
IFN_Alpha_Response,BS_XYVCMF4A,0.652653276069244
IFN_Alpha_Response,BS_XZM79E42,0.646786441835536
IFN_Alpha_Response,BS_YA0KMBRT,0.772683846573941
IFN_Alpha_Response,BS_YDEVMD24,0.639320747000481
IFN_Alpha_Response,BS_YMKQT5V0,0.798911914682925
IFN_Alpha_Response,BS_YR12D1ZY,0.732253155285327
IFN_Alpha_Response,BS_YSZRQ95C,0.681263778493911
IFN_Alpha_Response,BS_YTWEM5SG,0.809345096247728
IFN_Alpha_Response,BS_YZ2QFDAN,0.802002278005815
IFN_Alpha_Response,BS_Z0ZPD9S9,0.745427569501726
IFN_Alpha_Response,BS_Z3RCA1T9,0.809324299811001
IFN_Alpha_Response,BS_Z8F3GM85,0.788327868293393
IFN_Alpha_Response,BS_ZD5HN296,0.725981560532747
IFN_Alpha_Response,BS_ZF6BSFNF,0.739056314107677
IFN_Alpha_Response,BS_ZM97KKXE,0.79992486019801
IFN_Alpha_Response,BS_ZV1P6W9C,0.669286695661943
IFN_Alpha_Response,BS_ZVM8CAB0,0.823271821490255
IFN_Alpha_Response,BS_ZZWMD6FA,0.711427726490527
IFN_Alpha_Response,BS_06AMMCXR,0.687793146672536
IFN_Alpha_Response,BS_08TWG4K0,0.855131206137878
IFN_Alpha_Response,BS_1DECYC4K,0.712084345159678
IFN_Alpha_Response,BS_2A5R9D97,0.669851902350584
IFN_Alpha_Response,BS_3VJ0CA6A,0.713752644858473
IFN_Alpha_Response,BS_3XYJBBHQ,0.746745314702308
IFN_Alpha_Response,BS_4C4MZ4NT,0.683905535943384
IFN_Alpha_Response,BS_4PPHAQXF,0.715637285852755
IFN_Alpha_Response,BS_4SMPV083,0.760304074402957
IFN_Alpha_Response,BS_A76PNWQS,0.638009572966868
IFN_Alpha_Response,BS_BZCTXEPJ,0.752863069565288
IFN_Alpha_Response,BS_CB6VK7PB,0.730635654963564
IFN_Alpha_Response,BS_ED8G98XT,0.626083395149185
IFN_Alpha_Response,BS_FCX6DZ0J,0.789879865925777
IFN_Alpha_Response,BS_FYRDYBMZ,0.63473488244907
IFN_Alpha_Response,BS_H1XPVS9A,0.736014841034525
IFN_Alpha_Response,BS_QRNSKFMS,0.668231043702279
IFN_Alpha_Response,BS_R13X6TMW,0.696406247303477
IFN_Alpha_Response,BS_RJMJ935A,0.759565519143512
IFN_Alpha_Response,BS_RWJZFTP9,0.696857005477164
IFN_Alpha_Response,BS_S20SP0WW,0.729569014379899
IFN_Alpha_Response,BS_SB12W1XT,0.652591855352521
IFN_Alpha_Response,BS_T0MXH2CA,0.670178587540077
IFN_Alpha_Response,BS_T1W4JA94,0.681371882690912
IFN_Alpha_Response,BS_T289QKBV,0.699725585514195
IFN_Alpha_Response,BS_T3H5AY8A,0.714151988251213
IFN_Alpha_Response,BS_TVV122JG,0.702204324110298
IFN_Alpha_Response,BS_VW85Q4XJ,0.729650968859577
IFN_Alpha_Response,BS_W97QQYKQ,0.807395685137472
IFN_Alpha_Response,BS_WYMX429C,0.76684680517429
IFN_Alpha_Response,BS_YR1XY6SF,0.665515034206649
IFN_Alpha_Response,BS_014EVM2D,0.788144966297754
IFN_Alpha_Response,BS_044XZ8ST,0.690141231687185
IFN_Alpha_Response,BS_063ERW0R,0.620395196172994
IFN_Alpha_Response,BS_0D5VRAKC,0.722376095424047
IFN_Alpha_Response,BS_0J9SHHSC,0.766825752040995
IFN_Alpha_Response,BS_0SCXXM6N,0.718485988002533
IFN_Alpha_Response,BS_0TDWG2CV,0.787042246587978
IFN_Alpha_Response,BS_0WVJYM9R,0.671629477333571
IFN_Alpha_Response,BS_0X9EGHY2,0.663597424580648
IFN_Alpha_Response,BS_0Y5J2AQ4,0.711405162306067
IFN_Alpha_Response,BS_13CGKADW,0.634865489616536
IFN_Alpha_Response,BS_166N7SZQ,0.752546730577851
IFN_Alpha_Response,BS_17WYVEEC,0.650371254935095
IFN_Alpha_Response,BS_1G3WYEN3,0.670131491168972
IFN_Alpha_Response,BS_1HYS8CSC,0.725353101654101
IFN_Alpha_Response,BS_1JDG6JV5,0.69480266703462
IFN_Alpha_Response,BS_1KYGSMA7,0.721381496265017
IFN_Alpha_Response,BS_1N76FQZY,0.720865177081847
IFN_Alpha_Response,BS_1NPD7PVG,0.6412513948625
IFN_Alpha_Response,BS_1Z9AX9JS,0.733717026196425
IFN_Alpha_Response,BS_1ZVXF5FE,0.651304474112752
IFN_Alpha_Response,BS_21RE8W46,0.651919217593226
IFN_Alpha_Response,BS_24AHZ9ZW,0.680436201689846
IFN_Alpha_Response,BS_2720P44V,0.757847222331033
IFN_Alpha_Response,BS_27FYYPJG,0.676789439523756
IFN_Alpha_Response,BS_29TRQXWM,0.695583806293306
IFN_Alpha_Response,BS_2ADZNNV4,0.698679504113004
IFN_Alpha_Response,BS_2EMW8ZG3,0.682631135384926
IFN_Alpha_Response,BS_2K3FVT86,0.722839104964388
IFN_Alpha_Response,BS_2KJ2YAZR,0.672347897212669
IFN_Alpha_Response,BS_2QCQYY6M,0.7296627777058
IFN_Alpha_Response,BS_2WPQ8YCW,0.672393463463293
IFN_Alpha_Response,BS_2XM08BFY,0.715144996920305
IFN_Alpha_Response,BS_2YCJV2VV,0.656140178601907
IFN_Alpha_Response,BS_304SPN6B,0.713226740069343
IFN_Alpha_Response,BS_33AQSPRP,0.692385061582679
IFN_Alpha_Response,BS_3G3KWY18,0.693343103353469
IFN_Alpha_Response,BS_3GAN6Q43,0.766669771848475
IFN_Alpha_Response,BS_3P20Q2C3,0.612198833736373
IFN_Alpha_Response,BS_3PYESPHA,0.633747839281988
IFN_Alpha_Response,BS_3Q0GTSYH,0.644202629599229
IFN_Alpha_Response,BS_3TJHY996,0.745227286819649
IFN_Alpha_Response,BS_3XY76V8T,0.695001582049791
IFN_Alpha_Response,BS_3Y2X2RBJ,0.755418700376802
IFN_Alpha_Response,BS_401R3KV0,0.682403488600613
IFN_Alpha_Response,BS_42DY6WS7,0.688056947243678
IFN_Alpha_Response,BS_42Y3YANN,0.692647712805866
IFN_Alpha_Response,BS_470DYRJQ,0.697851589128204
IFN_Alpha_Response,BS_47SJZ3PH,0.654861619165038
IFN_Alpha_Response,BS_49852ZBH,0.705093690994797
IFN_Alpha_Response,BS_4A45GGSW,0.673597449799125
IFN_Alpha_Response,BS_4BWB0FA0,0.686296317309763
IFN_Alpha_Response,BS_4CXE5XEP,0.755161821344205
IFN_Alpha_Response,BS_4HQ3T2NC,0.669543905061073
IFN_Alpha_Response,BS_4N1GNHX4,0.785903727255225
IFN_Alpha_Response,BS_4NF35AF6,0.626498886228109
IFN_Alpha_Response,BS_4TZQY7TT,0.789854156308393
IFN_Alpha_Response,BS_4Y6BCYK5,0.641833264706898
IFN_Alpha_Response,BS_4Z2F4P9N,0.672289267938868
IFN_Alpha_Response,BS_503DZ8BN,0.844870643379572
IFN_Alpha_Response,BS_52426AMF,0.717172041271691
IFN_Alpha_Response,BS_52DAPP1Y,0.676862678576678
IFN_Alpha_Response,BS_534XRSNB,0.686672609959283
IFN_Alpha_Response,BS_53GQKVEX,0.670069344307681
IFN_Alpha_Response,BS_54H90JW2,0.750996258875259
IFN_Alpha_Response,BS_55P8HPYD,0.671521323295275
IFN_Alpha_Response,BS_55X1W2MR,0.760301435702199
IFN_Alpha_Response,BS_57NMZPS0,0.653830315697623
IFN_Alpha_Response,BS_593HEWBF,0.685014688043323
IFN_Alpha_Response,BS_5J5D3QTD,0.75004544482937
IFN_Alpha_Response,BS_5K3R0F5D,0.620926492897156
IFN_Alpha_Response,BS_5NWDARXG,0.719645904964012
IFN_Alpha_Response,BS_5PEFNDCY,0.759759984592176
IFN_Alpha_Response,BS_5PV5N4HQ,0.653916848707897
IFN_Alpha_Response,BS_5YJEPPTP,0.690706941985579
IFN_Alpha_Response,BS_5YYCP891,0.762454125352518
IFN_Alpha_Response,BS_66ABA973,0.665257449611849
IFN_Alpha_Response,BS_66HQ3E4Z,0.654616789740464
IFN_Alpha_Response,BS_680K119G,0.694407522258154
IFN_Alpha_Response,BS_68BW2163,0.635668908057561
IFN_Alpha_Response,BS_699TN5RN,0.781856362673527
IFN_Alpha_Response,BS_6HXD39AM,0.752202106838325
IFN_Alpha_Response,BS_6N3AFF66,0.687355191232091
IFN_Alpha_Response,BS_6TSAVMT9,0.686609545147878
IFN_Alpha_Response,BS_6VF6VPCG,0.677576572281192
IFN_Alpha_Response,BS_769BDPDB,0.745737456911269
IFN_Alpha_Response,BS_76DRXZRJ,0.7554480235408
IFN_Alpha_Response,BS_775HDFNY,0.680585604293132
IFN_Alpha_Response,BS_7H4RFCW9,0.753337658549242
IFN_Alpha_Response,BS_7M3FNSYK,0.703113437340656
IFN_Alpha_Response,BS_7MGXMG6S,0.718187378634923
IFN_Alpha_Response,BS_7N0B2CY1,0.638809638024554
IFN_Alpha_Response,BS_7P83Z28P,0.65599621933466
IFN_Alpha_Response,BS_7Z93ZYMS,0.75252628636092
IFN_Alpha_Response,BS_880ESDFZ,0.690604318011455
IFN_Alpha_Response,BS_8BF616QR,0.709512093882195
IFN_Alpha_Response,BS_8J3B6ZB6,0.699853042839781
IFN_Alpha_Response,BS_8QJ43WKW,0.73890484566867
IFN_Alpha_Response,BS_8RCR7Y4B,0.78401498883527
IFN_Alpha_Response,BS_8VAZSJEN,0.674508521618853
IFN_Alpha_Response,BS_92HCM7BN,0.744160563073114
IFN_Alpha_Response,BS_94MT16N2,0.652731732909459
IFN_Alpha_Response,BS_9BJARSX3,0.764588636308231
IFN_Alpha_Response,BS_9F09XV62,0.661506544739535
IFN_Alpha_Response,BS_9HSGV9TJ,0.756005096664409
IFN_Alpha_Response,BS_9JBX2E8G,0.691045817222011
IFN_Alpha_Response,BS_9P9MB8X8,0.679791161358006
IFN_Alpha_Response,BS_9Q6Z6VJC,0.665230473636835
IFN_Alpha_Response,BS_9S7AG4EN,0.680405127682405
IFN_Alpha_Response,BS_9SJWWYQ4,0.646956106853903
IFN_Alpha_Response,BS_9YXH2CZ0,0.728310892187606
IFN_Alpha_Response,BS_A13BMEF5,0.701665145344698
IFN_Alpha_Response,BS_A1VEGWTR,0.652716397299217
IFN_Alpha_Response,BS_A46RDWGM,0.632189526181306
IFN_Alpha_Response,BS_A96FKXN5,0.705479885685394
IFN_Alpha_Response,BS_AGVWD5K8,0.71124578819082
IFN_Alpha_Response,BS_AM0BZ61K,0.728057988636853
IFN_Alpha_Response,BS_AP0SZ364,0.72427817203205
IFN_Alpha_Response,BS_ATHSTZ5R,0.735153845490426
IFN_Alpha_Response,BS_AW7J9F9R,0.691702850589573
IFN_Alpha_Response,BS_B0SVFK4P,0.752036482780902
IFN_Alpha_Response,BS_B3M5SGPA,0.649819964590413
IFN_Alpha_Response,BS_B5JM6T8K,0.689886230715182
IFN_Alpha_Response,BS_B6JKQFKA,0.671875973675904
IFN_Alpha_Response,BS_B7GEH89C,0.706896312683079
IFN_Alpha_Response,BS_B7X8VXQ3,0.643176877887713
IFN_Alpha_Response,BS_BANCTAV6,0.659216507821376
IFN_Alpha_Response,BS_BC936YNZ,0.707040981443053
IFN_Alpha_Response,BS_BGRPWBNG,0.816373888460745
IFN_Alpha_Response,BS_BJBM0BN7,0.776523316272778
IFN_Alpha_Response,BS_BKQZ550R,0.708042538566923
IFN_Alpha_Response,BS_BN986DF6,0.70218677067966
IFN_Alpha_Response,BS_BNECCX4D,0.7423548210064
IFN_Alpha_Response,BS_BPSTSCBJ,0.720434080635994
IFN_Alpha_Response,BS_BW79W2PD,0.719040434391837
IFN_Alpha_Response,BS_C0NEVC2B,0.724793000671621
IFN_Alpha_Response,BS_C51RB0YR,0.692853243158862
IFN_Alpha_Response,BS_C6SKJG3N,0.6841404661942
IFN_Alpha_Response,BS_CC6RREE4,0.831391322673434
IFN_Alpha_Response,BS_CGB2WS2A,0.628781632141343
IFN_Alpha_Response,BS_CKX8RW1J,0.710839184869522
IFN_Alpha_Response,BS_CMDJJQ7K,0.738794191627261
IFN_Alpha_Response,BS_CTR5X93B,0.718021515149474
IFN_Alpha_Response,BS_CVGFNCBJ,0.628358427639149
IFN_Alpha_Response,BS_D3YBV7KB,0.706152390574476
IFN_Alpha_Response,BS_DEHJF4C7,0.709966572255243
IFN_Alpha_Response,BS_DMJHAG9X,0.72442903383093
IFN_Alpha_Response,BS_DMZP9G1H,0.607927611849896
IFN_Alpha_Response,BS_DPF1CX0G,0.700552948030979
IFN_Alpha_Response,BS_DSS3S5XD,0.683288343495316
IFN_Alpha_Response,BS_DV86M0Y7,0.669179461388909
IFN_Alpha_Response,BS_E2DEWCSK,0.702776994366784
IFN_Alpha_Response,BS_E3EJHXQV,0.737412356113267
IFN_Alpha_Response,BS_E4GC9EXR,0.72766553863293
IFN_Alpha_Response,BS_E94QRJDW,0.687842342267022
IFN_Alpha_Response,BS_EBMCTR80,0.645900305576751
IFN_Alpha_Response,BS_EFEZB0ZH,0.696817241372055
IFN_Alpha_Response,BS_EHVYJAVA,0.702976659296132
IFN_Alpha_Response,BS_EMAJ7P3P,0.672409204198678
IFN_Alpha_Response,BS_ET8CJXSF,0.673262569037605
IFN_Alpha_Response,BS_EXGBH3TD,0.676985648182623
IFN_Alpha_Response,BS_EYSS0ZDS,0.702272857156114
IFN_Alpha_Response,BS_F1K9QTBS,0.787725678977756
IFN_Alpha_Response,BS_F77MGAQT,0.694783060630847
IFN_Alpha_Response,BS_F8N6CFQE,0.701857382726693
IFN_Alpha_Response,BS_FAQQ0GCQ,0.71447474649135
IFN_Alpha_Response,BS_FJWZ3M7V,0.6930850487777
IFN_Alpha_Response,BS_FJZPQZ2C,0.713822368792951
IFN_Alpha_Response,BS_FR42HY0Z,0.715638166855734
IFN_Alpha_Response,BS_FX4WKR2R,0.668194737077431
IFN_Alpha_Response,BS_FZ62GZGV,0.710324417609029
IFN_Alpha_Response,BS_G1DAGKSY,0.683739635270544
IFN_Alpha_Response,BS_G5QBBHDV,0.730529536754273
IFN_Alpha_Response,BS_G7AGNB5G,0.659605440633481
IFN_Alpha_Response,BS_G9XE3N9T,0.631986617059087
IFN_Alpha_Response,BS_GCA4GET3,0.647445167346181
IFN_Alpha_Response,BS_GHNJ4CYC,0.651198829213942
IFN_Alpha_Response,BS_GPEGRCCT,0.713690692339834
IFN_Alpha_Response,BS_GTZCFGRZ,0.695209495984445
IFN_Alpha_Response,BS_GYA4V1RD,0.688008630240079
IFN_Alpha_Response,BS_GYXSDZ56,0.68584700904229
IFN_Alpha_Response,BS_H08FEN68,0.638530579180423
IFN_Alpha_Response,BS_H0WF1WHE,0.748448181542194
IFN_Alpha_Response,BS_H3FE3TH9,0.784864664521497
IFN_Alpha_Response,BS_H8A9PSYA,0.71350081677224
IFN_Alpha_Response,BS_H9EX5WX3,0.698780544379133
IFN_Alpha_Response,BS_HC5M8JTC,0.717770713866267
IFN_Alpha_Response,BS_HM0R6SXQ,0.787532934741146
IFN_Alpha_Response,BS_HNMQ7488,0.76316987858115
IFN_Alpha_Response,BS_HQ5BJ6MW,0.72598337713769
IFN_Alpha_Response,BS_HQDXQ5Y4,0.701690868500925
IFN_Alpha_Response,BS_HSHN8PBB,0.795057517572732
IFN_Alpha_Response,BS_HSTNFPKW,0.719615094650187
IFN_Alpha_Response,BS_HV8PFRBR,0.669272175949634
IFN_Alpha_Response,BS_J5H5VXWY,0.790388708478566
IFN_Alpha_Response,BS_J9M83K8T,0.738484861927437
IFN_Alpha_Response,BS_JFVB9KXB,0.817391565439449
IFN_Alpha_Response,BS_JGKZ54SA,0.745002153808783
IFN_Alpha_Response,BS_JH29M4KG,0.743780771884651
IFN_Alpha_Response,BS_JKXA3FQC,0.669912700911779
IFN_Alpha_Response,BS_JMHG7GCN,0.674415109868571
IFN_Alpha_Response,BS_JVA2NQFF,0.704360774916278
IFN_Alpha_Response,BS_JWSR581E,0.712357622644164
IFN_Alpha_Response,BS_K57A4A9D,0.690762449494423
IFN_Alpha_Response,BS_K5802F84,0.633218757819759
IFN_Alpha_Response,BS_K7MVS0Z7,0.667016988665365
IFN_Alpha_Response,BS_K838XW6V,0.727456822584172
IFN_Alpha_Response,BS_M4NVX721,0.681210225644393
IFN_Alpha_Response,BS_M4TTKPNR,0.706694284968982
IFN_Alpha_Response,BS_M8M56Z4Y,0.684063888266429
IFN_Alpha_Response,BS_M8WP5T16,0.765493977763994
IFN_Alpha_Response,BS_MBSTWZA6,0.726203473153819
IFN_Alpha_Response,BS_MF9X3PKH,0.708488628008319
IFN_Alpha_Response,BS_MH8RAG4A,0.749729714735881
IFN_Alpha_Response,BS_MX92FD6D,0.703416271391002
IFN_Alpha_Response,BS_MY9D8XZ1,0.711430690887748
IFN_Alpha_Response,BS_N1E0H8YQ,0.65053148754297
IFN_Alpha_Response,BS_N210XMKR,0.650434879791035
IFN_Alpha_Response,BS_N6NE6B3W,0.571484917249702
IFN_Alpha_Response,BS_N87X1T8T,0.756058975414845
IFN_Alpha_Response,BS_NB5XWMJT,0.73391579975918
IFN_Alpha_Response,BS_NBZNAG7Q,0.735987559678619
IFN_Alpha_Response,BS_NG9X6SJA,0.727102052260718
IFN_Alpha_Response,BS_NKEAAFMW,0.4988338873233
IFN_Alpha_Response,BS_NPQJ20KX,0.632531263761858
IFN_Alpha_Response,BS_NQB91P48,0.667496982572572
IFN_Alpha_Response,BS_NRFQEQKP,0.661247586333624
IFN_Alpha_Response,BS_NRPG5K4K,0.711445572250462
IFN_Alpha_Response,BS_NS7GSHB9,0.706908758068134
IFN_Alpha_Response,BS_NT9NZYFD,0.733342337168731
IFN_Alpha_Response,BS_NY5T05AK,0.75472889447638
IFN_Alpha_Response,BS_P2Y2NANM,0.734863846651335
IFN_Alpha_Response,BS_PDVD0GCM,0.732545884252604
IFN_Alpha_Response,BS_PEP9NZXN,0.669497299140076
IFN_Alpha_Response,BS_PQ7CQFYR,0.643870652725254
IFN_Alpha_Response,BS_PRCG6W20,0.749122327129483
IFN_Alpha_Response,BS_Q2PBFNDF,0.684144667241691
IFN_Alpha_Response,BS_Q3TBCK4V,0.681300922670846
IFN_Alpha_Response,BS_Q6VH5GJ8,0.692618652242614
IFN_Alpha_Response,BS_Q79NP5YY,0.688667091817279
IFN_Alpha_Response,BS_QBMW69AM,0.742042621598823
IFN_Alpha_Response,BS_QH82PBMB,0.680132157110976
IFN_Alpha_Response,BS_QTSXW7DA,0.703546814444862
IFN_Alpha_Response,BS_QV51J756,0.647030257066071
IFN_Alpha_Response,BS_R244Z0WX,0.668536812963975
IFN_Alpha_Response,BS_R3AJB6VS,0.755405155683205
IFN_Alpha_Response,BS_R7V8BC98,0.707348902264633
IFN_Alpha_Response,BS_R9CKW9DY,0.834404764051357
IFN_Alpha_Response,BS_RAQFEB0S,0.726885456242664
IFN_Alpha_Response,BS_RARBBY7C,0.759101304577826
IFN_Alpha_Response,BS_RGSMX7QD,0.628460498654169
IFN_Alpha_Response,BS_RMT7ABN6,0.710764754675005
IFN_Alpha_Response,BS_RNANA568,0.757867956630886
IFN_Alpha_Response,BS_RPJ1EPHA,0.733397956265836
IFN_Alpha_Response,BS_RRAEQZ97,0.683346967279776
IFN_Alpha_Response,BS_RVSEDNJ4,0.686034806743264
IFN_Alpha_Response,BS_S1KK7XRH,0.723600130288734
IFN_Alpha_Response,BS_S458NMKH,0.720162713549304
IFN_Alpha_Response,BS_S50KQEXV,0.66447580136826
IFN_Alpha_Response,BS_SDA4RMMG,0.637155846049976
IFN_Alpha_Response,BS_SDZY6RZ3,0.682006781670204
IFN_Alpha_Response,BS_SFKZSJN1,0.665039447786235
IFN_Alpha_Response,BS_SH2S6SFN,0.720303703189924
IFN_Alpha_Response,BS_SHMC4902,0.698838062994993
IFN_Alpha_Response,BS_SJ0HXCD0,0.717794037923434
IFN_Alpha_Response,BS_SQX5E15Z,0.71339631899404
IFN_Alpha_Response,BS_SW8C9Y5Y,0.715238724045381
IFN_Alpha_Response,BS_SXRS2P6T,0.752846783052607
IFN_Alpha_Response,BS_T0RKFEKR,0.689154685730756
IFN_Alpha_Response,BS_T2QPMZCM,0.630590380695689
IFN_Alpha_Response,BS_T4JFN54G,0.743776301452673
IFN_Alpha_Response,BS_T5P5ME9M,0.720222535586307
IFN_Alpha_Response,BS_TDJXQBVY,0.780160478307776
IFN_Alpha_Response,BS_TG93XC55,0.613316582141128
IFN_Alpha_Response,BS_TRZZRYKF,0.705509110173122
IFN_Alpha_Response,BS_TV80600R,0.712978072890794
IFN_Alpha_Response,BS_TWFDEMBZ,0.753652295465759
IFN_Alpha_Response,BS_V2G1YE8R,0.726554085800431
IFN_Alpha_Response,BS_V33RCK1Y,0.697046017047913
IFN_Alpha_Response,BS_V3REENH9,0.758878427151702
IFN_Alpha_Response,BS_V72GX2AZ,0.703122574848833
IFN_Alpha_Response,BS_V7BZ049H,0.708984533512212
IFN_Alpha_Response,BS_V89HGTET,0.726737324513669
IFN_Alpha_Response,BS_VARR255N,0.750935396889532
IFN_Alpha_Response,BS_VMMJYN8Z,0.646557653900997
IFN_Alpha_Response,BS_VTYNWK05,0.727297715385366
IFN_Alpha_Response,BS_VZWXGYT2,0.740057245095716
IFN_Alpha_Response,BS_WRQHPSXQ,0.587805752227904
IFN_Alpha_Response,BS_WVS02TZK,0.702856194152117
IFN_Alpha_Response,BS_X16PENSA,0.691914100896454
IFN_Alpha_Response,BS_X2EDW2ZB,0.815714588114681
IFN_Alpha_Response,BS_X5DFR216,0.733350601353951
IFN_Alpha_Response,BS_X6GFVDVA,0.717689586430343
IFN_Alpha_Response,BS_X91K8KMG,0.696005382533385
IFN_Alpha_Response,BS_XGSA3GQE,0.668623516097844
IFN_Alpha_Response,BS_XKKB4MZV,0.658112434134937
IFN_Alpha_Response,BS_Y0PCBNJV,0.655960164720825
IFN_Alpha_Response,BS_Y274AC0H,0.736055512691372
IFN_Alpha_Response,BS_Y7H24JZG,0.747632534905223
IFN_Alpha_Response,BS_Y7W8BR6B,0.719367787607166
IFN_Alpha_Response,BS_YASWHXJC,0.725462570064353
IFN_Alpha_Response,BS_YB2RXRHT,0.660518069452765
IFN_Alpha_Response,BS_YCREDZTJ,0.760723014028076
IFN_Alpha_Response,BS_YEQVW4ND,0.676050785166026
IFN_Alpha_Response,BS_YMAJC22S,0.614930207075453
IFN_Alpha_Response,BS_YVEEXAAT,0.795260579836442
IFN_Alpha_Response,BS_YVMEEBKC,0.67752531134224
IFN_Alpha_Response,BS_YWJKHMXV,0.825113933459098
IFN_Alpha_Response,BS_YY5B2XDD,0.684839088122862
IFN_Alpha_Response,BS_YZ2Z1Q6Y,0.623853804945778
IFN_Alpha_Response,BS_Z0AVVB1V,0.671092054363306
IFN_Alpha_Response,BS_Z1A875MW,0.667456618537761
IFN_Alpha_Response,BS_Z6BWR941,0.693901150844162
IFN_Alpha_Response,BS_Z7Y2466H,0.721816355619378
IFN_Alpha_Response,BS_ZHHAM3AN,0.800869302568385
IFN_Alpha_Response,BS_ZHRGDRBW,0.69907206974437
IFN_Alpha_Response,BS_ZJY7Y34M,0.710229308082836
IFN_Alpha_Response,BS_ZN2P8BKH,0.742761724272851
IFN_Alpha_Response,BS_ZTWGFWTX,0.703936702093926
IFN_Alpha_Response,BS_ZV9Z3SY6,0.665226647209145
IFN_Alpha_Response,BS_ZVX2GRD6,0.609709829855545
IFN_Alpha_Response,BS_ZZMYDZJW,0.756963735740819
T_Cell_Cytotoxicity,BS_00FD2KMP,0.254747622068245
T_Cell_Cytotoxicity,BS_028YFYJ6,0.207335589662078
T_Cell_Cytotoxicity,BS_052PZFMK,0.150890436781473
T_Cell_Cytotoxicity,BS_056Q8577,0.330993006819432
T_Cell_Cytotoxicity,BS_08ST21QE,0.292244968442212
T_Cell_Cytotoxicity,BS_0C7VZC0A,0.185446414361632
T_Cell_Cytotoxicity,BS_0S8E7590,0.440309402276445
T_Cell_Cytotoxicity,BS_0VXZCRJS,0.237016692559343
T_Cell_Cytotoxicity,BS_0XEBS3PG,0.181832347431846
T_Cell_Cytotoxicity,BS_0ZA67BBC,0.161757779979534
T_Cell_Cytotoxicity,BS_12G04QJM,0.226961392777589
T_Cell_Cytotoxicity,BS_17ZSMXFH,0.334683253919263
T_Cell_Cytotoxicity,BS_1A6MQ9ZA,0.215855545171562
T_Cell_Cytotoxicity,BS_1D93Z575,0.322320393607013
T_Cell_Cytotoxicity,BS_1EN5V3XW,0.0749699004861192
T_Cell_Cytotoxicity,BS_223BM91B,0.376414908494662
T_Cell_Cytotoxicity,BS_25HNKZ79,0.397847822843399
T_Cell_Cytotoxicity,BS_2853394H,0.180279333057505
T_Cell_Cytotoxicity,BS_297H8BT4,0.335315127879111
T_Cell_Cytotoxicity,BS_29X4ZX6Q,0.210153870932928
T_Cell_Cytotoxicity,BS_2A5R9MEJ,0.17230094260464
T_Cell_Cytotoxicity,BS_2ARXK0TD,0.386178730782439
T_Cell_Cytotoxicity,BS_2AV1H5TV,0.310845157591869
T_Cell_Cytotoxicity,BS_2DMBCHNF,0.540096310586315
T_Cell_Cytotoxicity,BS_2EN3X6HB,0.302489229173072
T_Cell_Cytotoxicity,BS_2FEZWH1F,0.445542778328995
T_Cell_Cytotoxicity,BS_2HNXVFAS,0.222687795417016
T_Cell_Cytotoxicity,BS_2JH1QMT1,0.210124559149951
T_Cell_Cytotoxicity,BS_2JP7RBMB,0.332938738536848
T_Cell_Cytotoxicity,BS_2K01T8K6,0.426918678525905
T_Cell_Cytotoxicity,BS_2PDS3MSS,0.457089136520045
T_Cell_Cytotoxicity,BS_2T5PJAW8,0.343488729901219
T_Cell_Cytotoxicity,BS_2WANPFBJ,0.382710147458126
T_Cell_Cytotoxicity,BS_30F3Z9FS,0.362551560426757
T_Cell_Cytotoxicity,BS_30VC3R2Q,0.255390129487853
T_Cell_Cytotoxicity,BS_30YWQ3FY,0.389116120870687
T_Cell_Cytotoxicity,BS_31MBRWC4,0.438410516365178
T_Cell_Cytotoxicity,BS_333KCNDP,0.462487332393754
T_Cell_Cytotoxicity,BS_399RPKC9,0.191098811645991
T_Cell_Cytotoxicity,BS_3AC3SRWH,0.139174210358696
T_Cell_Cytotoxicity,BS_3MS8WVNR,0.0676286114269356
T_Cell_Cytotoxicity,BS_3ZPJAK9A,0.235343185162002
T_Cell_Cytotoxicity,BS_45J79YTF,0.1164371878575
T_Cell_Cytotoxicity,BS_49BQS7Z6,0.162214306583589
T_Cell_Cytotoxicity,BS_49CJNZ06,0.153630338485522
T_Cell_Cytotoxicity,BS_4B0BAVTX,0.255461147128473
T_Cell_Cytotoxicity,BS_4BM3F6XJ,0.354209175029524
T_Cell_Cytotoxicity,BS_4C6B11E4,0.263214078031254
T_Cell_Cytotoxicity,BS_4GNN7J8E,0.482058826660751
T_Cell_Cytotoxicity,BS_4KNBXM3C,0.370239546234105
T_Cell_Cytotoxicity,BS_4Q3KRCZT,0.401774476516959
T_Cell_Cytotoxicity,BS_4QW2S1Q8,0.324671846859758
T_Cell_Cytotoxicity,BS_4T0HQ9QF,0.262499074874917
T_Cell_Cytotoxicity,BS_4V42BXBT,0.223772040544426
T_Cell_Cytotoxicity,BS_51RA1PGE,0.339733155005359
T_Cell_Cytotoxicity,BS_52C576HH,0.175438934853664
T_Cell_Cytotoxicity,BS_5965SFPZ,0.0958506642146429
T_Cell_Cytotoxicity,BS_5EFYPZT0,0.30084063810565
T_Cell_Cytotoxicity,BS_5G5BD2MD,0.454088658501865
T_Cell_Cytotoxicity,BS_5K95FX4C,0.501106619622038
T_Cell_Cytotoxicity,BS_5KBXD2GQ,0.251154224342066
T_Cell_Cytotoxicity,BS_5PXZ8F7W,0.433579933584702
T_Cell_Cytotoxicity,BS_5VPM0F36,0.473085083510023
T_Cell_Cytotoxicity,BS_62SW4CC5,0.5351250314275
T_Cell_Cytotoxicity,BS_65WPD3DA,0.309263174290313
T_Cell_Cytotoxicity,BS_68KX6A42,0.395119258744613
T_Cell_Cytotoxicity,BS_6DCSD5Y6,0.0723981632777789
T_Cell_Cytotoxicity,BS_6H4Q24WA,0.42955743309529
T_Cell_Cytotoxicity,BS_6M2053M0,0.307214820710784
T_Cell_Cytotoxicity,BS_6SY64H5J,0.493748259755133
T_Cell_Cytotoxicity,BS_6VRG1XFB,0.295343848906693
T_Cell_Cytotoxicity,BS_6WP1FHTE,0.327689995880081
T_Cell_Cytotoxicity,BS_7327SDAQ,0.200097102120784
T_Cell_Cytotoxicity,BS_75YRDXET,0.681092833932221
T_Cell_Cytotoxicity,BS_77SBTNPN,0.271027662294939
T_Cell_Cytotoxicity,BS_7AEF4D4G,0.444728292661764
T_Cell_Cytotoxicity,BS_7APCGCVF,0.357993099268056
T_Cell_Cytotoxicity,BS_7GJT4A6A,0.138019386932077
T_Cell_Cytotoxicity,BS_7GKWKGPH,0.296674915848429
T_Cell_Cytotoxicity,BS_7PVJ6Q3D,0.205258236300812
T_Cell_Cytotoxicity,BS_7WKNNRHK,0.213532931996521
T_Cell_Cytotoxicity,BS_84VZX732,0.458636388203177
T_Cell_Cytotoxicity,BS_84XCR9GG,0.122956045763389
T_Cell_Cytotoxicity,BS_8E8JKP01,0.0256876242948421
T_Cell_Cytotoxicity,BS_8ERBDF7D,0.211426223605091
T_Cell_Cytotoxicity,BS_8JK9TXH2,0.427277114459751
T_Cell_Cytotoxicity,BS_8VD670NP,0.318575645838035
T_Cell_Cytotoxicity,BS_8YWYN7VH,0.400888574268032
T_Cell_Cytotoxicity,BS_8ZE4Z9G5,0.309209711497871
T_Cell_Cytotoxicity,BS_8ZY4GST0,0.118420110144433
T_Cell_Cytotoxicity,BS_91VYM11A,0.277661549183572
T_Cell_Cytotoxicity,BS_956G6QPJ,0.355647257785017
T_Cell_Cytotoxicity,BS_97M1E2DW,0.130114698910793
T_Cell_Cytotoxicity,BS_9A1YTHFF,0.431647006358957
T_Cell_Cytotoxicity,BS_9B0A62MT,0.346253691333604
T_Cell_Cytotoxicity,BS_9CA93S6D,0.0170658241350278
T_Cell_Cytotoxicity,BS_9FHEFJNP,0.261191854983486
T_Cell_Cytotoxicity,BS_9FX3YREK,0.0492351396583369
T_Cell_Cytotoxicity,BS_9GJ3DB1H,0.421391230544611
T_Cell_Cytotoxicity,BS_9JPQZQNG,0.290893197673807
T_Cell_Cytotoxicity,BS_9TXEDSWB,0.262033571126196
T_Cell_Cytotoxicity,BS_9XVACXP0,0.141418923947969
T_Cell_Cytotoxicity,BS_9Y1K14Q5,0.298520414160995
T_Cell_Cytotoxicity,BS_9ZJT0CP0,0.245632753700755
T_Cell_Cytotoxicity,BS_A4PF49V0,0.238787377142933
T_Cell_Cytotoxicity,BS_A6NXR7RC,0.174930574520557
T_Cell_Cytotoxicity,BS_A7Q8G0Y1,0.21647426049162
T_Cell_Cytotoxicity,BS_A8XW5S0W,0.404961054355297
T_Cell_Cytotoxicity,BS_AWH9757B,0.196637536628884
T_Cell_Cytotoxicity,BS_AYSXRQWY,0.418617591994719
T_Cell_Cytotoxicity,BS_AZQM1JJH,0.410968060402387
T_Cell_Cytotoxicity,BS_B1C6GZ84,0.11813997031896
T_Cell_Cytotoxicity,BS_B3MQFFYP,0.492751748662665
T_Cell_Cytotoxicity,BS_B4R7X1KE,0.0743052508018834
T_Cell_Cytotoxicity,BS_B57327NA,0.175868967396622
T_Cell_Cytotoxicity,BS_BBAEMXRD,0.142155741623765
T_Cell_Cytotoxicity,BS_BBQ6BHGN,0.28439679323017
T_Cell_Cytotoxicity,BS_BK0HGRXM,0.45312676339159
T_Cell_Cytotoxicity,BS_BMMY0H73,0.269346650775297
T_Cell_Cytotoxicity,BS_C6ZZ3FY5,0.280952009142845
T_Cell_Cytotoxicity,BS_C83TK159,0.277879031364567
T_Cell_Cytotoxicity,BS_CBDQZ8PP,0.0901506696399756
T_Cell_Cytotoxicity,BS_CF63VG3S,0.380559498888102
T_Cell_Cytotoxicity,BS_CFD3WHAY,0.232395804959258
T_Cell_Cytotoxicity,BS_CG1RG607,0.44736423695535
T_Cell_Cytotoxicity,BS_CVEDJGHZ,0.484230194342763
T_Cell_Cytotoxicity,BS_CXAQDK7S,0.510738872840143
T_Cell_Cytotoxicity,BS_CZPQ493E,0.406404515575494
T_Cell_Cytotoxicity,BS_D29RPBSZ,0.255044131783029
T_Cell_Cytotoxicity,BS_D4VNDNQA,0.342999730396733
T_Cell_Cytotoxicity,BS_D6J2BGDJ,0.107846514574534
T_Cell_Cytotoxicity,BS_DFGS950G,-0.00279027861659849
T_Cell_Cytotoxicity,BS_DNZVP92S,0.240768395451133
T_Cell_Cytotoxicity,BS_DR079H0D,0.243511839728191
T_Cell_Cytotoxicity,BS_DS438CXE,0.0430440370469055
T_Cell_Cytotoxicity,BS_DSPVSM7D,0.220658784933986
T_Cell_Cytotoxicity,BS_DZNXFPH1,0.440840748084557
T_Cell_Cytotoxicity,BS_E7NVYA6G,0.416475972512695
T_Cell_Cytotoxicity,BS_E9CYN4NP,0.156077273284566
T_Cell_Cytotoxicity,BS_EB0XRBT9,0.421978672304761
T_Cell_Cytotoxicity,BS_EDJ5TV0P,0.0994309361948948
T_Cell_Cytotoxicity,BS_EMQM7HTA,0.308447389819574
T_Cell_Cytotoxicity,BS_ENEYB4TG,0.44391804486013
T_Cell_Cytotoxicity,BS_EXPJQZTH,0.256617912025984
T_Cell_Cytotoxicity,BS_EZ3147MX,0.284854795301045
T_Cell_Cytotoxicity,BS_F0JB4EAK,0.161873737833202
T_Cell_Cytotoxicity,BS_F21R36MM,0.273377922804786
T_Cell_Cytotoxicity,BS_F65GWS21,0.276888083284816
T_Cell_Cytotoxicity,BS_F6V1Y4QS,0.205261846293305
T_Cell_Cytotoxicity,BS_F9Y4Z92G,0.0742822608581189
T_Cell_Cytotoxicity,BS_FCDAH728,0.214597446035851
T_Cell_Cytotoxicity,BS_FEV5A0HN,0.0775889672292474
T_Cell_Cytotoxicity,BS_FGJH1X0S,0.0832506898730393
T_Cell_Cytotoxicity,BS_FKASA3MN,0.00412466505493122
T_Cell_Cytotoxicity,BS_FN07P04C,0.125139777550265
T_Cell_Cytotoxicity,BS_FX2P2WEG,0.471841775996093
T_Cell_Cytotoxicity,BS_FXJY0MNH,0.412124382183627
T_Cell_Cytotoxicity,BS_FYP2B298,0.0739871717876169
T_Cell_Cytotoxicity,BS_G19QZG4S,0.20267619525737
T_Cell_Cytotoxicity,BS_G1E5DATJ,0.35058736750804
T_Cell_Cytotoxicity,BS_G257VSS9,0.200497365659173
T_Cell_Cytotoxicity,BS_G3NN392N,0.300274887659228
T_Cell_Cytotoxicity,BS_G3RJTBZD,0.0552317947611043
T_Cell_Cytotoxicity,BS_G5NHSFD4,0.0360382900222544
T_Cell_Cytotoxicity,BS_G8TXTX0H,0.316166081482162
T_Cell_Cytotoxicity,BS_GG9W3J9Y,0.0859418416031612
T_Cell_Cytotoxicity,BS_GW0GKWMS,0.158744194529381
T_Cell_Cytotoxicity,BS_GWHYM3R4,0.226875805849407
T_Cell_Cytotoxicity,BS_GWSJ4Z9H,0.384639626770306
T_Cell_Cytotoxicity,BS_H5VQJR7X,0.429938360928655
T_Cell_Cytotoxicity,BS_H97S5SQN,0.252848264022517
T_Cell_Cytotoxicity,BS_H9JYKFTV,0.159620429914582
T_Cell_Cytotoxicity,BS_HDHXX8Q7,0.389373141852967
T_Cell_Cytotoxicity,BS_HDPCQETG,0.484402813050424
T_Cell_Cytotoxicity,BS_HJRTC9JQ,0.416595921471836
T_Cell_Cytotoxicity,BS_HJV0J603,0.636763312175898
T_Cell_Cytotoxicity,BS_HRJ9145M,0.44475410603751
T_Cell_Cytotoxicity,BS_HWGWYCY7,0.46548537816701
T_Cell_Cytotoxicity,BS_HZ9AYDCQ,0.361031218459675
T_Cell_Cytotoxicity,BS_J4JY2F3H,0.523716410929145
T_Cell_Cytotoxicity,BS_J6212Y48,0.34140107668189
T_Cell_Cytotoxicity,BS_J6W1RB7A,0.336224018027378
T_Cell_Cytotoxicity,BS_J9CBGP57,0.197562295509737
T_Cell_Cytotoxicity,BS_JB43XBCQ,0.491257663361128
T_Cell_Cytotoxicity,BS_JDSNFYQ0,0.319177216618673
T_Cell_Cytotoxicity,BS_JJVH7WR0,0.0902460152926949
T_Cell_Cytotoxicity,BS_JMD386Z2,0.2049762234074
T_Cell_Cytotoxicity,BS_JP95KMRD,0.418720581485696
T_Cell_Cytotoxicity,BS_JQGJQ2QZ,0.410764352187454
T_Cell_Cytotoxicity,BS_JQVAWTTM,0.3275965174686
T_Cell_Cytotoxicity,BS_JQXHHK0K,0.145033581909615
T_Cell_Cytotoxicity,BS_JRYJGYC4,0.258933609093481
T_Cell_Cytotoxicity,BS_JS95PE0J,0.130916738656395
T_Cell_Cytotoxicity,BS_JTWNJ8T7,0.0201339603305656
T_Cell_Cytotoxicity,BS_JVW2JJ39,0.15925502679218
T_Cell_Cytotoxicity,BS_K0X3PZGN,0.56689481603691
T_Cell_Cytotoxicity,BS_K17VQECG,0.35917713896473
T_Cell_Cytotoxicity,BS_K2PCC777,0.539676262733775
T_Cell_Cytotoxicity,BS_K74N1BXQ,0.346084041250778
T_Cell_Cytotoxicity,BS_K81PZXP2,0.320647699395256
T_Cell_Cytotoxicity,BS_K88T8SW7,0.69499825546902
T_Cell_Cytotoxicity,BS_KABQQA0T,0.180337571484896
T_Cell_Cytotoxicity,BS_KBEX4RT2,0.198270144222366
T_Cell_Cytotoxicity,BS_KFD5128N,0.2872270909165
T_Cell_Cytotoxicity,BS_KKDTW11T,0.322842920215956
T_Cell_Cytotoxicity,BS_KP735TJ6,0.0802365852801551
T_Cell_Cytotoxicity,BS_KQ6ZW085,0.280018748512309
T_Cell_Cytotoxicity,BS_KRS4EV4X,0.320001929746367
T_Cell_Cytotoxicity,BS_KS8HMGA6,0.39710681573674
T_Cell_Cytotoxicity,BS_KVPWHDR4,0.322263522436052
T_Cell_Cytotoxicity,BS_M0FA190Y,0.379820080036596
T_Cell_Cytotoxicity,BS_M0XGZ53Z,0.166177333448225
T_Cell_Cytotoxicity,BS_M1PVEHCM,-0.0121544726015956
T_Cell_Cytotoxicity,BS_M54TWTH4,0.325765664281398
T_Cell_Cytotoxicity,BS_M7XB258E,0.528921846614672
T_Cell_Cytotoxicity,BS_M85CXHDV,0.384806346603908
T_Cell_Cytotoxicity,BS_MB7WN0ZB,0.330147160003847
T_Cell_Cytotoxicity,BS_MD0937XT,0.0764658699745374
T_Cell_Cytotoxicity,BS_MDBT7S5Z,0.115002608650021
T_Cell_Cytotoxicity,BS_ME6VQGG4,0.189441077864266
T_Cell_Cytotoxicity,BS_MFGZH8FK,0.322259102723025
T_Cell_Cytotoxicity,BS_MG78HQDM,0.100502756027119
T_Cell_Cytotoxicity,BS_MWWZBQ60,0.207237285647833
T_Cell_Cytotoxicity,BS_N6TQBQ8M,0.408499745956426
T_Cell_Cytotoxicity,BS_N7SW36FD,0.29733685874726
T_Cell_Cytotoxicity,BS_N7VQ1GQB,0.385802919708063
T_Cell_Cytotoxicity,BS_NB9XXBW6,0.228512194110942
T_Cell_Cytotoxicity,BS_NEFAASTR,0.434641516192218
T_Cell_Cytotoxicity,BS_NEVYM2FP,0.243875229303142
T_Cell_Cytotoxicity,BS_NFKKDYSV,0.407280113541517
T_Cell_Cytotoxicity,BS_NGSG2KB6,0.400733940175497
T_Cell_Cytotoxicity,BS_NNYXMSTX,0.424613216590032
T_Cell_Cytotoxicity,BS_NPA6CZQF,0.122269370804717
T_Cell_Cytotoxicity,BS_NQ54ST98,0.51434805309709
T_Cell_Cytotoxicity,BS_NR3P3GN2,0.265715418759326
T_Cell_Cytotoxicity,BS_NX1R0BC3,0.410567832830601
T_Cell_Cytotoxicity,BS_P0QF87WC,0.281422687880437
T_Cell_Cytotoxicity,BS_P4PMWFMV,0.308868637014168
T_Cell_Cytotoxicity,BS_P7W3AYKV,0.458594886877591
T_Cell_Cytotoxicity,BS_PENM28KT,0.157016503498253
T_Cell_Cytotoxicity,BS_PJC6FH4Y,0.393264342079111
T_Cell_Cytotoxicity,BS_PS0P3QJ3,0.171875038130887
T_Cell_Cytotoxicity,BS_PXCPK5XS,0.328555673524726
T_Cell_Cytotoxicity,BS_PZVHMSYN,0.259229600322582
T_Cell_Cytotoxicity,BS_Q06J3RYW,0.439854573761221
T_Cell_Cytotoxicity,BS_Q35GFYDR,0.334957571942134
T_Cell_Cytotoxicity,BS_Q9N5PRD5,0.308087920517552
T_Cell_Cytotoxicity,BS_QB84TBA3,0.110522658855171
T_Cell_Cytotoxicity,BS_QGKEP3KB,0.475913723077477
T_Cell_Cytotoxicity,BS_QH0VYVJK,0.369551061218568
T_Cell_Cytotoxicity,BS_QHY302E8,0.429583393947384
T_Cell_Cytotoxicity,BS_QMBS32Y2,0.311980776291757
T_Cell_Cytotoxicity,BS_QNNX91SM,0.228043311119665
T_Cell_Cytotoxicity,BS_QY2G1JZJ,0.368983622781232
T_Cell_Cytotoxicity,BS_QYA4TQXX,0.213209660836118
T_Cell_Cytotoxicity,BS_R5JQE0VJ,0.354497039027511
T_Cell_Cytotoxicity,BS_R5SNFB5B,0.099081027927349
T_Cell_Cytotoxicity,BS_R9B92M75,0.358252515574736
T_Cell_Cytotoxicity,BS_RHAWQJ48,0.451055250748895
T_Cell_Cytotoxicity,BS_RHM60031,0.345957853925342
T_Cell_Cytotoxicity,BS_RJC3WDD6,-0.0346918074963026
T_Cell_Cytotoxicity,BS_RN0VAY51,0.41154974021304
T_Cell_Cytotoxicity,BS_RX1YTZ7F,0.305166022290674
T_Cell_Cytotoxicity,BS_RZBFH1QF,0.138686267823306
T_Cell_Cytotoxicity,BS_S2TA8R29,0.295956815029553
T_Cell_Cytotoxicity,BS_S3C2PZAH,0.362458845304602
T_Cell_Cytotoxicity,BS_S3MET0JZ,0.301018384022101
T_Cell_Cytotoxicity,BS_S4V9E1XJ,0.417405769210607
T_Cell_Cytotoxicity,BS_S5P8VTN5,0.325272378637531
T_Cell_Cytotoxicity,BS_S6B9DVNS,0.116153898735976
T_Cell_Cytotoxicity,BS_S6S7SK3P,0.125482424016445
T_Cell_Cytotoxicity,BS_S8K878T3,0.490322870749004
T_Cell_Cytotoxicity,BS_SBMAM00V,0.32935281474577
T_Cell_Cytotoxicity,BS_SBMCD7XZ,0.269225769797358
T_Cell_Cytotoxicity,BS_SD0EMK7Y,0.400444219296119
T_Cell_Cytotoxicity,BS_SD8YBRBR,0.0593464760578074
T_Cell_Cytotoxicity,BS_SERDGASJ,0.391598385919346
T_Cell_Cytotoxicity,BS_SJVTZ5TH,0.312202543297575
T_Cell_Cytotoxicity,BS_SMWQR2F1,0.33141005312191
T_Cell_Cytotoxicity,BS_SNVM7CZT,0.332603304411361
T_Cell_Cytotoxicity,BS_SR2RGDXJ,0.311965397642092
T_Cell_Cytotoxicity,BS_SW9Z10F9,0.314511195797495
T_Cell_Cytotoxicity,BS_SY3J3XR9,0.11900971315454
T_Cell_Cytotoxicity,BS_T1YHK6B7,0.268983224296352
T_Cell_Cytotoxicity,BS_T2F48Z4E,0.431753578465817
T_Cell_Cytotoxicity,BS_T9A8JJW5,0.195962804972086
T_Cell_Cytotoxicity,BS_TASG32Z2,0.368381224481411
T_Cell_Cytotoxicity,BS_TGS109T3,0.163070408077482
T_Cell_Cytotoxicity,BS_TM9MH0RP,0.295009571649494
T_Cell_Cytotoxicity,BS_TR2P8KRF,0.290602968950502
T_Cell_Cytotoxicity,BS_TRKH2SPE,0.193148647026801
T_Cell_Cytotoxicity,BS_TRPXB3AV,0.197058041002042
T_Cell_Cytotoxicity,BS_TTDNZTZ0,0.365055565521257
T_Cell_Cytotoxicity,BS_TTE04ZP8,0.37255180150282
T_Cell_Cytotoxicity,BS_TV5B86ZD,0.26560858906507
T_Cell_Cytotoxicity,BS_TVH33J9Q,0.239569275041162
T_Cell_Cytotoxicity,BS_TXZ7KHTQ,0.236111644648355
T_Cell_Cytotoxicity,BS_V0DQFC75,0.385042015755403
T_Cell_Cytotoxicity,BS_V3Z3DB4N,0.0761242119165628
T_Cell_Cytotoxicity,BS_V558NW3Q,0.453732907751699
T_Cell_Cytotoxicity,BS_V6RSB5HQ,0.23324835034737
T_Cell_Cytotoxicity,BS_V8QWBVS3,0.663232756742747
T_Cell_Cytotoxicity,BS_VBMRQK4F,0.328035220909001
T_Cell_Cytotoxicity,BS_VDFXXMEX,0.31565194329459
T_Cell_Cytotoxicity,BS_VF3NVT4G,0.39958308759476
T_Cell_Cytotoxicity,BS_VKH87DD2,0.431303941913213
T_Cell_Cytotoxicity,BS_VKHJG2B8,0.420974416440572
T_Cell_Cytotoxicity,BS_VKYEM67A,0.234071232329011
T_Cell_Cytotoxicity,BS_VMQMGSJY,0.355382309592456
T_Cell_Cytotoxicity,BS_VVTHDRBD,0.0789254783990077
T_Cell_Cytotoxicity,BS_W1385R8Y,0.230525512914751
T_Cell_Cytotoxicity,BS_W4DB5RP1,0.0612800021896199
T_Cell_Cytotoxicity,BS_W7MFJZ5A,0.430092859643619
T_Cell_Cytotoxicity,BS_WBVSK3MP,0.119676910976386
T_Cell_Cytotoxicity,BS_WEKK6SHP,0.35639773824739
T_Cell_Cytotoxicity,BS_WHBEXD5H,0.427388816826003
T_Cell_Cytotoxicity,BS_WQ1YRTAT,-0.0255065790843353
T_Cell_Cytotoxicity,BS_WTJEDTZC,0.493766000611631
T_Cell_Cytotoxicity,BS_WVRX4C9Z,0.447044765192493
T_Cell_Cytotoxicity,BS_X0XXN9BK,0.383704875445973
T_Cell_Cytotoxicity,BS_X1G0TKP4,0.372396870955729
T_Cell_Cytotoxicity,BS_X20JCR4H,0.385338165085989
T_Cell_Cytotoxicity,BS_X23724NJ,0.267017665595668
T_Cell_Cytotoxicity,BS_X3HR4Z21,0.349378415764428
T_Cell_Cytotoxicity,BS_X4DD4KSZ,0.461210421276505
T_Cell_Cytotoxicity,BS_X4X1SFSE,0.138142869417862
T_Cell_Cytotoxicity,BS_XG0DBWVT,0.167662211291063
T_Cell_Cytotoxicity,BS_XGDPK33A,0.251162647606917
T_Cell_Cytotoxicity,BS_XM1AHBDJ,0.277428128008338
T_Cell_Cytotoxicity,BS_XQ5SFW35,0.273191362661357
T_Cell_Cytotoxicity,BS_XQXXBWPD,0.428180201069453
T_Cell_Cytotoxicity,BS_XYVCMF4A,0.256199623885297
T_Cell_Cytotoxicity,BS_XZM79E42,0.381677606885733
T_Cell_Cytotoxicity,BS_YA0KMBRT,0.182213035797782
T_Cell_Cytotoxicity,BS_YDEVMD24,0.156766162230541
T_Cell_Cytotoxicity,BS_YMKQT5V0,0.475623948549085
T_Cell_Cytotoxicity,BS_YR12D1ZY,0.412001411322589
T_Cell_Cytotoxicity,BS_YSZRQ95C,0.297440320446646
T_Cell_Cytotoxicity,BS_YTWEM5SG,0.465319091923298
T_Cell_Cytotoxicity,BS_YZ2QFDAN,0.353992662235495
T_Cell_Cytotoxicity,BS_Z0ZPD9S9,0.397319323056309
T_Cell_Cytotoxicity,BS_Z3RCA1T9,0.355715739281189
T_Cell_Cytotoxicity,BS_Z8F3GM85,0.249859356247258
T_Cell_Cytotoxicity,BS_ZD5HN296,0.501331836607006
T_Cell_Cytotoxicity,BS_ZF6BSFNF,0.266702492577287
T_Cell_Cytotoxicity,BS_ZM97KKXE,0.39243335434521
T_Cell_Cytotoxicity,BS_ZV1P6W9C,0.088702376470582
T_Cell_Cytotoxicity,BS_ZVM8CAB0,0.491808062104905
T_Cell_Cytotoxicity,BS_ZZWMD6FA,0.346832622548597
T_Cell_Cytotoxicity,BS_06AMMCXR,0.315820219082867
T_Cell_Cytotoxicity,BS_08TWG4K0,0.684901955273157
T_Cell_Cytotoxicity,BS_1DECYC4K,0.286246429000259
T_Cell_Cytotoxicity,BS_2A5R9D97,0.370283521837818
T_Cell_Cytotoxicity,BS_3VJ0CA6A,0.300757051845816
T_Cell_Cytotoxicity,BS_3XYJBBHQ,0.447178140485763
T_Cell_Cytotoxicity,BS_4C4MZ4NT,0.299895310900309
T_Cell_Cytotoxicity,BS_4PPHAQXF,0.306650074410904
T_Cell_Cytotoxicity,BS_4SMPV083,0.490962435711522
T_Cell_Cytotoxicity,BS_A76PNWQS,0.278781564104117
T_Cell_Cytotoxicity,BS_BZCTXEPJ,0.488756909492806
T_Cell_Cytotoxicity,BS_CB6VK7PB,0.306761847415585
T_Cell_Cytotoxicity,BS_ED8G98XT,0.195794498520197
T_Cell_Cytotoxicity,BS_FCX6DZ0J,0.473454287652669
T_Cell_Cytotoxicity,BS_FYRDYBMZ,0.224240284322393
T_Cell_Cytotoxicity,BS_H1XPVS9A,0.304942982169839
T_Cell_Cytotoxicity,BS_QRNSKFMS,0.298435135775308
T_Cell_Cytotoxicity,BS_R13X6TMW,0.27002360172045
T_Cell_Cytotoxicity,BS_RJMJ935A,0.544507902665963
T_Cell_Cytotoxicity,BS_RWJZFTP9,0.144328522513449
T_Cell_Cytotoxicity,BS_S20SP0WW,0.453317499174929
T_Cell_Cytotoxicity,BS_SB12W1XT,0.356702556298244
T_Cell_Cytotoxicity,BS_T0MXH2CA,0.379510077689346
T_Cell_Cytotoxicity,BS_T1W4JA94,0.222112657660428
T_Cell_Cytotoxicity,BS_T289QKBV,0.390018693793908
T_Cell_Cytotoxicity,BS_T3H5AY8A,0.440322979948218
T_Cell_Cytotoxicity,BS_TVV122JG,0.269721058958064
T_Cell_Cytotoxicity,BS_VW85Q4XJ,0.395157777458629
T_Cell_Cytotoxicity,BS_W97QQYKQ,0.579034037557516
T_Cell_Cytotoxicity,BS_WYMX429C,0.472927654857682
T_Cell_Cytotoxicity,BS_YR1XY6SF,0.417209357185638
T_Cell_Cytotoxicity,BS_014EVM2D,0.408135440284733
T_Cell_Cytotoxicity,BS_044XZ8ST,0.246140471703989
T_Cell_Cytotoxicity,BS_063ERW0R,0.139211073079833
T_Cell_Cytotoxicity,BS_0D5VRAKC,0.463873689747881
T_Cell_Cytotoxicity,BS_0J9SHHSC,0.314268889547653
T_Cell_Cytotoxicity,BS_0SCXXM6N,0.416419511479141
T_Cell_Cytotoxicity,BS_0TDWG2CV,0.493672491828471
T_Cell_Cytotoxicity,BS_0WVJYM9R,0.233814895626397
T_Cell_Cytotoxicity,BS_0X9EGHY2,0.297572551590552
T_Cell_Cytotoxicity,BS_0Y5J2AQ4,0.356442359043106
T_Cell_Cytotoxicity,BS_13CGKADW,0.260843054850344
T_Cell_Cytotoxicity,BS_166N7SZQ,0.296807393222297
T_Cell_Cytotoxicity,BS_17WYVEEC,0.154010187714828
T_Cell_Cytotoxicity,BS_1G3WYEN3,0.271241705793806
T_Cell_Cytotoxicity,BS_1HYS8CSC,0.437263303602492
T_Cell_Cytotoxicity,BS_1JDG6JV5,0.314906298711838
T_Cell_Cytotoxicity,BS_1KYGSMA7,0.435628400309227
T_Cell_Cytotoxicity,BS_1N76FQZY,0.348352515983256
T_Cell_Cytotoxicity,BS_1NPD7PVG,0.323402104076786
T_Cell_Cytotoxicity,BS_1Z9AX9JS,0.421992352143078
T_Cell_Cytotoxicity,BS_1ZVXF5FE,0.268049289019669
T_Cell_Cytotoxicity,BS_21RE8W46,0.2649695883495
T_Cell_Cytotoxicity,BS_24AHZ9ZW,0.417445834570707
T_Cell_Cytotoxicity,BS_2720P44V,0.502512759614783
T_Cell_Cytotoxicity,BS_27FYYPJG,0.375864191482041
T_Cell_Cytotoxicity,BS_29TRQXWM,0.394725743910076
T_Cell_Cytotoxicity,BS_2ADZNNV4,0.323777549728809
T_Cell_Cytotoxicity,BS_2EMW8ZG3,0.282417960653433
T_Cell_Cytotoxicity,BS_2K3FVT86,0.403679988418478
T_Cell_Cytotoxicity,BS_2KJ2YAZR,0.343594942446988
T_Cell_Cytotoxicity,BS_2QCQYY6M,0.368973761152569
T_Cell_Cytotoxicity,BS_2WPQ8YCW,0.345875646376978
T_Cell_Cytotoxicity,BS_2XM08BFY,0.38658406009522
T_Cell_Cytotoxicity,BS_2YCJV2VV,0.197344673136982
T_Cell_Cytotoxicity,BS_304SPN6B,0.402977018304851
T_Cell_Cytotoxicity,BS_33AQSPRP,0.42130597711423
T_Cell_Cytotoxicity,BS_3G3KWY18,0.290720266858912
T_Cell_Cytotoxicity,BS_3GAN6Q43,0.325176583676576
T_Cell_Cytotoxicity,BS_3P20Q2C3,0.0455236938571962
T_Cell_Cytotoxicity,BS_3PYESPHA,0.0932583071081601
T_Cell_Cytotoxicity,BS_3Q0GTSYH,0.240627762460958
T_Cell_Cytotoxicity,BS_3TJHY996,0.53358979044236
T_Cell_Cytotoxicity,BS_3XY76V8T,0.350998154120866
T_Cell_Cytotoxicity,BS_3Y2X2RBJ,0.436827475031407
T_Cell_Cytotoxicity,BS_401R3KV0,0.279334413676719
T_Cell_Cytotoxicity,BS_42DY6WS7,0.252412566393449
T_Cell_Cytotoxicity,BS_42Y3YANN,0.304727883766605
T_Cell_Cytotoxicity,BS_470DYRJQ,0.320980100973763
T_Cell_Cytotoxicity,BS_47SJZ3PH,0.336229831914842
T_Cell_Cytotoxicity,BS_49852ZBH,0.301898105717892
T_Cell_Cytotoxicity,BS_4A45GGSW,0.162059729193416
T_Cell_Cytotoxicity,BS_4BWB0FA0,0.371868120226218
T_Cell_Cytotoxicity,BS_4CXE5XEP,0.408361640822713
T_Cell_Cytotoxicity,BS_4HQ3T2NC,0.353198355689291
T_Cell_Cytotoxicity,BS_4N1GNHX4,0.401223445113588
T_Cell_Cytotoxicity,BS_4NF35AF6,0.200947242373113
T_Cell_Cytotoxicity,BS_4TZQY7TT,0.636041056981029
T_Cell_Cytotoxicity,BS_4Y6BCYK5,0.249392199343711
T_Cell_Cytotoxicity,BS_4Z2F4P9N,0.297424268855479
T_Cell_Cytotoxicity,BS_503DZ8BN,0.508026823983885
T_Cell_Cytotoxicity,BS_52426AMF,0.340162016834036
T_Cell_Cytotoxicity,BS_52DAPP1Y,0.174046580729152
T_Cell_Cytotoxicity,BS_534XRSNB,0.330748030931432
T_Cell_Cytotoxicity,BS_53GQKVEX,0.227976753409013
T_Cell_Cytotoxicity,BS_54H90JW2,0.451684799354302
T_Cell_Cytotoxicity,BS_55P8HPYD,0.229067022674035
T_Cell_Cytotoxicity,BS_55X1W2MR,0.478525367933377
T_Cell_Cytotoxicity,BS_57NMZPS0,0.339663402556395
T_Cell_Cytotoxicity,BS_593HEWBF,0.261952265010777
T_Cell_Cytotoxicity,BS_5J5D3QTD,0.397174850791028
T_Cell_Cytotoxicity,BS_5K3R0F5D,0.245771089449497
T_Cell_Cytotoxicity,BS_5NWDARXG,0.404752494332564
T_Cell_Cytotoxicity,BS_5PEFNDCY,0.176930929721428
T_Cell_Cytotoxicity,BS_5PV5N4HQ,0.298815253990919
T_Cell_Cytotoxicity,BS_5YJEPPTP,0.317959082270132
T_Cell_Cytotoxicity,BS_5YYCP891,0.461739829667941
T_Cell_Cytotoxicity,BS_66ABA973,0.176480760194454
T_Cell_Cytotoxicity,BS_66HQ3E4Z,0.299914753392744
T_Cell_Cytotoxicity,BS_680K119G,0.202936909325645
T_Cell_Cytotoxicity,BS_68BW2163,0.167799407548971
T_Cell_Cytotoxicity,BS_699TN5RN,0.409554247138681
T_Cell_Cytotoxicity,BS_6HXD39AM,0.575235636801093
T_Cell_Cytotoxicity,BS_6N3AFF66,0.23403036207776
T_Cell_Cytotoxicity,BS_6TSAVMT9,0.403933168270705
T_Cell_Cytotoxicity,BS_6VF6VPCG,0.324701914677297
T_Cell_Cytotoxicity,BS_769BDPDB,0.495890130767122
T_Cell_Cytotoxicity,BS_76DRXZRJ,0.439505622929613
T_Cell_Cytotoxicity,BS_775HDFNY,0.32631642181942
T_Cell_Cytotoxicity,BS_7H4RFCW9,0.480182986732005
T_Cell_Cytotoxicity,BS_7M3FNSYK,0.35009494033232
T_Cell_Cytotoxicity,BS_7MGXMG6S,0.5110425500992
T_Cell_Cytotoxicity,BS_7N0B2CY1,0.129587720632476
T_Cell_Cytotoxicity,BS_7P83Z28P,0.285400401601283
T_Cell_Cytotoxicity,BS_7Z93ZYMS,0.284631011218278
T_Cell_Cytotoxicity,BS_880ESDFZ,0.287317999742497
T_Cell_Cytotoxicity,BS_8BF616QR,0.424844756515134
T_Cell_Cytotoxicity,BS_8J3B6ZB6,0.35549346430284
T_Cell_Cytotoxicity,BS_8QJ43WKW,0.436788497594541
T_Cell_Cytotoxicity,BS_8RCR7Y4B,0.2482216639477
T_Cell_Cytotoxicity,BS_8VAZSJEN,0.365119123546993
T_Cell_Cytotoxicity,BS_92HCM7BN,0.379540135445834
T_Cell_Cytotoxicity,BS_94MT16N2,0.25669294513558
T_Cell_Cytotoxicity,BS_9BJARSX3,0.338226185129729
T_Cell_Cytotoxicity,BS_9F09XV62,0.164369437223751
T_Cell_Cytotoxicity,BS_9HSGV9TJ,0.434362721031322
T_Cell_Cytotoxicity,BS_9JBX2E8G,0.275694187431324
T_Cell_Cytotoxicity,BS_9P9MB8X8,0.334030002779605
T_Cell_Cytotoxicity,BS_9Q6Z6VJC,0.320694840183617
T_Cell_Cytotoxicity,BS_9S7AG4EN,0.320950437911023
T_Cell_Cytotoxicity,BS_9SJWWYQ4,0.188550586694899
T_Cell_Cytotoxicity,BS_9YXH2CZ0,0.377148702789916
T_Cell_Cytotoxicity,BS_A13BMEF5,0.190717566346659
T_Cell_Cytotoxicity,BS_A1VEGWTR,0.206244811998848
T_Cell_Cytotoxicity,BS_A46RDWGM,0.108259835692509
T_Cell_Cytotoxicity,BS_A96FKXN5,0.327955500490564
T_Cell_Cytotoxicity,BS_AGVWD5K8,0.356840772015647
T_Cell_Cytotoxicity,BS_AM0BZ61K,0.32616129670669
T_Cell_Cytotoxicity,BS_AP0SZ364,0.413414160975756
T_Cell_Cytotoxicity,BS_ATHSTZ5R,0.405846409186162
T_Cell_Cytotoxicity,BS_AW7J9F9R,0.367899790813988
T_Cell_Cytotoxicity,BS_B0SVFK4P,0.402233620477848
T_Cell_Cytotoxicity,BS_B3M5SGPA,0.281557006148577
T_Cell_Cytotoxicity,BS_B5JM6T8K,0.363977568534379
T_Cell_Cytotoxicity,BS_B6JKQFKA,0.39051202756791
T_Cell_Cytotoxicity,BS_B7GEH89C,0.223109973635958
T_Cell_Cytotoxicity,BS_B7X8VXQ3,0.244645692911129
T_Cell_Cytotoxicity,BS_BANCTAV6,0.196335161570165
T_Cell_Cytotoxicity,BS_BC936YNZ,0.376012502114201
T_Cell_Cytotoxicity,BS_BGRPWBNG,0.430814439658937
T_Cell_Cytotoxicity,BS_BJBM0BN7,0.36443790767867
T_Cell_Cytotoxicity,BS_BKQZ550R,0.301806857463757
T_Cell_Cytotoxicity,BS_BN986DF6,0.199578215229849
T_Cell_Cytotoxicity,BS_BNECCX4D,0.462400808879746
T_Cell_Cytotoxicity,BS_BPSTSCBJ,0.452485931289047
T_Cell_Cytotoxicity,BS_BW79W2PD,0.361341670455661
T_Cell_Cytotoxicity,BS_C0NEVC2B,0.465757799454024
T_Cell_Cytotoxicity,BS_C51RB0YR,0.35065208472306
T_Cell_Cytotoxicity,BS_C6SKJG3N,0.383574424392354
T_Cell_Cytotoxicity,BS_CC6RREE4,0.37460908433033
T_Cell_Cytotoxicity,BS_CGB2WS2A,0.179863746818235
T_Cell_Cytotoxicity,BS_CKX8RW1J,0.358367593578112
T_Cell_Cytotoxicity,BS_CMDJJQ7K,0.429300380898177
T_Cell_Cytotoxicity,BS_CTR5X93B,0.327692000862825
T_Cell_Cytotoxicity,BS_CVGFNCBJ,0.149238932537809
T_Cell_Cytotoxicity,BS_D3YBV7KB,0.404421577057702
T_Cell_Cytotoxicity,BS_DEHJF4C7,0.347796551553569
T_Cell_Cytotoxicity,BS_DMJHAG9X,0.466043484381927
T_Cell_Cytotoxicity,BS_DMZP9G1H,0.0574431572412528
T_Cell_Cytotoxicity,BS_DPF1CX0G,0.163092698508358
T_Cell_Cytotoxicity,BS_DSS3S5XD,0.362550925937717
T_Cell_Cytotoxicity,BS_DV86M0Y7,0.253446662589973
T_Cell_Cytotoxicity,BS_E2DEWCSK,0.377226724299741
T_Cell_Cytotoxicity,BS_E3EJHXQV,0.483313954855116
T_Cell_Cytotoxicity,BS_E4GC9EXR,0.395422422192302
T_Cell_Cytotoxicity,BS_E94QRJDW,0.333599083549746
T_Cell_Cytotoxicity,BS_EBMCTR80,0.180930645228513
T_Cell_Cytotoxicity,BS_EFEZB0ZH,0.420609224344324
T_Cell_Cytotoxicity,BS_EHVYJAVA,0.131976327830865
T_Cell_Cytotoxicity,BS_EMAJ7P3P,0.405035751150833
T_Cell_Cytotoxicity,BS_ET8CJXSF,0.221841906411135
T_Cell_Cytotoxicity,BS_EXGBH3TD,0.264497846601757
T_Cell_Cytotoxicity,BS_EYSS0ZDS,0.29631445159617
T_Cell_Cytotoxicity,BS_F1K9QTBS,0.43049789672115
T_Cell_Cytotoxicity,BS_F77MGAQT,0.52441720419782
T_Cell_Cytotoxicity,BS_F8N6CFQE,0.357288691995776
T_Cell_Cytotoxicity,BS_FAQQ0GCQ,0.492256901326337
T_Cell_Cytotoxicity,BS_FJWZ3M7V,0.23412995470503
T_Cell_Cytotoxicity,BS_FJZPQZ2C,0.381296154554562
T_Cell_Cytotoxicity,BS_FR42HY0Z,0.409028737331304
T_Cell_Cytotoxicity,BS_FX4WKR2R,0.228594406182974
T_Cell_Cytotoxicity,BS_FZ62GZGV,0.49939941534524
T_Cell_Cytotoxicity,BS_G1DAGKSY,0.280823696154801
T_Cell_Cytotoxicity,BS_G5QBBHDV,0.311716911111919
T_Cell_Cytotoxicity,BS_G7AGNB5G,0.123607850337176
T_Cell_Cytotoxicity,BS_G9XE3N9T,0.181842686255191
T_Cell_Cytotoxicity,BS_GCA4GET3,0.208970026518217
T_Cell_Cytotoxicity,BS_GHNJ4CYC,0.332140317813993
T_Cell_Cytotoxicity,BS_GPEGRCCT,0.444938055236076
T_Cell_Cytotoxicity,BS_GTZCFGRZ,0.236496889365181
T_Cell_Cytotoxicity,BS_GYA4V1RD,0.215582123169944
T_Cell_Cytotoxicity,BS_GYXSDZ56,0.355700776427298
T_Cell_Cytotoxicity,BS_H08FEN68,0.337416871179169
T_Cell_Cytotoxicity,BS_H0WF1WHE,0.446804029936089
T_Cell_Cytotoxicity,BS_H3FE3TH9,0.239203830425067
T_Cell_Cytotoxicity,BS_H8A9PSYA,0.184178195226055
T_Cell_Cytotoxicity,BS_H9EX5WX3,0.355101038729066
T_Cell_Cytotoxicity,BS_HC5M8JTC,0.464634148392886
T_Cell_Cytotoxicity,BS_HM0R6SXQ,0.508377349584475
T_Cell_Cytotoxicity,BS_HNMQ7488,0.481042484478059
T_Cell_Cytotoxicity,BS_HQ5BJ6MW,0.353626432801808
T_Cell_Cytotoxicity,BS_HQDXQ5Y4,0.404700995071228
T_Cell_Cytotoxicity,BS_HSHN8PBB,0.389912688901145
T_Cell_Cytotoxicity,BS_HSTNFPKW,0.480278646684777
T_Cell_Cytotoxicity,BS_HV8PFRBR,0.233973215656875
T_Cell_Cytotoxicity,BS_J5H5VXWY,0.56399038431259
T_Cell_Cytotoxicity,BS_J9M83K8T,0.460557325497909
T_Cell_Cytotoxicity,BS_JFVB9KXB,0.17653063159298
T_Cell_Cytotoxicity,BS_JGKZ54SA,0.403550405487701
T_Cell_Cytotoxicity,BS_JH29M4KG,0.400838992171623
T_Cell_Cytotoxicity,BS_JKXA3FQC,0.242782390587167
T_Cell_Cytotoxicity,BS_JMHG7GCN,0.340011359039255
T_Cell_Cytotoxicity,BS_JVA2NQFF,0.272810553096901
T_Cell_Cytotoxicity,BS_JWSR581E,0.263566051530263
T_Cell_Cytotoxicity,BS_K57A4A9D,0.313656733703425
T_Cell_Cytotoxicity,BS_K5802F84,0.0849205073272381
T_Cell_Cytotoxicity,BS_K7MVS0Z7,0.252708627190824
T_Cell_Cytotoxicity,BS_K838XW6V,0.392384934143986
T_Cell_Cytotoxicity,BS_M4NVX721,0.329674241222484
T_Cell_Cytotoxicity,BS_M4TTKPNR,0.40710439846485
T_Cell_Cytotoxicity,BS_M8M56Z4Y,0.359613748256252
T_Cell_Cytotoxicity,BS_M8WP5T16,0.258530769245718
T_Cell_Cytotoxicity,BS_MBSTWZA6,0.26478311465148
T_Cell_Cytotoxicity,BS_MF9X3PKH,0.365931629417624
T_Cell_Cytotoxicity,BS_MH8RAG4A,0.523203780796177
T_Cell_Cytotoxicity,BS_MX92FD6D,0.420845720777514
T_Cell_Cytotoxicity,BS_MY9D8XZ1,0.297422467200347
T_Cell_Cytotoxicity,BS_N1E0H8YQ,0.309214096170661
T_Cell_Cytotoxicity,BS_N210XMKR,0.294145542814057
T_Cell_Cytotoxicity,BS_N6NE6B3W,0.0559856344428739
T_Cell_Cytotoxicity,BS_N87X1T8T,0.44246111857554
T_Cell_Cytotoxicity,BS_NB5XWMJT,0.423163813182613
T_Cell_Cytotoxicity,BS_NBZNAG7Q,0.440516649985025
T_Cell_Cytotoxicity,BS_NG9X6SJA,0.393796066804909
T_Cell_Cytotoxicity,BS_NKEAAFMW,-0.0430948627464007
T_Cell_Cytotoxicity,BS_NPQJ20KX,0.240628338670559
T_Cell_Cytotoxicity,BS_NQB91P48,0.34949089916155
T_Cell_Cytotoxicity,BS_NRFQEQKP,0.214094319178295
T_Cell_Cytotoxicity,BS_NRPG5K4K,0.354583328808974
T_Cell_Cytotoxicity,BS_NS7GSHB9,0.260917051779082
T_Cell_Cytotoxicity,BS_NT9NZYFD,0.137840904977334
T_Cell_Cytotoxicity,BS_NY5T05AK,0.427777971449377
T_Cell_Cytotoxicity,BS_P2Y2NANM,0.466104034271897
T_Cell_Cytotoxicity,BS_PDVD0GCM,0.322833259960826
T_Cell_Cytotoxicity,BS_PEP9NZXN,0.211886735844127
T_Cell_Cytotoxicity,BS_PQ7CQFYR,0.277841271541215
T_Cell_Cytotoxicity,BS_PRCG6W20,0.610559494370791
T_Cell_Cytotoxicity,BS_Q2PBFNDF,0.442983350390957
T_Cell_Cytotoxicity,BS_Q3TBCK4V,0.216252392511346
T_Cell_Cytotoxicity,BS_Q6VH5GJ8,0.335481729653277
T_Cell_Cytotoxicity,BS_Q79NP5YY,0.388946897280741
T_Cell_Cytotoxicity,BS_QBMW69AM,0.35225715846767
T_Cell_Cytotoxicity,BS_QH82PBMB,0.187513228915191
T_Cell_Cytotoxicity,BS_QTSXW7DA,0.307455819485509
T_Cell_Cytotoxicity,BS_QV51J756,0.120027523891544
T_Cell_Cytotoxicity,BS_R244Z0WX,0.295366053414372
T_Cell_Cytotoxicity,BS_R3AJB6VS,0.385346298425978
T_Cell_Cytotoxicity,BS_R7V8BC98,0.403845239392418
T_Cell_Cytotoxicity,BS_R9CKW9DY,0.493078368402151
T_Cell_Cytotoxicity,BS_RAQFEB0S,0.414426412549935
T_Cell_Cytotoxicity,BS_RARBBY7C,0.52961890635559
T_Cell_Cytotoxicity,BS_RGSMX7QD,0.279188343560372
T_Cell_Cytotoxicity,BS_RMT7ABN6,0.491935127032027
T_Cell_Cytotoxicity,BS_RNANA568,0.398109725524394
T_Cell_Cytotoxicity,BS_RPJ1EPHA,0.400042823358793
T_Cell_Cytotoxicity,BS_RRAEQZ97,0.23529278575562
T_Cell_Cytotoxicity,BS_RVSEDNJ4,0.180223151985102
T_Cell_Cytotoxicity,BS_S1KK7XRH,0.298233339451058
T_Cell_Cytotoxicity,BS_S458NMKH,0.270670907361131
T_Cell_Cytotoxicity,BS_S50KQEXV,0.293022541259238
T_Cell_Cytotoxicity,BS_SDA4RMMG,0.176925812912179
T_Cell_Cytotoxicity,BS_SDZY6RZ3,0.274209598630963
T_Cell_Cytotoxicity,BS_SFKZSJN1,0.274548373967639
T_Cell_Cytotoxicity,BS_SH2S6SFN,0.492914292155818
T_Cell_Cytotoxicity,BS_SHMC4902,0.232648943845138
T_Cell_Cytotoxicity,BS_SJ0HXCD0,0.453802863317058
T_Cell_Cytotoxicity,BS_SQX5E15Z,0.421964186722608
T_Cell_Cytotoxicity,BS_SW8C9Y5Y,0.515668685066304
T_Cell_Cytotoxicity,BS_SXRS2P6T,0.27974757556491
T_Cell_Cytotoxicity,BS_T0RKFEKR,0.403144768523452
T_Cell_Cytotoxicity,BS_T2QPMZCM,0.084534152242619
T_Cell_Cytotoxicity,BS_T4JFN54G,0.299201021057992
T_Cell_Cytotoxicity,BS_T5P5ME9M,0.365099954100272
T_Cell_Cytotoxicity,BS_TDJXQBVY,0.451451523301818
T_Cell_Cytotoxicity,BS_TG93XC55,0.0802617649195577
T_Cell_Cytotoxicity,BS_TRZZRYKF,0.335384542561686
T_Cell_Cytotoxicity,BS_TV80600R,0.353751219043834
T_Cell_Cytotoxicity,BS_TWFDEMBZ,0.315814022531492
T_Cell_Cytotoxicity,BS_V2G1YE8R,0.455902391662197
T_Cell_Cytotoxicity,BS_V33RCK1Y,0.312666809096183
T_Cell_Cytotoxicity,BS_V3REENH9,0.331961017935487
T_Cell_Cytotoxicity,BS_V72GX2AZ,0.312670140492474
T_Cell_Cytotoxicity,BS_V7BZ049H,0.455223635228335
T_Cell_Cytotoxicity,BS_V89HGTET,0.366710601482006
T_Cell_Cytotoxicity,BS_VARR255N,0.378420828208115
T_Cell_Cytotoxicity,BS_VMMJYN8Z,0.156479815762009
T_Cell_Cytotoxicity,BS_VTYNWK05,0.533755929913468
T_Cell_Cytotoxicity,BS_VZWXGYT2,0.443163790211078
T_Cell_Cytotoxicity,BS_WRQHPSXQ,0.123203590044618
T_Cell_Cytotoxicity,BS_WVS02TZK,0.256800305896665
T_Cell_Cytotoxicity,BS_X16PENSA,0.391068419806748
T_Cell_Cytotoxicity,BS_X2EDW2ZB,0.296619813076002
T_Cell_Cytotoxicity,BS_X5DFR216,0.486541506241199
T_Cell_Cytotoxicity,BS_X6GFVDVA,0.404506939637345
T_Cell_Cytotoxicity,BS_X91K8KMG,0.5136334692659
T_Cell_Cytotoxicity,BS_XGSA3GQE,0.209999413807935
T_Cell_Cytotoxicity,BS_XKKB4MZV,0.186198877682238
T_Cell_Cytotoxicity,BS_Y0PCBNJV,0.304334943369508
T_Cell_Cytotoxicity,BS_Y274AC0H,0.425117077381683
T_Cell_Cytotoxicity,BS_Y7H24JZG,0.466082185392034
T_Cell_Cytotoxicity,BS_Y7W8BR6B,0.397271103214038
T_Cell_Cytotoxicity,BS_YASWHXJC,0.544634790733694
T_Cell_Cytotoxicity,BS_YB2RXRHT,0.283473763264118
T_Cell_Cytotoxicity,BS_YCREDZTJ,0.331342229063542
T_Cell_Cytotoxicity,BS_YEQVW4ND,0.239409373152646
T_Cell_Cytotoxicity,BS_YMAJC22S,0.0463109920548064
T_Cell_Cytotoxicity,BS_YVEEXAAT,0.465846264918114
T_Cell_Cytotoxicity,BS_YVMEEBKC,0.264988834698979
T_Cell_Cytotoxicity,BS_YWJKHMXV,0.432761539644065
T_Cell_Cytotoxicity,BS_YY5B2XDD,0.375593809378937
T_Cell_Cytotoxicity,BS_YZ2Z1Q6Y,0.255299324957783
T_Cell_Cytotoxicity,BS_Z0AVVB1V,0.343418005675059
T_Cell_Cytotoxicity,BS_Z1A875MW,0.281954465391113
T_Cell_Cytotoxicity,BS_Z6BWR941,0.267221988419625
T_Cell_Cytotoxicity,BS_Z7Y2466H,0.303261039744552
T_Cell_Cytotoxicity,BS_ZHHAM3AN,0.680370726714572
T_Cell_Cytotoxicity,BS_ZHRGDRBW,0.261357612322446
T_Cell_Cytotoxicity,BS_ZJY7Y34M,0.287742411209706
T_Cell_Cytotoxicity,BS_ZN2P8BKH,0.603193223665907
T_Cell_Cytotoxicity,BS_ZTWGFWTX,0.33418033563115
T_Cell_Cytotoxicity,BS_ZV9Z3SY6,0.28557026732301
T_Cell_Cytotoxicity,BS_ZVX2GRD6,0.175724699483198
T_Cell_Cytotoxicity,BS_ZZMYDZJW,0.278079359512582
T_Cell_Exhaustion,BS_00FD2KMP,0.401459650267353
T_Cell_Exhaustion,BS_028YFYJ6,0.442899727147002
T_Cell_Exhaustion,BS_052PZFMK,0.359148045967164
T_Cell_Exhaustion,BS_056Q8577,0.503911009666217
T_Cell_Exhaustion,BS_08ST21QE,0.457676554110929
T_Cell_Exhaustion,BS_0C7VZC0A,0.381663416695819
T_Cell_Exhaustion,BS_0S8E7590,0.509235181728513
T_Cell_Exhaustion,BS_0VXZCRJS,0.381341527543083
T_Cell_Exhaustion,BS_0XEBS3PG,0.354517752804061
T_Cell_Exhaustion,BS_0ZA67BBC,0.354647346573602
T_Cell_Exhaustion,BS_12G04QJM,0.417152459915081
T_Cell_Exhaustion,BS_17ZSMXFH,0.329229827345772
T_Cell_Exhaustion,BS_1A6MQ9ZA,0.308504980744673
T_Cell_Exhaustion,BS_1D93Z575,0.369752290121056
T_Cell_Exhaustion,BS_1EN5V3XW,0.439853706392326
T_Cell_Exhaustion,BS_223BM91B,0.456817424729945
T_Cell_Exhaustion,BS_25HNKZ79,0.448538493485732
T_Cell_Exhaustion,BS_2853394H,0.352877327120657
T_Cell_Exhaustion,BS_297H8BT4,0.385911311171002
T_Cell_Exhaustion,BS_29X4ZX6Q,0.329191224963009
T_Cell_Exhaustion,BS_2A5R9MEJ,0.317610700348349
T_Cell_Exhaustion,BS_2ARXK0TD,0.489844849535735
T_Cell_Exhaustion,BS_2AV1H5TV,0.46082826042074
T_Cell_Exhaustion,BS_2DMBCHNF,0.445459957981063
T_Cell_Exhaustion,BS_2EN3X6HB,0.411977279255728
T_Cell_Exhaustion,BS_2FEZWH1F,0.476214785273377
T_Cell_Exhaustion,BS_2HNXVFAS,0.308350715173598
T_Cell_Exhaustion,BS_2JH1QMT1,0.41735424568818
T_Cell_Exhaustion,BS_2JP7RBMB,0.367378526313426
T_Cell_Exhaustion,BS_2K01T8K6,0.473261612267606
T_Cell_Exhaustion,BS_2PDS3MSS,0.421452945794919
T_Cell_Exhaustion,BS_2T5PJAW8,0.417719988227139
T_Cell_Exhaustion,BS_2WANPFBJ,0.458475897666261
T_Cell_Exhaustion,BS_30F3Z9FS,0.460569285836056
T_Cell_Exhaustion,BS_30VC3R2Q,0.333706119785362
T_Cell_Exhaustion,BS_30YWQ3FY,0.453038398438389
T_Cell_Exhaustion,BS_31MBRWC4,0.498862509075942
T_Cell_Exhaustion,BS_333KCNDP,0.533275867797299
T_Cell_Exhaustion,BS_399RPKC9,0.346748588380137
T_Cell_Exhaustion,BS_3AC3SRWH,0.356268247781357
T_Cell_Exhaustion,BS_3MS8WVNR,0.361150939687498
T_Cell_Exhaustion,BS_3ZPJAK9A,0.401987192496705
T_Cell_Exhaustion,BS_45J79YTF,0.272706085405343
T_Cell_Exhaustion,BS_49BQS7Z6,0.42307181571605
T_Cell_Exhaustion,BS_49CJNZ06,0.380186779118637
T_Cell_Exhaustion,BS_4B0BAVTX,0.373496067663229
T_Cell_Exhaustion,BS_4BM3F6XJ,0.460642926777012
T_Cell_Exhaustion,BS_4C6B11E4,0.367950411047398
T_Cell_Exhaustion,BS_4GNN7J8E,0.531070343241064
T_Cell_Exhaustion,BS_4KNBXM3C,0.448684453796254
T_Cell_Exhaustion,BS_4Q3KRCZT,0.51184538466805
T_Cell_Exhaustion,BS_4QW2S1Q8,0.433620759971293
T_Cell_Exhaustion,BS_4T0HQ9QF,0.38878797111944
T_Cell_Exhaustion,BS_4V42BXBT,0.373166915516398
T_Cell_Exhaustion,BS_51RA1PGE,0.307335965052037
T_Cell_Exhaustion,BS_52C576HH,0.338454551600654
T_Cell_Exhaustion,BS_5965SFPZ,0.367073408922133
T_Cell_Exhaustion,BS_5EFYPZT0,0.382664856009849
T_Cell_Exhaustion,BS_5G5BD2MD,0.525865701766306
T_Cell_Exhaustion,BS_5K95FX4C,0.536960387499831
T_Cell_Exhaustion,BS_5KBXD2GQ,0.453239908156615
T_Cell_Exhaustion,BS_5PXZ8F7W,0.443765397848627
T_Cell_Exhaustion,BS_5VPM0F36,0.478468090386436
T_Cell_Exhaustion,BS_62SW4CC5,0.581290062145384
T_Cell_Exhaustion,BS_65WPD3DA,0.471662684943677
T_Cell_Exhaustion,BS_68KX6A42,0.464661644147766
T_Cell_Exhaustion,BS_6DCSD5Y6,0.305597652065375
T_Cell_Exhaustion,BS_6H4Q24WA,0.493303102831954
T_Cell_Exhaustion,BS_6M2053M0,0.397752078311558
T_Cell_Exhaustion,BS_6SY64H5J,0.590963287890751
T_Cell_Exhaustion,BS_6VRG1XFB,0.360428348981318
T_Cell_Exhaustion,BS_6WP1FHTE,0.434170973581851
T_Cell_Exhaustion,BS_7327SDAQ,0.361127680576311
T_Cell_Exhaustion,BS_75YRDXET,0.536971969655881
T_Cell_Exhaustion,BS_77SBTNPN,0.365723321805822
T_Cell_Exhaustion,BS_7AEF4D4G,0.441203176438614
T_Cell_Exhaustion,BS_7APCGCVF,0.389181281404342
T_Cell_Exhaustion,BS_7GJT4A6A,0.280986032266086
T_Cell_Exhaustion,BS_7GKWKGPH,0.480650908750654
T_Cell_Exhaustion,BS_7PVJ6Q3D,0.401348169243349
T_Cell_Exhaustion,BS_7WKNNRHK,0.443038054110196
T_Cell_Exhaustion,BS_84VZX732,0.397845873462419
T_Cell_Exhaustion,BS_84XCR9GG,0.345299544551422
T_Cell_Exhaustion,BS_8E8JKP01,0.301571126911494
T_Cell_Exhaustion,BS_8ERBDF7D,0.358595358838776
T_Cell_Exhaustion,BS_8JK9TXH2,0.470280194650487
T_Cell_Exhaustion,BS_8VD670NP,0.364940601851781
T_Cell_Exhaustion,BS_8YWYN7VH,0.442854582796737
T_Cell_Exhaustion,BS_8ZE4Z9G5,0.483167267098572
T_Cell_Exhaustion,BS_8ZY4GST0,0.329353842476644
T_Cell_Exhaustion,BS_91VYM11A,0.39826637507264
T_Cell_Exhaustion,BS_956G6QPJ,0.385753441795031
T_Cell_Exhaustion,BS_97M1E2DW,0.256828574043412
T_Cell_Exhaustion,BS_9A1YTHFF,0.538190469768284
T_Cell_Exhaustion,BS_9B0A62MT,0.462890039616171
T_Cell_Exhaustion,BS_9CA93S6D,0.254381561931184
T_Cell_Exhaustion,BS_9FHEFJNP,0.457095917471291
T_Cell_Exhaustion,BS_9FX3YREK,0.283236147405496
T_Cell_Exhaustion,BS_9GJ3DB1H,0.470272066698492
T_Cell_Exhaustion,BS_9JPQZQNG,0.507123667710973
T_Cell_Exhaustion,BS_9TXEDSWB,0.409732526880734
T_Cell_Exhaustion,BS_9XVACXP0,0.221871634139439
T_Cell_Exhaustion,BS_9Y1K14Q5,0.449176542402714
T_Cell_Exhaustion,BS_9ZJT0CP0,0.350833295266411
T_Cell_Exhaustion,BS_A4PF49V0,0.358039528339318
T_Cell_Exhaustion,BS_A6NXR7RC,0.322541563468689
T_Cell_Exhaustion,BS_A7Q8G0Y1,0.381947397980103
T_Cell_Exhaustion,BS_A8XW5S0W,0.485183238642765
T_Cell_Exhaustion,BS_AWH9757B,0.254144656559861
T_Cell_Exhaustion,BS_AYSXRQWY,0.461324105144066
T_Cell_Exhaustion,BS_AZQM1JJH,0.505209462710284
T_Cell_Exhaustion,BS_B1C6GZ84,0.299995733674191
T_Cell_Exhaustion,BS_B3MQFFYP,0.461763764583845
T_Cell_Exhaustion,BS_B4R7X1KE,0.487822588877971
T_Cell_Exhaustion,BS_B57327NA,0.424785802916306
T_Cell_Exhaustion,BS_BBAEMXRD,0.317817051065631
T_Cell_Exhaustion,BS_BBQ6BHGN,0.426116570673051
T_Cell_Exhaustion,BS_BK0HGRXM,0.464080742484183
T_Cell_Exhaustion,BS_BMMY0H73,0.374564821573193
T_Cell_Exhaustion,BS_C6ZZ3FY5,0.36713484515563
T_Cell_Exhaustion,BS_C83TK159,0.357949012463221
T_Cell_Exhaustion,BS_CBDQZ8PP,0.371094948328283
T_Cell_Exhaustion,BS_CF63VG3S,0.466030496707536
T_Cell_Exhaustion,BS_CFD3WHAY,0.430854363470051
T_Cell_Exhaustion,BS_CG1RG607,0.518815977264386
T_Cell_Exhaustion,BS_CVEDJGHZ,0.549982765275964
T_Cell_Exhaustion,BS_CXAQDK7S,0.515805440356091
T_Cell_Exhaustion,BS_CZPQ493E,0.439460959230914
T_Cell_Exhaustion,BS_D29RPBSZ,0.355005708235739
T_Cell_Exhaustion,BS_D4VNDNQA,0.339273505116374
T_Cell_Exhaustion,BS_D6J2BGDJ,0.320318353592041
T_Cell_Exhaustion,BS_DFGS950G,0.286228777865527
T_Cell_Exhaustion,BS_DNZVP92S,0.496856916078392
T_Cell_Exhaustion,BS_DR079H0D,0.369443981699813
T_Cell_Exhaustion,BS_DS438CXE,0.264560627037838
T_Cell_Exhaustion,BS_DSPVSM7D,0.328111106698213
T_Cell_Exhaustion,BS_DZNXFPH1,0.49975741783544
T_Cell_Exhaustion,BS_E7NVYA6G,0.44696833525565
T_Cell_Exhaustion,BS_E9CYN4NP,0.399507128340781
T_Cell_Exhaustion,BS_EB0XRBT9,0.518163749570057
T_Cell_Exhaustion,BS_EDJ5TV0P,0.345539826746885
T_Cell_Exhaustion,BS_EMQM7HTA,0.380239035727077
T_Cell_Exhaustion,BS_ENEYB4TG,0.502797392549867
T_Cell_Exhaustion,BS_EXPJQZTH,0.481975655457558
T_Cell_Exhaustion,BS_EZ3147MX,0.384869766038356
T_Cell_Exhaustion,BS_F0JB4EAK,0.335541446857861
T_Cell_Exhaustion,BS_F21R36MM,0.339609527858535
T_Cell_Exhaustion,BS_F65GWS21,0.359942658139939
T_Cell_Exhaustion,BS_F6V1Y4QS,0.29029688418484
T_Cell_Exhaustion,BS_F9Y4Z92G,0.270228515464296
T_Cell_Exhaustion,BS_FCDAH728,0.35075599140558
T_Cell_Exhaustion,BS_FEV5A0HN,0.235175149064498
T_Cell_Exhaustion,BS_FGJH1X0S,0.318952691115754
T_Cell_Exhaustion,BS_FKASA3MN,0.2745040412669
T_Cell_Exhaustion,BS_FN07P04C,0.347601279800822
T_Cell_Exhaustion,BS_FX2P2WEG,0.487493192596517
T_Cell_Exhaustion,BS_FXJY0MNH,0.422446356108034
T_Cell_Exhaustion,BS_FYP2B298,0.418037784361208
T_Cell_Exhaustion,BS_G19QZG4S,0.436363014981779
T_Cell_Exhaustion,BS_G1E5DATJ,0.467056590486162
T_Cell_Exhaustion,BS_G257VSS9,0.371248674005163
T_Cell_Exhaustion,BS_G3NN392N,0.376894966813242
T_Cell_Exhaustion,BS_G3RJTBZD,0.293529686121101
T_Cell_Exhaustion,BS_G5NHSFD4,0.37740681676789
T_Cell_Exhaustion,BS_G8TXTX0H,0.426616502435331
T_Cell_Exhaustion,BS_GG9W3J9Y,0.429514943437798
T_Cell_Exhaustion,BS_GW0GKWMS,0.329175423896618
T_Cell_Exhaustion,BS_GWHYM3R4,0.418187479934934
T_Cell_Exhaustion,BS_GWSJ4Z9H,0.393372803995526
T_Cell_Exhaustion,BS_H5VQJR7X,0.509378653096193
T_Cell_Exhaustion,BS_H97S5SQN,0.367357436111759
T_Cell_Exhaustion,BS_H9JYKFTV,0.337782742543428
T_Cell_Exhaustion,BS_HDHXX8Q7,0.405547616945648
T_Cell_Exhaustion,BS_HDPCQETG,0.476793207443376
T_Cell_Exhaustion,BS_HJRTC9JQ,0.467581057647581
T_Cell_Exhaustion,BS_HJV0J603,0.628251879830053
T_Cell_Exhaustion,BS_HRJ9145M,0.503943286847193
T_Cell_Exhaustion,BS_HWGWYCY7,0.533480781963
T_Cell_Exhaustion,BS_HZ9AYDCQ,0.475904876091684
T_Cell_Exhaustion,BS_J4JY2F3H,0.472341697179129
T_Cell_Exhaustion,BS_J6212Y48,0.351051467236663
T_Cell_Exhaustion,BS_J6W1RB7A,0.381162752157454
T_Cell_Exhaustion,BS_J9CBGP57,0.342003296785096
T_Cell_Exhaustion,BS_JB43XBCQ,0.518725866314653
T_Cell_Exhaustion,BS_JDSNFYQ0,0.425513557246508
T_Cell_Exhaustion,BS_JJVH7WR0,0.284397729626736
T_Cell_Exhaustion,BS_JMD386Z2,0.408584451836576
T_Cell_Exhaustion,BS_JP95KMRD,0.470018476226368
T_Cell_Exhaustion,BS_JQGJQ2QZ,0.465410380922199
T_Cell_Exhaustion,BS_JQVAWTTM,0.455727755739426
T_Cell_Exhaustion,BS_JQXHHK0K,0.284520271564922
T_Cell_Exhaustion,BS_JRYJGYC4,0.383604348527466
T_Cell_Exhaustion,BS_JS95PE0J,0.301146113094928
T_Cell_Exhaustion,BS_JTWNJ8T7,0.270838892665787
T_Cell_Exhaustion,BS_JVW2JJ39,0.248239511709388
T_Cell_Exhaustion,BS_K0X3PZGN,0.654618311922451
T_Cell_Exhaustion,BS_K17VQECG,0.440660116062699
T_Cell_Exhaustion,BS_K2PCC777,0.576151857636162
T_Cell_Exhaustion,BS_K74N1BXQ,0.449542714776061
T_Cell_Exhaustion,BS_K81PZXP2,0.446783200285226
T_Cell_Exhaustion,BS_K88T8SW7,0.6524960454273
T_Cell_Exhaustion,BS_KABQQA0T,0.336936770292394
T_Cell_Exhaustion,BS_KBEX4RT2,0.350350025038366
T_Cell_Exhaustion,BS_KFD5128N,0.340396605250855
T_Cell_Exhaustion,BS_KKDTW11T,0.267667808411682
T_Cell_Exhaustion,BS_KP735TJ6,0.256289891554931
T_Cell_Exhaustion,BS_KQ6ZW085,0.382127545085525
T_Cell_Exhaustion,BS_KRS4EV4X,0.42156356739663
T_Cell_Exhaustion,BS_KS8HMGA6,0.498640784643042
T_Cell_Exhaustion,BS_KVPWHDR4,0.424324333269849
T_Cell_Exhaustion,BS_M0FA190Y,0.487832310782542
T_Cell_Exhaustion,BS_M0XGZ53Z,0.298939875475165
T_Cell_Exhaustion,BS_M1PVEHCM,0.227639790624481
T_Cell_Exhaustion,BS_M54TWTH4,0.48026009391386
T_Cell_Exhaustion,BS_M7XB258E,0.490986704617842
T_Cell_Exhaustion,BS_M85CXHDV,0.478466524064368
T_Cell_Exhaustion,BS_MB7WN0ZB,0.389835269809548
T_Cell_Exhaustion,BS_MD0937XT,0.274235961727857
T_Cell_Exhaustion,BS_MDBT7S5Z,0.291426201392343
T_Cell_Exhaustion,BS_ME6VQGG4,0.345735713022284
T_Cell_Exhaustion,BS_MFGZH8FK,0.399928473509522
T_Cell_Exhaustion,BS_MG78HQDM,0.242668752106256
T_Cell_Exhaustion,BS_MWWZBQ60,0.326921121850035
T_Cell_Exhaustion,BS_N6TQBQ8M,0.383921243029993
T_Cell_Exhaustion,BS_N7SW36FD,0.440936580553071
T_Cell_Exhaustion,BS_N7VQ1GQB,0.453425377621862
T_Cell_Exhaustion,BS_NB9XXBW6,0.366440073416977
T_Cell_Exhaustion,BS_NEFAASTR,0.511125200981453
T_Cell_Exhaustion,BS_NEVYM2FP,0.400641453777431
T_Cell_Exhaustion,BS_NFKKDYSV,0.44664264141703
T_Cell_Exhaustion,BS_NGSG2KB6,0.47884953347049
T_Cell_Exhaustion,BS_NNYXMSTX,0.49956917109003
T_Cell_Exhaustion,BS_NPA6CZQF,0.363844998858488
T_Cell_Exhaustion,BS_NQ54ST98,0.448790503479901
T_Cell_Exhaustion,BS_NR3P3GN2,0.358173887310728
T_Cell_Exhaustion,BS_NX1R0BC3,0.489834991795264
T_Cell_Exhaustion,BS_P0QF87WC,0.388615742068457
T_Cell_Exhaustion,BS_P4PMWFMV,0.387033581553177
T_Cell_Exhaustion,BS_P7W3AYKV,0.497311478593685
T_Cell_Exhaustion,BS_PENM28KT,0.329608329926767
T_Cell_Exhaustion,BS_PJC6FH4Y,0.453687891034612
T_Cell_Exhaustion,BS_PS0P3QJ3,0.322176048797086
T_Cell_Exhaustion,BS_PXCPK5XS,0.379458696625638
T_Cell_Exhaustion,BS_PZVHMSYN,0.385311012080132
T_Cell_Exhaustion,BS_Q06J3RYW,0.479891618172564
T_Cell_Exhaustion,BS_Q35GFYDR,0.344178812090124
T_Cell_Exhaustion,BS_Q9N5PRD5,0.364535819493451
T_Cell_Exhaustion,BS_QB84TBA3,0.257236665657033
T_Cell_Exhaustion,BS_QGKEP3KB,0.521422588961737
T_Cell_Exhaustion,BS_QH0VYVJK,0.464774768078957
T_Cell_Exhaustion,BS_QHY302E8,0.437560034990027
T_Cell_Exhaustion,BS_QMBS32Y2,0.395120637155598
T_Cell_Exhaustion,BS_QNNX91SM,0.383951476657083
T_Cell_Exhaustion,BS_QY2G1JZJ,0.491025140713027
T_Cell_Exhaustion,BS_QYA4TQXX,0.421699154546975
T_Cell_Exhaustion,BS_R5JQE0VJ,0.435990421483438
T_Cell_Exhaustion,BS_R5SNFB5B,0.263622263370815
T_Cell_Exhaustion,BS_R9B92M75,0.39373068556357
T_Cell_Exhaustion,BS_RHAWQJ48,0.530544288247031
T_Cell_Exhaustion,BS_RHM60031,0.373423998833468
T_Cell_Exhaustion,BS_RJC3WDD6,0.246962165715852
T_Cell_Exhaustion,BS_RN0VAY51,0.450471203971419
T_Cell_Exhaustion,BS_RX1YTZ7F,0.369072633268547
T_Cell_Exhaustion,BS_RZBFH1QF,0.323420808342617
T_Cell_Exhaustion,BS_S2TA8R29,0.418316285958611
T_Cell_Exhaustion,BS_S3C2PZAH,0.397054991030632
T_Cell_Exhaustion,BS_S3MET0JZ,0.442110840017056
T_Cell_Exhaustion,BS_S4V9E1XJ,0.431292166126259
T_Cell_Exhaustion,BS_S5P8VTN5,0.407683656968494
T_Cell_Exhaustion,BS_S6B9DVNS,0.265737191391348
T_Cell_Exhaustion,BS_S6S7SK3P,0.318044766240102
T_Cell_Exhaustion,BS_S8K878T3,0.562887599619193
T_Cell_Exhaustion,BS_SBMAM00V,0.378383204635875
T_Cell_Exhaustion,BS_SBMCD7XZ,0.46058030136933
T_Cell_Exhaustion,BS_SD0EMK7Y,0.482027609230555
T_Cell_Exhaustion,BS_SD8YBRBR,0.247131299435116
T_Cell_Exhaustion,BS_SERDGASJ,0.461133123072824
T_Cell_Exhaustion,BS_SJVTZ5TH,0.440277903242069
T_Cell_Exhaustion,BS_SMWQR2F1,0.386220067032427
T_Cell_Exhaustion,BS_SNVM7CZT,0.459707719551593
T_Cell_Exhaustion,BS_SR2RGDXJ,0.419447776359419
T_Cell_Exhaustion,BS_SW9Z10F9,0.432887183222645
T_Cell_Exhaustion,BS_SY3J3XR9,0.251134719231626
T_Cell_Exhaustion,BS_T1YHK6B7,0.352250537519664
T_Cell_Exhaustion,BS_T2F48Z4E,0.460056059464349
T_Cell_Exhaustion,BS_T9A8JJW5,0.3282970901658
T_Cell_Exhaustion,BS_TASG32Z2,0.397764199588246
T_Cell_Exhaustion,BS_TGS109T3,0.324713106393693
T_Cell_Exhaustion,BS_TM9MH0RP,0.407824813068487
T_Cell_Exhaustion,BS_TR2P8KRF,0.312911515245519
T_Cell_Exhaustion,BS_TRKH2SPE,0.290544491372767
T_Cell_Exhaustion,BS_TRPXB3AV,0.439473823293781
T_Cell_Exhaustion,BS_TTDNZTZ0,0.502695436204057
T_Cell_Exhaustion,BS_TTE04ZP8,0.483848755367478
T_Cell_Exhaustion,BS_TV5B86ZD,0.356601970286029
T_Cell_Exhaustion,BS_TVH33J9Q,0.379374547149527
T_Cell_Exhaustion,BS_TXZ7KHTQ,0.380677880002277
T_Cell_Exhaustion,BS_V0DQFC75,0.381866654218443
T_Cell_Exhaustion,BS_V3Z3DB4N,0.347198898998189
T_Cell_Exhaustion,BS_V558NW3Q,0.527075795085785
T_Cell_Exhaustion,BS_V6RSB5HQ,0.401448317143049
T_Cell_Exhaustion,BS_V8QWBVS3,0.581200437372477
T_Cell_Exhaustion,BS_VBMRQK4F,0.448113067895156
T_Cell_Exhaustion,BS_VDFXXMEX,0.383949032887992
T_Cell_Exhaustion,BS_VF3NVT4G,0.480990856312807
T_Cell_Exhaustion,BS_VKH87DD2,0.450811966101266
T_Cell_Exhaustion,BS_VKHJG2B8,0.451706420771634
T_Cell_Exhaustion,BS_VKYEM67A,0.388084839859163
T_Cell_Exhaustion,BS_VMQMGSJY,0.39877218566221
T_Cell_Exhaustion,BS_VVTHDRBD,0.35837967387687
T_Cell_Exhaustion,BS_W1385R8Y,0.339520953527204
T_Cell_Exhaustion,BS_W4DB5RP1,0.298949812331557
T_Cell_Exhaustion,BS_W7MFJZ5A,0.533076325497765
T_Cell_Exhaustion,BS_WBVSK3MP,0.392632125341556
T_Cell_Exhaustion,BS_WEKK6SHP,0.368048344835365
T_Cell_Exhaustion,BS_WHBEXD5H,0.494981436756802
T_Cell_Exhaustion,BS_WQ1YRTAT,0.19587834330324
T_Cell_Exhaustion,BS_WTJEDTZC,0.46305780054443
T_Cell_Exhaustion,BS_WVRX4C9Z,0.535831972398032
T_Cell_Exhaustion,BS_X0XXN9BK,0.484141949339294
T_Cell_Exhaustion,BS_X1G0TKP4,0.507719537665813
T_Cell_Exhaustion,BS_X20JCR4H,0.469704549283765
T_Cell_Exhaustion,BS_X23724NJ,0.338989608642282
T_Cell_Exhaustion,BS_X3HR4Z21,0.444369566526354
T_Cell_Exhaustion,BS_X4DD4KSZ,0.51416137048079
T_Cell_Exhaustion,BS_X4X1SFSE,0.350659647847164
T_Cell_Exhaustion,BS_XG0DBWVT,0.233448990619973
T_Cell_Exhaustion,BS_XGDPK33A,0.408709486513494
T_Cell_Exhaustion,BS_XM1AHBDJ,0.394370744312443
T_Cell_Exhaustion,BS_XQ5SFW35,0.38826326415682
T_Cell_Exhaustion,BS_XQXXBWPD,0.483163331752965
T_Cell_Exhaustion,BS_XYVCMF4A,0.413914348492206
T_Cell_Exhaustion,BS_XZM79E42,0.473517826740546
T_Cell_Exhaustion,BS_YA0KMBRT,0.292311268951092
T_Cell_Exhaustion,BS_YDEVMD24,0.351795874710078
T_Cell_Exhaustion,BS_YMKQT5V0,0.517824313912108
T_Cell_Exhaustion,BS_YR12D1ZY,0.453323541713445
T_Cell_Exhaustion,BS_YSZRQ95C,0.396774748085389
T_Cell_Exhaustion,BS_YTWEM5SG,0.50608705377827
T_Cell_Exhaustion,BS_YZ2QFDAN,0.390851396602546
T_Cell_Exhaustion,BS_Z0ZPD9S9,0.451179284880179
T_Cell_Exhaustion,BS_Z3RCA1T9,0.411982158900852
T_Cell_Exhaustion,BS_Z8F3GM85,0.402469421115258
T_Cell_Exhaustion,BS_ZD5HN296,0.548468550417996
T_Cell_Exhaustion,BS_ZF6BSFNF,0.41740467706694
T_Cell_Exhaustion,BS_ZM97KKXE,0.458290871251527
T_Cell_Exhaustion,BS_ZV1P6W9C,0.327860995769159
T_Cell_Exhaustion,BS_ZVM8CAB0,0.528212259676412
T_Cell_Exhaustion,BS_ZZWMD6FA,0.385841101786693
T_Cell_Exhaustion,BS_06AMMCXR,0.408503764874027
T_Cell_Exhaustion,BS_08TWG4K0,0.664975104291157
T_Cell_Exhaustion,BS_1DECYC4K,0.453035029259823
T_Cell_Exhaustion,BS_2A5R9D97,0.466752819981461
T_Cell_Exhaustion,BS_3VJ0CA6A,0.449030914180767
T_Cell_Exhaustion,BS_3XYJBBHQ,0.462557998832041
T_Cell_Exhaustion,BS_4C4MZ4NT,0.382765440982633
T_Cell_Exhaustion,BS_4PPHAQXF,0.402403641203017
T_Cell_Exhaustion,BS_4SMPV083,0.435868939164596
T_Cell_Exhaustion,BS_A76PNWQS,0.51871528386705
T_Cell_Exhaustion,BS_BZCTXEPJ,0.488283217994251
T_Cell_Exhaustion,BS_CB6VK7PB,0.416931076861264
T_Cell_Exhaustion,BS_ED8G98XT,0.334421713761455
T_Cell_Exhaustion,BS_FCX6DZ0J,0.495549053619608
T_Cell_Exhaustion,BS_FYRDYBMZ,0.323501864653766
T_Cell_Exhaustion,BS_H1XPVS9A,0.440460845318501
T_Cell_Exhaustion,BS_QRNSKFMS,0.455165127853361
T_Cell_Exhaustion,BS_R13X6TMW,0.313692589277919
T_Cell_Exhaustion,BS_RJMJ935A,0.550492672645669
T_Cell_Exhaustion,BS_RWJZFTP9,0.392348741848947
T_Cell_Exhaustion,BS_S20SP0WW,0.518115499377694
T_Cell_Exhaustion,BS_SB12W1XT,0.449876879303537
T_Cell_Exhaustion,BS_T0MXH2CA,0.430693272877052
T_Cell_Exhaustion,BS_T1W4JA94,0.367038352615258
T_Cell_Exhaustion,BS_T289QKBV,0.466706098025529
T_Cell_Exhaustion,BS_T3H5AY8A,0.4855510741252
T_Cell_Exhaustion,BS_TVV122JG,0.397030222308504
T_Cell_Exhaustion,BS_VW85Q4XJ,0.473390476919592
T_Cell_Exhaustion,BS_W97QQYKQ,0.555075110439902
T_Cell_Exhaustion,BS_WYMX429C,0.485903591283096
T_Cell_Exhaustion,BS_YR1XY6SF,0.444862887703154
T_Cell_Exhaustion,BS_014EVM2D,0.507881481990946
T_Cell_Exhaustion,BS_044XZ8ST,0.400412542462043
T_Cell_Exhaustion,BS_063ERW0R,0.348210928378183
T_Cell_Exhaustion,BS_0D5VRAKC,0.534734147613467
T_Cell_Exhaustion,BS_0J9SHHSC,0.423660132694886
T_Cell_Exhaustion,BS_0SCXXM6N,0.502289120001802
T_Cell_Exhaustion,BS_0TDWG2CV,0.504933811565779
T_Cell_Exhaustion,BS_0WVJYM9R,0.376021267423832
T_Cell_Exhaustion,BS_0X9EGHY2,0.33448738255093
T_Cell_Exhaustion,BS_0Y5J2AQ4,0.429558705464013
T_Cell_Exhaustion,BS_13CGKADW,0.372824643895519
T_Cell_Exhaustion,BS_166N7SZQ,0.412602792938493
T_Cell_Exhaustion,BS_17WYVEEC,0.345146259995742
T_Cell_Exhaustion,BS_1G3WYEN3,0.362899446263155
T_Cell_Exhaustion,BS_1HYS8CSC,0.494446142461326
T_Cell_Exhaustion,BS_1JDG6JV5,0.405180652982699
T_Cell_Exhaustion,BS_1KYGSMA7,0.503359065648723
T_Cell_Exhaustion,BS_1N76FQZY,0.437731785064448
T_Cell_Exhaustion,BS_1NPD7PVG,0.401372369594671
T_Cell_Exhaustion,BS_1Z9AX9JS,0.460474911227411
T_Cell_Exhaustion,BS_1ZVXF5FE,0.400371678490635
T_Cell_Exhaustion,BS_21RE8W46,0.37048036871161
T_Cell_Exhaustion,BS_24AHZ9ZW,0.460389552097813
T_Cell_Exhaustion,BS_2720P44V,0.562264962350929
T_Cell_Exhaustion,BS_27FYYPJG,0.449942017506133
T_Cell_Exhaustion,BS_29TRQXWM,0.439107768137383
T_Cell_Exhaustion,BS_2ADZNNV4,0.432565091108078
T_Cell_Exhaustion,BS_2EMW8ZG3,0.412427557756349
T_Cell_Exhaustion,BS_2K3FVT86,0.465082325070349
T_Cell_Exhaustion,BS_2KJ2YAZR,0.379741999225402
T_Cell_Exhaustion,BS_2QCQYY6M,0.483164851737125
T_Cell_Exhaustion,BS_2WPQ8YCW,0.390018578563766
T_Cell_Exhaustion,BS_2XM08BFY,0.466224788268606
T_Cell_Exhaustion,BS_2YCJV2VV,0.382894250549357
T_Cell_Exhaustion,BS_304SPN6B,0.462327724044913
T_Cell_Exhaustion,BS_33AQSPRP,0.470056507903606
T_Cell_Exhaustion,BS_3G3KWY18,0.419162636776527
T_Cell_Exhaustion,BS_3GAN6Q43,0.468107139558607
T_Cell_Exhaustion,BS_3P20Q2C3,0.25721250565434
T_Cell_Exhaustion,BS_3PYESPHA,0.316089461917463
T_Cell_Exhaustion,BS_3Q0GTSYH,0.355048222457938
T_Cell_Exhaustion,BS_3TJHY996,0.509630841313258
T_Cell_Exhaustion,BS_3XY76V8T,0.450229718224767
T_Cell_Exhaustion,BS_3Y2X2RBJ,0.475894948039286
T_Cell_Exhaustion,BS_401R3KV0,0.433741293265926
T_Cell_Exhaustion,BS_42DY6WS7,0.385162205740188
T_Cell_Exhaustion,BS_42Y3YANN,0.431969796012938
T_Cell_Exhaustion,BS_470DYRJQ,0.392547318422642
T_Cell_Exhaustion,BS_47SJZ3PH,0.389999503228898
T_Cell_Exhaustion,BS_49852ZBH,0.408820121293614
T_Cell_Exhaustion,BS_4A45GGSW,0.366701085035993
T_Cell_Exhaustion,BS_4BWB0FA0,0.477707108329036
T_Cell_Exhaustion,BS_4CXE5XEP,0.452984983400954
T_Cell_Exhaustion,BS_4HQ3T2NC,0.432235347876483
T_Cell_Exhaustion,BS_4N1GNHX4,0.471439017978251
T_Cell_Exhaustion,BS_4NF35AF6,0.365128437786929
T_Cell_Exhaustion,BS_4TZQY7TT,0.586465078300522
T_Cell_Exhaustion,BS_4Y6BCYK5,0.391092057134105
T_Cell_Exhaustion,BS_4Z2F4P9N,0.369788895560717
T_Cell_Exhaustion,BS_503DZ8BN,0.497012163037888
T_Cell_Exhaustion,BS_52426AMF,0.42468436585026
T_Cell_Exhaustion,BS_52DAPP1Y,0.370094539883451
T_Cell_Exhaustion,BS_534XRSNB,0.433461768987175
T_Cell_Exhaustion,BS_53GQKVEX,0.349078295127275
T_Cell_Exhaustion,BS_54H90JW2,0.499930645457472
T_Cell_Exhaustion,BS_55P8HPYD,0.374097093013539
T_Cell_Exhaustion,BS_55X1W2MR,0.582941697706766
T_Cell_Exhaustion,BS_57NMZPS0,0.362055034947866
T_Cell_Exhaustion,BS_593HEWBF,0.40635711567926
T_Cell_Exhaustion,BS_5J5D3QTD,0.449614556473907
T_Cell_Exhaustion,BS_5K3R0F5D,0.338929573971886
T_Cell_Exhaustion,BS_5NWDARXG,0.484056203367068
T_Cell_Exhaustion,BS_5PEFNDCY,0.380733478775582
T_Cell_Exhaustion,BS_5PV5N4HQ,0.389066144395457
T_Cell_Exhaustion,BS_5YJEPPTP,0.430463724510021
T_Cell_Exhaustion,BS_5YYCP891,0.522858552911564
T_Cell_Exhaustion,BS_66ABA973,0.339177118191506
T_Cell_Exhaustion,BS_66HQ3E4Z,0.390737178979774
T_Cell_Exhaustion,BS_680K119G,0.345937842728689
T_Cell_Exhaustion,BS_68BW2163,0.294087496337488
T_Cell_Exhaustion,BS_699TN5RN,0.565394318828339
T_Cell_Exhaustion,BS_6HXD39AM,0.589083397912984
T_Cell_Exhaustion,BS_6N3AFF66,0.394668491575881
T_Cell_Exhaustion,BS_6TSAVMT9,0.494780249381432
T_Cell_Exhaustion,BS_6VF6VPCG,0.434838931323667
T_Cell_Exhaustion,BS_769BDPDB,0.49090659025351
T_Cell_Exhaustion,BS_76DRXZRJ,0.470240314701339
T_Cell_Exhaustion,BS_775HDFNY,0.43209971371364
T_Cell_Exhaustion,BS_7H4RFCW9,0.589523681982057
T_Cell_Exhaustion,BS_7M3FNSYK,0.450579278049961
T_Cell_Exhaustion,BS_7MGXMG6S,0.501323028937719
T_Cell_Exhaustion,BS_7N0B2CY1,0.274508257248375
T_Cell_Exhaustion,BS_7P83Z28P,0.410496037095303
T_Cell_Exhaustion,BS_7Z93ZYMS,0.428010057520564
T_Cell_Exhaustion,BS_880ESDFZ,0.446061666288219
T_Cell_Exhaustion,BS_8BF616QR,0.472219941587547
T_Cell_Exhaustion,BS_8J3B6ZB6,0.441842639633041
T_Cell_Exhaustion,BS_8QJ43WKW,0.475965395006259
T_Cell_Exhaustion,BS_8RCR7Y4B,0.377032495748832
T_Cell_Exhaustion,BS_8VAZSJEN,0.459584495746276
T_Cell_Exhaustion,BS_92HCM7BN,0.502976285805979
T_Cell_Exhaustion,BS_94MT16N2,0.360638202830377
T_Cell_Exhaustion,BS_9BJARSX3,0.464024239288666
T_Cell_Exhaustion,BS_9F09XV62,0.314513263646346
T_Cell_Exhaustion,BS_9HSGV9TJ,0.467453976563019
T_Cell_Exhaustion,BS_9JBX2E8G,0.443590215893206
T_Cell_Exhaustion,BS_9P9MB8X8,0.405896447524026
T_Cell_Exhaustion,BS_9Q6Z6VJC,0.430372084394739
T_Cell_Exhaustion,BS_9S7AG4EN,0.440111017706058
T_Cell_Exhaustion,BS_9SJWWYQ4,0.365937426364903
T_Cell_Exhaustion,BS_9YXH2CZ0,0.454350068788456
T_Cell_Exhaustion,BS_A13BMEF5,0.368219925652246
T_Cell_Exhaustion,BS_A1VEGWTR,0.323293494126209
T_Cell_Exhaustion,BS_A46RDWGM,0.292995711920283
T_Cell_Exhaustion,BS_A96FKXN5,0.419881805732734
T_Cell_Exhaustion,BS_AGVWD5K8,0.45459893013557
T_Cell_Exhaustion,BS_AM0BZ61K,0.479422126550343
T_Cell_Exhaustion,BS_AP0SZ364,0.474420035362737
T_Cell_Exhaustion,BS_ATHSTZ5R,0.462452570589284
T_Cell_Exhaustion,BS_AW7J9F9R,0.472449830058448
T_Cell_Exhaustion,BS_B0SVFK4P,0.566721961316227
T_Cell_Exhaustion,BS_B3M5SGPA,0.433519473509127
T_Cell_Exhaustion,BS_B5JM6T8K,0.455536009975798
T_Cell_Exhaustion,BS_B6JKQFKA,0.482279904381869
T_Cell_Exhaustion,BS_B7GEH89C,0.386568693405869
T_Cell_Exhaustion,BS_B7X8VXQ3,0.357395980055512
T_Cell_Exhaustion,BS_BANCTAV6,0.424464223492797
T_Cell_Exhaustion,BS_BC936YNZ,0.455299234997474
T_Cell_Exhaustion,BS_BGRPWBNG,0.462189236276523
T_Cell_Exhaustion,BS_BJBM0BN7,0.408503702805249
T_Cell_Exhaustion,BS_BKQZ550R,0.432825344642384
T_Cell_Exhaustion,BS_BN986DF6,0.354457448666059
T_Cell_Exhaustion,BS_BNECCX4D,0.47618957659608
T_Cell_Exhaustion,BS_BPSTSCBJ,0.479044083487898
T_Cell_Exhaustion,BS_BW79W2PD,0.499127126492578
T_Cell_Exhaustion,BS_C0NEVC2B,0.5219633808008
T_Cell_Exhaustion,BS_C51RB0YR,0.464356104482652
T_Cell_Exhaustion,BS_C6SKJG3N,0.403945634620179
T_Cell_Exhaustion,BS_CC6RREE4,0.498013910101703
T_Cell_Exhaustion,BS_CGB2WS2A,0.367355307868391
T_Cell_Exhaustion,BS_CKX8RW1J,0.472880339087289
T_Cell_Exhaustion,BS_CMDJJQ7K,0.504156624100206
T_Cell_Exhaustion,BS_CTR5X93B,0.450452896070079
T_Cell_Exhaustion,BS_CVGFNCBJ,0.322874754385609
T_Cell_Exhaustion,BS_D3YBV7KB,0.478244865719716
T_Cell_Exhaustion,BS_DEHJF4C7,0.486783099215747
T_Cell_Exhaustion,BS_DMJHAG9X,0.504727930190089
T_Cell_Exhaustion,BS_DMZP9G1H,0.250370588662597
T_Cell_Exhaustion,BS_DPF1CX0G,0.311527225344288
T_Cell_Exhaustion,BS_DSS3S5XD,0.43657399917819
T_Cell_Exhaustion,BS_DV86M0Y7,0.357480377717184
T_Cell_Exhaustion,BS_E2DEWCSK,0.447601453105836
T_Cell_Exhaustion,BS_E3EJHXQV,0.53405649672675
T_Cell_Exhaustion,BS_E4GC9EXR,0.501026000147953
T_Cell_Exhaustion,BS_E94QRJDW,0.425320747640306
T_Cell_Exhaustion,BS_EBMCTR80,0.346230126668706
T_Cell_Exhaustion,BS_EFEZB0ZH,0.501230047287584
T_Cell_Exhaustion,BS_EHVYJAVA,0.364034693519197
T_Cell_Exhaustion,BS_EMAJ7P3P,0.460914272267322
T_Cell_Exhaustion,BS_ET8CJXSF,0.388532188398742
T_Cell_Exhaustion,BS_EXGBH3TD,0.376075197270751
T_Cell_Exhaustion,BS_EYSS0ZDS,0.407121197571502
T_Cell_Exhaustion,BS_F1K9QTBS,0.485496758047143
T_Cell_Exhaustion,BS_F77MGAQT,0.550428987900277
T_Cell_Exhaustion,BS_F8N6CFQE,0.394014537886805
T_Cell_Exhaustion,BS_FAQQ0GCQ,0.518096718881417
T_Cell_Exhaustion,BS_FJWZ3M7V,0.375423033847004
T_Cell_Exhaustion,BS_FJZPQZ2C,0.48784725450261
T_Cell_Exhaustion,BS_FR42HY0Z,0.492376742060523
T_Cell_Exhaustion,BS_FX4WKR2R,0.406745490223197
T_Cell_Exhaustion,BS_FZ62GZGV,0.565881960443043
T_Cell_Exhaustion,BS_G1DAGKSY,0.474066991059608
T_Cell_Exhaustion,BS_G5QBBHDV,0.367425714642099
T_Cell_Exhaustion,BS_G7AGNB5G,0.281372630755963
T_Cell_Exhaustion,BS_G9XE3N9T,0.367817140803627
T_Cell_Exhaustion,BS_GCA4GET3,0.378207804608865
T_Cell_Exhaustion,BS_GHNJ4CYC,0.426670486706715
T_Cell_Exhaustion,BS_GPEGRCCT,0.468577665349918
T_Cell_Exhaustion,BS_GTZCFGRZ,0.338089378755351
T_Cell_Exhaustion,BS_GYA4V1RD,0.384256842917432
T_Cell_Exhaustion,BS_GYXSDZ56,0.445165632633124
T_Cell_Exhaustion,BS_H08FEN68,0.489851866118844
T_Cell_Exhaustion,BS_H0WF1WHE,0.514470561135891
T_Cell_Exhaustion,BS_H3FE3TH9,0.373776416868639
T_Cell_Exhaustion,BS_H8A9PSYA,0.37830464836935
T_Cell_Exhaustion,BS_H9EX5WX3,0.44585252831426
T_Cell_Exhaustion,BS_HC5M8JTC,0.521479957464633
T_Cell_Exhaustion,BS_HM0R6SXQ,0.52059142479432
T_Cell_Exhaustion,BS_HNMQ7488,0.510568574225884
T_Cell_Exhaustion,BS_HQ5BJ6MW,0.423556106155359
T_Cell_Exhaustion,BS_HQDXQ5Y4,0.463411650545774
T_Cell_Exhaustion,BS_HSHN8PBB,0.470224124146772
T_Cell_Exhaustion,BS_HSTNFPKW,0.498496178935963
T_Cell_Exhaustion,BS_HV8PFRBR,0.477133587025574
T_Cell_Exhaustion,BS_J5H5VXWY,0.558349966602992
T_Cell_Exhaustion,BS_J9M83K8T,0.514351328395486
T_Cell_Exhaustion,BS_JFVB9KXB,0.303245917479893
T_Cell_Exhaustion,BS_JGKZ54SA,0.477925868532328
T_Cell_Exhaustion,BS_JH29M4KG,0.466390496073869
T_Cell_Exhaustion,BS_JKXA3FQC,0.376799533049408
T_Cell_Exhaustion,BS_JMHG7GCN,0.413237473434721
T_Cell_Exhaustion,BS_JVA2NQFF,0.413468533799267
T_Cell_Exhaustion,BS_JWSR581E,0.420285304138948
T_Cell_Exhaustion,BS_K57A4A9D,0.406678355344256
T_Cell_Exhaustion,BS_K5802F84,0.256157196887482
T_Cell_Exhaustion,BS_K7MVS0Z7,0.357104116533463
T_Cell_Exhaustion,BS_K838XW6V,0.469433778471058
T_Cell_Exhaustion,BS_M4NVX721,0.44486869052237
T_Cell_Exhaustion,BS_M4TTKPNR,0.481554334564238
T_Cell_Exhaustion,BS_M8M56Z4Y,0.44222286228832
T_Cell_Exhaustion,BS_M8WP5T16,0.39739639560675
T_Cell_Exhaustion,BS_MBSTWZA6,0.438079770689989
T_Cell_Exhaustion,BS_MF9X3PKH,0.442823837770747
T_Cell_Exhaustion,BS_MH8RAG4A,0.537787241389018
T_Cell_Exhaustion,BS_MX92FD6D,0.485123858553064
T_Cell_Exhaustion,BS_MY9D8XZ1,0.439889914068182
T_Cell_Exhaustion,BS_N1E0H8YQ,0.437990827967972
T_Cell_Exhaustion,BS_N210XMKR,0.428218724664852
T_Cell_Exhaustion,BS_N6NE6B3W,0.276522775126334
T_Cell_Exhaustion,BS_N87X1T8T,0.479972936381823
T_Cell_Exhaustion,BS_NB5XWMJT,0.489672757258238
T_Cell_Exhaustion,BS_NBZNAG7Q,0.480312111491621
T_Cell_Exhaustion,BS_NG9X6SJA,0.470121758169088
T_Cell_Exhaustion,BS_NKEAAFMW,0.263650094856363
T_Cell_Exhaustion,BS_NPQJ20KX,0.375424996921224
T_Cell_Exhaustion,BS_NQB91P48,0.393753840088056
T_Cell_Exhaustion,BS_NRFQEQKP,0.361654160710906
T_Cell_Exhaustion,BS_NRPG5K4K,0.436930142528982
T_Cell_Exhaustion,BS_NS7GSHB9,0.391125146509704
T_Cell_Exhaustion,BS_NT9NZYFD,0.310908255053129
T_Cell_Exhaustion,BS_NY5T05AK,0.46587661864857
T_Cell_Exhaustion,BS_P2Y2NANM,0.51108037031256
T_Cell_Exhaustion,BS_PDVD0GCM,0.445842938667045
T_Cell_Exhaustion,BS_PEP9NZXN,0.348709415534714
T_Cell_Exhaustion,BS_PQ7CQFYR,0.34026442921575
T_Cell_Exhaustion,BS_PRCG6W20,0.580750805830087
T_Cell_Exhaustion,BS_Q2PBFNDF,0.488548902262282
T_Cell_Exhaustion,BS_Q3TBCK4V,0.367374443080442
T_Cell_Exhaustion,BS_Q6VH5GJ8,0.378549566213992
T_Cell_Exhaustion,BS_Q79NP5YY,0.425569197578127
T_Cell_Exhaustion,BS_QBMW69AM,0.423315699027995
T_Cell_Exhaustion,BS_QH82PBMB,0.351938511725608
T_Cell_Exhaustion,BS_QTSXW7DA,0.400042563612195
T_Cell_Exhaustion,BS_QV51J756,0.294293964376992
T_Cell_Exhaustion,BS_R244Z0WX,0.427100485625631
T_Cell_Exhaustion,BS_R3AJB6VS,0.482680880163284
T_Cell_Exhaustion,BS_R7V8BC98,0.470960134801815
T_Cell_Exhaustion,BS_R9CKW9DY,0.498188130720753
T_Cell_Exhaustion,BS_RAQFEB0S,0.487992858213806
T_Cell_Exhaustion,BS_RARBBY7C,0.537643770737032
T_Cell_Exhaustion,BS_RGSMX7QD,0.422683513697138
T_Cell_Exhaustion,BS_RMT7ABN6,0.489886506434217
T_Cell_Exhaustion,BS_RNANA568,0.466568611930839
T_Cell_Exhaustion,BS_RPJ1EPHA,0.477968184685197
T_Cell_Exhaustion,BS_RRAEQZ97,0.395170755876164
T_Cell_Exhaustion,BS_RVSEDNJ4,0.338884735066129
T_Cell_Exhaustion,BS_S1KK7XRH,0.419290882347744
T_Cell_Exhaustion,BS_S458NMKH,0.375959739929944
T_Cell_Exhaustion,BS_S50KQEXV,0.409061287885521
T_Cell_Exhaustion,BS_SDA4RMMG,0.368194981096305
T_Cell_Exhaustion,BS_SDZY6RZ3,0.405329426301209
T_Cell_Exhaustion,BS_SFKZSJN1,0.37915714715361
T_Cell_Exhaustion,BS_SH2S6SFN,0.52604608990146
T_Cell_Exhaustion,BS_SHMC4902,0.36341102269715
T_Cell_Exhaustion,BS_SJ0HXCD0,0.469893767149395
T_Cell_Exhaustion,BS_SQX5E15Z,0.515697738880719
T_Cell_Exhaustion,BS_SW8C9Y5Y,0.525531361787922
T_Cell_Exhaustion,BS_SXRS2P6T,0.394342900490556
T_Cell_Exhaustion,BS_T0RKFEKR,0.469018732018406
T_Cell_Exhaustion,BS_T2QPMZCM,0.33029690798292
T_Cell_Exhaustion,BS_T4JFN54G,0.41557572222045
T_Cell_Exhaustion,BS_T5P5ME9M,0.47823276521853
T_Cell_Exhaustion,BS_TDJXQBVY,0.500969714554763
T_Cell_Exhaustion,BS_TG93XC55,0.292463926955676
T_Cell_Exhaustion,BS_TRZZRYKF,0.435563739618883
T_Cell_Exhaustion,BS_TV80600R,0.432652501815018
T_Cell_Exhaustion,BS_TWFDEMBZ,0.441877381581196
T_Cell_Exhaustion,BS_V2G1YE8R,0.471109951501246
T_Cell_Exhaustion,BS_V33RCK1Y,0.413076636799557
T_Cell_Exhaustion,BS_V3REENH9,0.456691289723281
T_Cell_Exhaustion,BS_V72GX2AZ,0.425855901199053
T_Cell_Exhaustion,BS_V7BZ049H,0.489887437686547
T_Cell_Exhaustion,BS_V89HGTET,0.43664508743026
T_Cell_Exhaustion,BS_VARR255N,0.464019648242419
T_Cell_Exhaustion,BS_VMMJYN8Z,0.304862896309178
T_Cell_Exhaustion,BS_VTYNWK05,0.525021767764291
T_Cell_Exhaustion,BS_VZWXGYT2,0.506703417800812
T_Cell_Exhaustion,BS_WRQHPSXQ,0.363153440264474
T_Cell_Exhaustion,BS_WVS02TZK,0.344690960069294
T_Cell_Exhaustion,BS_X16PENSA,0.440803616456812
T_Cell_Exhaustion,BS_X2EDW2ZB,0.440099171190056
T_Cell_Exhaustion,BS_X5DFR216,0.486941988760228
T_Cell_Exhaustion,BS_X6GFVDVA,0.469517064421573
T_Cell_Exhaustion,BS_X91K8KMG,0.539990856683127
T_Cell_Exhaustion,BS_XGSA3GQE,0.38163979374386
T_Cell_Exhaustion,BS_XKKB4MZV,0.340000154296476
T_Cell_Exhaustion,BS_Y0PCBNJV,0.40266367538906
T_Cell_Exhaustion,BS_Y274AC0H,0.450747187089084
T_Cell_Exhaustion,BS_Y7H24JZG,0.508789632929692
T_Cell_Exhaustion,BS_Y7W8BR6B,0.446445910237668
T_Cell_Exhaustion,BS_YASWHXJC,0.516836589392076
T_Cell_Exhaustion,BS_YB2RXRHT,0.367235465703342
T_Cell_Exhaustion,BS_YCREDZTJ,0.433638624520905
T_Cell_Exhaustion,BS_YEQVW4ND,0.379261323869602
T_Cell_Exhaustion,BS_YMAJC22S,0.242538527573115
T_Cell_Exhaustion,BS_YVEEXAAT,0.544708914289371
T_Cell_Exhaustion,BS_YVMEEBKC,0.375637365184733
T_Cell_Exhaustion,BS_YWJKHMXV,0.502521418955578
T_Cell_Exhaustion,BS_YY5B2XDD,0.440355085787213
T_Cell_Exhaustion,BS_YZ2Z1Q6Y,0.339300255696375
T_Cell_Exhaustion,BS_Z0AVVB1V,0.439901753925516
T_Cell_Exhaustion,BS_Z1A875MW,0.350709322882704
T_Cell_Exhaustion,BS_Z6BWR941,0.36040497960137
T_Cell_Exhaustion,BS_Z7Y2466H,0.394666059401685
T_Cell_Exhaustion,BS_ZHHAM3AN,0.65032638775507
T_Cell_Exhaustion,BS_ZHRGDRBW,0.409044181720072
T_Cell_Exhaustion,BS_ZJY7Y34M,0.417265672038094
T_Cell_Exhaustion,BS_ZN2P8BKH,0.597160632043443
T_Cell_Exhaustion,BS_ZTWGFWTX,0.385390765505851
T_Cell_Exhaustion,BS_ZV9Z3SY6,0.393558386717138
T_Cell_Exhaustion,BS_ZVX2GRD6,0.328757725244196
T_Cell_Exhaustion,BS_ZZMYDZJW,0.398235925195431
Chemokine_T_Cell_Recruitment,BS_00FD2KMP,0.387634514438902
Chemokine_T_Cell_Recruitment,BS_028YFYJ6,0.364260958295092
Chemokine_T_Cell_Recruitment,BS_052PZFMK,0.261251891231034
Chemokine_T_Cell_Recruitment,BS_056Q8577,0.519982607730415
Chemokine_T_Cell_Recruitment,BS_08ST21QE,0.540932035281629
Chemokine_T_Cell_Recruitment,BS_0C7VZC0A,0.309619936337436
Chemokine_T_Cell_Recruitment,BS_0S8E7590,0.595936317247683
Chemokine_T_Cell_Recruitment,BS_0VXZCRJS,0.408779836026981
Chemokine_T_Cell_Recruitment,BS_0XEBS3PG,0.337185683347504
Chemokine_T_Cell_Recruitment,BS_0ZA67BBC,0.380071032910936
Chemokine_T_Cell_Recruitment,BS_12G04QJM,0.425872378370079
Chemokine_T_Cell_Recruitment,BS_17ZSMXFH,0.377923878589243
Chemokine_T_Cell_Recruitment,BS_1A6MQ9ZA,0.431519359748519
Chemokine_T_Cell_Recruitment,BS_1D93Z575,0.453184056066988
Chemokine_T_Cell_Recruitment,BS_1EN5V3XW,0.365693658134569
Chemokine_T_Cell_Recruitment,BS_223BM91B,0.546581087592702
Chemokine_T_Cell_Recruitment,BS_25HNKZ79,0.545993597738848
Chemokine_T_Cell_Recruitment,BS_2853394H,0.287098036568815
Chemokine_T_Cell_Recruitment,BS_297H8BT4,0.52734614016457
Chemokine_T_Cell_Recruitment,BS_29X4ZX6Q,0.323166319727181
Chemokine_T_Cell_Recruitment,BS_2A5R9MEJ,0.257495893973955
Chemokine_T_Cell_Recruitment,BS_2ARXK0TD,0.534908415580001
Chemokine_T_Cell_Recruitment,BS_2AV1H5TV,0.408931970101715
Chemokine_T_Cell_Recruitment,BS_2DMBCHNF,0.618503202932556
Chemokine_T_Cell_Recruitment,BS_2EN3X6HB,0.532742815569158
Chemokine_T_Cell_Recruitment,BS_2FEZWH1F,0.624726983632582
Chemokine_T_Cell_Recruitment,BS_2HNXVFAS,0.381198686577609
Chemokine_T_Cell_Recruitment,BS_2JH1QMT1,0.378410694935829
Chemokine_T_Cell_Recruitment,BS_2JP7RBMB,0.382239684339709
Chemokine_T_Cell_Recruitment,BS_2K01T8K6,0.507261604337735
Chemokine_T_Cell_Recruitment,BS_2PDS3MSS,0.479198167897998
Chemokine_T_Cell_Recruitment,BS_2T5PJAW8,0.523957335330818
Chemokine_T_Cell_Recruitment,BS_2WANPFBJ,0.47020669215092
Chemokine_T_Cell_Recruitment,BS_30F3Z9FS,0.497118956217544
Chemokine_T_Cell_Recruitment,BS_30VC3R2Q,0.38596221953947
Chemokine_T_Cell_Recruitment,BS_30YWQ3FY,0.523706498613877
Chemokine_T_Cell_Recruitment,BS_31MBRWC4,0.548600485361832
Chemokine_T_Cell_Recruitment,BS_333KCNDP,0.591417098149996
Chemokine_T_Cell_Recruitment,BS_399RPKC9,0.380356227395648
Chemokine_T_Cell_Recruitment,BS_3AC3SRWH,0.333764216515658
Chemokine_T_Cell_Recruitment,BS_3MS8WVNR,0.33322621573215
Chemokine_T_Cell_Recruitment,BS_3ZPJAK9A,0.349941753246936
Chemokine_T_Cell_Recruitment,BS_45J79YTF,0.252321881468116
Chemokine_T_Cell_Recruitment,BS_49BQS7Z6,0.389658702511727
Chemokine_T_Cell_Recruitment,BS_49CJNZ06,0.340286084062227
Chemokine_T_Cell_Recruitment,BS_4B0BAVTX,0.487263617143223
Chemokine_T_Cell_Recruitment,BS_4BM3F6XJ,0.511680143674809
Chemokine_T_Cell_Recruitment,BS_4C6B11E4,0.492864826612833
Chemokine_T_Cell_Recruitment,BS_4GNN7J8E,0.646144904320976
Chemokine_T_Cell_Recruitment,BS_4KNBXM3C,0.555214323343917
Chemokine_T_Cell_Recruitment,BS_4Q3KRCZT,0.514428446208014
Chemokine_T_Cell_Recruitment,BS_4QW2S1Q8,0.632990185098819
Chemokine_T_Cell_Recruitment,BS_4T0HQ9QF,0.401916256525669
Chemokine_T_Cell_Recruitment,BS_4V42BXBT,0.434135960350278
Chemokine_T_Cell_Recruitment,BS_51RA1PGE,0.469233535067995
Chemokine_T_Cell_Recruitment,BS_52C576HH,0.423492556848492
Chemokine_T_Cell_Recruitment,BS_5965SFPZ,0.314122264706939
Chemokine_T_Cell_Recruitment,BS_5EFYPZT0,0.399422543002304
Chemokine_T_Cell_Recruitment,BS_5G5BD2MD,0.655659720656429
Chemokine_T_Cell_Recruitment,BS_5K95FX4C,0.552006595710748
Chemokine_T_Cell_Recruitment,BS_5KBXD2GQ,0.3829553685701
Chemokine_T_Cell_Recruitment,BS_5PXZ8F7W,0.428184366112121
Chemokine_T_Cell_Recruitment,BS_5VPM0F36,0.655405847154433
Chemokine_T_Cell_Recruitment,BS_62SW4CC5,0.682916908721638
Chemokine_T_Cell_Recruitment,BS_65WPD3DA,0.394640920075732
Chemokine_T_Cell_Recruitment,BS_68KX6A42,0.60631289853553
Chemokine_T_Cell_Recruitment,BS_6DCSD5Y6,0.109049152727048
Chemokine_T_Cell_Recruitment,BS_6H4Q24WA,0.56145882287371
Chemokine_T_Cell_Recruitment,BS_6M2053M0,0.513256156892671
Chemokine_T_Cell_Recruitment,BS_6SY64H5J,0.646341472927362
Chemokine_T_Cell_Recruitment,BS_6VRG1XFB,0.421229138713749
Chemokine_T_Cell_Recruitment,BS_6WP1FHTE,0.563657855023324
Chemokine_T_Cell_Recruitment,BS_7327SDAQ,0.39190640659098
Chemokine_T_Cell_Recruitment,BS_75YRDXET,0.685664799043853
Chemokine_T_Cell_Recruitment,BS_77SBTNPN,0.395077167357617
Chemokine_T_Cell_Recruitment,BS_7AEF4D4G,0.521216110897042
Chemokine_T_Cell_Recruitment,BS_7APCGCVF,0.512929321716024
Chemokine_T_Cell_Recruitment,BS_7GJT4A6A,0.247351674835841
Chemokine_T_Cell_Recruitment,BS_7GKWKGPH,0.578252974784318
Chemokine_T_Cell_Recruitment,BS_7PVJ6Q3D,0.329548167357815
Chemokine_T_Cell_Recruitment,BS_7WKNNRHK,0.450787991175584
Chemokine_T_Cell_Recruitment,BS_84VZX732,0.476466786642278
Chemokine_T_Cell_Recruitment,BS_84XCR9GG,0.418531699827685
Chemokine_T_Cell_Recruitment,BS_8E8JKP01,0.265666760282246
Chemokine_T_Cell_Recruitment,BS_8ERBDF7D,0.405715369142824
Chemokine_T_Cell_Recruitment,BS_8JK9TXH2,0.473153014750723
Chemokine_T_Cell_Recruitment,BS_8VD670NP,0.402123867863562
Chemokine_T_Cell_Recruitment,BS_8YWYN7VH,0.619211765846507
Chemokine_T_Cell_Recruitment,BS_8ZE4Z9G5,0.461546090731498
Chemokine_T_Cell_Recruitment,BS_8ZY4GST0,0.366787006407314
Chemokine_T_Cell_Recruitment,BS_91VYM11A,0.421599254392732
Chemokine_T_Cell_Recruitment,BS_956G6QPJ,0.4671698516931
Chemokine_T_Cell_Recruitment,BS_97M1E2DW,0.221354125878001
Chemokine_T_Cell_Recruitment,BS_9A1YTHFF,0.524589529050541
Chemokine_T_Cell_Recruitment,BS_9B0A62MT,0.481604747690549
Chemokine_T_Cell_Recruitment,BS_9CA93S6D,0.192345959788698
Chemokine_T_Cell_Recruitment,BS_9FHEFJNP,0.481683222517465
Chemokine_T_Cell_Recruitment,BS_9FX3YREK,0.276460658871427
Chemokine_T_Cell_Recruitment,BS_9GJ3DB1H,0.509079891658101
Chemokine_T_Cell_Recruitment,BS_9JPQZQNG,0.431768730983678
Chemokine_T_Cell_Recruitment,BS_9TXEDSWB,0.482055686150646
Chemokine_T_Cell_Recruitment,BS_9XVACXP0,0.302776853668466
Chemokine_T_Cell_Recruitment,BS_9Y1K14Q5,0.426908563103686
Chemokine_T_Cell_Recruitment,BS_9ZJT0CP0,0.44405812713319
Chemokine_T_Cell_Recruitment,BS_A4PF49V0,0.346123076493084
Chemokine_T_Cell_Recruitment,BS_A6NXR7RC,0.417111362857402
Chemokine_T_Cell_Recruitment,BS_A7Q8G0Y1,0.301405069190398
Chemokine_T_Cell_Recruitment,BS_A8XW5S0W,0.477551381913569
Chemokine_T_Cell_Recruitment,BS_AWH9757B,0.401124008941079
Chemokine_T_Cell_Recruitment,BS_AYSXRQWY,0.492525056154083
Chemokine_T_Cell_Recruitment,BS_AZQM1JJH,0.52770384014787
Chemokine_T_Cell_Recruitment,BS_B1C6GZ84,0.325096469900375
Chemokine_T_Cell_Recruitment,BS_B3MQFFYP,0.602692644526627
Chemokine_T_Cell_Recruitment,BS_B4R7X1KE,0.305994494814943
Chemokine_T_Cell_Recruitment,BS_B57327NA,0.51160187412135
Chemokine_T_Cell_Recruitment,BS_BBAEMXRD,0.368618003112268
Chemokine_T_Cell_Recruitment,BS_BBQ6BHGN,0.401490675459126
Chemokine_T_Cell_Recruitment,BS_BK0HGRXM,0.517791414900919
Chemokine_T_Cell_Recruitment,BS_BMMY0H73,0.466815281619133
Chemokine_T_Cell_Recruitment,BS_C6ZZ3FY5,0.472292054056905
Chemokine_T_Cell_Recruitment,BS_C83TK159,0.474897863303367
Chemokine_T_Cell_Recruitment,BS_CBDQZ8PP,0.317175209877981
Chemokine_T_Cell_Recruitment,BS_CF63VG3S,0.407775261950879
Chemokine_T_Cell_Recruitment,BS_CFD3WHAY,0.534770903551767
Chemokine_T_Cell_Recruitment,BS_CG1RG607,0.585460464962755
Chemokine_T_Cell_Recruitment,BS_CVEDJGHZ,0.586567922952088
Chemokine_T_Cell_Recruitment,BS_CXAQDK7S,0.691323266896032
Chemokine_T_Cell_Recruitment,BS_CZPQ493E,0.540638646249605
Chemokine_T_Cell_Recruitment,BS_D29RPBSZ,0.4041804434192
Chemokine_T_Cell_Recruitment,BS_D4VNDNQA,0.407502353231632
Chemokine_T_Cell_Recruitment,BS_D6J2BGDJ,0.262311869213912
Chemokine_T_Cell_Recruitment,BS_DFGS950G,0.241820009412976
Chemokine_T_Cell_Recruitment,BS_DNZVP92S,0.354184461391835
Chemokine_T_Cell_Recruitment,BS_DR079H0D,0.395421895138934
Chemokine_T_Cell_Recruitment,BS_DS438CXE,0.181640213070976
Chemokine_T_Cell_Recruitment,BS_DSPVSM7D,0.392151234973829
Chemokine_T_Cell_Recruitment,BS_DZNXFPH1,0.655583410014233
Chemokine_T_Cell_Recruitment,BS_E7NVYA6G,0.583172681029283
Chemokine_T_Cell_Recruitment,BS_E9CYN4NP,0.357566553755314
Chemokine_T_Cell_Recruitment,BS_EB0XRBT9,0.58176152040966
Chemokine_T_Cell_Recruitment,BS_EDJ5TV0P,0.413263635553514
Chemokine_T_Cell_Recruitment,BS_EMQM7HTA,0.458635297463625
Chemokine_T_Cell_Recruitment,BS_ENEYB4TG,0.557648036467299
Chemokine_T_Cell_Recruitment,BS_EXPJQZTH,0.538417751176207
Chemokine_T_Cell_Recruitment,BS_EZ3147MX,0.381671740796511
Chemokine_T_Cell_Recruitment,BS_F0JB4EAK,0.356515515156552
Chemokine_T_Cell_Recruitment,BS_F21R36MM,0.45728533709849
Chemokine_T_Cell_Recruitment,BS_F65GWS21,0.373666769031071
Chemokine_T_Cell_Recruitment,BS_F6V1Y4QS,0.41368543299893
Chemokine_T_Cell_Recruitment,BS_F9Y4Z92G,0.350062776133558
Chemokine_T_Cell_Recruitment,BS_FCDAH728,0.473282418740887
Chemokine_T_Cell_Recruitment,BS_FEV5A0HN,0.21660192375916
Chemokine_T_Cell_Recruitment,BS_FGJH1X0S,0.314851841417142
Chemokine_T_Cell_Recruitment,BS_FKASA3MN,0.181314152821318
Chemokine_T_Cell_Recruitment,BS_FN07P04C,0.148245508721774
Chemokine_T_Cell_Recruitment,BS_FX2P2WEG,0.588108097504494
Chemokine_T_Cell_Recruitment,BS_FXJY0MNH,0.515572674346563
Chemokine_T_Cell_Recruitment,BS_FYP2B298,0.357281647186767
Chemokine_T_Cell_Recruitment,BS_G19QZG4S,0.403342773315873
Chemokine_T_Cell_Recruitment,BS_G1E5DATJ,0.445430183646114
Chemokine_T_Cell_Recruitment,BS_G257VSS9,0.342534268036562
Chemokine_T_Cell_Recruitment,BS_G3NN392N,0.523579694707834
Chemokine_T_Cell_Recruitment,BS_G3RJTBZD,0.169042865308348
Chemokine_T_Cell_Recruitment,BS_G5NHSFD4,0.322564969121738
Chemokine_T_Cell_Recruitment,BS_G8TXTX0H,0.450979928157684
Chemokine_T_Cell_Recruitment,BS_GG9W3J9Y,0.311238262644413
Chemokine_T_Cell_Recruitment,BS_GW0GKWMS,0.28969768197962
Chemokine_T_Cell_Recruitment,BS_GWHYM3R4,0.439057995052836
Chemokine_T_Cell_Recruitment,BS_GWSJ4Z9H,0.616629634988468
Chemokine_T_Cell_Recruitment,BS_H5VQJR7X,0.479082116481007
Chemokine_T_Cell_Recruitment,BS_H97S5SQN,0.498895699467259
Chemokine_T_Cell_Recruitment,BS_H9JYKFTV,0.429784954845311
Chemokine_T_Cell_Recruitment,BS_HDHXX8Q7,0.466891315222234
Chemokine_T_Cell_Recruitment,BS_HDPCQETG,0.651300113565222
Chemokine_T_Cell_Recruitment,BS_HJRTC9JQ,0.59468852039849
Chemokine_T_Cell_Recruitment,BS_HJV0J603,0.509228897496844
Chemokine_T_Cell_Recruitment,BS_HRJ9145M,0.606427748544379
Chemokine_T_Cell_Recruitment,BS_HWGWYCY7,0.617163309812343
Chemokine_T_Cell_Recruitment,BS_HZ9AYDCQ,0.511331078590614
Chemokine_T_Cell_Recruitment,BS_J4JY2F3H,0.650545862742671
Chemokine_T_Cell_Recruitment,BS_J6212Y48,0.389267037080433
Chemokine_T_Cell_Recruitment,BS_J6W1RB7A,0.513799059025915
Chemokine_T_Cell_Recruitment,BS_J9CBGP57,0.477470852411366
Chemokine_T_Cell_Recruitment,BS_JB43XBCQ,0.639064819790519
Chemokine_T_Cell_Recruitment,BS_JDSNFYQ0,0.47377536307145
Chemokine_T_Cell_Recruitment,BS_JJVH7WR0,0.254371907425523
Chemokine_T_Cell_Recruitment,BS_JMD386Z2,0.356804565704736
Chemokine_T_Cell_Recruitment,BS_JP95KMRD,0.513636173981356
Chemokine_T_Cell_Recruitment,BS_JQGJQ2QZ,0.462738913557144
Chemokine_T_Cell_Recruitment,BS_JQVAWTTM,0.506524930784895
Chemokine_T_Cell_Recruitment,BS_JQXHHK0K,0.314797774759326
Chemokine_T_Cell_Recruitment,BS_JRYJGYC4,0.436711892882001
Chemokine_T_Cell_Recruitment,BS_JS95PE0J,0.428996788632727
Chemokine_T_Cell_Recruitment,BS_JTWNJ8T7,0.26530749051823
Chemokine_T_Cell_Recruitment,BS_JVW2JJ39,0.219098389718004
Chemokine_T_Cell_Recruitment,BS_K0X3PZGN,0.715274838327014
Chemokine_T_Cell_Recruitment,BS_K17VQECG,0.582673079070052
Chemokine_T_Cell_Recruitment,BS_K2PCC777,0.592515261242654
Chemokine_T_Cell_Recruitment,BS_K74N1BXQ,0.459566713010796
Chemokine_T_Cell_Recruitment,BS_K81PZXP2,0.593405306040216
Chemokine_T_Cell_Recruitment,BS_K88T8SW7,0.727132944066277
Chemokine_T_Cell_Recruitment,BS_KABQQA0T,0.249698022184515
Chemokine_T_Cell_Recruitment,BS_KBEX4RT2,0.373516403821271
Chemokine_T_Cell_Recruitment,BS_KFD5128N,0.365630948518389
Chemokine_T_Cell_Recruitment,BS_KKDTW11T,0.3326855777782
Chemokine_T_Cell_Recruitment,BS_KP735TJ6,0.323128237363201
Chemokine_T_Cell_Recruitment,BS_KQ6ZW085,0.413967576642223
Chemokine_T_Cell_Recruitment,BS_KRS4EV4X,0.43723554609408
Chemokine_T_Cell_Recruitment,BS_KS8HMGA6,0.513695520377306
Chemokine_T_Cell_Recruitment,BS_KVPWHDR4,0.471795286711616
Chemokine_T_Cell_Recruitment,BS_M0FA190Y,0.531311288164642
Chemokine_T_Cell_Recruitment,BS_M0XGZ53Z,0.157486071955541
Chemokine_T_Cell_Recruitment,BS_M1PVEHCM,0.192303456250544
Chemokine_T_Cell_Recruitment,BS_M54TWTH4,0.45720636728456
Chemokine_T_Cell_Recruitment,BS_M7XB258E,0.671518067127174
Chemokine_T_Cell_Recruitment,BS_M85CXHDV,0.611703411151449
Chemokine_T_Cell_Recruitment,BS_MB7WN0ZB,0.481424525002057
Chemokine_T_Cell_Recruitment,BS_MD0937XT,0.226555289060276
Chemokine_T_Cell_Recruitment,BS_MDBT7S5Z,0.269223639514675
Chemokine_T_Cell_Recruitment,BS_ME6VQGG4,0.397677375480139
Chemokine_T_Cell_Recruitment,BS_MFGZH8FK,0.438613859237595
Chemokine_T_Cell_Recruitment,BS_MG78HQDM,0.152680776964179
Chemokine_T_Cell_Recruitment,BS_MWWZBQ60,0.398453052175385
Chemokine_T_Cell_Recruitment,BS_N6TQBQ8M,0.450347337931921
Chemokine_T_Cell_Recruitment,BS_N7SW36FD,0.549999138165122
Chemokine_T_Cell_Recruitment,BS_N7VQ1GQB,0.551015793857051
Chemokine_T_Cell_Recruitment,BS_NB9XXBW6,0.43444302725997
Chemokine_T_Cell_Recruitment,BS_NEFAASTR,0.511551762545023
Chemokine_T_Cell_Recruitment,BS_NEVYM2FP,0.449459635265915
Chemokine_T_Cell_Recruitment,BS_NFKKDYSV,0.58657778227335
Chemokine_T_Cell_Recruitment,BS_NGSG2KB6,0.606556950301424
Chemokine_T_Cell_Recruitment,BS_NNYXMSTX,0.584890236578187
Chemokine_T_Cell_Recruitment,BS_NPA6CZQF,0.263518769763836
Chemokine_T_Cell_Recruitment,BS_NQ54ST98,0.557717580633124
Chemokine_T_Cell_Recruitment,BS_NR3P3GN2,0.547411333962165
Chemokine_T_Cell_Recruitment,BS_NX1R0BC3,0.510450415289612
Chemokine_T_Cell_Recruitment,BS_P0QF87WC,0.421630403012859
Chemokine_T_Cell_Recruitment,BS_P4PMWFMV,0.45799503054494
Chemokine_T_Cell_Recruitment,BS_P7W3AYKV,0.544420653689928
Chemokine_T_Cell_Recruitment,BS_PENM28KT,0.329805754492651
Chemokine_T_Cell_Recruitment,BS_PJC6FH4Y,0.611378164426726
Chemokine_T_Cell_Recruitment,BS_PS0P3QJ3,0.381401074758344
Chemokine_T_Cell_Recruitment,BS_PXCPK5XS,0.517666157938688
Chemokine_T_Cell_Recruitment,BS_PZVHMSYN,0.314642583577045
Chemokine_T_Cell_Recruitment,BS_Q06J3RYW,0.537561906061001
Chemokine_T_Cell_Recruitment,BS_Q35GFYDR,0.415278981707989
Chemokine_T_Cell_Recruitment,BS_Q9N5PRD5,0.414137861450897
Chemokine_T_Cell_Recruitment,BS_QB84TBA3,0.199878586278896
Chemokine_T_Cell_Recruitment,BS_QGKEP3KB,0.680244074112388
Chemokine_T_Cell_Recruitment,BS_QH0VYVJK,0.519884926792213
Chemokine_T_Cell_Recruitment,BS_QHY302E8,0.542109466136981
Chemokine_T_Cell_Recruitment,BS_QMBS32Y2,0.424700954081285
Chemokine_T_Cell_Recruitment,BS_QNNX91SM,0.49949860287684
Chemokine_T_Cell_Recruitment,BS_QY2G1JZJ,0.458708173753656
Chemokine_T_Cell_Recruitment,BS_QYA4TQXX,0.354405905121503
Chemokine_T_Cell_Recruitment,BS_R5JQE0VJ,0.526884528622247
Chemokine_T_Cell_Recruitment,BS_R5SNFB5B,0.240375779893374
Chemokine_T_Cell_Recruitment,BS_R9B92M75,0.468571657147761
Chemokine_T_Cell_Recruitment,BS_RHAWQJ48,0.547116681626412
Chemokine_T_Cell_Recruitment,BS_RHM60031,0.46345042742814
Chemokine_T_Cell_Recruitment,BS_RJC3WDD6,0.0925532650839459
Chemokine_T_Cell_Recruitment,BS_RN0VAY51,0.425763326494534
Chemokine_T_Cell_Recruitment,BS_RX1YTZ7F,0.39875767780628
Chemokine_T_Cell_Recruitment,BS_RZBFH1QF,0.187099199249543
Chemokine_T_Cell_Recruitment,BS_S2TA8R29,0.500402691180069
Chemokine_T_Cell_Recruitment,BS_S3C2PZAH,0.491354050006489
Chemokine_T_Cell_Recruitment,BS_S3MET0JZ,0.404439882400812
Chemokine_T_Cell_Recruitment,BS_S4V9E1XJ,0.581840722542681
Chemokine_T_Cell_Recruitment,BS_S5P8VTN5,0.544628506068593
Chemokine_T_Cell_Recruitment,BS_S6B9DVNS,0.202548989554632
Chemokine_T_Cell_Recruitment,BS_S6S7SK3P,0.22347269381568
Chemokine_T_Cell_Recruitment,BS_S8K878T3,0.625503151963769
Chemokine_T_Cell_Recruitment,BS_SBMAM00V,0.456013046847328
Chemokine_T_Cell_Recruitment,BS_SBMCD7XZ,0.565480514596879
Chemokine_T_Cell_Recruitment,BS_SD0EMK7Y,0.536761359717321
Chemokine_T_Cell_Recruitment,BS_SD8YBRBR,0.217977500404489
Chemokine_T_Cell_Recruitment,BS_SERDGASJ,0.53162592299439
Chemokine_T_Cell_Recruitment,BS_SJVTZ5TH,0.359120914081472
Chemokine_T_Cell_Recruitment,BS_SMWQR2F1,0.45093712432349
Chemokine_T_Cell_Recruitment,BS_SNVM7CZT,0.59739406993732
Chemokine_T_Cell_Recruitment,BS_SR2RGDXJ,0.549102007225475
Chemokine_T_Cell_Recruitment,BS_SW9Z10F9,0.551959493010892
Chemokine_T_Cell_Recruitment,BS_SY3J3XR9,0.22211453063979
Chemokine_T_Cell_Recruitment,BS_T1YHK6B7,0.373279491132064
Chemokine_T_Cell_Recruitment,BS_T2F48Z4E,0.573384475309105
Chemokine_T_Cell_Recruitment,BS_T9A8JJW5,0.346204226113801
Chemokine_T_Cell_Recruitment,BS_TASG32Z2,0.423927338083907
Chemokine_T_Cell_Recruitment,BS_TGS109T3,0.328762269101154
Chemokine_T_Cell_Recruitment,BS_TM9MH0RP,0.481888765224724
Chemokine_T_Cell_Recruitment,BS_TR2P8KRF,0.485560079146585
Chemokine_T_Cell_Recruitment,BS_TRKH2SPE,0.347139430016352
Chemokine_T_Cell_Recruitment,BS_TRPXB3AV,0.383407773509508
Chemokine_T_Cell_Recruitment,BS_TTDNZTZ0,0.605195100462704
Chemokine_T_Cell_Recruitment,BS_TTE04ZP8,0.508906860189557
Chemokine_T_Cell_Recruitment,BS_TV5B86ZD,0.350457433987503
Chemokine_T_Cell_Recruitment,BS_TVH33J9Q,0.440654761902282
Chemokine_T_Cell_Recruitment,BS_TXZ7KHTQ,0.424246275536773
Chemokine_T_Cell_Recruitment,BS_V0DQFC75,0.46606445199914
Chemokine_T_Cell_Recruitment,BS_V3Z3DB4N,0.302212008733187
Chemokine_T_Cell_Recruitment,BS_V558NW3Q,0.601153546159818
Chemokine_T_Cell_Recruitment,BS_V6RSB5HQ,0.333741453151363
Chemokine_T_Cell_Recruitment,BS_V8QWBVS3,0.739206145402715
Chemokine_T_Cell_Recruitment,BS_VBMRQK4F,0.465970922378885
Chemokine_T_Cell_Recruitment,BS_VDFXXMEX,0.357548726905929
Chemokine_T_Cell_Recruitment,BS_VF3NVT4G,0.500201614035489
Chemokine_T_Cell_Recruitment,BS_VKH87DD2,0.561793188466058
Chemokine_T_Cell_Recruitment,BS_VKHJG2B8,0.463873832567098
Chemokine_T_Cell_Recruitment,BS_VKYEM67A,0.53415643289757
Chemokine_T_Cell_Recruitment,BS_VMQMGSJY,0.49032156664728
Chemokine_T_Cell_Recruitment,BS_VVTHDRBD,0.404904401144414
Chemokine_T_Cell_Recruitment,BS_W1385R8Y,0.488048743275333
Chemokine_T_Cell_Recruitment,BS_W4DB5RP1,0.173409787229662
Chemokine_T_Cell_Recruitment,BS_W7MFJZ5A,0.605160657942071
Chemokine_T_Cell_Recruitment,BS_WBVSK3MP,0.15737242633473
Chemokine_T_Cell_Recruitment,BS_WEKK6SHP,0.437483973221918
Chemokine_T_Cell_Recruitment,BS_WHBEXD5H,0.571311216106101
Chemokine_T_Cell_Recruitment,BS_WQ1YRTAT,0.244545971242188
Chemokine_T_Cell_Recruitment,BS_WTJEDTZC,0.491640239922235
Chemokine_T_Cell_Recruitment,BS_WVRX4C9Z,0.574422871231069
Chemokine_T_Cell_Recruitment,BS_X0XXN9BK,0.583026180161196
Chemokine_T_Cell_Recruitment,BS_X1G0TKP4,0.538456857715323
Chemokine_T_Cell_Recruitment,BS_X20JCR4H,0.55071036623969
Chemokine_T_Cell_Recruitment,BS_X23724NJ,0.415783881123872
Chemokine_T_Cell_Recruitment,BS_X3HR4Z21,0.532694120588943
Chemokine_T_Cell_Recruitment,BS_X4DD4KSZ,0.709174751458623
Chemokine_T_Cell_Recruitment,BS_X4X1SFSE,0.331731885198553
Chemokine_T_Cell_Recruitment,BS_XG0DBWVT,0.201500801716576
Chemokine_T_Cell_Recruitment,BS_XGDPK33A,0.473845519949967
Chemokine_T_Cell_Recruitment,BS_XM1AHBDJ,0.339635266410278
Chemokine_T_Cell_Recruitment,BS_XQ5SFW35,0.449327801897586
Chemokine_T_Cell_Recruitment,BS_XQXXBWPD,0.578389885337642
Chemokine_T_Cell_Recruitment,BS_XYVCMF4A,0.330585871943584
Chemokine_T_Cell_Recruitment,BS_XZM79E42,0.533586658104038
Chemokine_T_Cell_Recruitment,BS_YA0KMBRT,0.330430159851034
Chemokine_T_Cell_Recruitment,BS_YDEVMD24,0.401166355313462
Chemokine_T_Cell_Recruitment,BS_YMKQT5V0,0.592288238204806
Chemokine_T_Cell_Recruitment,BS_YR12D1ZY,0.523089239584981
Chemokine_T_Cell_Recruitment,BS_YSZRQ95C,0.546920651031827
Chemokine_T_Cell_Recruitment,BS_YTWEM5SG,0.598444243236255
Chemokine_T_Cell_Recruitment,BS_YZ2QFDAN,0.464357162247617
Chemokine_T_Cell_Recruitment,BS_Z0ZPD9S9,0.530209519616887
Chemokine_T_Cell_Recruitment,BS_Z3RCA1T9,0.576342776279851
Chemokine_T_Cell_Recruitment,BS_Z8F3GM85,0.461812318802344
Chemokine_T_Cell_Recruitment,BS_ZD5HN296,0.707460470841353
Chemokine_T_Cell_Recruitment,BS_ZF6BSFNF,0.421309579119683
Chemokine_T_Cell_Recruitment,BS_ZM97KKXE,0.584659122984105
Chemokine_T_Cell_Recruitment,BS_ZV1P6W9C,0.201011055698845
Chemokine_T_Cell_Recruitment,BS_ZVM8CAB0,0.694130866426947
Chemokine_T_Cell_Recruitment,BS_ZZWMD6FA,0.56929599155495
Chemokine_T_Cell_Recruitment,BS_06AMMCXR,0.518759073949744
Chemokine_T_Cell_Recruitment,BS_08TWG4K0,0.82917401090076
Chemokine_T_Cell_Recruitment,BS_1DECYC4K,0.532507093483202
Chemokine_T_Cell_Recruitment,BS_2A5R9D97,0.560594944083052
Chemokine_T_Cell_Recruitment,BS_3VJ0CA6A,0.520806615036805
Chemokine_T_Cell_Recruitment,BS_3XYJBBHQ,0.634088617555546
Chemokine_T_Cell_Recruitment,BS_4C4MZ4NT,0.483234422951418
Chemokine_T_Cell_Recruitment,BS_4PPHAQXF,0.441097692710213
Chemokine_T_Cell_Recruitment,BS_4SMPV083,0.606216688254808
Chemokine_T_Cell_Recruitment,BS_A76PNWQS,0.428905614740618
Chemokine_T_Cell_Recruitment,BS_BZCTXEPJ,0.588144732646235
Chemokine_T_Cell_Recruitment,BS_CB6VK7PB,0.45592251056761
Chemokine_T_Cell_Recruitment,BS_ED8G98XT,0.344755368485166
Chemokine_T_Cell_Recruitment,BS_FCX6DZ0J,0.6566736607766
Chemokine_T_Cell_Recruitment,BS_FYRDYBMZ,0.384924039879904
Chemokine_T_Cell_Recruitment,BS_H1XPVS9A,0.553988546964607
Chemokine_T_Cell_Recruitment,BS_QRNSKFMS,0.520925317750359
Chemokine_T_Cell_Recruitment,BS_R13X6TMW,0.423285654494939
Chemokine_T_Cell_Recruitment,BS_RJMJ935A,0.661092378873379
Chemokine_T_Cell_Recruitment,BS_RWJZFTP9,0.365526779772519
Chemokine_T_Cell_Recruitment,BS_S20SP0WW,0.584194092458503
Chemokine_T_Cell_Recruitment,BS_SB12W1XT,0.464343339533808
Chemokine_T_Cell_Recruitment,BS_T0MXH2CA,0.428876114703249
Chemokine_T_Cell_Recruitment,BS_T1W4JA94,0.432091451080962
Chemokine_T_Cell_Recruitment,BS_T289QKBV,0.572582490445523
Chemokine_T_Cell_Recruitment,BS_T3H5AY8A,0.614287069388093
Chemokine_T_Cell_Recruitment,BS_TVV122JG,0.419978049101053
Chemokine_T_Cell_Recruitment,BS_VW85Q4XJ,0.592808995840045
Chemokine_T_Cell_Recruitment,BS_W97QQYKQ,0.72861915383071
Chemokine_T_Cell_Recruitment,BS_WYMX429C,0.640935740244356
Chemokine_T_Cell_Recruitment,BS_YR1XY6SF,0.502464873256849
Chemokine_T_Cell_Recruitment,BS_014EVM2D,0.658576699915415
Chemokine_T_Cell_Recruitment,BS_044XZ8ST,0.452960598821298
Chemokine_T_Cell_Recruitment,BS_063ERW0R,0.255319735652933
Chemokine_T_Cell_Recruitment,BS_0D5VRAKC,0.668907696375559
Chemokine_T_Cell_Recruitment,BS_0J9SHHSC,0.483656954475321
Chemokine_T_Cell_Recruitment,BS_0SCXXM6N,0.663558639546779
Chemokine_T_Cell_Recruitment,BS_0TDWG2CV,0.696962503368612
Chemokine_T_Cell_Recruitment,BS_0WVJYM9R,0.428025688724231
Chemokine_T_Cell_Recruitment,BS_0X9EGHY2,0.260612865307256
Chemokine_T_Cell_Recruitment,BS_0Y5J2AQ4,0.52341158155589
Chemokine_T_Cell_Recruitment,BS_13CGKADW,0.420603797818876
Chemokine_T_Cell_Recruitment,BS_166N7SZQ,0.465840159533243
Chemokine_T_Cell_Recruitment,BS_17WYVEEC,0.289260262839743
Chemokine_T_Cell_Recruitment,BS_1G3WYEN3,0.424559751425647
Chemokine_T_Cell_Recruitment,BS_1HYS8CSC,0.617696201404391
Chemokine_T_Cell_Recruitment,BS_1JDG6JV5,0.554682965176833
Chemokine_T_Cell_Recruitment,BS_1KYGSMA7,0.701334795279553
Chemokine_T_Cell_Recruitment,BS_1N76FQZY,0.474940830071256
Chemokine_T_Cell_Recruitment,BS_1NPD7PVG,0.487250780483552
Chemokine_T_Cell_Recruitment,BS_1Z9AX9JS,0.570967945684127
Chemokine_T_Cell_Recruitment,BS_1ZVXF5FE,0.393790977148759
Chemokine_T_Cell_Recruitment,BS_21RE8W46,0.406745727617866
Chemokine_T_Cell_Recruitment,BS_24AHZ9ZW,0.540805453047551
Chemokine_T_Cell_Recruitment,BS_2720P44V,0.615432384728506
Chemokine_T_Cell_Recruitment,BS_27FYYPJG,0.507875228501573
Chemokine_T_Cell_Recruitment,BS_29TRQXWM,0.574689326222844
Chemokine_T_Cell_Recruitment,BS_2ADZNNV4,0.472035267198073
Chemokine_T_Cell_Recruitment,BS_2EMW8ZG3,0.462391010201226
Chemokine_T_Cell_Recruitment,BS_2K3FVT86,0.611450301320676
Chemokine_T_Cell_Recruitment,BS_2KJ2YAZR,0.518009762552628
Chemokine_T_Cell_Recruitment,BS_2QCQYY6M,0.582722134076776
Chemokine_T_Cell_Recruitment,BS_2WPQ8YCW,0.533100058465645
Chemokine_T_Cell_Recruitment,BS_2XM08BFY,0.59525527279877
Chemokine_T_Cell_Recruitment,BS_2YCJV2VV,0.494912983418992
Chemokine_T_Cell_Recruitment,BS_304SPN6B,0.524684189313918
Chemokine_T_Cell_Recruitment,BS_33AQSPRP,0.581767084855715
Chemokine_T_Cell_Recruitment,BS_3G3KWY18,0.490275329221732
Chemokine_T_Cell_Recruitment,BS_3GAN6Q43,0.562516524481262
Chemokine_T_Cell_Recruitment,BS_3P20Q2C3,0.219942369753933
Chemokine_T_Cell_Recruitment,BS_3PYESPHA,0.344653662182796
Chemokine_T_Cell_Recruitment,BS_3Q0GTSYH,0.407452682096667
Chemokine_T_Cell_Recruitment,BS_3TJHY996,0.655098410102433
Chemokine_T_Cell_Recruitment,BS_3XY76V8T,0.52501820790318
Chemokine_T_Cell_Recruitment,BS_3Y2X2RBJ,0.66277277133508
Chemokine_T_Cell_Recruitment,BS_401R3KV0,0.459474619933774
Chemokine_T_Cell_Recruitment,BS_42DY6WS7,0.367373229132436
Chemokine_T_Cell_Recruitment,BS_42Y3YANN,0.515060148798608
Chemokine_T_Cell_Recruitment,BS_470DYRJQ,0.533067189521052
Chemokine_T_Cell_Recruitment,BS_47SJZ3PH,0.493743799240806
Chemokine_T_Cell_Recruitment,BS_49852ZBH,0.511157107559081
Chemokine_T_Cell_Recruitment,BS_4A45GGSW,0.415815110349817
Chemokine_T_Cell_Recruitment,BS_4BWB0FA0,0.58250686749341
Chemokine_T_Cell_Recruitment,BS_4CXE5XEP,0.58638210430278
Chemokine_T_Cell_Recruitment,BS_4HQ3T2NC,0.535321535140381
Chemokine_T_Cell_Recruitment,BS_4N1GNHX4,0.533816099808985
Chemokine_T_Cell_Recruitment,BS_4NF35AF6,0.35916118643769
Chemokine_T_Cell_Recruitment,BS_4TZQY7TT,0.73812710784067
Chemokine_T_Cell_Recruitment,BS_4Y6BCYK5,0.391689086191014
Chemokine_T_Cell_Recruitment,BS_4Z2F4P9N,0.50883772788574
Chemokine_T_Cell_Recruitment,BS_503DZ8BN,0.720356166782589
Chemokine_T_Cell_Recruitment,BS_52426AMF,0.550912535006936
Chemokine_T_Cell_Recruitment,BS_52DAPP1Y,0.428527445117728
Chemokine_T_Cell_Recruitment,BS_534XRSNB,0.50321756566824
Chemokine_T_Cell_Recruitment,BS_53GQKVEX,0.37322518124916
Chemokine_T_Cell_Recruitment,BS_54H90JW2,0.60905962206075
Chemokine_T_Cell_Recruitment,BS_55P8HPYD,0.40152207068914
Chemokine_T_Cell_Recruitment,BS_55X1W2MR,0.69917008869367
Chemokine_T_Cell_Recruitment,BS_57NMZPS0,0.495131819994723
Chemokine_T_Cell_Recruitment,BS_593HEWBF,0.483772395260363
Chemokine_T_Cell_Recruitment,BS_5J5D3QTD,0.576921618030458
Chemokine_T_Cell_Recruitment,BS_5K3R0F5D,0.482231030883861
Chemokine_T_Cell_Recruitment,BS_5NWDARXG,0.614625585394775
Chemokine_T_Cell_Recruitment,BS_5PEFNDCY,0.344646470528746
Chemokine_T_Cell_Recruitment,BS_5PV5N4HQ,0.48252450027282
Chemokine_T_Cell_Recruitment,BS_5YJEPPTP,0.520266745759067
Chemokine_T_Cell_Recruitment,BS_5YYCP891,0.664848332388814
Chemokine_T_Cell_Recruitment,BS_66ABA973,0.32945412638708
Chemokine_T_Cell_Recruitment,BS_66HQ3E4Z,0.43982316997603
Chemokine_T_Cell_Recruitment,BS_680K119G,0.486566339743506
Chemokine_T_Cell_Recruitment,BS_68BW2163,0.330479234567845
Chemokine_T_Cell_Recruitment,BS_699TN5RN,0.632366639635008
Chemokine_T_Cell_Recruitment,BS_6HXD39AM,0.734198141491417
Chemokine_T_Cell_Recruitment,BS_6N3AFF66,0.452693478069192
Chemokine_T_Cell_Recruitment,BS_6TSAVMT9,0.609024466401352
Chemokine_T_Cell_Recruitment,BS_6VF6VPCG,0.539256119415289
Chemokine_T_Cell_Recruitment,BS_769BDPDB,0.655465832809132
Chemokine_T_Cell_Recruitment,BS_76DRXZRJ,0.651688205904076
Chemokine_T_Cell_Recruitment,BS_775HDFNY,0.551782157922014
Chemokine_T_Cell_Recruitment,BS_7H4RFCW9,0.685656428425242
Chemokine_T_Cell_Recruitment,BS_7M3FNSYK,0.447618105202523
Chemokine_T_Cell_Recruitment,BS_7MGXMG6S,0.516857148637729
Chemokine_T_Cell_Recruitment,BS_7N0B2CY1,0.308898283494916
Chemokine_T_Cell_Recruitment,BS_7P83Z28P,0.472078371745713
Chemokine_T_Cell_Recruitment,BS_7Z93ZYMS,0.495199789669981
Chemokine_T_Cell_Recruitment,BS_880ESDFZ,0.411235066254189
Chemokine_T_Cell_Recruitment,BS_8BF616QR,0.529997210034073
Chemokine_T_Cell_Recruitment,BS_8J3B6ZB6,0.503885982130353
Chemokine_T_Cell_Recruitment,BS_8QJ43WKW,0.621551220739923
Chemokine_T_Cell_Recruitment,BS_8RCR7Y4B,0.453923662502324
Chemokine_T_Cell_Recruitment,BS_8VAZSJEN,0.554839771662854
Chemokine_T_Cell_Recruitment,BS_92HCM7BN,0.560111258248428
Chemokine_T_Cell_Recruitment,BS_94MT16N2,0.379307768365193
Chemokine_T_Cell_Recruitment,BS_9BJARSX3,0.571585541833251
Chemokine_T_Cell_Recruitment,BS_9F09XV62,0.272284278822492
Chemokine_T_Cell_Recruitment,BS_9HSGV9TJ,0.523052353343656
Chemokine_T_Cell_Recruitment,BS_9JBX2E8G,0.513202973695354
Chemokine_T_Cell_Recruitment,BS_9P9MB8X8,0.524485294403226
Chemokine_T_Cell_Recruitment,BS_9Q6Z6VJC,0.41898605380617
Chemokine_T_Cell_Recruitment,BS_9S7AG4EN,0.48944210372216
Chemokine_T_Cell_Recruitment,BS_9SJWWYQ4,0.396625748545726
Chemokine_T_Cell_Recruitment,BS_9YXH2CZ0,0.527226088459751
Chemokine_T_Cell_Recruitment,BS_A13BMEF5,0.426651888253424
Chemokine_T_Cell_Recruitment,BS_A1VEGWTR,0.372283189627435
Chemokine_T_Cell_Recruitment,BS_A46RDWGM,0.27686414277132
Chemokine_T_Cell_Recruitment,BS_A96FKXN5,0.472563956270629
Chemokine_T_Cell_Recruitment,BS_AGVWD5K8,0.575245317191956
Chemokine_T_Cell_Recruitment,BS_AM0BZ61K,0.520205871990045
Chemokine_T_Cell_Recruitment,BS_AP0SZ364,0.582830363618253
Chemokine_T_Cell_Recruitment,BS_ATHSTZ5R,0.556695410915268
Chemokine_T_Cell_Recruitment,BS_AW7J9F9R,0.540573309839621
Chemokine_T_Cell_Recruitment,BS_B0SVFK4P,0.596941639267715
Chemokine_T_Cell_Recruitment,BS_B3M5SGPA,0.416993623095293
Chemokine_T_Cell_Recruitment,BS_B5JM6T8K,0.514017287743129
Chemokine_T_Cell_Recruitment,BS_B6JKQFKA,0.561776853170735
Chemokine_T_Cell_Recruitment,BS_B7GEH89C,0.419969343784073
Chemokine_T_Cell_Recruitment,BS_B7X8VXQ3,0.426676871009101
Chemokine_T_Cell_Recruitment,BS_BANCTAV6,0.343397325569436
Chemokine_T_Cell_Recruitment,BS_BC936YNZ,0.60820711136902
Chemokine_T_Cell_Recruitment,BS_BGRPWBNG,0.553841757348378
Chemokine_T_Cell_Recruitment,BS_BJBM0BN7,0.506029223749815
Chemokine_T_Cell_Recruitment,BS_BKQZ550R,0.435044974785373
Chemokine_T_Cell_Recruitment,BS_BN986DF6,0.317978265638092
Chemokine_T_Cell_Recruitment,BS_BNECCX4D,0.612990549750872
Chemokine_T_Cell_Recruitment,BS_BPSTSCBJ,0.580808706874699
Chemokine_T_Cell_Recruitment,BS_BW79W2PD,0.439256429197911
Chemokine_T_Cell_Recruitment,BS_C0NEVC2B,0.650386731944479
Chemokine_T_Cell_Recruitment,BS_C51RB0YR,0.502632369806336
Chemokine_T_Cell_Recruitment,BS_C6SKJG3N,0.543431828295791
Chemokine_T_Cell_Recruitment,BS_CC6RREE4,0.650632047876827
Chemokine_T_Cell_Recruitment,BS_CGB2WS2A,0.366508565881673
Chemokine_T_Cell_Recruitment,BS_CKX8RW1J,0.580095596843001
Chemokine_T_Cell_Recruitment,BS_CMDJJQ7K,0.610824054639337
Chemokine_T_Cell_Recruitment,BS_CTR5X93B,0.524082978744813
Chemokine_T_Cell_Recruitment,BS_CVGFNCBJ,0.314963377901568
Chemokine_T_Cell_Recruitment,BS_D3YBV7KB,0.571934854306237
Chemokine_T_Cell_Recruitment,BS_DEHJF4C7,0.511103039678282
Chemokine_T_Cell_Recruitment,BS_DMJHAG9X,0.620575535034614
Chemokine_T_Cell_Recruitment,BS_DMZP9G1H,0.354959868636989
Chemokine_T_Cell_Recruitment,BS_DPF1CX0G,0.312454047275109
Chemokine_T_Cell_Recruitment,BS_DSS3S5XD,0.570092605209801
Chemokine_T_Cell_Recruitment,BS_DV86M0Y7,0.449637222043236
Chemokine_T_Cell_Recruitment,BS_E2DEWCSK,0.552583741580174
Chemokine_T_Cell_Recruitment,BS_E3EJHXQV,0.591744031663953
Chemokine_T_Cell_Recruitment,BS_E4GC9EXR,0.609291113559989
Chemokine_T_Cell_Recruitment,BS_E94QRJDW,0.542187724310775
Chemokine_T_Cell_Recruitment,BS_EBMCTR80,0.439947335078944
Chemokine_T_Cell_Recruitment,BS_EFEZB0ZH,0.662822496851478
Chemokine_T_Cell_Recruitment,BS_EHVYJAVA,0.399483583366964
Chemokine_T_Cell_Recruitment,BS_EMAJ7P3P,0.520738667294174
Chemokine_T_Cell_Recruitment,BS_ET8CJXSF,0.362419092040088
Chemokine_T_Cell_Recruitment,BS_EXGBH3TD,0.356718680520851
Chemokine_T_Cell_Recruitment,BS_EYSS0ZDS,0.468945786639824
Chemokine_T_Cell_Recruitment,BS_F1K9QTBS,0.638834293994663
Chemokine_T_Cell_Recruitment,BS_F77MGAQT,0.640381734295731
Chemokine_T_Cell_Recruitment,BS_F8N6CFQE,0.531045367418881
Chemokine_T_Cell_Recruitment,BS_FAQQ0GCQ,0.617896182937062
Chemokine_T_Cell_Recruitment,BS_FJWZ3M7V,0.493901158190596
Chemokine_T_Cell_Recruitment,BS_FJZPQZ2C,0.589947527074913
Chemokine_T_Cell_Recruitment,BS_FR42HY0Z,0.543251896759206
Chemokine_T_Cell_Recruitment,BS_FX4WKR2R,0.549522166848826
Chemokine_T_Cell_Recruitment,BS_FZ62GZGV,0.548807700989021
Chemokine_T_Cell_Recruitment,BS_G1DAGKSY,0.510590832009949
Chemokine_T_Cell_Recruitment,BS_G5QBBHDV,0.375759056417902
Chemokine_T_Cell_Recruitment,BS_G7AGNB5G,0.262844092199491
Chemokine_T_Cell_Recruitment,BS_G9XE3N9T,0.341280679600496
Chemokine_T_Cell_Recruitment,BS_GCA4GET3,0.403618771716625
Chemokine_T_Cell_Recruitment,BS_GHNJ4CYC,0.462289522808815
Chemokine_T_Cell_Recruitment,BS_GPEGRCCT,0.551576788493575
Chemokine_T_Cell_Recruitment,BS_GTZCFGRZ,0.410032491654009
Chemokine_T_Cell_Recruitment,BS_GYA4V1RD,0.334742465592546
Chemokine_T_Cell_Recruitment,BS_GYXSDZ56,0.612604269145252
Chemokine_T_Cell_Recruitment,BS_H08FEN68,0.415589285968571
Chemokine_T_Cell_Recruitment,BS_H0WF1WHE,0.483608640334822
Chemokine_T_Cell_Recruitment,BS_H3FE3TH9,0.404480817374368
Chemokine_T_Cell_Recruitment,BS_H8A9PSYA,0.405784022940633
Chemokine_T_Cell_Recruitment,BS_H9EX5WX3,0.539688497334119
Chemokine_T_Cell_Recruitment,BS_HC5M8JTC,0.646583243504932
Chemokine_T_Cell_Recruitment,BS_HM0R6SXQ,0.645628571284185
Chemokine_T_Cell_Recruitment,BS_HNMQ7488,0.590361003177592
Chemokine_T_Cell_Recruitment,BS_HQ5BJ6MW,0.53875334721012
Chemokine_T_Cell_Recruitment,BS_HQDXQ5Y4,0.551508407821528
Chemokine_T_Cell_Recruitment,BS_HSHN8PBB,0.509769456872297
Chemokine_T_Cell_Recruitment,BS_HSTNFPKW,0.62115804147503
Chemokine_T_Cell_Recruitment,BS_HV8PFRBR,0.494036055830957
Chemokine_T_Cell_Recruitment,BS_J5H5VXWY,0.765164511037652
Chemokine_T_Cell_Recruitment,BS_J9M83K8T,0.633766715385054
Chemokine_T_Cell_Recruitment,BS_JFVB9KXB,0.402807667901493
Chemokine_T_Cell_Recruitment,BS_JGKZ54SA,0.581592332734828
Chemokine_T_Cell_Recruitment,BS_JH29M4KG,0.577851003724664
Chemokine_T_Cell_Recruitment,BS_JKXA3FQC,0.375253698078514
Chemokine_T_Cell_Recruitment,BS_JMHG7GCN,0.494865218297029
Chemokine_T_Cell_Recruitment,BS_JVA2NQFF,0.4715133084681
Chemokine_T_Cell_Recruitment,BS_JWSR581E,0.456202900458044
Chemokine_T_Cell_Recruitment,BS_K57A4A9D,0.433464400716946
Chemokine_T_Cell_Recruitment,BS_K5802F84,0.203849206318833
Chemokine_T_Cell_Recruitment,BS_K7MVS0Z7,0.316934672225066
Chemokine_T_Cell_Recruitment,BS_K838XW6V,0.561825770116056
Chemokine_T_Cell_Recruitment,BS_M4NVX721,0.493230480504429
Chemokine_T_Cell_Recruitment,BS_M4TTKPNR,0.603221648648468
Chemokine_T_Cell_Recruitment,BS_M8M56Z4Y,0.540481308651024
Chemokine_T_Cell_Recruitment,BS_M8WP5T16,0.482366092952732
Chemokine_T_Cell_Recruitment,BS_MBSTWZA6,0.455852877060376
Chemokine_T_Cell_Recruitment,BS_MF9X3PKH,0.557927998271931
Chemokine_T_Cell_Recruitment,BS_MH8RAG4A,0.616571107858335
Chemokine_T_Cell_Recruitment,BS_MX92FD6D,0.52488911095891
Chemokine_T_Cell_Recruitment,BS_MY9D8XZ1,0.494521459983354
Chemokine_T_Cell_Recruitment,BS_N1E0H8YQ,0.500553494072547
Chemokine_T_Cell_Recruitment,BS_N210XMKR,0.456312692912919
Chemokine_T_Cell_Recruitment,BS_N6NE6B3W,0.215116378012133
Chemokine_T_Cell_Recruitment,BS_N87X1T8T,0.611281603958191
Chemokine_T_Cell_Recruitment,BS_NB5XWMJT,0.621197046070046
Chemokine_T_Cell_Recruitment,BS_NBZNAG7Q,0.565494286312823
Chemokine_T_Cell_Recruitment,BS_NG9X6SJA,0.547092794402404
Chemokine_T_Cell_Recruitment,BS_NKEAAFMW,0.154690348764964
Chemokine_T_Cell_Recruitment,BS_NPQJ20KX,0.400207353010385
Chemokine_T_Cell_Recruitment,BS_NQB91P48,0.493860940330201
Chemokine_T_Cell_Recruitment,BS_NRFQEQKP,0.423050980202368
Chemokine_T_Cell_Recruitment,BS_NRPG5K4K,0.534383209850499
Chemokine_T_Cell_Recruitment,BS_NS7GSHB9,0.42427141422441
Chemokine_T_Cell_Recruitment,BS_NT9NZYFD,0.312857812129765
Chemokine_T_Cell_Recruitment,BS_NY5T05AK,0.578754079929774
Chemokine_T_Cell_Recruitment,BS_P2Y2NANM,0.633467475014597
Chemokine_T_Cell_Recruitment,BS_PDVD0GCM,0.466176126076252
Chemokine_T_Cell_Recruitment,BS_PEP9NZXN,0.420639869125585
Chemokine_T_Cell_Recruitment,BS_PQ7CQFYR,0.438432847565675
Chemokine_T_Cell_Recruitment,BS_PRCG6W20,0.740010799212449
Chemokine_T_Cell_Recruitment,BS_Q2PBFNDF,0.596229900965234
Chemokine_T_Cell_Recruitment,BS_Q3TBCK4V,0.408663300861259
Chemokine_T_Cell_Recruitment,BS_Q6VH5GJ8,0.574701499746667
Chemokine_T_Cell_Recruitment,BS_Q79NP5YY,0.58493420078046
Chemokine_T_Cell_Recruitment,BS_QBMW69AM,0.541950004375147
Chemokine_T_Cell_Recruitment,BS_QH82PBMB,0.406439480741448
Chemokine_T_Cell_Recruitment,BS_QTSXW7DA,0.504283044392444
Chemokine_T_Cell_Recruitment,BS_QV51J756,0.33055698347979
Chemokine_T_Cell_Recruitment,BS_R244Z0WX,0.448941846345992
Chemokine_T_Cell_Recruitment,BS_R3AJB6VS,0.572548319426706
Chemokine_T_Cell_Recruitment,BS_R7V8BC98,0.545115576375107
Chemokine_T_Cell_Recruitment,BS_R9CKW9DY,0.669619695086428
Chemokine_T_Cell_Recruitment,BS_RAQFEB0S,0.580636346165961
Chemokine_T_Cell_Recruitment,BS_RARBBY7C,0.697036880661501
Chemokine_T_Cell_Recruitment,BS_RGSMX7QD,0.385192342559335
Chemokine_T_Cell_Recruitment,BS_RMT7ABN6,0.640451264804763
Chemokine_T_Cell_Recruitment,BS_RNANA568,0.581687599065983
Chemokine_T_Cell_Recruitment,BS_RPJ1EPHA,0.53565693757835
Chemokine_T_Cell_Recruitment,BS_RRAEQZ97,0.5009430923719
Chemokine_T_Cell_Recruitment,BS_RVSEDNJ4,0.366387591015999
Chemokine_T_Cell_Recruitment,BS_S1KK7XRH,0.470505177061822
Chemokine_T_Cell_Recruitment,BS_S458NMKH,0.510577699475592
Chemokine_T_Cell_Recruitment,BS_S50KQEXV,0.493931672115692
Chemokine_T_Cell_Recruitment,BS_SDA4RMMG,0.327316618505143
Chemokine_T_Cell_Recruitment,BS_SDZY6RZ3,0.456348796433366
Chemokine_T_Cell_Recruitment,BS_SFKZSJN1,0.395942152204065
Chemokine_T_Cell_Recruitment,BS_SH2S6SFN,0.672904147168416
Chemokine_T_Cell_Recruitment,BS_SHMC4902,0.414584074451348
Chemokine_T_Cell_Recruitment,BS_SJ0HXCD0,0.612046632041343
Chemokine_T_Cell_Recruitment,BS_SQX5E15Z,0.614715560611259
Chemokine_T_Cell_Recruitment,BS_SW8C9Y5Y,0.630414705859914
Chemokine_T_Cell_Recruitment,BS_SXRS2P6T,0.491614667744577
Chemokine_T_Cell_Recruitment,BS_T0RKFEKR,0.629975484164739
Chemokine_T_Cell_Recruitment,BS_T2QPMZCM,0.256025069808281
Chemokine_T_Cell_Recruitment,BS_T4JFN54G,0.557369906996635
Chemokine_T_Cell_Recruitment,BS_T5P5ME9M,0.56608381101611
Chemokine_T_Cell_Recruitment,BS_TDJXQBVY,0.640703334351353
Chemokine_T_Cell_Recruitment,BS_TG93XC55,0.285331523779598
Chemokine_T_Cell_Recruitment,BS_TRZZRYKF,0.445589727870337
Chemokine_T_Cell_Recruitment,BS_TV80600R,0.455775717600328
Chemokine_T_Cell_Recruitment,BS_TWFDEMBZ,0.447003975762206
Chemokine_T_Cell_Recruitment,BS_V2G1YE8R,0.612470401626952
Chemokine_T_Cell_Recruitment,BS_V33RCK1Y,0.469901526146864
Chemokine_T_Cell_Recruitment,BS_V3REENH9,0.553572858890149
Chemokine_T_Cell_Recruitment,BS_V72GX2AZ,0.515420515687238
Chemokine_T_Cell_Recruitment,BS_V7BZ049H,0.618215846854873
Chemokine_T_Cell_Recruitment,BS_V89HGTET,0.589201261442692
Chemokine_T_Cell_Recruitment,BS_VARR255N,0.530125064033094
Chemokine_T_Cell_Recruitment,BS_VMMJYN8Z,0.335227416718957
Chemokine_T_Cell_Recruitment,BS_VTYNWK05,0.681841725218525
Chemokine_T_Cell_Recruitment,BS_VZWXGYT2,0.579200975307361
Chemokine_T_Cell_Recruitment,BS_WRQHPSXQ,0.283292205088193
Chemokine_T_Cell_Recruitment,BS_WVS02TZK,0.346838575376427
Chemokine_T_Cell_Recruitment,BS_X16PENSA,0.612039316628218
Chemokine_T_Cell_Recruitment,BS_X2EDW2ZB,0.576549383930085
Chemokine_T_Cell_Recruitment,BS_X5DFR216,0.641869812984057
Chemokine_T_Cell_Recruitment,BS_X6GFVDVA,0.612031116155281
Chemokine_T_Cell_Recruitment,BS_X91K8KMG,0.700022871996082
Chemokine_T_Cell_Recruitment,BS_XGSA3GQE,0.408975606246157
Chemokine_T_Cell_Recruitment,BS_XKKB4MZV,0.328513724997526
Chemokine_T_Cell_Recruitment,BS_Y0PCBNJV,0.429513798499286
Chemokine_T_Cell_Recruitment,BS_Y274AC0H,0.5963460995846
Chemokine_T_Cell_Recruitment,BS_Y7H24JZG,0.669326635595871
Chemokine_T_Cell_Recruitment,BS_Y7W8BR6B,0.57250051963823
Chemokine_T_Cell_Recruitment,BS_YASWHXJC,0.613683350336673
Chemokine_T_Cell_Recruitment,BS_YB2RXRHT,0.448493133182285
Chemokine_T_Cell_Recruitment,BS_YCREDZTJ,0.462200377194805
Chemokine_T_Cell_Recruitment,BS_YEQVW4ND,0.480125721297913
Chemokine_T_Cell_Recruitment,BS_YMAJC22S,0.180786911127198
Chemokine_T_Cell_Recruitment,BS_YVEEXAAT,0.697528354661581
Chemokine_T_Cell_Recruitment,BS_YVMEEBKC,0.449967203433703
Chemokine_T_Cell_Recruitment,BS_YWJKHMXV,0.566929711829247
Chemokine_T_Cell_Recruitment,BS_YY5B2XDD,0.510980741773168
Chemokine_T_Cell_Recruitment,BS_YZ2Z1Q6Y,0.364766249027966
Chemokine_T_Cell_Recruitment,BS_Z0AVVB1V,0.522305238564592
Chemokine_T_Cell_Recruitment,BS_Z1A875MW,0.486449224683532
Chemokine_T_Cell_Recruitment,BS_Z6BWR941,0.388474886180271
Chemokine_T_Cell_Recruitment,BS_Z7Y2466H,0.5025538440015
Chemokine_T_Cell_Recruitment,BS_ZHHAM3AN,0.764274267186005
Chemokine_T_Cell_Recruitment,BS_ZHRGDRBW,0.49792234686379
Chemokine_T_Cell_Recruitment,BS_ZJY7Y34M,0.472173197198043
Chemokine_T_Cell_Recruitment,BS_ZN2P8BKH,0.734213343258246
Chemokine_T_Cell_Recruitment,BS_ZTWGFWTX,0.512910373372179
Chemokine_T_Cell_Recruitment,BS_ZV9Z3SY6,0.48212318614859
Chemokine_T_Cell_Recruitment,BS_ZVX2GRD6,0.460639236444578
Chemokine_T_Cell_Recruitment,BS_ZZMYDZJW,0.485606771127836
MAPK_Activity,BS_00FD2KMP,0.625713283115626
MAPK_Activity,BS_028YFYJ6,0.751441972283159
MAPK_Activity,BS_052PZFMK,0.578174982363616
MAPK_Activity,BS_056Q8577,0.710931799218873
MAPK_Activity,BS_08ST21QE,0.666456869327456
MAPK_Activity,BS_0C7VZC0A,0.803617061309115
MAPK_Activity,BS_0S8E7590,0.849558323694838
MAPK_Activity,BS_0VXZCRJS,0.826925466599504
MAPK_Activity,BS_0XEBS3PG,0.671320001101422
MAPK_Activity,BS_0ZA67BBC,0.669933921210113
MAPK_Activity,BS_12G04QJM,0.871382359710914
MAPK_Activity,BS_17ZSMXFH,0.828621313911869
MAPK_Activity,BS_1A6MQ9ZA,0.868274599457914
MAPK_Activity,BS_1D93Z575,0.809891826450147
MAPK_Activity,BS_1EN5V3XW,0.649005049329204
MAPK_Activity,BS_223BM91B,0.780674638565419
MAPK_Activity,BS_25HNKZ79,0.865401634715307
MAPK_Activity,BS_2853394H,0.54977839132841
MAPK_Activity,BS_297H8BT4,0.874676607222222
MAPK_Activity,BS_29X4ZX6Q,0.825241554516874
MAPK_Activity,BS_2A5R9MEJ,0.682674198139162
MAPK_Activity,BS_2ARXK0TD,0.802160146673415
MAPK_Activity,BS_2AV1H5TV,0.778347845222479
MAPK_Activity,BS_2DMBCHNF,0.876956884857508
MAPK_Activity,BS_2EN3X6HB,0.844495353527145
MAPK_Activity,BS_2FEZWH1F,0.782507410932772
MAPK_Activity,BS_2HNXVFAS,0.79229903761908
MAPK_Activity,BS_2JH1QMT1,0.739512259550587
MAPK_Activity,BS_2JP7RBMB,0.678114272168075
MAPK_Activity,BS_2K01T8K6,0.824589915269372
MAPK_Activity,BS_2PDS3MSS,0.681524390954899
MAPK_Activity,BS_2T5PJAW8,0.694882865498259
MAPK_Activity,BS_2WANPFBJ,0.74599780882028
MAPK_Activity,BS_30F3Z9FS,0.75089860043954
MAPK_Activity,BS_30VC3R2Q,0.847164280438907
MAPK_Activity,BS_30YWQ3FY,0.748424763035413
MAPK_Activity,BS_31MBRWC4,0.858182491865716
MAPK_Activity,BS_333KCNDP,0.807123297875876
MAPK_Activity,BS_399RPKC9,0.733932057644338
MAPK_Activity,BS_3AC3SRWH,0.608277975725545
MAPK_Activity,BS_3MS8WVNR,0.64394708425999
MAPK_Activity,BS_3ZPJAK9A,0.691363457197148
MAPK_Activity,BS_45J79YTF,0.753559482766422
MAPK_Activity,BS_49BQS7Z6,0.676875078000028
MAPK_Activity,BS_49CJNZ06,0.814460394009651
MAPK_Activity,BS_4B0BAVTX,0.867471715930126
MAPK_Activity,BS_4BM3F6XJ,0.741410113167722
MAPK_Activity,BS_4C6B11E4,0.832759626579771
MAPK_Activity,BS_4GNN7J8E,0.825892480812748
MAPK_Activity,BS_4KNBXM3C,0.734280382217517
MAPK_Activity,BS_4Q3KRCZT,0.875819760235658
MAPK_Activity,BS_4QW2S1Q8,0.866714637652999
MAPK_Activity,BS_4T0HQ9QF,0.763947983084123
MAPK_Activity,BS_4V42BXBT,0.732040606139625
MAPK_Activity,BS_51RA1PGE,0.866060537962915
MAPK_Activity,BS_52C576HH,0.880765021233325
MAPK_Activity,BS_5965SFPZ,0.577624893301793
MAPK_Activity,BS_5EFYPZT0,0.747960425456534
MAPK_Activity,BS_5G5BD2MD,0.821840085229023
MAPK_Activity,BS_5K95FX4C,0.823123037562353
MAPK_Activity,BS_5KBXD2GQ,0.670985930000387
MAPK_Activity,BS_5PXZ8F7W,0.575997440126411
MAPK_Activity,BS_5VPM0F36,0.871732056274242
MAPK_Activity,BS_62SW4CC5,0.756334294830504
MAPK_Activity,BS_65WPD3DA,0.692795578691252
MAPK_Activity,BS_68KX6A42,0.766939704887876
MAPK_Activity,BS_6DCSD5Y6,0.733773386396854
MAPK_Activity,BS_6H4Q24WA,0.759547941197559
MAPK_Activity,BS_6M2053M0,0.739431900816705
MAPK_Activity,BS_6SY64H5J,0.825273317470391
MAPK_Activity,BS_6VRG1XFB,0.842335449617711
MAPK_Activity,BS_6WP1FHTE,0.794145224271972
MAPK_Activity,BS_7327SDAQ,0.845797634730348
MAPK_Activity,BS_75YRDXET,0.710267029723166
MAPK_Activity,BS_77SBTNPN,0.845696744418768
MAPK_Activity,BS_7AEF4D4G,0.751605269210654
MAPK_Activity,BS_7APCGCVF,0.736892594478046
MAPK_Activity,BS_7GJT4A6A,0.647814782725414
MAPK_Activity,BS_7GKWKGPH,0.73659481944468
MAPK_Activity,BS_7PVJ6Q3D,0.575509681770734
MAPK_Activity,BS_7WKNNRHK,0.785515401875435
MAPK_Activity,BS_84VZX732,0.666636647612034
MAPK_Activity,BS_84XCR9GG,0.869771522983454
MAPK_Activity,BS_8E8JKP01,0.630306293783259
MAPK_Activity,BS_8ERBDF7D,0.522390641589631
MAPK_Activity,BS_8JK9TXH2,0.707859915700717
MAPK_Activity,BS_8VD670NP,0.79221589696801
MAPK_Activity,BS_8YWYN7VH,0.655287685818497
MAPK_Activity,BS_8ZE4Z9G5,0.768538483904005
MAPK_Activity,BS_8ZY4GST0,0.660934774488919
MAPK_Activity,BS_91VYM11A,0.691184746563515
MAPK_Activity,BS_956G6QPJ,0.812962500277527
MAPK_Activity,BS_97M1E2DW,0.72862021690314
MAPK_Activity,BS_9A1YTHFF,0.712320256591233
MAPK_Activity,BS_9B0A62MT,0.724223120758537
MAPK_Activity,BS_9CA93S6D,0.606781959591599
MAPK_Activity,BS_9FHEFJNP,0.56736293522207
MAPK_Activity,BS_9FX3YREK,0.612689695909045
MAPK_Activity,BS_9GJ3DB1H,0.769973073145356
MAPK_Activity,BS_9JPQZQNG,0.647965851052033
MAPK_Activity,BS_9TXEDSWB,0.709631266971631
MAPK_Activity,BS_9XVACXP0,0.877713859589874
MAPK_Activity,BS_9Y1K14Q5,0.647302628677429
MAPK_Activity,BS_9ZJT0CP0,0.8028054068999
MAPK_Activity,BS_A4PF49V0,0.860737636944189
MAPK_Activity,BS_A6NXR7RC,0.75686048341167
MAPK_Activity,BS_A7Q8G0Y1,0.711398420482403
MAPK_Activity,BS_A8XW5S0W,0.828231064611319
MAPK_Activity,BS_AWH9757B,0.738819501121936
MAPK_Activity,BS_AYSXRQWY,0.786705275268788
MAPK_Activity,BS_AZQM1JJH,0.821978086860451
MAPK_Activity,BS_B1C6GZ84,0.75417470215057
MAPK_Activity,BS_B3MQFFYP,0.79572353835528
MAPK_Activity,BS_B4R7X1KE,0.626408023693407
MAPK_Activity,BS_B57327NA,0.751925766404534
MAPK_Activity,BS_BBAEMXRD,0.651066914849028
MAPK_Activity,BS_BBQ6BHGN,0.617071102343818
MAPK_Activity,BS_BK0HGRXM,0.735987430243284
MAPK_Activity,BS_BMMY0H73,0.791014532126598
MAPK_Activity,BS_C6ZZ3FY5,0.742036708477155
MAPK_Activity,BS_C83TK159,0.730295108419012
MAPK_Activity,BS_CBDQZ8PP,0.629076706588894
MAPK_Activity,BS_CF63VG3S,0.76712624694533
MAPK_Activity,BS_CFD3WHAY,0.74439051177398
MAPK_Activity,BS_CG1RG607,0.779944754403395
MAPK_Activity,BS_CVEDJGHZ,0.785718838293185
MAPK_Activity,BS_CXAQDK7S,0.780372810761121
MAPK_Activity,BS_CZPQ493E,0.73411654711638
MAPK_Activity,BS_D29RPBSZ,0.817234242194458
MAPK_Activity,BS_D4VNDNQA,0.606575121604633
MAPK_Activity,BS_D6J2BGDJ,0.742091867412859
MAPK_Activity,BS_DFGS950G,0.762610280204078
MAPK_Activity,BS_DNZVP92S,0.87035337190728
MAPK_Activity,BS_DR079H0D,0.751872940198905
MAPK_Activity,BS_DS438CXE,0.826838512109538
MAPK_Activity,BS_DSPVSM7D,0.732607652513974
MAPK_Activity,BS_DZNXFPH1,0.854785384929648
MAPK_Activity,BS_E7NVYA6G,0.747438520979304
MAPK_Activity,BS_E9CYN4NP,0.679789268808794
MAPK_Activity,BS_EB0XRBT9,0.862805561716611
MAPK_Activity,BS_EDJ5TV0P,0.690096414880876
MAPK_Activity,BS_EMQM7HTA,0.829465013288157
MAPK_Activity,BS_ENEYB4TG,0.725589144104828
MAPK_Activity,BS_EXPJQZTH,0.69811300442553
MAPK_Activity,BS_EZ3147MX,0.662776049685257
MAPK_Activity,BS_F0JB4EAK,0.697359304707334
MAPK_Activity,BS_F21R36MM,0.757501285548105
MAPK_Activity,BS_F65GWS21,0.816389191221936
MAPK_Activity,BS_F6V1Y4QS,0.878088712229335
MAPK_Activity,BS_F9Y4Z92G,0.683996064210198
MAPK_Activity,BS_FCDAH728,0.728097819412741
MAPK_Activity,BS_FEV5A0HN,0.595835891347528
MAPK_Activity,BS_FGJH1X0S,0.82324528403446
MAPK_Activity,BS_FKASA3MN,0.654648966572278
MAPK_Activity,BS_FN07P04C,0.844861848925865
MAPK_Activity,BS_FX2P2WEG,0.796001773709971
MAPK_Activity,BS_FXJY0MNH,0.667341132690385
MAPK_Activity,BS_FYP2B298,0.653013113508425
MAPK_Activity,BS_G19QZG4S,0.639559458535516
MAPK_Activity,BS_G1E5DATJ,0.796247542223648
MAPK_Activity,BS_G257VSS9,0.644274393209017
MAPK_Activity,BS_G3NN392N,0.647764234115133
MAPK_Activity,BS_G3RJTBZD,0.740796349507836
MAPK_Activity,BS_G5NHSFD4,0.687801739458449
MAPK_Activity,BS_G8TXTX0H,0.816109616683524
MAPK_Activity,BS_GG9W3J9Y,0.813548017466721
MAPK_Activity,BS_GW0GKWMS,0.805599024190555
MAPK_Activity,BS_GWHYM3R4,0.778539681275073
MAPK_Activity,BS_GWSJ4Z9H,0.776484750827691
MAPK_Activity,BS_H5VQJR7X,0.652204229808461
MAPK_Activity,BS_H97S5SQN,0.69712319925613
MAPK_Activity,BS_H9JYKFTV,0.897581520540441
MAPK_Activity,BS_HDHXX8Q7,0.72978583792952
MAPK_Activity,BS_HDPCQETG,0.76211990309428
MAPK_Activity,BS_HJRTC9JQ,0.770342107982763
MAPK_Activity,BS_HJV0J603,0.765435946913015
MAPK_Activity,BS_HRJ9145M,0.783888233368465
MAPK_Activity,BS_HWGWYCY7,0.672916489243011
MAPK_Activity,BS_HZ9AYDCQ,0.755152524144805
MAPK_Activity,BS_J4JY2F3H,0.674109704721433
MAPK_Activity,BS_J6212Y48,0.670163037526675
MAPK_Activity,BS_J6W1RB7A,0.865651208494711
MAPK_Activity,BS_J9CBGP57,0.7044789168158
MAPK_Activity,BS_JB43XBCQ,0.758342538928442
MAPK_Activity,BS_JDSNFYQ0,0.648723300531464
MAPK_Activity,BS_JJVH7WR0,0.742174403377516
MAPK_Activity,BS_JMD386Z2,0.764762888123386
MAPK_Activity,BS_JP95KMRD,0.752254545273757
MAPK_Activity,BS_JQGJQ2QZ,0.801483705398071
MAPK_Activity,BS_JQVAWTTM,0.676831305480113
MAPK_Activity,BS_JQXHHK0K,0.566794929635869
MAPK_Activity,BS_JRYJGYC4,0.83677139080522
MAPK_Activity,BS_JS95PE0J,0.840531950815251
MAPK_Activity,BS_JTWNJ8T7,0.563157629753406
MAPK_Activity,BS_JVW2JJ39,0.808471202077118
MAPK_Activity,BS_K0X3PZGN,0.763315643808703
MAPK_Activity,BS_K17VQECG,0.797297119704159
MAPK_Activity,BS_K2PCC777,0.761823562478481
MAPK_Activity,BS_K74N1BXQ,0.673691728568429
MAPK_Activity,BS_K81PZXP2,0.793019890633187
MAPK_Activity,BS_K88T8SW7,0.806774580707276
MAPK_Activity,BS_KABQQA0T,0.597456724687838
MAPK_Activity,BS_KBEX4RT2,0.834726411090041
MAPK_Activity,BS_KFD5128N,0.800945131491386
MAPK_Activity,BS_KKDTW11T,0.615421849955972
MAPK_Activity,BS_KP735TJ6,0.894130580336844
MAPK_Activity,BS_KQ6ZW085,0.784879507168353
MAPK_Activity,BS_KRS4EV4X,0.712788326248257
MAPK_Activity,BS_KS8HMGA6,0.791959022301392
MAPK_Activity,BS_KVPWHDR4,0.796746333761461
MAPK_Activity,BS_M0FA190Y,0.730966776063003
MAPK_Activity,BS_M0XGZ53Z,0.677633035424881
MAPK_Activity,BS_M1PVEHCM,0.660556461879571
MAPK_Activity,BS_M54TWTH4,0.671068079940438
MAPK_Activity,BS_M7XB258E,0.774982796634508
MAPK_Activity,BS_M85CXHDV,0.772271338717998
MAPK_Activity,BS_MB7WN0ZB,0.819672626901661
MAPK_Activity,BS_MD0937XT,0.732554253258476
MAPK_Activity,BS_MDBT7S5Z,0.671220896005621
MAPK_Activity,BS_ME6VQGG4,0.655018851608926
MAPK_Activity,BS_MFGZH8FK,0.722863786178586
MAPK_Activity,BS_MG78HQDM,0.633794672502585
MAPK_Activity,BS_MWWZBQ60,0.759917514489708
MAPK_Activity,BS_N6TQBQ8M,0.770228782880973
MAPK_Activity,BS_N7SW36FD,0.60661996649403
MAPK_Activity,BS_N7VQ1GQB,0.766697264833293
MAPK_Activity,BS_NB9XXBW6,0.676471205605213
MAPK_Activity,BS_NEFAASTR,0.799641849163649
MAPK_Activity,BS_NEVYM2FP,0.70893652053409
MAPK_Activity,BS_NFKKDYSV,0.809717546928836
MAPK_Activity,BS_NGSG2KB6,0.747590464310468
MAPK_Activity,BS_NNYXMSTX,0.715637228848383
MAPK_Activity,BS_NPA6CZQF,0.726720961398576
MAPK_Activity,BS_NQ54ST98,0.688544274688318
MAPK_Activity,BS_NR3P3GN2,0.807821138326011
MAPK_Activity,BS_NX1R0BC3,0.849893203198027
MAPK_Activity,BS_P0QF87WC,0.899340256430571
MAPK_Activity,BS_P4PMWFMV,0.766712389621266
MAPK_Activity,BS_P7W3AYKV,0.687057297519147
MAPK_Activity,BS_PENM28KT,0.790998811096591
MAPK_Activity,BS_PJC6FH4Y,0.823688266111092
MAPK_Activity,BS_PS0P3QJ3,0.852391482234335
MAPK_Activity,BS_PXCPK5XS,0.819069071060819
MAPK_Activity,BS_PZVHMSYN,0.762216145711167
MAPK_Activity,BS_Q06J3RYW,0.746399280114809
MAPK_Activity,BS_Q35GFYDR,0.797805538629524
MAPK_Activity,BS_Q9N5PRD5,0.704995509407788
MAPK_Activity,BS_QB84TBA3,0.623370473952884
MAPK_Activity,BS_QGKEP3KB,0.645579977855628
MAPK_Activity,BS_QH0VYVJK,0.838936517844706
MAPK_Activity,BS_QHY302E8,0.850881287864196
MAPK_Activity,BS_QMBS32Y2,0.87043989474558
MAPK_Activity,BS_QNNX91SM,0.715269152338875
MAPK_Activity,BS_QY2G1JZJ,0.698799481009298
MAPK_Activity,BS_QYA4TQXX,0.639534262304512
MAPK_Activity,BS_R5JQE0VJ,0.730998439550734
MAPK_Activity,BS_R5SNFB5B,0.844406841207439
MAPK_Activity,BS_R9B92M75,0.740100863744616
MAPK_Activity,BS_RHAWQJ48,0.806899075475221
MAPK_Activity,BS_RHM60031,0.783119422268405
MAPK_Activity,BS_RJC3WDD6,0.625024264912867
MAPK_Activity,BS_RN0VAY51,0.746496058725351
MAPK_Activity,BS_RX1YTZ7F,0.795480199385818
MAPK_Activity,BS_RZBFH1QF,0.795108565812106
MAPK_Activity,BS_S2TA8R29,0.809502299824159
MAPK_Activity,BS_S3C2PZAH,0.703507350700219
MAPK_Activity,BS_S3MET0JZ,0.578458751066438
MAPK_Activity,BS_S4V9E1XJ,0.869196072951096
MAPK_Activity,BS_S5P8VTN5,0.837866768440099
MAPK_Activity,BS_S6B9DVNS,0.667036987775521
MAPK_Activity,BS_S6S7SK3P,0.68014673355276
MAPK_Activity,BS_S8K878T3,0.808086988882367
MAPK_Activity,BS_SBMAM00V,0.798600770984308
MAPK_Activity,BS_SBMCD7XZ,0.755093409828373
MAPK_Activity,BS_SD0EMK7Y,0.7445605924261
MAPK_Activity,BS_SD8YBRBR,0.849187757635147
MAPK_Activity,BS_SERDGASJ,0.722622291158769
MAPK_Activity,BS_SJVTZ5TH,0.651306599132739
MAPK_Activity,BS_SMWQR2F1,0.663043930915713
MAPK_Activity,BS_SNVM7CZT,0.792055295814192
MAPK_Activity,BS_SR2RGDXJ,0.670800694468853
MAPK_Activity,BS_SW9Z10F9,0.729746950182948
MAPK_Activity,BS_SY3J3XR9,0.595990043786281
MAPK_Activity,BS_T1YHK6B7,0.767220316819886
MAPK_Activity,BS_T2F48Z4E,0.720314912273783
MAPK_Activity,BS_T9A8JJW5,0.718442333052744
MAPK_Activity,BS_TASG32Z2,0.671288881092023
MAPK_Activity,BS_TGS109T3,0.818708858896399
MAPK_Activity,BS_TM9MH0RP,0.722860019003907
MAPK_Activity,BS_TR2P8KRF,0.789041683931698
MAPK_Activity,BS_TRKH2SPE,0.699520075540565
MAPK_Activity,BS_TRPXB3AV,0.790074137691534
MAPK_Activity,BS_TTDNZTZ0,0.832296358605685
MAPK_Activity,BS_TTE04ZP8,0.746116765161351
MAPK_Activity,BS_TV5B86ZD,0.564943812027475
MAPK_Activity,BS_TVH33J9Q,0.836802316756041
MAPK_Activity,BS_TXZ7KHTQ,0.744257137882802
MAPK_Activity,BS_V0DQFC75,0.778110558367497
MAPK_Activity,BS_V3Z3DB4N,0.736328555557964
MAPK_Activity,BS_V558NW3Q,0.830698971672939
MAPK_Activity,BS_V6RSB5HQ,0.699513551078205
MAPK_Activity,BS_V8QWBVS3,0.754577633372502
MAPK_Activity,BS_VBMRQK4F,0.848634815504527
MAPK_Activity,BS_VDFXXMEX,0.644204281053573
MAPK_Activity,BS_VF3NVT4G,0.835634903110118
MAPK_Activity,BS_VKH87DD2,0.764928041989453
MAPK_Activity,BS_VKHJG2B8,0.847215365391118
MAPK_Activity,BS_VKYEM67A,0.839815491374784
MAPK_Activity,BS_VMQMGSJY,0.885158135511258
MAPK_Activity,BS_VVTHDRBD,0.811590173223059
MAPK_Activity,BS_W1385R8Y,0.654729439594208
MAPK_Activity,BS_W4DB5RP1,0.703312089950635
MAPK_Activity,BS_W7MFJZ5A,0.89935587486696
MAPK_Activity,BS_WBVSK3MP,0.582048964113409
MAPK_Activity,BS_WEKK6SHP,0.663675496199661
MAPK_Activity,BS_WHBEXD5H,0.856063027987129
MAPK_Activity,BS_WQ1YRTAT,0.560087393843201
MAPK_Activity,BS_WTJEDTZC,0.682632893005683
MAPK_Activity,BS_WVRX4C9Z,0.755626957163262
MAPK_Activity,BS_X0XXN9BK,0.767325656877429
MAPK_Activity,BS_X1G0TKP4,0.659893088534629
MAPK_Activity,BS_X20JCR4H,0.835511997513192
MAPK_Activity,BS_X23724NJ,0.901016286154931
MAPK_Activity,BS_X3HR4Z21,0.648460488088085
MAPK_Activity,BS_X4DD4KSZ,0.753469130658646
MAPK_Activity,BS_X4X1SFSE,0.711984268901923
MAPK_Activity,BS_XG0DBWVT,0.7785195714668
MAPK_Activity,BS_XGDPK33A,0.707419964008957
MAPK_Activity,BS_XM1AHBDJ,0.607491214299964
MAPK_Activity,BS_XQ5SFW35,0.789188036070221
MAPK_Activity,BS_XQXXBWPD,0.814107103780301
MAPK_Activity,BS_XYVCMF4A,0.711424966661635
MAPK_Activity,BS_XZM79E42,0.849353877039703
MAPK_Activity,BS_YA0KMBRT,0.845406785355887
MAPK_Activity,BS_YDEVMD24,0.674364682287346
MAPK_Activity,BS_YMKQT5V0,0.743864674043147
MAPK_Activity,BS_YR12D1ZY,0.748855147063902
MAPK_Activity,BS_YSZRQ95C,0.872927775047372
MAPK_Activity,BS_YTWEM5SG,0.791462112907047
MAPK_Activity,BS_YZ2QFDAN,0.712346649150185
MAPK_Activity,BS_Z0ZPD9S9,0.714856160242182
MAPK_Activity,BS_Z3RCA1T9,0.717824000171722
MAPK_Activity,BS_Z8F3GM85,0.819295670854955
MAPK_Activity,BS_ZD5HN296,0.822260304276847
MAPK_Activity,BS_ZF6BSFNF,0.669386806624543
MAPK_Activity,BS_ZM97KKXE,0.718498668178607
MAPK_Activity,BS_ZV1P6W9C,0.641209540975385
MAPK_Activity,BS_ZVM8CAB0,0.887244415688169
MAPK_Activity,BS_ZZWMD6FA,0.853585033520348
MAPK_Activity,BS_06AMMCXR,0.870044275221919
MAPK_Activity,BS_08TWG4K0,0.830559741790498
MAPK_Activity,BS_1DECYC4K,0.787129833849244
MAPK_Activity,BS_2A5R9D97,0.887799083595856
MAPK_Activity,BS_3VJ0CA6A,0.835778229666697
MAPK_Activity,BS_3XYJBBHQ,0.885485816793914
MAPK_Activity,BS_4C4MZ4NT,0.88064938601749
MAPK_Activity,BS_4PPHAQXF,0.852088131892241
MAPK_Activity,BS_4SMPV083,0.871852665046097
MAPK_Activity,BS_A76PNWQS,0.823605021829679
MAPK_Activity,BS_BZCTXEPJ,0.77074497035175
MAPK_Activity,BS_CB6VK7PB,0.844036606823996
MAPK_Activity,BS_ED8G98XT,0.860030330788713
MAPK_Activity,BS_FCX6DZ0J,0.850658522429741
MAPK_Activity,BS_FYRDYBMZ,0.872715291465087
MAPK_Activity,BS_H1XPVS9A,0.832366879875837
MAPK_Activity,BS_QRNSKFMS,0.886360447927953
MAPK_Activity,BS_R13X6TMW,0.818892513548211
MAPK_Activity,BS_RJMJ935A,0.861094205415901
MAPK_Activity,BS_RWJZFTP9,0.778855411513946
MAPK_Activity,BS_S20SP0WW,0.840921208158929
MAPK_Activity,BS_SB12W1XT,0.895971141400491
MAPK_Activity,BS_T0MXH2CA,0.856606022729086
MAPK_Activity,BS_T1W4JA94,0.807263901395666
MAPK_Activity,BS_T289QKBV,0.844184537200141
MAPK_Activity,BS_T3H5AY8A,0.898428231407182
MAPK_Activity,BS_TVV122JG,0.762033765431732
MAPK_Activity,BS_VW85Q4XJ,0.878469436020247
MAPK_Activity,BS_W97QQYKQ,0.889560488400707
MAPK_Activity,BS_WYMX429C,0.792039982159856
MAPK_Activity,BS_YR1XY6SF,0.801821798043528
MAPK_Activity,BS_014EVM2D,0.81286915052175
MAPK_Activity,BS_044XZ8ST,0.850431878602842
MAPK_Activity,BS_063ERW0R,0.755382181187017
MAPK_Activity,BS_0D5VRAKC,0.805440615965598
MAPK_Activity,BS_0J9SHHSC,0.801936329850808
MAPK_Activity,BS_0SCXXM6N,0.810613475521427
MAPK_Activity,BS_0TDWG2CV,0.805720969028434
MAPK_Activity,BS_0WVJYM9R,0.701140649753833
MAPK_Activity,BS_0X9EGHY2,0.666665005348316
MAPK_Activity,BS_0Y5J2AQ4,0.797311079387383
MAPK_Activity,BS_13CGKADW,0.728872274219683
MAPK_Activity,BS_166N7SZQ,0.758721028413844
MAPK_Activity,BS_17WYVEEC,0.764094044604242
MAPK_Activity,BS_1G3WYEN3,0.790840826604102
MAPK_Activity,BS_1HYS8CSC,0.822654581721649
MAPK_Activity,BS_1JDG6JV5,0.857441772785059
MAPK_Activity,BS_1KYGSMA7,0.798525905233908
MAPK_Activity,BS_1N76FQZY,0.772576039793677
MAPK_Activity,BS_1NPD7PVG,0.890447185573358
MAPK_Activity,BS_1Z9AX9JS,0.726935594314346
MAPK_Activity,BS_1ZVXF5FE,0.744242014488724
MAPK_Activity,BS_21RE8W46,0.742095174059769
MAPK_Activity,BS_24AHZ9ZW,0.833144278854447
MAPK_Activity,BS_2720P44V,0.807767361129182
MAPK_Activity,BS_27FYYPJG,0.744691954113501
MAPK_Activity,BS_29TRQXWM,0.792637635355241
MAPK_Activity,BS_2ADZNNV4,0.754212971854805
MAPK_Activity,BS_2EMW8ZG3,0.828151913117416
MAPK_Activity,BS_2K3FVT86,0.821116456359364
MAPK_Activity,BS_2KJ2YAZR,0.843110200571043
MAPK_Activity,BS_2QCQYY6M,0.848955551892376
MAPK_Activity,BS_2WPQ8YCW,0.794252046447551
MAPK_Activity,BS_2XM08BFY,0.798171116929145
MAPK_Activity,BS_2YCJV2VV,0.894830348156659
MAPK_Activity,BS_304SPN6B,0.754631605548245
MAPK_Activity,BS_33AQSPRP,0.829037278241142
MAPK_Activity,BS_3G3KWY18,0.836377537800801
MAPK_Activity,BS_3GAN6Q43,0.790810326104674
MAPK_Activity,BS_3P20Q2C3,0.772860706249433
MAPK_Activity,BS_3PYESPHA,0.688971500732627
MAPK_Activity,BS_3Q0GTSYH,0.799091023190606
MAPK_Activity,BS_3TJHY996,0.813247000410303
MAPK_Activity,BS_3XY76V8T,0.740356137677665
MAPK_Activity,BS_3Y2X2RBJ,0.811497885594617
MAPK_Activity,BS_401R3KV0,0.846851743143299
MAPK_Activity,BS_42DY6WS7,0.81611622170743
MAPK_Activity,BS_42Y3YANN,0.868512131751134
MAPK_Activity,BS_470DYRJQ,0.788007273939215
MAPK_Activity,BS_47SJZ3PH,0.829603845290391
MAPK_Activity,BS_49852ZBH,0.822315977598032
MAPK_Activity,BS_4A45GGSW,0.813088649928849
MAPK_Activity,BS_4BWB0FA0,0.826635580426627
MAPK_Activity,BS_4CXE5XEP,0.804000684597001
MAPK_Activity,BS_4HQ3T2NC,0.794951250634104
MAPK_Activity,BS_4N1GNHX4,0.730029576270666
MAPK_Activity,BS_4NF35AF6,0.857062383120277
MAPK_Activity,BS_4TZQY7TT,0.813614240917673
MAPK_Activity,BS_4Y6BCYK5,0.813355561285561
MAPK_Activity,BS_4Z2F4P9N,0.894188698517566
MAPK_Activity,BS_503DZ8BN,0.795146557075629
MAPK_Activity,BS_52426AMF,0.818858631274759
MAPK_Activity,BS_52DAPP1Y,0.802038538085092
MAPK_Activity,BS_534XRSNB,0.782111283652194
MAPK_Activity,BS_53GQKVEX,0.851853771741309
MAPK_Activity,BS_54H90JW2,0.815145205720214
MAPK_Activity,BS_55P8HPYD,0.790383792466239
MAPK_Activity,BS_55X1W2MR,0.878307515511276
MAPK_Activity,BS_57NMZPS0,0.834224187233389
MAPK_Activity,BS_593HEWBF,0.835010297791735
MAPK_Activity,BS_5J5D3QTD,0.796524336080804
MAPK_Activity,BS_5K3R0F5D,0.822257309244575
MAPK_Activity,BS_5NWDARXG,0.780214281053044
MAPK_Activity,BS_5PEFNDCY,0.708463203077863
MAPK_Activity,BS_5PV5N4HQ,0.798989054231445
MAPK_Activity,BS_5YJEPPTP,0.820711889728591
MAPK_Activity,BS_5YYCP891,0.82943168249951
MAPK_Activity,BS_66ABA973,0.776768799471075
MAPK_Activity,BS_66HQ3E4Z,0.783486012659306
MAPK_Activity,BS_680K119G,0.803021965764732
MAPK_Activity,BS_68BW2163,0.821152829518132
MAPK_Activity,BS_699TN5RN,0.875296266102085
MAPK_Activity,BS_6HXD39AM,0.853916988132086
MAPK_Activity,BS_6N3AFF66,0.805455696872857
MAPK_Activity,BS_6TSAVMT9,0.778420746970676
MAPK_Activity,BS_6VF6VPCG,0.849665732596879
MAPK_Activity,BS_769BDPDB,0.835634527788828
MAPK_Activity,BS_76DRXZRJ,0.805799265511404
MAPK_Activity,BS_775HDFNY,0.851609552192461
MAPK_Activity,BS_7H4RFCW9,0.82509264225756
MAPK_Activity,BS_7M3FNSYK,0.760232097506587
MAPK_Activity,BS_7MGXMG6S,0.728475320918896
MAPK_Activity,BS_7N0B2CY1,0.64314857929447
MAPK_Activity,BS_7P83Z28P,0.83175089147326
MAPK_Activity,BS_7Z93ZYMS,0.762790620226328
MAPK_Activity,BS_880ESDFZ,0.682834219699351
MAPK_Activity,BS_8BF616QR,0.836188396085396
MAPK_Activity,BS_8J3B6ZB6,0.809348922878194
MAPK_Activity,BS_8QJ43WKW,0.844198231030923
MAPK_Activity,BS_8RCR7Y4B,0.811624153674744
MAPK_Activity,BS_8VAZSJEN,0.85513292518152
MAPK_Activity,BS_92HCM7BN,0.814079667669649
MAPK_Activity,BS_94MT16N2,0.751210911425924
MAPK_Activity,BS_9BJARSX3,0.866771657361886
MAPK_Activity,BS_9F09XV62,0.720353403981603
MAPK_Activity,BS_9HSGV9TJ,0.816344131923633
MAPK_Activity,BS_9JBX2E8G,0.741904032257896
MAPK_Activity,BS_9P9MB8X8,0.874939538224762
MAPK_Activity,BS_9Q6Z6VJC,0.781174620273876
MAPK_Activity,BS_9S7AG4EN,0.745456739409794
MAPK_Activity,BS_9SJWWYQ4,0.792696022886633
MAPK_Activity,BS_9YXH2CZ0,0.776898817282017
MAPK_Activity,BS_A13BMEF5,0.787483376861899
MAPK_Activity,BS_A1VEGWTR,0.800887309589525
MAPK_Activity,BS_A46RDWGM,0.814192800174914
MAPK_Activity,BS_A96FKXN5,0.806667752071
MAPK_Activity,BS_AGVWD5K8,0.833845849447394
MAPK_Activity,BS_AM0BZ61K,0.802831401542172
MAPK_Activity,BS_AP0SZ364,0.808220292310639
MAPK_Activity,BS_ATHSTZ5R,0.80900856774444
MAPK_Activity,BS_AW7J9F9R,0.820668051410784
MAPK_Activity,BS_B0SVFK4P,0.858713715718916
MAPK_Activity,BS_B3M5SGPA,0.893909214940113
MAPK_Activity,BS_B5JM6T8K,0.820890226445868
MAPK_Activity,BS_B6JKQFKA,0.8085936089593
MAPK_Activity,BS_B7GEH89C,0.818428188558367
MAPK_Activity,BS_B7X8VXQ3,0.788400399235986
MAPK_Activity,BS_BANCTAV6,0.630839133972
MAPK_Activity,BS_BC936YNZ,0.777099764226124
MAPK_Activity,BS_BGRPWBNG,0.815681708660041
MAPK_Activity,BS_BJBM0BN7,0.732098879826719
MAPK_Activity,BS_BKQZ550R,0.834598303576227
MAPK_Activity,BS_BN986DF6,0.810898620402148
MAPK_Activity,BS_BNECCX4D,0.816265154926855
MAPK_Activity,BS_BPSTSCBJ,0.798662337168338
MAPK_Activity,BS_BW79W2PD,0.707622122255597
MAPK_Activity,BS_C0NEVC2B,0.87635016641572
MAPK_Activity,BS_C51RB0YR,0.853466028590224
MAPK_Activity,BS_C6SKJG3N,0.798172711344565
MAPK_Activity,BS_CC6RREE4,0.841394180203628
MAPK_Activity,BS_CGB2WS2A,0.745443727713838
MAPK_Activity,BS_CKX8RW1J,0.785121460993405
MAPK_Activity,BS_CMDJJQ7K,0.802634558665472
MAPK_Activity,BS_CTR5X93B,0.77422493182344
MAPK_Activity,BS_CVGFNCBJ,0.750552791168048
MAPK_Activity,BS_D3YBV7KB,0.854848018316945
MAPK_Activity,BS_DEHJF4C7,0.868563361506758
MAPK_Activity,BS_DMJHAG9X,0.818758518870436
MAPK_Activity,BS_DMZP9G1H,0.758661481212504
MAPK_Activity,BS_DPF1CX0G,0.800491958972196
MAPK_Activity,BS_DSS3S5XD,0.814052750333542
MAPK_Activity,BS_DV86M0Y7,0.781617180498094
MAPK_Activity,BS_E2DEWCSK,0.790203410897791
MAPK_Activity,BS_E3EJHXQV,0.86286208864192
MAPK_Activity,BS_E4GC9EXR,0.79958590098636
MAPK_Activity,BS_E94QRJDW,0.865917873524524
MAPK_Activity,BS_EBMCTR80,0.844172443338241
MAPK_Activity,BS_EFEZB0ZH,0.845129184091553
MAPK_Activity,BS_EHVYJAVA,0.740338853843689
MAPK_Activity,BS_EMAJ7P3P,0.833003123089108
MAPK_Activity,BS_ET8CJXSF,0.744536709763561
MAPK_Activity,BS_EXGBH3TD,0.790782176025884
MAPK_Activity,BS_EYSS0ZDS,0.852538612863007
MAPK_Activity,BS_F1K9QTBS,0.820370993164503
MAPK_Activity,BS_F77MGAQT,0.834695710680313
MAPK_Activity,BS_F8N6CFQE,0.821149739358033
MAPK_Activity,BS_FAQQ0GCQ,0.876775200436886
MAPK_Activity,BS_FJWZ3M7V,0.862299631706572
MAPK_Activity,BS_FJZPQZ2C,0.836329398447054
MAPK_Activity,BS_FR42HY0Z,0.851475354204361
MAPK_Activity,BS_FX4WKR2R,0.738013656304441
MAPK_Activity,BS_FZ62GZGV,0.858439821155847
MAPK_Activity,BS_G1DAGKSY,0.805390853328036
MAPK_Activity,BS_G5QBBHDV,0.75729526224925
MAPK_Activity,BS_G7AGNB5G,0.750997491461756
MAPK_Activity,BS_G9XE3N9T,0.695039805006515
MAPK_Activity,BS_GCA4GET3,0.755353764044054
MAPK_Activity,BS_GHNJ4CYC,0.778897244286364
MAPK_Activity,BS_GPEGRCCT,0.842077592993348
MAPK_Activity,BS_GTZCFGRZ,0.827891677471997
MAPK_Activity,BS_GYA4V1RD,0.754373000485356
MAPK_Activity,BS_GYXSDZ56,0.832368965829549
MAPK_Activity,BS_H08FEN68,0.720723656566187
MAPK_Activity,BS_H0WF1WHE,0.719059387429285
MAPK_Activity,BS_H3FE3TH9,0.784766557602747
MAPK_Activity,BS_H8A9PSYA,0.748704594722638
MAPK_Activity,BS_H9EX5WX3,0.727175753211832
MAPK_Activity,BS_HC5M8JTC,0.841532568718861
MAPK_Activity,BS_HM0R6SXQ,0.780074117402657
MAPK_Activity,BS_HNMQ7488,0.753487337076908
MAPK_Activity,BS_HQ5BJ6MW,0.798283894778534
MAPK_Activity,BS_HQDXQ5Y4,0.770028211324025
MAPK_Activity,BS_HSHN8PBB,0.778042336232542
MAPK_Activity,BS_HSTNFPKW,0.804110428799916
MAPK_Activity,BS_HV8PFRBR,0.779595778829436
MAPK_Activity,BS_J5H5VXWY,0.842809664590673
MAPK_Activity,BS_J9M83K8T,0.851144114856543
MAPK_Activity,BS_JFVB9KXB,0.710819952649511
MAPK_Activity,BS_JGKZ54SA,0.776016004034738
MAPK_Activity,BS_JH29M4KG,0.828642288556058
MAPK_Activity,BS_JKXA3FQC,0.785295402492837
MAPK_Activity,BS_JMHG7GCN,0.814091990204881
MAPK_Activity,BS_JVA2NQFF,0.800307476299709
MAPK_Activity,BS_JWSR581E,0.824483535602611
MAPK_Activity,BS_K57A4A9D,0.647616148612234
MAPK_Activity,BS_K5802F84,0.659421229154684
MAPK_Activity,BS_K7MVS0Z7,0.786259713402679
MAPK_Activity,BS_K838XW6V,0.768972098859644
MAPK_Activity,BS_M4NVX721,0.810663228440565
MAPK_Activity,BS_M4TTKPNR,0.837084486465357
MAPK_Activity,BS_M8M56Z4Y,0.848657869480364
MAPK_Activity,BS_M8WP5T16,0.810145943780769
MAPK_Activity,BS_MBSTWZA6,0.827515811970422
MAPK_Activity,BS_MF9X3PKH,0.83897571110109
MAPK_Activity,BS_MH8RAG4A,0.766370316039038
MAPK_Activity,BS_MX92FD6D,0.705585408538192
MAPK_Activity,BS_MY9D8XZ1,0.773249626422147
MAPK_Activity,BS_N1E0H8YQ,0.887155790456977
MAPK_Activity,BS_N210XMKR,0.794998765729582
MAPK_Activity,BS_N6NE6B3W,0.637827829735084
MAPK_Activity,BS_N87X1T8T,0.783116612351758
MAPK_Activity,BS_NB5XWMJT,0.831615883386743
MAPK_Activity,BS_NBZNAG7Q,0.859554853814252
MAPK_Activity,BS_NG9X6SJA,0.773500901362599
MAPK_Activity,BS_NKEAAFMW,0.65475107908726
MAPK_Activity,BS_NPQJ20KX,0.789327818230603
MAPK_Activity,BS_NQB91P48,0.82016125411914
MAPK_Activity,BS_NRFQEQKP,0.830890350064661
MAPK_Activity,BS_NRPG5K4K,0.802416158829303
MAPK_Activity,BS_NS7GSHB9,0.832192933104767
MAPK_Activity,BS_NT9NZYFD,0.71451471844759
MAPK_Activity,BS_NY5T05AK,0.781835764943325
MAPK_Activity,BS_P2Y2NANM,0.786679039352768
MAPK_Activity,BS_PDVD0GCM,0.741990565788341
MAPK_Activity,BS_PEP9NZXN,0.800643938488732
MAPK_Activity,BS_PQ7CQFYR,0.773307569814894
MAPK_Activity,BS_PRCG6W20,0.880283768695932
MAPK_Activity,BS_Q2PBFNDF,0.799544511008966
MAPK_Activity,BS_Q3TBCK4V,0.832636295013498
MAPK_Activity,BS_Q6VH5GJ8,0.784845146733069
MAPK_Activity,BS_Q79NP5YY,0.843639108175946
MAPK_Activity,BS_QBMW69AM,0.809221063936884
MAPK_Activity,BS_QH82PBMB,0.834574674415635
MAPK_Activity,BS_QTSXW7DA,0.817356905525675
MAPK_Activity,BS_QV51J756,0.705197296261595
MAPK_Activity,BS_R244Z0WX,0.78452373846132
MAPK_Activity,BS_R3AJB6VS,0.813237513096523
MAPK_Activity,BS_R7V8BC98,0.814785058528034
MAPK_Activity,BS_R9CKW9DY,0.802329431209488
MAPK_Activity,BS_RAQFEB0S,0.799145249437078
MAPK_Activity,BS_RARBBY7C,0.814421863869756
MAPK_Activity,BS_RGSMX7QD,0.813512231165353
MAPK_Activity,BS_RMT7ABN6,0.812225187018493
MAPK_Activity,BS_RNANA568,0.813941561058736
MAPK_Activity,BS_RPJ1EPHA,0.812223911731397
MAPK_Activity,BS_RRAEQZ97,0.84378871000809
MAPK_Activity,BS_RVSEDNJ4,0.81578113926653
MAPK_Activity,BS_S1KK7XRH,0.821246319654649
MAPK_Activity,BS_S458NMKH,0.803041184993023
MAPK_Activity,BS_S50KQEXV,0.81984967648462
MAPK_Activity,BS_SDA4RMMG,0.739834443352095
MAPK_Activity,BS_SDZY6RZ3,0.824714991939638
MAPK_Activity,BS_SFKZSJN1,0.681561543247755
MAPK_Activity,BS_SH2S6SFN,0.761424489531568
MAPK_Activity,BS_SHMC4902,0.815982383595879
MAPK_Activity,BS_SJ0HXCD0,0.832475314459964
MAPK_Activity,BS_SQX5E15Z,0.830930470678465
MAPK_Activity,BS_SW8C9Y5Y,0.858852231116876
MAPK_Activity,BS_SXRS2P6T,0.859974764040351
MAPK_Activity,BS_T0RKFEKR,0.839041518959362
MAPK_Activity,BS_T2QPMZCM,0.674104093597002
MAPK_Activity,BS_T4JFN54G,0.795114916485374
MAPK_Activity,BS_T5P5ME9M,0.781158221831852
MAPK_Activity,BS_TDJXQBVY,0.780692284909721
MAPK_Activity,BS_TG93XC55,0.688945213203541
MAPK_Activity,BS_TRZZRYKF,0.796752823640945
MAPK_Activity,BS_TV80600R,0.745248037032818
MAPK_Activity,BS_TWFDEMBZ,0.794848413999851
MAPK_Activity,BS_V2G1YE8R,0.781568768801968
MAPK_Activity,BS_V33RCK1Y,0.788249398251149
MAPK_Activity,BS_V3REENH9,0.80765140286722
MAPK_Activity,BS_V72GX2AZ,0.774478324422243
MAPK_Activity,BS_V7BZ049H,0.778655868342031
MAPK_Activity,BS_V89HGTET,0.810508515870797
MAPK_Activity,BS_VARR255N,0.769672917989097
MAPK_Activity,BS_VMMJYN8Z,0.769438972916955
MAPK_Activity,BS_VTYNWK05,0.769218163268816
MAPK_Activity,BS_VZWXGYT2,0.811261530157559
MAPK_Activity,BS_WRQHPSXQ,0.821977802359162
MAPK_Activity,BS_WVS02TZK,0.785248382839311
MAPK_Activity,BS_X16PENSA,0.780744498807673
MAPK_Activity,BS_X2EDW2ZB,0.655607914212863
MAPK_Activity,BS_X5DFR216,0.795808745618101
MAPK_Activity,BS_X6GFVDVA,0.78452659677283
MAPK_Activity,BS_X91K8KMG,0.890976600435824
MAPK_Activity,BS_XGSA3GQE,0.793634388048285
MAPK_Activity,BS_XKKB4MZV,0.775275223316172
MAPK_Activity,BS_Y0PCBNJV,0.784708452165917
MAPK_Activity,BS_Y274AC0H,0.880466687477589
MAPK_Activity,BS_Y7H24JZG,0.836280400334406
MAPK_Activity,BS_Y7W8BR6B,0.778388689754352
MAPK_Activity,BS_YASWHXJC,0.842061840593395
MAPK_Activity,BS_YB2RXRHT,0.783870609919844
MAPK_Activity,BS_YCREDZTJ,0.842258277128912
MAPK_Activity,BS_YEQVW4ND,0.826031914065889
MAPK_Activity,BS_YMAJC22S,0.782780233234145
MAPK_Activity,BS_YVEEXAAT,0.812018114113291
MAPK_Activity,BS_YVMEEBKC,0.80881951031707
MAPK_Activity,BS_YWJKHMXV,0.756378208755071
MAPK_Activity,BS_YY5B2XDD,0.864065124662352
MAPK_Activity,BS_YZ2Z1Q6Y,0.777979087944751
MAPK_Activity,BS_Z0AVVB1V,0.837420911183065
MAPK_Activity,BS_Z1A875MW,0.849879375014552
MAPK_Activity,BS_Z6BWR941,0.764028123967693
MAPK_Activity,BS_Z7Y2466H,0.81683308711944
MAPK_Activity,BS_ZHHAM3AN,0.809849649555179
MAPK_Activity,BS_ZHRGDRBW,0.719607168841325
MAPK_Activity,BS_ZJY7Y34M,0.736913628139135
MAPK_Activity,BS_ZN2P8BKH,0.768378730729105
MAPK_Activity,BS_ZTWGFWTX,0.867801743799702
MAPK_Activity,BS_ZV9Z3SY6,0.816124164779517
MAPK_Activity,BS_ZVX2GRD6,0.863823058349278
MAPK_Activity,BS_ZZMYDZJW,0.807315287842303
TGFb_Immunosuppression,BS_00FD2KMP,0.616664951770597
TGFb_Immunosuppression,BS_028YFYJ6,0.595685477719281
TGFb_Immunosuppression,BS_052PZFMK,0.599908568394127
TGFb_Immunosuppression,BS_056Q8577,0.700976490381498
TGFb_Immunosuppression,BS_08ST21QE,0.658108914272934
TGFb_Immunosuppression,BS_0C7VZC0A,0.596713055315719
TGFb_Immunosuppression,BS_0S8E7590,0.73885605791735
TGFb_Immunosuppression,BS_0VXZCRJS,0.608835568446038
TGFb_Immunosuppression,BS_0XEBS3PG,0.576840762272303
TGFb_Immunosuppression,BS_0ZA67BBC,0.567231383681503
TGFb_Immunosuppression,BS_12G04QJM,0.572950378834307
TGFb_Immunosuppression,BS_17ZSMXFH,0.622472507967979
TGFb_Immunosuppression,BS_1A6MQ9ZA,0.614682441994288
TGFb_Immunosuppression,BS_1D93Z575,0.617843325763142
TGFb_Immunosuppression,BS_1EN5V3XW,0.579585362194099
TGFb_Immunosuppression,BS_223BM91B,0.708034971796684
TGFb_Immunosuppression,BS_25HNKZ79,0.691956322964484
TGFb_Immunosuppression,BS_2853394H,0.594306066021562
TGFb_Immunosuppression,BS_297H8BT4,0.646156844376681
TGFb_Immunosuppression,BS_29X4ZX6Q,0.552276681082826
TGFb_Immunosuppression,BS_2A5R9MEJ,0.508344490070513
TGFb_Immunosuppression,BS_2ARXK0TD,0.726512406778213
TGFb_Immunosuppression,BS_2AV1H5TV,0.615835402744247
TGFb_Immunosuppression,BS_2DMBCHNF,0.713171012569086
TGFb_Immunosuppression,BS_2EN3X6HB,0.633274236801896
TGFb_Immunosuppression,BS_2FEZWH1F,0.670670436373705
TGFb_Immunosuppression,BS_2HNXVFAS,0.591825492605206
TGFb_Immunosuppression,BS_2JH1QMT1,0.61766424790184
TGFb_Immunosuppression,BS_2JP7RBMB,0.63233797426282
TGFb_Immunosuppression,BS_2K01T8K6,0.698041163623118
TGFb_Immunosuppression,BS_2PDS3MSS,0.615153242829253
TGFb_Immunosuppression,BS_2T5PJAW8,0.634759816914529
TGFb_Immunosuppression,BS_2WANPFBJ,0.660398388196533
TGFb_Immunosuppression,BS_30F3Z9FS,0.65016907282578
TGFb_Immunosuppression,BS_30VC3R2Q,0.597848597782015
TGFb_Immunosuppression,BS_30YWQ3FY,0.687609091597596
TGFb_Immunosuppression,BS_31MBRWC4,0.685506159507429
TGFb_Immunosuppression,BS_333KCNDP,0.738883824289641
TGFb_Immunosuppression,BS_399RPKC9,0.619713415810693
TGFb_Immunosuppression,BS_3AC3SRWH,0.590280035028376
TGFb_Immunosuppression,BS_3MS8WVNR,0.588873784699865
TGFb_Immunosuppression,BS_3ZPJAK9A,0.665758682187122
TGFb_Immunosuppression,BS_45J79YTF,0.534127870726252
TGFb_Immunosuppression,BS_49BQS7Z6,0.675468328875618
TGFb_Immunosuppression,BS_49CJNZ06,0.5919325869354
TGFb_Immunosuppression,BS_4B0BAVTX,0.658523286555288
TGFb_Immunosuppression,BS_4BM3F6XJ,0.621332387119291
TGFb_Immunosuppression,BS_4C6B11E4,0.687586825145461
TGFb_Immunosuppression,BS_4GNN7J8E,0.729830172984195
TGFb_Immunosuppression,BS_4KNBXM3C,0.703761561979442
TGFb_Immunosuppression,BS_4Q3KRCZT,0.679093886382144
TGFb_Immunosuppression,BS_4QW2S1Q8,0.699739950887015
TGFb_Immunosuppression,BS_4T0HQ9QF,0.590021943180005
TGFb_Immunosuppression,BS_4V42BXBT,0.613766355187129
TGFb_Immunosuppression,BS_51RA1PGE,0.631648333481646
TGFb_Immunosuppression,BS_52C576HH,0.61476792288539
TGFb_Immunosuppression,BS_5965SFPZ,0.606679222305584
TGFb_Immunosuppression,BS_5EFYPZT0,0.62650715921869
TGFb_Immunosuppression,BS_5G5BD2MD,0.686816436788738
TGFb_Immunosuppression,BS_5K95FX4C,0.703872602138482
TGFb_Immunosuppression,BS_5KBXD2GQ,0.643574550032015
TGFb_Immunosuppression,BS_5PXZ8F7W,0.595695004538676
TGFb_Immunosuppression,BS_5VPM0F36,0.67583447706861
TGFb_Immunosuppression,BS_62SW4CC5,0.74650852503749
TGFb_Immunosuppression,BS_65WPD3DA,0.652458950163589
TGFb_Immunosuppression,BS_68KX6A42,0.650409228759014
TGFb_Immunosuppression,BS_6DCSD5Y6,0.579864365218239
TGFb_Immunosuppression,BS_6H4Q24WA,0.702785033286871
TGFb_Immunosuppression,BS_6M2053M0,0.613616801155715
TGFb_Immunosuppression,BS_6SY64H5J,0.729722371411945
TGFb_Immunosuppression,BS_6VRG1XFB,0.5935314880005
TGFb_Immunosuppression,BS_6WP1FHTE,0.665657898802321
TGFb_Immunosuppression,BS_7327SDAQ,0.605159705676519
TGFb_Immunosuppression,BS_75YRDXET,0.720086430529366
TGFb_Immunosuppression,BS_77SBTNPN,0.614181460976509
TGFb_Immunosuppression,BS_7AEF4D4G,0.641302709099172
TGFb_Immunosuppression,BS_7APCGCVF,0.647992900471285
TGFb_Immunosuppression,BS_7GJT4A6A,0.590950564898379
TGFb_Immunosuppression,BS_7GKWKGPH,0.664445575911126
TGFb_Immunosuppression,BS_7PVJ6Q3D,0.581408225007632
TGFb_Immunosuppression,BS_7WKNNRHK,0.637707449967345
TGFb_Immunosuppression,BS_84VZX732,0.651127490871608
TGFb_Immunosuppression,BS_84XCR9GG,0.61613851172992
TGFb_Immunosuppression,BS_8E8JKP01,0.609465696511431
TGFb_Immunosuppression,BS_8ERBDF7D,0.590353869892339
TGFb_Immunosuppression,BS_8JK9TXH2,0.612802155872393
TGFb_Immunosuppression,BS_8VD670NP,0.580824702592398
TGFb_Immunosuppression,BS_8YWYN7VH,0.635357111407538
TGFb_Immunosuppression,BS_8ZE4Z9G5,0.686756571463382
TGFb_Immunosuppression,BS_8ZY4GST0,0.582845075295639
TGFb_Immunosuppression,BS_91VYM11A,0.637387959610382
TGFb_Immunosuppression,BS_956G6QPJ,0.600698977635993
TGFb_Immunosuppression,BS_97M1E2DW,0.575241540845542
TGFb_Immunosuppression,BS_9A1YTHFF,0.699705897658428
TGFb_Immunosuppression,BS_9B0A62MT,0.677301739812647
TGFb_Immunosuppression,BS_9CA93S6D,0.518551353672513
TGFb_Immunosuppression,BS_9FHEFJNP,0.609537834595648
TGFb_Immunosuppression,BS_9FX3YREK,0.568736394416461
TGFb_Immunosuppression,BS_9GJ3DB1H,0.679732246145599
TGFb_Immunosuppression,BS_9JPQZQNG,0.590186214718146
TGFb_Immunosuppression,BS_9TXEDSWB,0.631191667852623
TGFb_Immunosuppression,BS_9XVACXP0,0.602352988522473
TGFb_Immunosuppression,BS_9Y1K14Q5,0.646324848236581
TGFb_Immunosuppression,BS_9ZJT0CP0,0.635219003630998
TGFb_Immunosuppression,BS_A4PF49V0,0.573029218562804
TGFb_Immunosuppression,BS_A6NXR7RC,0.630962451654155
TGFb_Immunosuppression,BS_A7Q8G0Y1,0.634390646253267
TGFb_Immunosuppression,BS_A8XW5S0W,0.644170096052374
TGFb_Immunosuppression,BS_AWH9757B,0.584909205910209
TGFb_Immunosuppression,BS_AYSXRQWY,0.623131769177959
TGFb_Immunosuppression,BS_AZQM1JJH,0.689269084471872
TGFb_Immunosuppression,BS_B1C6GZ84,0.579164935128624
TGFb_Immunosuppression,BS_B3MQFFYP,0.715998784223011
TGFb_Immunosuppression,BS_B4R7X1KE,0.605192889297379
TGFb_Immunosuppression,BS_B57327NA,0.622669709693101
TGFb_Immunosuppression,BS_BBAEMXRD,0.57958886594822
TGFb_Immunosuppression,BS_BBQ6BHGN,0.603695675682355
TGFb_Immunosuppression,BS_BK0HGRXM,0.681338860174198
TGFb_Immunosuppression,BS_BMMY0H73,0.635344807136359
TGFb_Immunosuppression,BS_C6ZZ3FY5,0.599487584428155
TGFb_Immunosuppression,BS_C83TK159,0.599079394108675
TGFb_Immunosuppression,BS_CBDQZ8PP,0.560366560495275
TGFb_Immunosuppression,BS_CF63VG3S,0.629323045697044
TGFb_Immunosuppression,BS_CFD3WHAY,0.621468359046509
TGFb_Immunosuppression,BS_CG1RG607,0.713877976393033
TGFb_Immunosuppression,BS_CVEDJGHZ,0.740609155483271
TGFb_Immunosuppression,BS_CXAQDK7S,0.69773089579718
TGFb_Immunosuppression,BS_CZPQ493E,0.67329862788279
TGFb_Immunosuppression,BS_D29RPBSZ,0.638213182291649
TGFb_Immunosuppression,BS_D4VNDNQA,0.53874245104938
TGFb_Immunosuppression,BS_D6J2BGDJ,0.54439239269086
TGFb_Immunosuppression,BS_DFGS950G,0.510448493429487
TGFb_Immunosuppression,BS_DNZVP92S,0.690451044638813
TGFb_Immunosuppression,BS_DR079H0D,0.621930178100399
TGFb_Immunosuppression,BS_DS438CXE,0.58286945053426
TGFb_Immunosuppression,BS_DSPVSM7D,0.612616223206215
TGFb_Immunosuppression,BS_DZNXFPH1,0.676674322120664
TGFb_Immunosuppression,BS_E7NVYA6G,0.723260054937624
TGFb_Immunosuppression,BS_E9CYN4NP,0.587278916618459
TGFb_Immunosuppression,BS_EB0XRBT9,0.711104519095339
TGFb_Immunosuppression,BS_EDJ5TV0P,0.522695019552505
TGFb_Immunosuppression,BS_EMQM7HTA,0.564542681969191
TGFb_Immunosuppression,BS_ENEYB4TG,0.689359083840213
TGFb_Immunosuppression,BS_EXPJQZTH,0.677617062851751
TGFb_Immunosuppression,BS_EZ3147MX,0.559107052318209
TGFb_Immunosuppression,BS_F0JB4EAK,0.581343527166613
TGFb_Immunosuppression,BS_F21R36MM,0.676078332231726
TGFb_Immunosuppression,BS_F65GWS21,0.570240808932271
TGFb_Immunosuppression,BS_F6V1Y4QS,0.620978691072462
TGFb_Immunosuppression,BS_F9Y4Z92G,0.558512940136108
TGFb_Immunosuppression,BS_FCDAH728,0.547420436128564
TGFb_Immunosuppression,BS_FEV5A0HN,0.502109351944351
TGFb_Immunosuppression,BS_FGJH1X0S,0.660500939046377
TGFb_Immunosuppression,BS_FKASA3MN,0.546331384529435
TGFb_Immunosuppression,BS_FN07P04C,0.556257174641373
TGFb_Immunosuppression,BS_FX2P2WEG,0.603859186846514
TGFb_Immunosuppression,BS_FXJY0MNH,0.686444834858356
TGFb_Immunosuppression,BS_FYP2B298,0.629036069874325
TGFb_Immunosuppression,BS_G19QZG4S,0.633672089015998
TGFb_Immunosuppression,BS_G1E5DATJ,0.676040927485711
TGFb_Immunosuppression,BS_G257VSS9,0.60031015078043
TGFb_Immunosuppression,BS_G3NN392N,0.604223822227954
TGFb_Immunosuppression,BS_G3RJTBZD,0.599754981550859
TGFb_Immunosuppression,BS_G5NHSFD4,0.586050888775498
TGFb_Immunosuppression,BS_G8TXTX0H,0.608384537594252
TGFb_Immunosuppression,BS_GG9W3J9Y,0.60253922192254
TGFb_Immunosuppression,BS_GW0GKWMS,0.589566391904184
TGFb_Immunosuppression,BS_GWHYM3R4,0.647669984845085
TGFb_Immunosuppression,BS_GWSJ4Z9H,0.647462102388035
TGFb_Immunosuppression,BS_H5VQJR7X,0.627674911405502
TGFb_Immunosuppression,BS_H97S5SQN,0.630982116556542
TGFb_Immunosuppression,BS_H9JYKFTV,0.636247909176765
TGFb_Immunosuppression,BS_HDHXX8Q7,0.58469826264725
TGFb_Immunosuppression,BS_HDPCQETG,0.637010691056117
TGFb_Immunosuppression,BS_HJRTC9JQ,0.666121506085154
TGFb_Immunosuppression,BS_HJV0J603,0.729473805641867
TGFb_Immunosuppression,BS_HRJ9145M,0.745346351975765
TGFb_Immunosuppression,BS_HWGWYCY7,0.689189825538104
TGFb_Immunosuppression,BS_HZ9AYDCQ,0.69287375582807
TGFb_Immunosuppression,BS_J4JY2F3H,0.631213495439743
TGFb_Immunosuppression,BS_J6212Y48,0.597463206094429
TGFb_Immunosuppression,BS_J6W1RB7A,0.647892938442953
TGFb_Immunosuppression,BS_J9CBGP57,0.619708269980053
TGFb_Immunosuppression,BS_JB43XBCQ,0.671509706672728
TGFb_Immunosuppression,BS_JDSNFYQ0,0.640890696864607
TGFb_Immunosuppression,BS_JJVH7WR0,0.568047714180395
TGFb_Immunosuppression,BS_JMD386Z2,0.606776471611087
TGFb_Immunosuppression,BS_JP95KMRD,0.669974494184564
TGFb_Immunosuppression,BS_JQGJQ2QZ,0.653659950587642
TGFb_Immunosuppression,BS_JQVAWTTM,0.671749544831974
TGFb_Immunosuppression,BS_JQXHHK0K,0.552962656587086
TGFb_Immunosuppression,BS_JRYJGYC4,0.627910079371803
TGFb_Immunosuppression,BS_JS95PE0J,0.669062055854066
TGFb_Immunosuppression,BS_JTWNJ8T7,0.523136321353994
TGFb_Immunosuppression,BS_JVW2JJ39,0.536087968654939
TGFb_Immunosuppression,BS_K0X3PZGN,0.774785677398151
TGFb_Immunosuppression,BS_K17VQECG,0.634190091202514
TGFb_Immunosuppression,BS_K2PCC777,0.720205999257903
TGFb_Immunosuppression,BS_K74N1BXQ,0.647666399742641
TGFb_Immunosuppression,BS_K81PZXP2,0.632456456038692
TGFb_Immunosuppression,BS_K88T8SW7,0.730246211753471
TGFb_Immunosuppression,BS_KABQQA0T,0.582299733910291
TGFb_Immunosuppression,BS_KBEX4RT2,0.590733687324808
TGFb_Immunosuppression,BS_KFD5128N,0.595801211864541
TGFb_Immunosuppression,BS_KKDTW11T,0.641239018784775
TGFb_Immunosuppression,BS_KP735TJ6,0.579490588114665
TGFb_Immunosuppression,BS_KQ6ZW085,0.623047303082841
TGFb_Immunosuppression,BS_KRS4EV4X,0.653534255352646
TGFb_Immunosuppression,BS_KS8HMGA6,0.723206063050443
TGFb_Immunosuppression,BS_KVPWHDR4,0.616026454910233
TGFb_Immunosuppression,BS_M0FA190Y,0.643703928039141
TGFb_Immunosuppression,BS_M0XGZ53Z,0.508156885221825
TGFb_Immunosuppression,BS_M1PVEHCM,0.545208776556736
TGFb_Immunosuppression,BS_M54TWTH4,0.662620411953446
TGFb_Immunosuppression,BS_M7XB258E,0.723012048579509
TGFb_Immunosuppression,BS_M85CXHDV,0.677797998593381
TGFb_Immunosuppression,BS_MB7WN0ZB,0.593360738464562
TGFb_Immunosuppression,BS_MD0937XT,0.559564731146963
TGFb_Immunosuppression,BS_MDBT7S5Z,0.554863522557388
TGFb_Immunosuppression,BS_ME6VQGG4,0.630695897690714
TGFb_Immunosuppression,BS_MFGZH8FK,0.592999825058297
TGFb_Immunosuppression,BS_MG78HQDM,0.481764559762979
TGFb_Immunosuppression,BS_MWWZBQ60,0.623474373608505
TGFb_Immunosuppression,BS_N6TQBQ8M,0.546694050483484
TGFb_Immunosuppression,BS_N7SW36FD,0.672057051521572
TGFb_Immunosuppression,BS_N7VQ1GQB,0.645936112240367
TGFb_Immunosuppression,BS_NB9XXBW6,0.636508523680513
TGFb_Immunosuppression,BS_NEFAASTR,0.683595344124676
TGFb_Immunosuppression,BS_NEVYM2FP,0.601675237706384
TGFb_Immunosuppression,BS_NFKKDYSV,0.643109817478296
TGFb_Immunosuppression,BS_NGSG2KB6,0.677887523830245
TGFb_Immunosuppression,BS_NNYXMSTX,0.647145133131107
TGFb_Immunosuppression,BS_NPA6CZQF,0.621089882816509
TGFb_Immunosuppression,BS_NQ54ST98,0.612517148304098
TGFb_Immunosuppression,BS_NR3P3GN2,0.663812376077693
TGFb_Immunosuppression,BS_NX1R0BC3,0.719578331080675
TGFb_Immunosuppression,BS_P0QF87WC,0.650195452893234
TGFb_Immunosuppression,BS_P4PMWFMV,0.610492354091956
TGFb_Immunosuppression,BS_P7W3AYKV,0.67246876845886
TGFb_Immunosuppression,BS_PENM28KT,0.618772314472088
TGFb_Immunosuppression,BS_PJC6FH4Y,0.702073165652333
TGFb_Immunosuppression,BS_PS0P3QJ3,0.591666903589215
TGFb_Immunosuppression,BS_PXCPK5XS,0.613099252497117
TGFb_Immunosuppression,BS_PZVHMSYN,0.618501197450724
TGFb_Immunosuppression,BS_Q06J3RYW,0.664651579959712
TGFb_Immunosuppression,BS_Q35GFYDR,0.536648605111166
TGFb_Immunosuppression,BS_Q9N5PRD5,0.606323721381931
TGFb_Immunosuppression,BS_QB84TBA3,0.54283098827116
TGFb_Immunosuppression,BS_QGKEP3KB,0.634943367542241
TGFb_Immunosuppression,BS_QH0VYVJK,0.649138722118322
TGFb_Immunosuppression,BS_QHY302E8,0.613700778378703
TGFb_Immunosuppression,BS_QMBS32Y2,0.629425731691569
TGFb_Immunosuppression,BS_QNNX91SM,0.571455240477686
TGFb_Immunosuppression,BS_QY2G1JZJ,0.665200159511914
TGFb_Immunosuppression,BS_QYA4TQXX,0.600432006425874
TGFb_Immunosuppression,BS_R5JQE0VJ,0.629020514906552
TGFb_Immunosuppression,BS_R5SNFB5B,0.644525909771645
TGFb_Immunosuppression,BS_R9B92M75,0.596456808201617
TGFb_Immunosuppression,BS_RHAWQJ48,0.700638282466167
TGFb_Immunosuppression,BS_RHM60031,0.596624612770394
TGFb_Immunosuppression,BS_RJC3WDD6,0.556586289690016
TGFb_Immunosuppression,BS_RN0VAY51,0.62443201709892
TGFb_Immunosuppression,BS_RX1YTZ7F,0.606686797639251
TGFb_Immunosuppression,BS_RZBFH1QF,0.559679449573973
TGFb_Immunosuppression,BS_S2TA8R29,0.654339121488177
TGFb_Immunosuppression,BS_S3C2PZAH,0.640198434541568
TGFb_Immunosuppression,BS_S3MET0JZ,0.615724811700862
TGFb_Immunosuppression,BS_S4V9E1XJ,0.663106205846667
TGFb_Immunosuppression,BS_S5P8VTN5,0.63681466095669
TGFb_Immunosuppression,BS_S6B9DVNS,0.605197311402981
TGFb_Immunosuppression,BS_S6S7SK3P,0.568661491975941
TGFb_Immunosuppression,BS_S8K878T3,0.71760210426193
TGFb_Immunosuppression,BS_SBMAM00V,0.596023636507896
TGFb_Immunosuppression,BS_SBMCD7XZ,0.653634406155929
TGFb_Immunosuppression,BS_SD0EMK7Y,0.685231158879141
TGFb_Immunosuppression,BS_SD8YBRBR,0.56727282974649
TGFb_Immunosuppression,BS_SERDGASJ,0.704182990821818
TGFb_Immunosuppression,BS_SJVTZ5TH,0.599482200234551
TGFb_Immunosuppression,BS_SMWQR2F1,0.595414661731516
TGFb_Immunosuppression,BS_SNVM7CZT,0.647182406445188
TGFb_Immunosuppression,BS_SR2RGDXJ,0.595076083381932
TGFb_Immunosuppression,BS_SW9Z10F9,0.656619316319353
TGFb_Immunosuppression,BS_SY3J3XR9,0.600973657230911
TGFb_Immunosuppression,BS_T1YHK6B7,0.63112343933063
TGFb_Immunosuppression,BS_T2F48Z4E,0.707496883542098
TGFb_Immunosuppression,BS_T9A8JJW5,0.624243863625903
TGFb_Immunosuppression,BS_TASG32Z2,0.540086065018948
TGFb_Immunosuppression,BS_TGS109T3,0.569759034632094
TGFb_Immunosuppression,BS_TM9MH0RP,0.661221695372436
TGFb_Immunosuppression,BS_TR2P8KRF,0.618061369938315
TGFb_Immunosuppression,BS_TRKH2SPE,0.569566037294447
TGFb_Immunosuppression,BS_TRPXB3AV,0.608494144862026
TGFb_Immunosuppression,BS_TTDNZTZ0,0.654123653673396
TGFb_Immunosuppression,BS_TTE04ZP8,0.66769736075983
TGFb_Immunosuppression,BS_TV5B86ZD,0.572668392016063
TGFb_Immunosuppression,BS_TVH33J9Q,0.578896250714363
TGFb_Immunosuppression,BS_TXZ7KHTQ,0.581688567510544
TGFb_Immunosuppression,BS_V0DQFC75,0.59570819892703
TGFb_Immunosuppression,BS_V3Z3DB4N,0.591197571220432
TGFb_Immunosuppression,BS_V558NW3Q,0.733933889313177
TGFb_Immunosuppression,BS_V6RSB5HQ,0.578923777590765
TGFb_Immunosuppression,BS_V8QWBVS3,0.753924634027332
TGFb_Immunosuppression,BS_VBMRQK4F,0.678915240221501
TGFb_Immunosuppression,BS_VDFXXMEX,0.530132268303849
TGFb_Immunosuppression,BS_VF3NVT4G,0.670295487113786
TGFb_Immunosuppression,BS_VKH87DD2,0.646627515061295
TGFb_Immunosuppression,BS_VKHJG2B8,0.636830392940893
TGFb_Immunosuppression,BS_VKYEM67A,0.695323914550196
TGFb_Immunosuppression,BS_VMQMGSJY,0.7079501989387
TGFb_Immunosuppression,BS_VVTHDRBD,0.649260317426871
TGFb_Immunosuppression,BS_W1385R8Y,0.556481767763551
TGFb_Immunosuppression,BS_W4DB5RP1,0.582499267484424
TGFb_Immunosuppression,BS_W7MFJZ5A,0.674476089747123
TGFb_Immunosuppression,BS_WBVSK3MP,0.523792205531342
TGFb_Immunosuppression,BS_WEKK6SHP,0.624288858383246
TGFb_Immunosuppression,BS_WHBEXD5H,0.68665003390748
TGFb_Immunosuppression,BS_WQ1YRTAT,0.457419499371894
TGFb_Immunosuppression,BS_WTJEDTZC,0.620186244791058
TGFb_Immunosuppression,BS_WVRX4C9Z,0.723816306152707
TGFb_Immunosuppression,BS_X0XXN9BK,0.689600360014918
TGFb_Immunosuppression,BS_X1G0TKP4,0.652893639878329
TGFb_Immunosuppression,BS_X20JCR4H,0.704931204645515
TGFb_Immunosuppression,BS_X23724NJ,0.626457933483748
TGFb_Immunosuppression,BS_X3HR4Z21,0.628743428014126
TGFb_Immunosuppression,BS_X4DD4KSZ,0.687014614639563
TGFb_Immunosuppression,BS_X4X1SFSE,0.595982111069882
TGFb_Immunosuppression,BS_XG0DBWVT,0.591573231014902
TGFb_Immunosuppression,BS_XGDPK33A,0.570527828712846
TGFb_Immunosuppression,BS_XM1AHBDJ,0.557585940653778
TGFb_Immunosuppression,BS_XQ5SFW35,0.633565480034929
TGFb_Immunosuppression,BS_XQXXBWPD,0.658732119534594
TGFb_Immunosuppression,BS_XYVCMF4A,0.563305193691844
TGFb_Immunosuppression,BS_XZM79E42,0.692800127424981
TGFb_Immunosuppression,BS_YA0KMBRT,0.595886327208875
TGFb_Immunosuppression,BS_YDEVMD24,0.626108837793471
TGFb_Immunosuppression,BS_YMKQT5V0,0.697287725871027
TGFb_Immunosuppression,BS_YR12D1ZY,0.627739233761569
TGFb_Immunosuppression,BS_YSZRQ95C,0.659638982327016
TGFb_Immunosuppression,BS_YTWEM5SG,0.718279135098842
TGFb_Immunosuppression,BS_YZ2QFDAN,0.549223182710927
TGFb_Immunosuppression,BS_Z0ZPD9S9,0.626774238976174
TGFb_Immunosuppression,BS_Z3RCA1T9,0.618201732407257
TGFb_Immunosuppression,BS_Z8F3GM85,0.666654976011441
TGFb_Immunosuppression,BS_ZD5HN296,0.734124373874136
TGFb_Immunosuppression,BS_ZF6BSFNF,0.623115739135343
TGFb_Immunosuppression,BS_ZM97KKXE,0.594135282158286
TGFb_Immunosuppression,BS_ZV1P6W9C,0.61578302405614
TGFb_Immunosuppression,BS_ZVM8CAB0,0.730066583311369
TGFb_Immunosuppression,BS_ZZWMD6FA,0.673362449329213
TGFb_Immunosuppression,BS_06AMMCXR,0.656400079560919
TGFb_Immunosuppression,BS_08TWG4K0,0.729240140433085
TGFb_Immunosuppression,BS_1DECYC4K,0.646657125773134
TGFb_Immunosuppression,BS_2A5R9D97,0.642868795022421
TGFb_Immunosuppression,BS_3VJ0CA6A,0.643905072570023
TGFb_Immunosuppression,BS_3XYJBBHQ,0.680123246881706
TGFb_Immunosuppression,BS_4C4MZ4NT,0.651869461583641
TGFb_Immunosuppression,BS_4PPHAQXF,0.633802037766229
TGFb_Immunosuppression,BS_4SMPV083,0.622473456907786
TGFb_Immunosuppression,BS_A76PNWQS,0.734642181323077
TGFb_Immunosuppression,BS_BZCTXEPJ,0.684319135238505
TGFb_Immunosuppression,BS_CB6VK7PB,0.640079349351717
TGFb_Immunosuppression,BS_ED8G98XT,0.611264587388365
TGFb_Immunosuppression,BS_FCX6DZ0J,0.67526466789521
TGFb_Immunosuppression,BS_FYRDYBMZ,0.618482560586814
TGFb_Immunosuppression,BS_H1XPVS9A,0.635014215661494
TGFb_Immunosuppression,BS_QRNSKFMS,0.65648010420672
TGFb_Immunosuppression,BS_R13X6TMW,0.57704816432714
TGFb_Immunosuppression,BS_RJMJ935A,0.679407792754546
TGFb_Immunosuppression,BS_RWJZFTP9,0.617969144056736
TGFb_Immunosuppression,BS_S20SP0WW,0.710333010123878
TGFb_Immunosuppression,BS_SB12W1XT,0.660973021990142
TGFb_Immunosuppression,BS_T0MXH2CA,0.637576338122613
TGFb_Immunosuppression,BS_T1W4JA94,0.622379600426286
TGFb_Immunosuppression,BS_T289QKBV,0.660085084831074
TGFb_Immunosuppression,BS_T3H5AY8A,0.688500946344852
TGFb_Immunosuppression,BS_TVV122JG,0.610243009294009
TGFb_Immunosuppression,BS_VW85Q4XJ,0.680868140717839
TGFb_Immunosuppression,BS_W97QQYKQ,0.684052647709137
TGFb_Immunosuppression,BS_WYMX429C,0.631131182233765
TGFb_Immunosuppression,BS_YR1XY6SF,0.632661792079318
TGFb_Immunosuppression,BS_014EVM2D,0.6854277805958
TGFb_Immunosuppression,BS_044XZ8ST,0.62867881394294
TGFb_Immunosuppression,BS_063ERW0R,0.555167751625578
TGFb_Immunosuppression,BS_0D5VRAKC,0.699085759415036
TGFb_Immunosuppression,BS_0J9SHHSC,0.64397822210988
TGFb_Immunosuppression,BS_0SCXXM6N,0.680962265406234
TGFb_Immunosuppression,BS_0TDWG2CV,0.68890878171737
TGFb_Immunosuppression,BS_0WVJYM9R,0.668028216413718
TGFb_Immunosuppression,BS_0X9EGHY2,0.599118347991749
TGFb_Immunosuppression,BS_0Y5J2AQ4,0.629159091223599
TGFb_Immunosuppression,BS_13CGKADW,0.636538825409379
TGFb_Immunosuppression,BS_166N7SZQ,0.62727089383484
TGFb_Immunosuppression,BS_17WYVEEC,0.588370182734679
TGFb_Immunosuppression,BS_1G3WYEN3,0.608481125725522
TGFb_Immunosuppression,BS_1HYS8CSC,0.671981107417936
TGFb_Immunosuppression,BS_1JDG6JV5,0.659507978985248
TGFb_Immunosuppression,BS_1KYGSMA7,0.662359377563432
TGFb_Immunosuppression,BS_1N76FQZY,0.619576164149717
TGFb_Immunosuppression,BS_1NPD7PVG,0.609713424186762
TGFb_Immunosuppression,BS_1Z9AX9JS,0.627586223167133
TGFb_Immunosuppression,BS_1ZVXF5FE,0.600287785886694
TGFb_Immunosuppression,BS_21RE8W46,0.629554048103744
TGFb_Immunosuppression,BS_24AHZ9ZW,0.673405702190979
TGFb_Immunosuppression,BS_2720P44V,0.706741618661726
TGFb_Immunosuppression,BS_27FYYPJG,0.638453363706516
TGFb_Immunosuppression,BS_29TRQXWM,0.619830337056685
TGFb_Immunosuppression,BS_2ADZNNV4,0.660366228062735
TGFb_Immunosuppression,BS_2EMW8ZG3,0.637072711982008
TGFb_Immunosuppression,BS_2K3FVT86,0.667445189698081
TGFb_Immunosuppression,BS_2KJ2YAZR,0.635814076868027
TGFb_Immunosuppression,BS_2QCQYY6M,0.630472772318397
TGFb_Immunosuppression,BS_2WPQ8YCW,0.613990724310963
TGFb_Immunosuppression,BS_2XM08BFY,0.648599460642495
TGFb_Immunosuppression,BS_2YCJV2VV,0.646034139243484
TGFb_Immunosuppression,BS_304SPN6B,0.632543922256582
TGFb_Immunosuppression,BS_33AQSPRP,0.646109425990776
TGFb_Immunosuppression,BS_3G3KWY18,0.639867444857717
TGFb_Immunosuppression,BS_3GAN6Q43,0.626892458565385
TGFb_Immunosuppression,BS_3P20Q2C3,0.51925672298635
TGFb_Immunosuppression,BS_3PYESPHA,0.617859604586112
TGFb_Immunosuppression,BS_3Q0GTSYH,0.637696693275159
TGFb_Immunosuppression,BS_3TJHY996,0.65342764938634
TGFb_Immunosuppression,BS_3XY76V8T,0.635276360571523
TGFb_Immunosuppression,BS_3Y2X2RBJ,0.642334879529222
TGFb_Immunosuppression,BS_401R3KV0,0.653574394270329
TGFb_Immunosuppression,BS_42DY6WS7,0.589817963706776
TGFb_Immunosuppression,BS_42Y3YANN,0.645471928183955
TGFb_Immunosuppression,BS_470DYRJQ,0.650783602911808
TGFb_Immunosuppression,BS_47SJZ3PH,0.628207426143707
TGFb_Immunosuppression,BS_49852ZBH,0.634921606884563
TGFb_Immunosuppression,BS_4A45GGSW,0.621597076803855
TGFb_Immunosuppression,BS_4BWB0FA0,0.66762756254138
TGFb_Immunosuppression,BS_4CXE5XEP,0.654754780054749
TGFb_Immunosuppression,BS_4HQ3T2NC,0.638509606111147
TGFb_Immunosuppression,BS_4N1GNHX4,0.635517373921786
TGFb_Immunosuppression,BS_4NF35AF6,0.604078716591086
TGFb_Immunosuppression,BS_4TZQY7TT,0.662314517451859
TGFb_Immunosuppression,BS_4Y6BCYK5,0.638980144281308
TGFb_Immunosuppression,BS_4Z2F4P9N,0.650078044714347
TGFb_Immunosuppression,BS_503DZ8BN,0.64404893053073
TGFb_Immunosuppression,BS_52426AMF,0.694716086506428
TGFb_Immunosuppression,BS_52DAPP1Y,0.594644003978442
TGFb_Immunosuppression,BS_534XRSNB,0.615925224538314
TGFb_Immunosuppression,BS_53GQKVEX,0.620467809095478
TGFb_Immunosuppression,BS_54H90JW2,0.69010693650868
TGFb_Immunosuppression,BS_55P8HPYD,0.607020767507295
TGFb_Immunosuppression,BS_55X1W2MR,0.693872155164967
TGFb_Immunosuppression,BS_57NMZPS0,0.582483940110944
TGFb_Immunosuppression,BS_593HEWBF,0.630818218541503
TGFb_Immunosuppression,BS_5J5D3QTD,0.641716179696865
TGFb_Immunosuppression,BS_5K3R0F5D,0.599902428094563
TGFb_Immunosuppression,BS_5NWDARXG,0.675733311755691
TGFb_Immunosuppression,BS_5PEFNDCY,0.611486936203924
TGFb_Immunosuppression,BS_5PV5N4HQ,0.622577638099733
TGFb_Immunosuppression,BS_5YJEPPTP,0.651999167557904
TGFb_Immunosuppression,BS_5YYCP891,0.652622038537856
TGFb_Immunosuppression,BS_66ABA973,0.606626222060321
TGFb_Immunosuppression,BS_66HQ3E4Z,0.605737061481352
TGFb_Immunosuppression,BS_680K119G,0.637766296746224
TGFb_Immunosuppression,BS_68BW2163,0.569647755007782
TGFb_Immunosuppression,BS_699TN5RN,0.658536335761856
TGFb_Immunosuppression,BS_6HXD39AM,0.666652304642358
TGFb_Immunosuppression,BS_6N3AFF66,0.60274488639016
TGFb_Immunosuppression,BS_6TSAVMT9,0.655216787410866
TGFb_Immunosuppression,BS_6VF6VPCG,0.648667112278679
TGFb_Immunosuppression,BS_769BDPDB,0.690771924693198
TGFb_Immunosuppression,BS_76DRXZRJ,0.659219242422298
TGFb_Immunosuppression,BS_775HDFNY,0.62161992580899
TGFb_Immunosuppression,BS_7H4RFCW9,0.681757411849697
TGFb_Immunosuppression,BS_7M3FNSYK,0.622870840640139
TGFb_Immunosuppression,BS_7MGXMG6S,0.676571134406822
TGFb_Immunosuppression,BS_7N0B2CY1,0.582889433786823
TGFb_Immunosuppression,BS_7P83Z28P,0.651544157923189
TGFb_Immunosuppression,BS_7Z93ZYMS,0.657216265849565
TGFb_Immunosuppression,BS_880ESDFZ,0.62142234657304
TGFb_Immunosuppression,BS_8BF616QR,0.607090301166559
TGFb_Immunosuppression,BS_8J3B6ZB6,0.647710682945866
TGFb_Immunosuppression,BS_8QJ43WKW,0.668487052931581
TGFb_Immunosuppression,BS_8RCR7Y4B,0.579116553130591
TGFb_Immunosuppression,BS_8VAZSJEN,0.663590086084838
TGFb_Immunosuppression,BS_92HCM7BN,0.665511407489554
TGFb_Immunosuppression,BS_94MT16N2,0.578021306922538
TGFb_Immunosuppression,BS_9BJARSX3,0.652949987865713
TGFb_Immunosuppression,BS_9F09XV62,0.604700045590539
TGFb_Immunosuppression,BS_9HSGV9TJ,0.653218780513348
TGFb_Immunosuppression,BS_9JBX2E8G,0.63207569245149
TGFb_Immunosuppression,BS_9P9MB8X8,0.615493499001903
TGFb_Immunosuppression,BS_9Q6Z6VJC,0.617554990101756
TGFb_Immunosuppression,BS_9S7AG4EN,0.617826944501751
TGFb_Immunosuppression,BS_9SJWWYQ4,0.64286550109246
TGFb_Immunosuppression,BS_9YXH2CZ0,0.654693291800195
TGFb_Immunosuppression,BS_A13BMEF5,0.597981396763735
TGFb_Immunosuppression,BS_A1VEGWTR,0.627659813509473
TGFb_Immunosuppression,BS_A46RDWGM,0.539005156550586
TGFb_Immunosuppression,BS_A96FKXN5,0.61878834011822
TGFb_Immunosuppression,BS_AGVWD5K8,0.611290868006993
TGFb_Immunosuppression,BS_AM0BZ61K,0.646607246789598
TGFb_Immunosuppression,BS_AP0SZ364,0.652547402459442
TGFb_Immunosuppression,BS_ATHSTZ5R,0.668338405888602
TGFb_Immunosuppression,BS_AW7J9F9R,0.680678429104434
TGFb_Immunosuppression,BS_B0SVFK4P,0.654273382590519
TGFb_Immunosuppression,BS_B3M5SGPA,0.625317038166085
TGFb_Immunosuppression,BS_B5JM6T8K,0.630866445677048
TGFb_Immunosuppression,BS_B6JKQFKA,0.613879709628347
TGFb_Immunosuppression,BS_B7GEH89C,0.625935478412949
TGFb_Immunosuppression,BS_B7X8VXQ3,0.623151255519669
TGFb_Immunosuppression,BS_BANCTAV6,0.587947518757237
TGFb_Immunosuppression,BS_BC936YNZ,0.67674891685239
TGFb_Immunosuppression,BS_BGRPWBNG,0.662037527790954
TGFb_Immunosuppression,BS_BJBM0BN7,0.644986493754066
TGFb_Immunosuppression,BS_BKQZ550R,0.653675512767389
TGFb_Immunosuppression,BS_BN986DF6,0.603548083646694
TGFb_Immunosuppression,BS_BNECCX4D,0.645411502021013
TGFb_Immunosuppression,BS_BPSTSCBJ,0.609436651975424
TGFb_Immunosuppression,BS_BW79W2PD,0.690662728288027
TGFb_Immunosuppression,BS_C0NEVC2B,0.686357834730612
TGFb_Immunosuppression,BS_C51RB0YR,0.683037025682568
TGFb_Immunosuppression,BS_C6SKJG3N,0.660331406732332
TGFb_Immunosuppression,BS_CC6RREE4,0.672333884027727
TGFb_Immunosuppression,BS_CGB2WS2A,0.642291111416936
TGFb_Immunosuppression,BS_CKX8RW1J,0.632833381820385
TGFb_Immunosuppression,BS_CMDJJQ7K,0.657777486922341
TGFb_Immunosuppression,BS_CTR5X93B,0.637079651151258
TGFb_Immunosuppression,BS_CVGFNCBJ,0.606912344159027
TGFb_Immunosuppression,BS_D3YBV7KB,0.667108251712044
TGFb_Immunosuppression,BS_DEHJF4C7,0.672199182581118
TGFb_Immunosuppression,BS_DMJHAG9X,0.670150770498489
TGFb_Immunosuppression,BS_DMZP9G1H,0.566895154451249
TGFb_Immunosuppression,BS_DPF1CX0G,0.593613922442804
TGFb_Immunosuppression,BS_DSS3S5XD,0.677501760186658
TGFb_Immunosuppression,BS_DV86M0Y7,0.588585358348074
TGFb_Immunosuppression,BS_E2DEWCSK,0.661986875262733
TGFb_Immunosuppression,BS_E3EJHXQV,0.672870905457771
TGFb_Immunosuppression,BS_E4GC9EXR,0.676389468102808
TGFb_Immunosuppression,BS_E94QRJDW,0.63721383017997
TGFb_Immunosuppression,BS_EBMCTR80,0.617198774394288
TGFb_Immunosuppression,BS_EFEZB0ZH,0.662551087707227
TGFb_Immunosuppression,BS_EHVYJAVA,0.645968182960804
TGFb_Immunosuppression,BS_EMAJ7P3P,0.656934669467984
TGFb_Immunosuppression,BS_ET8CJXSF,0.6143355062228
TGFb_Immunosuppression,BS_EXGBH3TD,0.60120539591541
TGFb_Immunosuppression,BS_EYSS0ZDS,0.641202882253696
TGFb_Immunosuppression,BS_F1K9QTBS,0.653728245854754
TGFb_Immunosuppression,BS_F77MGAQT,0.722284954217272
TGFb_Immunosuppression,BS_F8N6CFQE,0.632159693000086
TGFb_Immunosuppression,BS_FAQQ0GCQ,0.650825563501505
TGFb_Immunosuppression,BS_FJWZ3M7V,0.634309929082541
TGFb_Immunosuppression,BS_FJZPQZ2C,0.672925712219484
TGFb_Immunosuppression,BS_FR42HY0Z,0.648441123292935
TGFb_Immunosuppression,BS_FX4WKR2R,0.589148356879357
TGFb_Immunosuppression,BS_FZ62GZGV,0.712654398971403
TGFb_Immunosuppression,BS_G1DAGKSY,0.649943799706066
TGFb_Immunosuppression,BS_G5QBBHDV,0.641818231978306
TGFb_Immunosuppression,BS_G7AGNB5G,0.565366843995233
TGFb_Immunosuppression,BS_G9XE3N9T,0.629787094256462
TGFb_Immunosuppression,BS_GCA4GET3,0.622912219342403
TGFb_Immunosuppression,BS_GHNJ4CYC,0.617033001989752
TGFb_Immunosuppression,BS_GPEGRCCT,0.593720042586008
TGFb_Immunosuppression,BS_GTZCFGRZ,0.571536798324416
TGFb_Immunosuppression,BS_GYA4V1RD,0.629049788045311
TGFb_Immunosuppression,BS_GYXSDZ56,0.670064850117581
TGFb_Immunosuppression,BS_H08FEN68,0.684551281763159
TGFb_Immunosuppression,BS_H0WF1WHE,0.69717211009896
TGFb_Immunosuppression,BS_H3FE3TH9,0.602059173647455
TGFb_Immunosuppression,BS_H8A9PSYA,0.613888710117965
TGFb_Immunosuppression,BS_H9EX5WX3,0.616298809346825
TGFb_Immunosuppression,BS_HC5M8JTC,0.697961091540148
TGFb_Immunosuppression,BS_HM0R6SXQ,0.655189106008506
TGFb_Immunosuppression,BS_HNMQ7488,0.646597695823823
TGFb_Immunosuppression,BS_HQ5BJ6MW,0.670290589290256
TGFb_Immunosuppression,BS_HQDXQ5Y4,0.631320052756996
TGFb_Immunosuppression,BS_HSHN8PBB,0.644430620945857
TGFb_Immunosuppression,BS_HSTNFPKW,0.656677633952869
TGFb_Immunosuppression,BS_HV8PFRBR,0.674180362135095
TGFb_Immunosuppression,BS_J5H5VXWY,0.705080648691573
TGFb_Immunosuppression,BS_J9M83K8T,0.639956857856562
TGFb_Immunosuppression,BS_JFVB9KXB,0.572791735164723
TGFb_Immunosuppression,BS_JGKZ54SA,0.653122513778521
TGFb_Immunosuppression,BS_JH29M4KG,0.659553451052235
TGFb_Immunosuppression,BS_JKXA3FQC,0.612855609531194
TGFb_Immunosuppression,BS_JMHG7GCN,0.609312326037238
TGFb_Immunosuppression,BS_JVA2NQFF,0.627053894482237
TGFb_Immunosuppression,BS_JWSR581E,0.638568538303384
TGFb_Immunosuppression,BS_K57A4A9D,0.56278655814636
TGFb_Immunosuppression,BS_K5802F84,0.57872891238525
TGFb_Immunosuppression,BS_K7MVS0Z7,0.621678716943819
TGFb_Immunosuppression,BS_K838XW6V,0.65493404899346
TGFb_Immunosuppression,BS_M4NVX721,0.639667529190265
TGFb_Immunosuppression,BS_M4TTKPNR,0.70448311314418
TGFb_Immunosuppression,BS_M8M56Z4Y,0.632100855510147
TGFb_Immunosuppression,BS_M8WP5T16,0.640351058421079
TGFb_Immunosuppression,BS_MBSTWZA6,0.641506896040714
TGFb_Immunosuppression,BS_MF9X3PKH,0.665398246596257
TGFb_Immunosuppression,BS_MH8RAG4A,0.756390622740648
TGFb_Immunosuppression,BS_MX92FD6D,0.661236396712231
TGFb_Immunosuppression,BS_MY9D8XZ1,0.649096182229743
TGFb_Immunosuppression,BS_N1E0H8YQ,0.64570410105158
TGFb_Immunosuppression,BS_N210XMKR,0.598031783661258
TGFb_Immunosuppression,BS_N6NE6B3W,0.521050620856461
TGFb_Immunosuppression,BS_N87X1T8T,0.695307430082553
TGFb_Immunosuppression,BS_NB5XWMJT,0.675146616235749
TGFb_Immunosuppression,BS_NBZNAG7Q,0.733050325453134
TGFb_Immunosuppression,BS_NG9X6SJA,0.654283559742416
TGFb_Immunosuppression,BS_NKEAAFMW,0.51742041374364
TGFb_Immunosuppression,BS_NPQJ20KX,0.637930311836546
TGFb_Immunosuppression,BS_NQB91P48,0.600721776591844
TGFb_Immunosuppression,BS_NRFQEQKP,0.614001356436097
TGFb_Immunosuppression,BS_NRPG5K4K,0.666697527631451
TGFb_Immunosuppression,BS_NS7GSHB9,0.627695875747883
TGFb_Immunosuppression,BS_NT9NZYFD,0.630777650577121
TGFb_Immunosuppression,BS_NY5T05AK,0.653489810878262
TGFb_Immunosuppression,BS_P2Y2NANM,0.688159094068957
TGFb_Immunosuppression,BS_PDVD0GCM,0.661058240830485
TGFb_Immunosuppression,BS_PEP9NZXN,0.597406484119893
TGFb_Immunosuppression,BS_PQ7CQFYR,0.611295549525421
TGFb_Immunosuppression,BS_PRCG6W20,0.675125881154329
TGFb_Immunosuppression,BS_Q2PBFNDF,0.632749953679506
TGFb_Immunosuppression,BS_Q3TBCK4V,0.624924168288943
TGFb_Immunosuppression,BS_Q6VH5GJ8,0.62500354329335
TGFb_Immunosuppression,BS_Q79NP5YY,0.666181410111854
TGFb_Immunosuppression,BS_QBMW69AM,0.643369816801639
TGFb_Immunosuppression,BS_QH82PBMB,0.640381257056383
TGFb_Immunosuppression,BS_QTSXW7DA,0.634280261189514
TGFb_Immunosuppression,BS_QV51J756,0.586467958941557
TGFb_Immunosuppression,BS_R244Z0WX,0.636650290239256
TGFb_Immunosuppression,BS_R3AJB6VS,0.630300086310271
TGFb_Immunosuppression,BS_R7V8BC98,0.613866550332942
TGFb_Immunosuppression,BS_R9CKW9DY,0.681610193601989
TGFb_Immunosuppression,BS_RAQFEB0S,0.663502738974883
TGFb_Immunosuppression,BS_RARBBY7C,0.686890957712538
TGFb_Immunosuppression,BS_RGSMX7QD,0.61252782442219
TGFb_Immunosuppression,BS_RMT7ABN6,0.681345898373472
TGFb_Immunosuppression,BS_RNANA568,0.637806811825841
TGFb_Immunosuppression,BS_RPJ1EPHA,0.658315074742305
TGFb_Immunosuppression,BS_RRAEQZ97,0.641222789377161
TGFb_Immunosuppression,BS_RVSEDNJ4,0.573415931949651
TGFb_Immunosuppression,BS_S1KK7XRH,0.640258415938996
TGFb_Immunosuppression,BS_S458NMKH,0.61848216011271
TGFb_Immunosuppression,BS_S50KQEXV,0.627023953630949
TGFb_Immunosuppression,BS_SDA4RMMG,0.645092021213464
TGFb_Immunosuppression,BS_SDZY6RZ3,0.648215251931393
TGFb_Immunosuppression,BS_SFKZSJN1,0.634969467877953
TGFb_Immunosuppression,BS_SH2S6SFN,0.665997623712067
TGFb_Immunosuppression,BS_SHMC4902,0.608368067980625
TGFb_Immunosuppression,BS_SJ0HXCD0,0.613835814381794
TGFb_Immunosuppression,BS_SQX5E15Z,0.658853541411386
TGFb_Immunosuppression,BS_SW8C9Y5Y,0.683253579885902
TGFb_Immunosuppression,BS_SXRS2P6T,0.6472601633242
TGFb_Immunosuppression,BS_T0RKFEKR,0.674528088677939
TGFb_Immunosuppression,BS_T2QPMZCM,0.625172577494888
TGFb_Immunosuppression,BS_T4JFN54G,0.651298801063319
TGFb_Immunosuppression,BS_T5P5ME9M,0.676381877489887
TGFb_Immunosuppression,BS_TDJXQBVY,0.687437160526922
TGFb_Immunosuppression,BS_TG93XC55,0.55668944730722
TGFb_Immunosuppression,BS_TRZZRYKF,0.639877688523235
TGFb_Immunosuppression,BS_TV80600R,0.622768523744886
TGFb_Immunosuppression,BS_TWFDEMBZ,0.646642129950636
TGFb_Immunosuppression,BS_V2G1YE8R,0.652780514129498
TGFb_Immunosuppression,BS_V33RCK1Y,0.60470921003118
TGFb_Immunosuppression,BS_V3REENH9,0.661460508373372
TGFb_Immunosuppression,BS_V72GX2AZ,0.634970440400049
TGFb_Immunosuppression,BS_V7BZ049H,0.673861818291055
TGFb_Immunosuppression,BS_V89HGTET,0.683431340146111
TGFb_Immunosuppression,BS_VARR255N,0.675243101306415
TGFb_Immunosuppression,BS_VMMJYN8Z,0.61580009635142
TGFb_Immunosuppression,BS_VTYNWK05,0.695129739491637
TGFb_Immunosuppression,BS_VZWXGYT2,0.668064759991149
TGFb_Immunosuppression,BS_WRQHPSXQ,0.578760487082911
TGFb_Immunosuppression,BS_WVS02TZK,0.566361513439365
TGFb_Immunosuppression,BS_X16PENSA,0.674225134581244
TGFb_Immunosuppression,BS_X2EDW2ZB,0.631282001749582
TGFb_Immunosuppression,BS_X5DFR216,0.662526271033442
TGFb_Immunosuppression,BS_X6GFVDVA,0.64373702730386
TGFb_Immunosuppression,BS_X91K8KMG,0.673698982219659
TGFb_Immunosuppression,BS_XGSA3GQE,0.631374356073488
TGFb_Immunosuppression,BS_XKKB4MZV,0.583873915153642
TGFb_Immunosuppression,BS_Y0PCBNJV,0.617004470181651
TGFb_Immunosuppression,BS_Y274AC0H,0.662551202547377
TGFb_Immunosuppression,BS_Y7H24JZG,0.675181383409844
TGFb_Immunosuppression,BS_Y7W8BR6B,0.634902023276164
TGFb_Immunosuppression,BS_YASWHXJC,0.683160553663645
TGFb_Immunosuppression,BS_YB2RXRHT,0.64122260784879
TGFb_Immunosuppression,BS_YCREDZTJ,0.629930693549193
TGFb_Immunosuppression,BS_YEQVW4ND,0.63204060326148
TGFb_Immunosuppression,BS_YMAJC22S,0.501317001264472
TGFb_Immunosuppression,BS_YVEEXAAT,0.702003367273633
TGFb_Immunosuppression,BS_YVMEEBKC,0.631271941944782
TGFb_Immunosuppression,BS_YWJKHMXV,0.653053292400835
TGFb_Immunosuppression,BS_YY5B2XDD,0.674972267251107
TGFb_Immunosuppression,BS_YZ2Z1Q6Y,0.562727950322381
TGFb_Immunosuppression,BS_Z0AVVB1V,0.638369903030261
TGFb_Immunosuppression,BS_Z1A875MW,0.622146001343387
TGFb_Immunosuppression,BS_Z6BWR941,0.60938346746946
TGFb_Immunosuppression,BS_Z7Y2466H,0.629686532294032
TGFb_Immunosuppression,BS_ZHHAM3AN,0.71998232425956
TGFb_Immunosuppression,BS_ZHRGDRBW,0.633783708386354
TGFb_Immunosuppression,BS_ZJY7Y34M,0.615821229270679
TGFb_Immunosuppression,BS_ZN2P8BKH,0.68922396033325
TGFb_Immunosuppression,BS_ZTWGFWTX,0.651033139454827
TGFb_Immunosuppression,BS_ZV9Z3SY6,0.64496987904135
TGFb_Immunosuppression,BS_ZVX2GRD6,0.574467441762666
TGFb_Immunosuppression,BS_ZZMYDZJW,0.665286011701638
M1_Macrophage,BS_00FD2KMP,0.331663516035406
M1_Macrophage,BS_028YFYJ6,0.361302450789724
M1_Macrophage,BS_052PZFMK,0.240392302210011
M1_Macrophage,BS_056Q8577,0.539079776544355
M1_Macrophage,BS_08ST21QE,0.428332908789334
M1_Macrophage,BS_0C7VZC0A,0.255691599479735
M1_Macrophage,BS_0S8E7590,0.541235728826816
M1_Macrophage,BS_0VXZCRJS,0.366842563770056
M1_Macrophage,BS_0XEBS3PG,0.265230830099682
M1_Macrophage,BS_0ZA67BBC,0.3363057127581
M1_Macrophage,BS_12G04QJM,0.35846291671689
M1_Macrophage,BS_17ZSMXFH,0.302117056765029
M1_Macrophage,BS_1A6MQ9ZA,0.429068725737342
M1_Macrophage,BS_1D93Z575,0.348552754422544
M1_Macrophage,BS_1EN5V3XW,0.229612672764418
M1_Macrophage,BS_223BM91B,0.520768948544909
M1_Macrophage,BS_25HNKZ79,0.43147715268016
M1_Macrophage,BS_2853394H,0.327209743255471
M1_Macrophage,BS_297H8BT4,0.471081310757978
M1_Macrophage,BS_29X4ZX6Q,0.248781752576891
M1_Macrophage,BS_2A5R9MEJ,0.282906121325096
M1_Macrophage,BS_2ARXK0TD,0.462744178552052
M1_Macrophage,BS_2AV1H5TV,0.370527590784848
M1_Macrophage,BS_2DMBCHNF,0.531320166465963
M1_Macrophage,BS_2EN3X6HB,0.385195399226806
M1_Macrophage,BS_2FEZWH1F,0.524294808503671
M1_Macrophage,BS_2HNXVFAS,0.280545511137904
M1_Macrophage,BS_2JH1QMT1,0.318411365138054
M1_Macrophage,BS_2JP7RBMB,0.345629298408768
M1_Macrophage,BS_2K01T8K6,0.444827112154844
M1_Macrophage,BS_2PDS3MSS,0.422174239684537
M1_Macrophage,BS_2T5PJAW8,0.451342153408029
M1_Macrophage,BS_2WANPFBJ,0.44895840528487
M1_Macrophage,BS_30F3Z9FS,0.450664684300292
M1_Macrophage,BS_30VC3R2Q,0.342419509702621
M1_Macrophage,BS_30YWQ3FY,0.449183902528784
M1_Macrophage,BS_31MBRWC4,0.468993482991623
M1_Macrophage,BS_333KCNDP,0.555524887291251
M1_Macrophage,BS_399RPKC9,0.352322638207615
M1_Macrophage,BS_3AC3SRWH,0.268755419827458
M1_Macrophage,BS_3MS8WVNR,0.292970264953437
M1_Macrophage,BS_3ZPJAK9A,0.366764185969432
M1_Macrophage,BS_45J79YTF,0.209776008572122
M1_Macrophage,BS_49BQS7Z6,0.289253547608751
M1_Macrophage,BS_49CJNZ06,0.340661090400571
M1_Macrophage,BS_4B0BAVTX,0.429273490255062
M1_Macrophage,BS_4BM3F6XJ,0.413860878468896
M1_Macrophage,BS_4C6B11E4,0.389577357106878
M1_Macrophage,BS_4GNN7J8E,0.600863869379864
M1_Macrophage,BS_4KNBXM3C,0.450468076214574
M1_Macrophage,BS_4Q3KRCZT,0.498449948500715
M1_Macrophage,BS_4QW2S1Q8,0.497965025682989
M1_Macrophage,BS_4T0HQ9QF,0.387941920168041
M1_Macrophage,BS_4V42BXBT,0.336198204121091
M1_Macrophage,BS_51RA1PGE,0.400333223751761
M1_Macrophage,BS_52C576HH,0.303527639544084
M1_Macrophage,BS_5965SFPZ,0.28429894851398
M1_Macrophage,BS_5EFYPZT0,0.281067922255536
M1_Macrophage,BS_5G5BD2MD,0.521668104763778
M1_Macrophage,BS_5K95FX4C,0.519154652113349
M1_Macrophage,BS_5KBXD2GQ,0.303015466692361
M1_Macrophage,BS_5PXZ8F7W,0.377594857037912
M1_Macrophage,BS_5VPM0F36,0.574913564529859
M1_Macrophage,BS_62SW4CC5,0.585944289027884
M1_Macrophage,BS_65WPD3DA,0.392626366466651
M1_Macrophage,BS_68KX6A42,0.503849484853797
M1_Macrophage,BS_6DCSD5Y6,0.217628648173999
M1_Macrophage,BS_6H4Q24WA,0.489733211664058
M1_Macrophage,BS_6M2053M0,0.455852255796633
M1_Macrophage,BS_6SY64H5J,0.611303862755602
M1_Macrophage,BS_6VRG1XFB,0.366444751785322
M1_Macrophage,BS_6WP1FHTE,0.453619129783304
M1_Macrophage,BS_7327SDAQ,0.318109525159968
M1_Macrophage,BS_75YRDXET,0.640305060198104
M1_Macrophage,BS_77SBTNPN,0.352731960715395
M1_Macrophage,BS_7AEF4D4G,0.450457470186414
M1_Macrophage,BS_7APCGCVF,0.401159753553854
M1_Macrophage,BS_7GJT4A6A,0.245091145778888
M1_Macrophage,BS_7GKWKGPH,0.445831235003776
M1_Macrophage,BS_7PVJ6Q3D,0.266094106515669
M1_Macrophage,BS_7WKNNRHK,0.407866470810617
M1_Macrophage,BS_84VZX732,0.400749421830394
M1_Macrophage,BS_84XCR9GG,0.380696414201372
M1_Macrophage,BS_8E8JKP01,0.270413967968612
M1_Macrophage,BS_8ERBDF7D,0.301573993883568
M1_Macrophage,BS_8JK9TXH2,0.407895631503637
M1_Macrophage,BS_8VD670NP,0.340194737485088
M1_Macrophage,BS_8YWYN7VH,0.49354019426258
M1_Macrophage,BS_8ZE4Z9G5,0.47227721652024
M1_Macrophage,BS_8ZY4GST0,0.341368974640494
M1_Macrophage,BS_91VYM11A,0.316677349015965
M1_Macrophage,BS_956G6QPJ,0.358729455948242
M1_Macrophage,BS_97M1E2DW,0.234817842710959
M1_Macrophage,BS_9A1YTHFF,0.511938716121881
M1_Macrophage,BS_9B0A62MT,0.437389394563203
M1_Macrophage,BS_9CA93S6D,0.139326695190792
M1_Macrophage,BS_9FHEFJNP,0.414016503414991
M1_Macrophage,BS_9FX3YREK,0.236476351271793
M1_Macrophage,BS_9GJ3DB1H,0.49030176421256
M1_Macrophage,BS_9JPQZQNG,0.309346681781068
M1_Macrophage,BS_9TXEDSWB,0.35259172763394
M1_Macrophage,BS_9XVACXP0,0.265267900015735
M1_Macrophage,BS_9Y1K14Q5,0.338483388383632
M1_Macrophage,BS_9ZJT0CP0,0.36082690192985
M1_Macrophage,BS_A4PF49V0,0.312286674392802
M1_Macrophage,BS_A6NXR7RC,0.371326418090377
M1_Macrophage,BS_A7Q8G0Y1,0.297872134682735
M1_Macrophage,BS_A8XW5S0W,0.465452008605906
M1_Macrophage,BS_AWH9757B,0.303855136375115
M1_Macrophage,BS_AYSXRQWY,0.41197180128424
M1_Macrophage,BS_AZQM1JJH,0.475200487594617
M1_Macrophage,BS_B1C6GZ84,0.329234813578578
M1_Macrophage,BS_B3MQFFYP,0.524087380086663
M1_Macrophage,BS_B4R7X1KE,0.298041956268777
M1_Macrophage,BS_B57327NA,0.411309688237659
M1_Macrophage,BS_BBAEMXRD,0.307228490861717
M1_Macrophage,BS_BBQ6BHGN,0.324763006594723
M1_Macrophage,BS_BK0HGRXM,0.42637840109231
M1_Macrophage,BS_BMMY0H73,0.38353919241292
M1_Macrophage,BS_C6ZZ3FY5,0.331476162918799
M1_Macrophage,BS_C83TK159,0.400859716655122
M1_Macrophage,BS_CBDQZ8PP,0.240262549068564
M1_Macrophage,BS_CF63VG3S,0.411198755629184
M1_Macrophage,BS_CFD3WHAY,0.477908998100701
M1_Macrophage,BS_CG1RG607,0.559241350148268
M1_Macrophage,BS_CVEDJGHZ,0.504170215963247
M1_Macrophage,BS_CXAQDK7S,0.578826877314368
M1_Macrophage,BS_CZPQ493E,0.41830067515973
M1_Macrophage,BS_D29RPBSZ,0.368967251432938
M1_Macrophage,BS_D4VNDNQA,0.306940649027338
M1_Macrophage,BS_D6J2BGDJ,0.249876677391896
M1_Macrophage,BS_DFGS950G,0.261485748409861
M1_Macrophage,BS_DNZVP92S,0.414152779106945
M1_Macrophage,BS_DR079H0D,0.360430549290601
M1_Macrophage,BS_DS438CXE,0.140980381419668
M1_Macrophage,BS_DSPVSM7D,0.314863187949087
M1_Macrophage,BS_DZNXFPH1,0.528904041428654
M1_Macrophage,BS_E7NVYA6G,0.515419853659965
M1_Macrophage,BS_E9CYN4NP,0.314239179530989
M1_Macrophage,BS_EB0XRBT9,0.52342779172941
M1_Macrophage,BS_EDJ5TV0P,0.33369037494404
M1_Macrophage,BS_EMQM7HTA,0.423331935072372
M1_Macrophage,BS_ENEYB4TG,0.517273653036356
M1_Macrophage,BS_EXPJQZTH,0.457287753763721
M1_Macrophage,BS_EZ3147MX,0.36926378388221
M1_Macrophage,BS_F0JB4EAK,0.354012547476522
M1_Macrophage,BS_F21R36MM,0.408023930350777
M1_Macrophage,BS_F65GWS21,0.296517494234355
M1_Macrophage,BS_F6V1Y4QS,0.344119345749793
M1_Macrophage,BS_F9Y4Z92G,0.214477984765032
M1_Macrophage,BS_FCDAH728,0.431807592145693
M1_Macrophage,BS_FEV5A0HN,0.157018077439797
M1_Macrophage,BS_FGJH1X0S,0.28941205351464
M1_Macrophage,BS_FKASA3MN,0.159887077417068
M1_Macrophage,BS_FN07P04C,0.2133871651625
M1_Macrophage,BS_FX2P2WEG,0.380716273017507
M1_Macrophage,BS_FXJY0MNH,0.420557962946347
M1_Macrophage,BS_FYP2B298,0.33209851050196
M1_Macrophage,BS_G19QZG4S,0.363918513593419
M1_Macrophage,BS_G1E5DATJ,0.401250203981527
M1_Macrophage,BS_G257VSS9,0.277546087657737
M1_Macrophage,BS_G3NN392N,0.447320604453392
M1_Macrophage,BS_G3RJTBZD,0.217916455297903
M1_Macrophage,BS_G5NHSFD4,0.257054453973949
M1_Macrophage,BS_G8TXTX0H,0.348724397119758
M1_Macrophage,BS_GG9W3J9Y,0.236182225491527
M1_Macrophage,BS_GW0GKWMS,0.291751220431215
M1_Macrophage,BS_GWHYM3R4,0.356990652342136
M1_Macrophage,BS_GWSJ4Z9H,0.548769431417276
M1_Macrophage,BS_H5VQJR7X,0.364326785318911
M1_Macrophage,BS_H97S5SQN,0.401337036986441
M1_Macrophage,BS_H9JYKFTV,0.437706565026259
M1_Macrophage,BS_HDHXX8Q7,0.38230117248502
M1_Macrophage,BS_HDPCQETG,0.478790427808593
M1_Macrophage,BS_HJRTC9JQ,0.387802163657428
M1_Macrophage,BS_HJV0J603,0.550716413620149
M1_Macrophage,BS_HRJ9145M,0.509321863338969
M1_Macrophage,BS_HWGWYCY7,0.4561658533535
M1_Macrophage,BS_HZ9AYDCQ,0.481158445821862
M1_Macrophage,BS_J4JY2F3H,0.449700786044639
M1_Macrophage,BS_J6212Y48,0.361734678529977
M1_Macrophage,BS_J6W1RB7A,0.405439160566953
M1_Macrophage,BS_J9CBGP57,0.290484237929183
M1_Macrophage,BS_JB43XBCQ,0.526066525527452
M1_Macrophage,BS_JDSNFYQ0,0.452047841771129
M1_Macrophage,BS_JJVH7WR0,0.263620239627416
M1_Macrophage,BS_JMD386Z2,0.358376790795705
M1_Macrophage,BS_JP95KMRD,0.465146280783772
M1_Macrophage,BS_JQGJQ2QZ,0.420980669310408
M1_Macrophage,BS_JQVAWTTM,0.383378106684616
M1_Macrophage,BS_JQXHHK0K,0.242504389509833
M1_Macrophage,BS_JRYJGYC4,0.384229284473684
M1_Macrophage,BS_JS95PE0J,0.41570495609369
M1_Macrophage,BS_JTWNJ8T7,0.127035304072086
M1_Macrophage,BS_JVW2JJ39,0.159572110401044
M1_Macrophage,BS_K0X3PZGN,0.593886057480879
M1_Macrophage,BS_K17VQECG,0.367910649684849
M1_Macrophage,BS_K2PCC777,0.51171325584938
M1_Macrophage,BS_K74N1BXQ,0.405248978571998
M1_Macrophage,BS_K81PZXP2,0.468052835265208
M1_Macrophage,BS_K88T8SW7,0.639710159986187
M1_Macrophage,BS_KABQQA0T,0.26288360283335
M1_Macrophage,BS_KBEX4RT2,0.404470595102782
M1_Macrophage,BS_KFD5128N,0.311427542881819
M1_Macrophage,BS_KKDTW11T,0.294551437206677
M1_Macrophage,BS_KP735TJ6,0.241704724946548
M1_Macrophage,BS_KQ6ZW085,0.309927267271765
M1_Macrophage,BS_KRS4EV4X,0.369257136416482
M1_Macrophage,BS_KS8HMGA6,0.468632259812569
M1_Macrophage,BS_KVPWHDR4,0.403862316861992
M1_Macrophage,BS_M0FA190Y,0.452348272449097
M1_Macrophage,BS_M0XGZ53Z,0.210642110296926
M1_Macrophage,BS_M1PVEHCM,0.214606684279999
M1_Macrophage,BS_M54TWTH4,0.431028548434935
M1_Macrophage,BS_M7XB258E,0.554855129483601
M1_Macrophage,BS_M85CXHDV,0.428608814770663
M1_Macrophage,BS_MB7WN0ZB,0.350273316296538
M1_Macrophage,BS_MD0937XT,0.198420959550639
M1_Macrophage,BS_MDBT7S5Z,0.221392930163666
M1_Macrophage,BS_ME6VQGG4,0.314349123659834
M1_Macrophage,BS_MFGZH8FK,0.354141197255468
M1_Macrophage,BS_MG78HQDM,0.187688833458612
M1_Macrophage,BS_MWWZBQ60,0.368995631276972
M1_Macrophage,BS_N6TQBQ8M,0.345491150816907
M1_Macrophage,BS_N7SW36FD,0.435489010197643
M1_Macrophage,BS_N7VQ1GQB,0.386905170502152
M1_Macrophage,BS_NB9XXBW6,0.353328632906128
M1_Macrophage,BS_NEFAASTR,0.447739568130983
M1_Macrophage,BS_NEVYM2FP,0.389252219919939
M1_Macrophage,BS_NFKKDYSV,0.458078027370975
M1_Macrophage,BS_NGSG2KB6,0.543948888516754
M1_Macrophage,BS_NNYXMSTX,0.438697512195112
M1_Macrophage,BS_NPA6CZQF,0.300789705234316
M1_Macrophage,BS_NQ54ST98,0.370217371946584
M1_Macrophage,BS_NR3P3GN2,0.40163170193596
M1_Macrophage,BS_NX1R0BC3,0.444205104246027
M1_Macrophage,BS_P0QF87WC,0.39993257170759
M1_Macrophage,BS_P4PMWFMV,0.347237435039924
M1_Macrophage,BS_P7W3AYKV,0.402502803278482
M1_Macrophage,BS_PENM28KT,0.329187800558149
M1_Macrophage,BS_PJC6FH4Y,0.514217328857154
M1_Macrophage,BS_PS0P3QJ3,0.313532384336261
M1_Macrophage,BS_PXCPK5XS,0.355636214482826
M1_Macrophage,BS_PZVHMSYN,0.30983245149824
M1_Macrophage,BS_Q06J3RYW,0.44470719223987
M1_Macrophage,BS_Q35GFYDR,0.362184751088798
M1_Macrophage,BS_Q9N5PRD5,0.352727853987978
M1_Macrophage,BS_QB84TBA3,0.240339814981215
M1_Macrophage,BS_QGKEP3KB,0.466852105362158
M1_Macrophage,BS_QH0VYVJK,0.414545490748896
M1_Macrophage,BS_QHY302E8,0.440557690800682
M1_Macrophage,BS_QMBS32Y2,0.354648206921137
M1_Macrophage,BS_QNNX91SM,0.440828588365149
M1_Macrophage,BS_QY2G1JZJ,0.453610765026903
M1_Macrophage,BS_QYA4TQXX,0.330250735319315
M1_Macrophage,BS_R5JQE0VJ,0.344448626516412
M1_Macrophage,BS_R5SNFB5B,0.177200780169362
M1_Macrophage,BS_R9B92M75,0.414314884388851
M1_Macrophage,BS_RHAWQJ48,0.457232889003546
M1_Macrophage,BS_RHM60031,0.408084919318305
M1_Macrophage,BS_RJC3WDD6,0.0847181413020071
M1_Macrophage,BS_RN0VAY51,0.40327498511731
M1_Macrophage,BS_RX1YTZ7F,0.31301957849921
M1_Macrophage,BS_RZBFH1QF,0.189277423075528
M1_Macrophage,BS_S2TA8R29,0.424138576815448
M1_Macrophage,BS_S3C2PZAH,0.430440210275055
M1_Macrophage,BS_S3MET0JZ,0.292386239677114
M1_Macrophage,BS_S4V9E1XJ,0.471675845373463
M1_Macrophage,BS_S5P8VTN5,0.408747540462148
M1_Macrophage,BS_S6B9DVNS,0.21376239688254
M1_Macrophage,BS_S6S7SK3P,0.275603581139316
M1_Macrophage,BS_S8K878T3,0.542467290533867
M1_Macrophage,BS_SBMAM00V,0.385151093260231
M1_Macrophage,BS_SBMCD7XZ,0.456478417052801
M1_Macrophage,BS_SD0EMK7Y,0.456236129054957
M1_Macrophage,BS_SD8YBRBR,0.21953973515358
M1_Macrophage,BS_SERDGASJ,0.462741178614527
M1_Macrophage,BS_SJVTZ5TH,0.429225679347104
M1_Macrophage,BS_SMWQR2F1,0.391107402895186
M1_Macrophage,BS_SNVM7CZT,0.460934277886205
M1_Macrophage,BS_SR2RGDXJ,0.401281404252577
M1_Macrophage,BS_SW9Z10F9,0.466258976530463
M1_Macrophage,BS_SY3J3XR9,0.216522144355286
M1_Macrophage,BS_T1YHK6B7,0.330687365398742
M1_Macrophage,BS_T2F48Z4E,0.443110179904881
M1_Macrophage,BS_T9A8JJW5,0.327898946253494
M1_Macrophage,BS_TASG32Z2,0.321613093394894
M1_Macrophage,BS_TGS109T3,0.341007363102676
M1_Macrophage,BS_TM9MH0RP,0.359928280559372
M1_Macrophage,BS_TR2P8KRF,0.370030375183072
M1_Macrophage,BS_TRKH2SPE,0.248409683576242
M1_Macrophage,BS_TRPXB3AV,0.388832148400759
M1_Macrophage,BS_TTDNZTZ0,0.514270461903822
M1_Macrophage,BS_TTE04ZP8,0.477554712127058
M1_Macrophage,BS_TV5B86ZD,0.254181607947034
M1_Macrophage,BS_TVH33J9Q,0.357396278286818
M1_Macrophage,BS_TXZ7KHTQ,0.354470804436711
M1_Macrophage,BS_V0DQFC75,0.317672657301362
M1_Macrophage,BS_V3Z3DB4N,0.277897533981941
M1_Macrophage,BS_V558NW3Q,0.562244368517159
M1_Macrophage,BS_V6RSB5HQ,0.277103258703626
M1_Macrophage,BS_V8QWBVS3,0.629903831633401
M1_Macrophage,BS_VBMRQK4F,0.410849259830029
M1_Macrophage,BS_VDFXXMEX,0.282979728668764
M1_Macrophage,BS_VF3NVT4G,0.455012828280683
M1_Macrophage,BS_VKH87DD2,0.432635060160672
M1_Macrophage,BS_VKHJG2B8,0.401462654455232
M1_Macrophage,BS_VKYEM67A,0.437619507896694
M1_Macrophage,BS_VMQMGSJY,0.387626211575928
M1_Macrophage,BS_VVTHDRBD,0.343448577477578
M1_Macrophage,BS_W1385R8Y,0.342252864117677
M1_Macrophage,BS_W4DB5RP1,0.227924745742568
M1_Macrophage,BS_W7MFJZ5A,0.540713021564424
M1_Macrophage,BS_WBVSK3MP,0.174182793244478
M1_Macrophage,BS_WEKK6SHP,0.431877219671311
M1_Macrophage,BS_WHBEXD5H,0.409854121649913
M1_Macrophage,BS_WQ1YRTAT,0.127158692903556
M1_Macrophage,BS_WTJEDTZC,0.367688129773292
M1_Macrophage,BS_WVRX4C9Z,0.493342950822583
M1_Macrophage,BS_X0XXN9BK,0.447379536043059
M1_Macrophage,BS_X1G0TKP4,0.383428670262053
M1_Macrophage,BS_X20JCR4H,0.470777418136956
M1_Macrophage,BS_X23724NJ,0.332656175476659
M1_Macrophage,BS_X3HR4Z21,0.401334393074224
M1_Macrophage,BS_X4DD4KSZ,0.573351061795886
M1_Macrophage,BS_X4X1SFSE,0.256303531938191
M1_Macrophage,BS_XG0DBWVT,0.277182630039258
M1_Macrophage,BS_XGDPK33A,0.398083162218771
M1_Macrophage,BS_XM1AHBDJ,0.274110513598954
M1_Macrophage,BS_XQ5SFW35,0.320511161071893
M1_Macrophage,BS_XQXXBWPD,0.438695853129978
M1_Macrophage,BS_XYVCMF4A,0.313320000543279
M1_Macrophage,BS_XZM79E42,0.418389547069428
M1_Macrophage,BS_YA0KMBRT,0.330185703870403
M1_Macrophage,BS_YDEVMD24,0.361998489549938
M1_Macrophage,BS_YMKQT5V0,0.503200884734533
M1_Macrophage,BS_YR12D1ZY,0.487622408644457
M1_Macrophage,BS_YSZRQ95C,0.389957658774039
M1_Macrophage,BS_YTWEM5SG,0.538861458600382
M1_Macrophage,BS_YZ2QFDAN,0.398727995699604
M1_Macrophage,BS_Z0ZPD9S9,0.433065157604668
M1_Macrophage,BS_Z3RCA1T9,0.46242995096761
M1_Macrophage,BS_Z8F3GM85,0.383904389458555
M1_Macrophage,BS_ZD5HN296,0.573706286089458
M1_Macrophage,BS_ZF6BSFNF,0.339112050531283
M1_Macrophage,BS_ZM97KKXE,0.441854315471335
M1_Macrophage,BS_ZV1P6W9C,0.262238833822844
M1_Macrophage,BS_ZVM8CAB0,0.565491908761671
M1_Macrophage,BS_ZZWMD6FA,0.43274323110129
M1_Macrophage,BS_06AMMCXR,0.388769189335593
M1_Macrophage,BS_08TWG4K0,0.6867482220084
M1_Macrophage,BS_1DECYC4K,0.433673734932193
M1_Macrophage,BS_2A5R9D97,0.462236365351139
M1_Macrophage,BS_3VJ0CA6A,0.425927398477592
M1_Macrophage,BS_3XYJBBHQ,0.606217681097211
M1_Macrophage,BS_4C4MZ4NT,0.410680576061637
M1_Macrophage,BS_4PPHAQXF,0.338726939449329
M1_Macrophage,BS_4SMPV083,0.491356318382594
M1_Macrophage,BS_A76PNWQS,0.426933066150121
M1_Macrophage,BS_BZCTXEPJ,0.431343698960515
M1_Macrophage,BS_CB6VK7PB,0.317223310386606
M1_Macrophage,BS_ED8G98XT,0.326606914681155
M1_Macrophage,BS_FCX6DZ0J,0.498783476226361
M1_Macrophage,BS_FYRDYBMZ,0.343744455463114
M1_Macrophage,BS_H1XPVS9A,0.444379201884318
M1_Macrophage,BS_QRNSKFMS,0.454704460354855
M1_Macrophage,BS_R13X6TMW,0.320718299063456
M1_Macrophage,BS_RJMJ935A,0.519334992245881
M1_Macrophage,BS_RWJZFTP9,0.291579051850146
M1_Macrophage,BS_S20SP0WW,0.516632989520617
M1_Macrophage,BS_SB12W1XT,0.433783408591749
M1_Macrophage,BS_T0MXH2CA,0.362681261526738
M1_Macrophage,BS_T1W4JA94,0.318136180101118
M1_Macrophage,BS_T289QKBV,0.428110551621919
M1_Macrophage,BS_T3H5AY8A,0.44384499197144
M1_Macrophage,BS_TVV122JG,0.311075400839056
M1_Macrophage,BS_VW85Q4XJ,0.481028316429969
M1_Macrophage,BS_W97QQYKQ,0.544445932887901
M1_Macrophage,BS_WYMX429C,0.42642991061207
M1_Macrophage,BS_YR1XY6SF,0.401050175781333
M1_Macrophage,BS_014EVM2D,0.476392481478267
M1_Macrophage,BS_044XZ8ST,0.367605696102499
M1_Macrophage,BS_063ERW0R,0.205406707137641
M1_Macrophage,BS_0D5VRAKC,0.543142209010256
M1_Macrophage,BS_0J9SHHSC,0.351626147828197
M1_Macrophage,BS_0SCXXM6N,0.448401273024825
M1_Macrophage,BS_0TDWG2CV,0.503068128052838
M1_Macrophage,BS_0WVJYM9R,0.303505646821719
M1_Macrophage,BS_0X9EGHY2,0.194694813791877
M1_Macrophage,BS_0Y5J2AQ4,0.356213783007243
M1_Macrophage,BS_13CGKADW,0.271606876528679
M1_Macrophage,BS_166N7SZQ,0.354615209803103
M1_Macrophage,BS_17WYVEEC,0.220195766870697
M1_Macrophage,BS_1G3WYEN3,0.288437096619407
M1_Macrophage,BS_1HYS8CSC,0.495417350492403
M1_Macrophage,BS_1JDG6JV5,0.476144142827666
M1_Macrophage,BS_1KYGSMA7,0.470860877452662
M1_Macrophage,BS_1N76FQZY,0.336442622286775
M1_Macrophage,BS_1NPD7PVG,0.409936406329657
M1_Macrophage,BS_1Z9AX9JS,0.35139678409202
M1_Macrophage,BS_1ZVXF5FE,0.258948064495601
M1_Macrophage,BS_21RE8W46,0.319859944149332
M1_Macrophage,BS_24AHZ9ZW,0.361982886835055
M1_Macrophage,BS_2720P44V,0.497023214959573
M1_Macrophage,BS_27FYYPJG,0.337929220413324
M1_Macrophage,BS_29TRQXWM,0.430294581554331
M1_Macrophage,BS_2ADZNNV4,0.323534290337287
M1_Macrophage,BS_2EMW8ZG3,0.311101867997659
M1_Macrophage,BS_2K3FVT86,0.465023835203482
M1_Macrophage,BS_2KJ2YAZR,0.414404314463191
M1_Macrophage,BS_2QCQYY6M,0.505648975706914
M1_Macrophage,BS_2WPQ8YCW,0.329894469566784
M1_Macrophage,BS_2XM08BFY,0.485836409334339
M1_Macrophage,BS_2YCJV2VV,0.396019559747462
M1_Macrophage,BS_304SPN6B,0.350783032571256
M1_Macrophage,BS_33AQSPRP,0.415341065258896
M1_Macrophage,BS_3G3KWY18,0.410753724216133
M1_Macrophage,BS_3GAN6Q43,0.38983926442725
M1_Macrophage,BS_3P20Q2C3,0.192275673895841
M1_Macrophage,BS_3PYESPHA,0.244277953790326
M1_Macrophage,BS_3Q0GTSYH,0.310440530670999
M1_Macrophage,BS_3TJHY996,0.423137778019395
M1_Macrophage,BS_3XY76V8T,0.310081534482172
M1_Macrophage,BS_3Y2X2RBJ,0.538126007735697
M1_Macrophage,BS_401R3KV0,0.33883896246755
M1_Macrophage,BS_42DY6WS7,0.27707510877082
M1_Macrophage,BS_42Y3YANN,0.379545379585917
M1_Macrophage,BS_470DYRJQ,0.329528195828561
M1_Macrophage,BS_47SJZ3PH,0.337424746909563
M1_Macrophage,BS_49852ZBH,0.454809872492988
M1_Macrophage,BS_4A45GGSW,0.322074166924147
M1_Macrophage,BS_4BWB0FA0,0.427803589103812
M1_Macrophage,BS_4CXE5XEP,0.432021563322548
M1_Macrophage,BS_4HQ3T2NC,0.387424652871443
M1_Macrophage,BS_4N1GNHX4,0.447870673683189
M1_Macrophage,BS_4NF35AF6,0.274439714103906
M1_Macrophage,BS_4TZQY7TT,0.479624791822346
M1_Macrophage,BS_4Y6BCYK5,0.32687523959455
M1_Macrophage,BS_4Z2F4P9N,0.342804668607138
M1_Macrophage,BS_503DZ8BN,0.492221061382427
M1_Macrophage,BS_52426AMF,0.387780740925029
M1_Macrophage,BS_52DAPP1Y,0.368899765620157
M1_Macrophage,BS_534XRSNB,0.444841803431846
M1_Macrophage,BS_53GQKVEX,0.319965304324144
M1_Macrophage,BS_54H90JW2,0.486870370280897
M1_Macrophage,BS_55P8HPYD,0.271581800345175
M1_Macrophage,BS_55X1W2MR,0.571858834160302
M1_Macrophage,BS_57NMZPS0,0.307465002593859
M1_Macrophage,BS_593HEWBF,0.401117912861304
M1_Macrophage,BS_5J5D3QTD,0.41591028280528
M1_Macrophage,BS_5K3R0F5D,0.354372490958711
M1_Macrophage,BS_5NWDARXG,0.37943690880144
M1_Macrophage,BS_5PEFNDCY,0.227754203584769
M1_Macrophage,BS_5PV5N4HQ,0.324553132440889
M1_Macrophage,BS_5YJEPPTP,0.356296200188308
M1_Macrophage,BS_5YYCP891,0.429797486481817
M1_Macrophage,BS_66ABA973,0.251070008178278
M1_Macrophage,BS_66HQ3E4Z,0.301342034047092
M1_Macrophage,BS_680K119G,0.36520200077748
M1_Macrophage,BS_68BW2163,0.305019574283827
M1_Macrophage,BS_699TN5RN,0.47854055780382
M1_Macrophage,BS_6HXD39AM,0.606256658836054
M1_Macrophage,BS_6N3AFF66,0.397178687345031
M1_Macrophage,BS_6TSAVMT9,0.425004574806526
M1_Macrophage,BS_6VF6VPCG,0.374212501912886
M1_Macrophage,BS_769BDPDB,0.448587742519925
M1_Macrophage,BS_76DRXZRJ,0.520663657588593
M1_Macrophage,BS_775HDFNY,0.460013433559216
M1_Macrophage,BS_7H4RFCW9,0.524398514605984
M1_Macrophage,BS_7M3FNSYK,0.310225883220235
M1_Macrophage,BS_7MGXMG6S,0.46406687884676
M1_Macrophage,BS_7N0B2CY1,0.170369737162319
M1_Macrophage,BS_7P83Z28P,0.388071634163798
M1_Macrophage,BS_7Z93ZYMS,0.344682394026758
M1_Macrophage,BS_880ESDFZ,0.28934213795767
M1_Macrophage,BS_8BF616QR,0.385931112826633
M1_Macrophage,BS_8J3B6ZB6,0.350150977891312
M1_Macrophage,BS_8QJ43WKW,0.534207927656699
M1_Macrophage,BS_8RCR7Y4B,0.355745256145185
M1_Macrophage,BS_8VAZSJEN,0.421584185368863
M1_Macrophage,BS_92HCM7BN,0.437297811066681
M1_Macrophage,BS_94MT16N2,0.250584538967112
M1_Macrophage,BS_9BJARSX3,0.465864336581603
M1_Macrophage,BS_9F09XV62,0.188263657634025
M1_Macrophage,BS_9HSGV9TJ,0.377253920791902
M1_Macrophage,BS_9JBX2E8G,0.414693463300751
M1_Macrophage,BS_9P9MB8X8,0.36182589453419
M1_Macrophage,BS_9Q6Z6VJC,0.285592629551243
M1_Macrophage,BS_9S7AG4EN,0.332424195372792
M1_Macrophage,BS_9SJWWYQ4,0.346837953384664
M1_Macrophage,BS_9YXH2CZ0,0.404488213656272
M1_Macrophage,BS_A13BMEF5,0.343107160063954
M1_Macrophage,BS_A1VEGWTR,0.337429354813282
M1_Macrophage,BS_A46RDWGM,0.226042051105228
M1_Macrophage,BS_A96FKXN5,0.495174241889684
M1_Macrophage,BS_AGVWD5K8,0.467715974730553
M1_Macrophage,BS_AM0BZ61K,0.388219172356581
M1_Macrophage,BS_AP0SZ364,0.448667300793071
M1_Macrophage,BS_ATHSTZ5R,0.456254283339659
M1_Macrophage,BS_AW7J9F9R,0.447087841802381
M1_Macrophage,BS_B0SVFK4P,0.440573118101652
M1_Macrophage,BS_B3M5SGPA,0.279189659026413
M1_Macrophage,BS_B5JM6T8K,0.408112329704633
M1_Macrophage,BS_B6JKQFKA,0.386683214702446
M1_Macrophage,BS_B7GEH89C,0.374076168656905
M1_Macrophage,BS_B7X8VXQ3,0.243156331219776
M1_Macrophage,BS_BANCTAV6,0.296771934671587
M1_Macrophage,BS_BC936YNZ,0.50581702093068
M1_Macrophage,BS_BGRPWBNG,0.409251147256976
M1_Macrophage,BS_BJBM0BN7,0.364147383086113
M1_Macrophage,BS_BKQZ550R,0.320872076789713
M1_Macrophage,BS_BN986DF6,0.262604502343486
M1_Macrophage,BS_BNECCX4D,0.444560334589974
M1_Macrophage,BS_BPSTSCBJ,0.364573640191266
M1_Macrophage,BS_BW79W2PD,0.392204078912832
M1_Macrophage,BS_C0NEVC2B,0.524822042009389
M1_Macrophage,BS_C51RB0YR,0.381687088821649
M1_Macrophage,BS_C6SKJG3N,0.402808738259462
M1_Macrophage,BS_CC6RREE4,0.56314809319047
M1_Macrophage,BS_CGB2WS2A,0.249229949318365
M1_Macrophage,BS_CKX8RW1J,0.40607977995058
M1_Macrophage,BS_CMDJJQ7K,0.420637498197497
M1_Macrophage,BS_CTR5X93B,0.295307124404044
M1_Macrophage,BS_CVGFNCBJ,0.214395681944073
M1_Macrophage,BS_D3YBV7KB,0.478920877741142
M1_Macrophage,BS_DEHJF4C7,0.417796381059119
M1_Macrophage,BS_DMJHAG9X,0.424631096038352
M1_Macrophage,BS_DMZP9G1H,0.288110442909579
M1_Macrophage,BS_DPF1CX0G,0.283241771667335
M1_Macrophage,BS_DSS3S5XD,0.389203886060856
M1_Macrophage,BS_DV86M0Y7,0.298541018288373
M1_Macrophage,BS_E2DEWCSK,0.433011796633343
M1_Macrophage,BS_E3EJHXQV,0.4591701581064
M1_Macrophage,BS_E4GC9EXR,0.428507809709931
M1_Macrophage,BS_E94QRJDW,0.370221238659293
M1_Macrophage,BS_EBMCTR80,0.391267498231757
M1_Macrophage,BS_EFEZB0ZH,0.424651062391133
M1_Macrophage,BS_EHVYJAVA,0.325601897322155
M1_Macrophage,BS_EMAJ7P3P,0.455793628059469
M1_Macrophage,BS_ET8CJXSF,0.22293544950861
M1_Macrophage,BS_EXGBH3TD,0.273378474150687
M1_Macrophage,BS_EYSS0ZDS,0.380896005233354
M1_Macrophage,BS_F1K9QTBS,0.486037491240357
M1_Macrophage,BS_F77MGAQT,0.554641344208369
M1_Macrophage,BS_F8N6CFQE,0.357855172454037
M1_Macrophage,BS_FAQQ0GCQ,0.458748657169666
M1_Macrophage,BS_FJWZ3M7V,0.358263256423017
M1_Macrophage,BS_FJZPQZ2C,0.377164221434527
M1_Macrophage,BS_FR42HY0Z,0.46071225405531
M1_Macrophage,BS_FX4WKR2R,0.425253614907815
M1_Macrophage,BS_FZ62GZGV,0.538196762527885
M1_Macrophage,BS_G1DAGKSY,0.401545633733116
M1_Macrophage,BS_G5QBBHDV,0.255901962127233
M1_Macrophage,BS_G7AGNB5G,0.236934162833883
M1_Macrophage,BS_G9XE3N9T,0.256450476135461
M1_Macrophage,BS_GCA4GET3,0.265069506558199
M1_Macrophage,BS_GHNJ4CYC,0.347635904316224
M1_Macrophage,BS_GPEGRCCT,0.41971968776812
M1_Macrophage,BS_GTZCFGRZ,0.284142732040538
M1_Macrophage,BS_GYA4V1RD,0.270094754443125
M1_Macrophage,BS_GYXSDZ56,0.442031964328574
M1_Macrophage,BS_H08FEN68,0.377145386661845
M1_Macrophage,BS_H0WF1WHE,0.412684746820373
M1_Macrophage,BS_H3FE3TH9,0.301526593082511
M1_Macrophage,BS_H8A9PSYA,0.253134716709311
M1_Macrophage,BS_H9EX5WX3,0.408854679186965
M1_Macrophage,BS_HC5M8JTC,0.421183808393777
M1_Macrophage,BS_HM0R6SXQ,0.442283138063799
M1_Macrophage,BS_HNMQ7488,0.423880799770582
M1_Macrophage,BS_HQ5BJ6MW,0.414371567348181
M1_Macrophage,BS_HQDXQ5Y4,0.452159723418789
M1_Macrophage,BS_HSHN8PBB,0.363957146757879
M1_Macrophage,BS_HSTNFPKW,0.50460002804078
M1_Macrophage,BS_HV8PFRBR,0.339417657683462
M1_Macrophage,BS_J5H5VXWY,0.62503406220039
M1_Macrophage,BS_J9M83K8T,0.460627222516583
M1_Macrophage,BS_JFVB9KXB,0.31535852356509
M1_Macrophage,BS_JGKZ54SA,0.412995320747649
M1_Macrophage,BS_JH29M4KG,0.394648615887405
M1_Macrophage,BS_JKXA3FQC,0.304248979566995
M1_Macrophage,BS_JMHG7GCN,0.384565076465734
M1_Macrophage,BS_JVA2NQFF,0.340370066015288
M1_Macrophage,BS_JWSR581E,0.333184879556681
M1_Macrophage,BS_K57A4A9D,0.32090921278089
M1_Macrophage,BS_K5802F84,0.225302788371845
M1_Macrophage,BS_K7MVS0Z7,0.245303146973082
M1_Macrophage,BS_K838XW6V,0.396173457405323
M1_Macrophage,BS_M4NVX721,0.339260978824801
M1_Macrophage,BS_M4TTKPNR,0.441755686363755
M1_Macrophage,BS_M8M56Z4Y,0.351106684631467
M1_Macrophage,BS_M8WP5T16,0.405824984594642
M1_Macrophage,BS_MBSTWZA6,0.324874012770427
M1_Macrophage,BS_MF9X3PKH,0.434534996727981
M1_Macrophage,BS_MH8RAG4A,0.561049462283321
M1_Macrophage,BS_MX92FD6D,0.359677473895488
M1_Macrophage,BS_MY9D8XZ1,0.344714268850034
M1_Macrophage,BS_N1E0H8YQ,0.369165191773585
M1_Macrophage,BS_N210XMKR,0.329934687622998
M1_Macrophage,BS_N6NE6B3W,0.207298487363707
M1_Macrophage,BS_N87X1T8T,0.453332617071018
M1_Macrophage,BS_NB5XWMJT,0.434948054553829
M1_Macrophage,BS_NBZNAG7Q,0.492111081390242
M1_Macrophage,BS_NG9X6SJA,0.402550293986022
M1_Macrophage,BS_NKEAAFMW,0.13123151761311
M1_Macrophage,BS_NPQJ20KX,0.309052979971323
M1_Macrophage,BS_NQB91P48,0.356977029329949
M1_Macrophage,BS_NRFQEQKP,0.3659079657874
M1_Macrophage,BS_NRPG5K4K,0.382470259640165
M1_Macrophage,BS_NS7GSHB9,0.316364103323439
M1_Macrophage,BS_NT9NZYFD,0.300411212540592
M1_Macrophage,BS_NY5T05AK,0.452110328328556
M1_Macrophage,BS_P2Y2NANM,0.478345343797702
M1_Macrophage,BS_PDVD0GCM,0.339093426014807
M1_Macrophage,BS_PEP9NZXN,0.368313941369779
M1_Macrophage,BS_PQ7CQFYR,0.26805703773941
M1_Macrophage,BS_PRCG6W20,0.587655158717608
M1_Macrophage,BS_Q2PBFNDF,0.422441702484047
M1_Macrophage,BS_Q3TBCK4V,0.313846563789741
M1_Macrophage,BS_Q6VH5GJ8,0.455026121816321
M1_Macrophage,BS_Q79NP5YY,0.446972395798441
M1_Macrophage,BS_QBMW69AM,0.485542411512896
M1_Macrophage,BS_QH82PBMB,0.327530573349159
M1_Macrophage,BS_QTSXW7DA,0.380088237351542
M1_Macrophage,BS_QV51J756,0.238363157459155
M1_Macrophage,BS_R244Z0WX,0.289688768707982
M1_Macrophage,BS_R3AJB6VS,0.509035085276769
M1_Macrophage,BS_R7V8BC98,0.383809604802539
M1_Macrophage,BS_R9CKW9DY,0.539113584731745
M1_Macrophage,BS_RAQFEB0S,0.479546782587679
M1_Macrophage,BS_RARBBY7C,0.544410962376219
M1_Macrophage,BS_RGSMX7QD,0.313406691023861
M1_Macrophage,BS_RMT7ABN6,0.49179317022686
M1_Macrophage,BS_RNANA568,0.420277549150487
M1_Macrophage,BS_RPJ1EPHA,0.41302904021949
M1_Macrophage,BS_RRAEQZ97,0.405562397863125
M1_Macrophage,BS_RVSEDNJ4,0.326688329565744
M1_Macrophage,BS_S1KK7XRH,0.34518191058616
M1_Macrophage,BS_S458NMKH,0.391497176511912
M1_Macrophage,BS_S50KQEXV,0.358041535178643
M1_Macrophage,BS_SDA4RMMG,0.253410248193384
M1_Macrophage,BS_SDZY6RZ3,0.295100422590926
M1_Macrophage,BS_SFKZSJN1,0.249748757746034
M1_Macrophage,BS_SH2S6SFN,0.451441893235365
M1_Macrophage,BS_SHMC4902,0.31388514473052
M1_Macrophage,BS_SJ0HXCD0,0.490592487063423
M1_Macrophage,BS_SQX5E15Z,0.404710443840291
M1_Macrophage,BS_SW8C9Y5Y,0.498700851933398
M1_Macrophage,BS_SXRS2P6T,0.353223563039891
M1_Macrophage,BS_T0RKFEKR,0.50442935649168
M1_Macrophage,BS_T2QPMZCM,0.186665416816935
M1_Macrophage,BS_T4JFN54G,0.40064411274254
M1_Macrophage,BS_T5P5ME9M,0.474719254585327
M1_Macrophage,BS_TDJXQBVY,0.445558838985239
M1_Macrophage,BS_TG93XC55,0.230746038733139
M1_Macrophage,BS_TRZZRYKF,0.418033738119563
M1_Macrophage,BS_TV80600R,0.359905982477093
M1_Macrophage,BS_TWFDEMBZ,0.365638500671571
M1_Macrophage,BS_V2G1YE8R,0.415598369167967
M1_Macrophage,BS_V33RCK1Y,0.365141468699505
M1_Macrophage,BS_V3REENH9,0.370385016943485
M1_Macrophage,BS_V72GX2AZ,0.364260256576329
M1_Macrophage,BS_V7BZ049H,0.441222549321355
M1_Macrophage,BS_V89HGTET,0.452531949358904
M1_Macrophage,BS_VARR255N,0.374519568889351
M1_Macrophage,BS_VMMJYN8Z,0.248248713970005
M1_Macrophage,BS_VTYNWK05,0.509336624556836
M1_Macrophage,BS_VZWXGYT2,0.428850009347126
M1_Macrophage,BS_WRQHPSXQ,0.281803859992802
M1_Macrophage,BS_WVS02TZK,0.282558692660973
M1_Macrophage,BS_X16PENSA,0.416124296379442
M1_Macrophage,BS_X2EDW2ZB,0.448068724693216
M1_Macrophage,BS_X5DFR216,0.476792457742761
M1_Macrophage,BS_X6GFVDVA,0.477318923475618
M1_Macrophage,BS_X91K8KMG,0.486349160450716
M1_Macrophage,BS_XGSA3GQE,0.31214810316525
M1_Macrophage,BS_XKKB4MZV,0.200511125919484
M1_Macrophage,BS_Y0PCBNJV,0.287614074425064
M1_Macrophage,BS_Y274AC0H,0.470722782357024
M1_Macrophage,BS_Y7H24JZG,0.538544693139503
M1_Macrophage,BS_Y7W8BR6B,0.393958119826834
M1_Macrophage,BS_YASWHXJC,0.459703304698722
M1_Macrophage,BS_YB2RXRHT,0.337767425442939
M1_Macrophage,BS_YCREDZTJ,0.339643038498334
M1_Macrophage,BS_YEQVW4ND,0.330849990896907
M1_Macrophage,BS_YMAJC22S,0.167784023900012
M1_Macrophage,BS_YVEEXAAT,0.527195247411514
M1_Macrophage,BS_YVMEEBKC,0.340282258892708
M1_Macrophage,BS_YWJKHMXV,0.425520357461465
M1_Macrophage,BS_YY5B2XDD,0.426239371093656
M1_Macrophage,BS_YZ2Z1Q6Y,0.259676442821486
M1_Macrophage,BS_Z0AVVB1V,0.336113345785852
M1_Macrophage,BS_Z1A875MW,0.411032045518152
M1_Macrophage,BS_Z6BWR941,0.250431316253506
M1_Macrophage,BS_Z7Y2466H,0.455905737607978
M1_Macrophage,BS_ZHHAM3AN,0.53831884131738
M1_Macrophage,BS_ZHRGDRBW,0.359211945326729
M1_Macrophage,BS_ZJY7Y34M,0.362521758882258
M1_Macrophage,BS_ZN2P8BKH,0.587023354560284
M1_Macrophage,BS_ZTWGFWTX,0.329218600467248
M1_Macrophage,BS_ZV9Z3SY6,0.345556158449492
M1_Macrophage,BS_ZVX2GRD6,0.358697851573617
M1_Macrophage,BS_ZZMYDZJW,0.327706155116974
M2_Macrophage,BS_00FD2KMP,0.490275415028667
M2_Macrophage,BS_028YFYJ6,0.538335854130474
M2_Macrophage,BS_052PZFMK,0.390225304265028
M2_Macrophage,BS_056Q8577,0.467446347849022
M2_Macrophage,BS_08ST21QE,0.604204422366676
M2_Macrophage,BS_0C7VZC0A,0.517304815445904
M2_Macrophage,BS_0S8E7590,0.588721938639042
M2_Macrophage,BS_0VXZCRJS,0.410682929543654
M2_Macrophage,BS_0XEBS3PG,0.395684898535986
M2_Macrophage,BS_0ZA67BBC,0.406968613739052
M2_Macrophage,BS_12G04QJM,0.459870194545136
M2_Macrophage,BS_17ZSMXFH,0.416033203406239
M2_Macrophage,BS_1A6MQ9ZA,0.513022904851132
M2_Macrophage,BS_1D93Z575,0.537005915826579
M2_Macrophage,BS_1EN5V3XW,0.411448081407234
M2_Macrophage,BS_223BM91B,0.552540141399792
M2_Macrophage,BS_25HNKZ79,0.588843275780306
M2_Macrophage,BS_2853394H,0.3588844403365
M2_Macrophage,BS_297H8BT4,0.533207039170986
M2_Macrophage,BS_29X4ZX6Q,0.485366734543071
M2_Macrophage,BS_2A5R9MEJ,0.33734681093101
M2_Macrophage,BS_2ARXK0TD,0.598989227730988
M2_Macrophage,BS_2AV1H5TV,0.48652509612433
M2_Macrophage,BS_2DMBCHNF,0.592758786066237
M2_Macrophage,BS_2EN3X6HB,0.529357255487581
M2_Macrophage,BS_2FEZWH1F,0.573148153933856
M2_Macrophage,BS_2HNXVFAS,0.52884100554345
M2_Macrophage,BS_2JH1QMT1,0.435199229190317
M2_Macrophage,BS_2JP7RBMB,0.485139022865126
M2_Macrophage,BS_2K01T8K6,0.585168369577544
M2_Macrophage,BS_2PDS3MSS,0.505806246213221
M2_Macrophage,BS_2T5PJAW8,0.479127978249039
M2_Macrophage,BS_2WANPFBJ,0.576241512955926
M2_Macrophage,BS_30F3Z9FS,0.503378227348202
M2_Macrophage,BS_30VC3R2Q,0.525874974677881
M2_Macrophage,BS_30YWQ3FY,0.556314669049379
M2_Macrophage,BS_31MBRWC4,0.555777531553641
M2_Macrophage,BS_333KCNDP,0.664327277516061
M2_Macrophage,BS_399RPKC9,0.53744855447246
M2_Macrophage,BS_3AC3SRWH,0.461704589282302
M2_Macrophage,BS_3MS8WVNR,0.400489674188213
M2_Macrophage,BS_3ZPJAK9A,0.516986688074341
M2_Macrophage,BS_45J79YTF,0.407017646081546
M2_Macrophage,BS_49BQS7Z6,0.484357108280787
M2_Macrophage,BS_49CJNZ06,0.474206574120434
M2_Macrophage,BS_4B0BAVTX,0.588294198276797
M2_Macrophage,BS_4BM3F6XJ,0.483833966194778
M2_Macrophage,BS_4C6B11E4,0.648884354042407
M2_Macrophage,BS_4GNN7J8E,0.566913757759594
M2_Macrophage,BS_4KNBXM3C,0.656609394910572
M2_Macrophage,BS_4Q3KRCZT,0.613767302213323
M2_Macrophage,BS_4QW2S1Q8,0.545183299109967
M2_Macrophage,BS_4T0HQ9QF,0.437555210373487
M2_Macrophage,BS_4V42BXBT,0.521054312166799
M2_Macrophage,BS_51RA1PGE,0.531029984533355
M2_Macrophage,BS_52C576HH,0.508199883930094
M2_Macrophage,BS_5965SFPZ,0.411240682247453
M2_Macrophage,BS_5EFYPZT0,0.493460178442696
M2_Macrophage,BS_5G5BD2MD,0.624239008212775
M2_Macrophage,BS_5K95FX4C,0.651859365496242
M2_Macrophage,BS_5KBXD2GQ,0.54008453787025
M2_Macrophage,BS_5PXZ8F7W,0.454651906384755
M2_Macrophage,BS_5VPM0F36,0.622993112762651
M2_Macrophage,BS_62SW4CC5,0.632910841723827
M2_Macrophage,BS_65WPD3DA,0.467849280969045
M2_Macrophage,BS_68KX6A42,0.48835248865169
M2_Macrophage,BS_6DCSD5Y6,0.479528565825709
M2_Macrophage,BS_6H4Q24WA,0.576039592872462
M2_Macrophage,BS_6M2053M0,0.424669685246485
M2_Macrophage,BS_6SY64H5J,0.621028693401833
M2_Macrophage,BS_6VRG1XFB,0.452377242768689
M2_Macrophage,BS_6WP1FHTE,0.526071107284456
M2_Macrophage,BS_7327SDAQ,0.504164149349092
M2_Macrophage,BS_75YRDXET,0.598066443748401
M2_Macrophage,BS_77SBTNPN,0.508323488692072
M2_Macrophage,BS_7AEF4D4G,0.513626277043719
M2_Macrophage,BS_7APCGCVF,0.525733295331166
M2_Macrophage,BS_7GJT4A6A,0.526385810782321
M2_Macrophage,BS_7GKWKGPH,0.56031671028313
M2_Macrophage,BS_7PVJ6Q3D,0.389398357041281
M2_Macrophage,BS_7WKNNRHK,0.520410320799634
M2_Macrophage,BS_84VZX732,0.536904341614849
M2_Macrophage,BS_84XCR9GG,0.501654751892181
M2_Macrophage,BS_8E8JKP01,0.374426685715621
M2_Macrophage,BS_8ERBDF7D,0.34930086222328
M2_Macrophage,BS_8JK9TXH2,0.480126153796509
M2_Macrophage,BS_8VD670NP,0.466122683416233
M2_Macrophage,BS_8YWYN7VH,0.474641733164549
M2_Macrophage,BS_8ZE4Z9G5,0.493806735949141
M2_Macrophage,BS_8ZY4GST0,0.366080857458568
M2_Macrophage,BS_91VYM11A,0.515807282639411
M2_Macrophage,BS_956G6QPJ,0.468646088611897
M2_Macrophage,BS_97M1E2DW,0.409048042913258
M2_Macrophage,BS_9A1YTHFF,0.563119377200271
M2_Macrophage,BS_9B0A62MT,0.567620846086571
M2_Macrophage,BS_9CA93S6D,0.374006295133995
M2_Macrophage,BS_9FHEFJNP,0.408181075831671
M2_Macrophage,BS_9FX3YREK,0.368517675018854
M2_Macrophage,BS_9GJ3DB1H,0.565430567880946
M2_Macrophage,BS_9JPQZQNG,0.40996480084979
M2_Macrophage,BS_9TXEDSWB,0.577488222413727
M2_Macrophage,BS_9XVACXP0,0.552984273663788
M2_Macrophage,BS_9Y1K14Q5,0.455173807857597
M2_Macrophage,BS_9ZJT0CP0,0.519684298184495
M2_Macrophage,BS_A4PF49V0,0.417046718967792
M2_Macrophage,BS_A6NXR7RC,0.58656168582607
M2_Macrophage,BS_A7Q8G0Y1,0.553194104627768
M2_Macrophage,BS_A8XW5S0W,0.50076930820378
M2_Macrophage,BS_AWH9757B,0.465122944421671
M2_Macrophage,BS_AYSXRQWY,0.526821255722699
M2_Macrophage,BS_AZQM1JJH,0.513840545681817
M2_Macrophage,BS_B1C6GZ84,0.369601948480265
M2_Macrophage,BS_B3MQFFYP,0.638031584431337
M2_Macrophage,BS_B4R7X1KE,0.453406531835451
M2_Macrophage,BS_B57327NA,0.515923877254278
M2_Macrophage,BS_BBAEMXRD,0.34891851307546
M2_Macrophage,BS_BBQ6BHGN,0.334121405627501
M2_Macrophage,BS_BK0HGRXM,0.623095576410238
M2_Macrophage,BS_BMMY0H73,0.488176599531179
M2_Macrophage,BS_C6ZZ3FY5,0.494855378712392
M2_Macrophage,BS_C83TK159,0.379625901595371
M2_Macrophage,BS_CBDQZ8PP,0.271675594104127
M2_Macrophage,BS_CF63VG3S,0.476162608708492
M2_Macrophage,BS_CFD3WHAY,0.445806175775212
M2_Macrophage,BS_CG1RG607,0.642341814851588
M2_Macrophage,BS_CVEDJGHZ,0.605737451410197
M2_Macrophage,BS_CXAQDK7S,0.521697356909556
M2_Macrophage,BS_CZPQ493E,0.521365099745084
M2_Macrophage,BS_D29RPBSZ,0.56168360532297
M2_Macrophage,BS_D4VNDNQA,0.39538624375941
M2_Macrophage,BS_D6J2BGDJ,0.444272408534063
M2_Macrophage,BS_DFGS950G,0.37777257376879
M2_Macrophage,BS_DNZVP92S,0.397606803617437
M2_Macrophage,BS_DR079H0D,0.423621189462233
M2_Macrophage,BS_DS438CXE,0.379782845774052
M2_Macrophage,BS_DSPVSM7D,0.501811583417689
M2_Macrophage,BS_DZNXFPH1,0.616916563094119
M2_Macrophage,BS_E7NVYA6G,0.667055137779538
M2_Macrophage,BS_E9CYN4NP,0.370007502210923
M2_Macrophage,BS_EB0XRBT9,0.575299869235627
M2_Macrophage,BS_EDJ5TV0P,0.345721807578552
M2_Macrophage,BS_EMQM7HTA,0.382262711831473
M2_Macrophage,BS_ENEYB4TG,0.561122183962413
M2_Macrophage,BS_EXPJQZTH,0.58845915125005
M2_Macrophage,BS_EZ3147MX,0.425403738438841
M2_Macrophage,BS_F0JB4EAK,0.434573239256098
M2_Macrophage,BS_F21R36MM,0.565948308113196
M2_Macrophage,BS_F65GWS21,0.460914636598841
M2_Macrophage,BS_F6V1Y4QS,0.514432933027918
M2_Macrophage,BS_F9Y4Z92G,0.406087153281373
M2_Macrophage,BS_FCDAH728,0.363689903251581
M2_Macrophage,BS_FEV5A0HN,0.292791547159247
M2_Macrophage,BS_FGJH1X0S,0.548242540472911
M2_Macrophage,BS_FKASA3MN,0.293275873742257
M2_Macrophage,BS_FN07P04C,0.397399534234381
M2_Macrophage,BS_FX2P2WEG,0.5625992923959
M2_Macrophage,BS_FXJY0MNH,0.465185638430717
M2_Macrophage,BS_FYP2B298,0.349801437047333
M2_Macrophage,BS_G19QZG4S,0.481766519990714
M2_Macrophage,BS_G1E5DATJ,0.548739229516834
M2_Macrophage,BS_G257VSS9,0.449054799228905
M2_Macrophage,BS_G3NN392N,0.419243041356616
M2_Macrophage,BS_G3RJTBZD,0.479921183451088
M2_Macrophage,BS_G5NHSFD4,0.401754280875968
M2_Macrophage,BS_G8TXTX0H,0.460833725901492
M2_Macrophage,BS_GG9W3J9Y,0.476434407643937
M2_Macrophage,BS_GW0GKWMS,0.481366324084317
M2_Macrophage,BS_GWHYM3R4,0.488308336739767
M2_Macrophage,BS_GWSJ4Z9H,0.502705121657756
M2_Macrophage,BS_H5VQJR7X,0.559536512541115
M2_Macrophage,BS_H97S5SQN,0.427210398749223
M2_Macrophage,BS_H9JYKFTV,0.581863442151576
M2_Macrophage,BS_HDHXX8Q7,0.422270910606518
M2_Macrophage,BS_HDPCQETG,0.555171212335603
M2_Macrophage,BS_HJRTC9JQ,0.656988737882673
M2_Macrophage,BS_HJV0J603,0.557951339304901
M2_Macrophage,BS_HRJ9145M,0.708390465872366
M2_Macrophage,BS_HWGWYCY7,0.627332458666169
M2_Macrophage,BS_HZ9AYDCQ,0.460271879412118
M2_Macrophage,BS_J4JY2F3H,0.523278551547762
M2_Macrophage,BS_J6212Y48,0.458762995470985
M2_Macrophage,BS_J6W1RB7A,0.576750266053577
M2_Macrophage,BS_J9CBGP57,0.495962235624854
M2_Macrophage,BS_JB43XBCQ,0.514433965729845
M2_Macrophage,BS_JDSNFYQ0,0.562286081100437
M2_Macrophage,BS_JJVH7WR0,0.352608528379413
M2_Macrophage,BS_JMD386Z2,0.600888455555211
M2_Macrophage,BS_JP95KMRD,0.563114419936749
M2_Macrophage,BS_JQGJQ2QZ,0.528336293461987
M2_Macrophage,BS_JQVAWTTM,0.469747751759525
M2_Macrophage,BS_JQXHHK0K,0.465022221754718
M2_Macrophage,BS_JRYJGYC4,0.575717449937985
M2_Macrophage,BS_JS95PE0J,0.57496832629225
M2_Macrophage,BS_JTWNJ8T7,0.457905537965688
M2_Macrophage,BS_JVW2JJ39,0.381832143679163
M2_Macrophage,BS_K0X3PZGN,0.690117805248688
M2_Macrophage,BS_K17VQECG,0.539080449840324
M2_Macrophage,BS_K2PCC777,0.623495141745478
M2_Macrophage,BS_K74N1BXQ,0.489529941800632
M2_Macrophage,BS_K81PZXP2,0.525557105535656
M2_Macrophage,BS_K88T8SW7,0.5820656783843
M2_Macrophage,BS_KABQQA0T,0.410683224865815
M2_Macrophage,BS_KBEX4RT2,0.445899175684238
M2_Macrophage,BS_KFD5128N,0.472015739323357
M2_Macrophage,BS_KKDTW11T,0.490516021394761
M2_Macrophage,BS_KP735TJ6,0.487552716858384
M2_Macrophage,BS_KQ6ZW085,0.440588793931771
M2_Macrophage,BS_KRS4EV4X,0.537206127311169
M2_Macrophage,BS_KS8HMGA6,0.627969303722579
M2_Macrophage,BS_KVPWHDR4,0.449803876207548
M2_Macrophage,BS_M0FA190Y,0.417230192732366
M2_Macrophage,BS_M0XGZ53Z,0.402843226708155
M2_Macrophage,BS_M1PVEHCM,0.415066986283853
M2_Macrophage,BS_M54TWTH4,0.528278347844667
M2_Macrophage,BS_M7XB258E,0.62868047170025
M2_Macrophage,BS_M85CXHDV,0.606090359846888
M2_Macrophage,BS_MB7WN0ZB,0.51711233194161
M2_Macrophage,BS_MD0937XT,0.509678255282272
M2_Macrophage,BS_MDBT7S5Z,0.409999967533215
M2_Macrophage,BS_ME6VQGG4,0.52909665031772
M2_Macrophage,BS_MFGZH8FK,0.42740454154148
M2_Macrophage,BS_MG78HQDM,0.257399924408172
M2_Macrophage,BS_MWWZBQ60,0.515421270456955
M2_Macrophage,BS_N6TQBQ8M,0.349905676394256
M2_Macrophage,BS_N7SW36FD,0.566349519568968
M2_Macrophage,BS_N7VQ1GQB,0.560962257437278
M2_Macrophage,BS_NB9XXBW6,0.46561426283065
M2_Macrophage,BS_NEFAASTR,0.543603944943192
M2_Macrophage,BS_NEVYM2FP,0.455159774426791
M2_Macrophage,BS_NFKKDYSV,0.537292675214714
M2_Macrophage,BS_NGSG2KB6,0.472847912129398
M2_Macrophage,BS_NNYXMSTX,0.503059128666692
M2_Macrophage,BS_NPA6CZQF,0.427133183344081
M2_Macrophage,BS_NQ54ST98,0.459472017556967
M2_Macrophage,BS_NR3P3GN2,0.566561847358426
M2_Macrophage,BS_NX1R0BC3,0.587731207838162
M2_Macrophage,BS_P0QF87WC,0.590439318085287
M2_Macrophage,BS_P4PMWFMV,0.472115953053113
M2_Macrophage,BS_P7W3AYKV,0.561428752946427
M2_Macrophage,BS_PENM28KT,0.517995699210023
M2_Macrophage,BS_PJC6FH4Y,0.646075013557316
M2_Macrophage,BS_PS0P3QJ3,0.506058288611666
M2_Macrophage,BS_PXCPK5XS,0.466401678289011
M2_Macrophage,BS_PZVHMSYN,0.492277042684891
M2_Macrophage,BS_Q06J3RYW,0.544833873354346
M2_Macrophage,BS_Q35GFYDR,0.400573807872669
M2_Macrophage,BS_Q9N5PRD5,0.463660433672282
M2_Macrophage,BS_QB84TBA3,0.433469324382851
M2_Macrophage,BS_QGKEP3KB,0.537737684317409
M2_Macrophage,BS_QH0VYVJK,0.533891865779946
M2_Macrophage,BS_QHY302E8,0.582537711007408
M2_Macrophage,BS_QMBS32Y2,0.473356020828266
M2_Macrophage,BS_QNNX91SM,0.362393986788359
M2_Macrophage,BS_QY2G1JZJ,0.469206542397976
M2_Macrophage,BS_QYA4TQXX,0.396524117353343
M2_Macrophage,BS_R5JQE0VJ,0.478326357562696
M2_Macrophage,BS_R5SNFB5B,0.441705346363054
M2_Macrophage,BS_R9B92M75,0.429847834115203
M2_Macrophage,BS_RHAWQJ48,0.632609981720185
M2_Macrophage,BS_RHM60031,0.500743315427578
M2_Macrophage,BS_RJC3WDD6,0.340784578373928
M2_Macrophage,BS_RN0VAY51,0.489381627405043
M2_Macrophage,BS_RX1YTZ7F,0.499768858248248
M2_Macrophage,BS_RZBFH1QF,0.406636697990677
M2_Macrophage,BS_S2TA8R29,0.565635567365817
M2_Macrophage,BS_S3C2PZAH,0.507682519379459
M2_Macrophage,BS_S3MET0JZ,0.486018443458911
M2_Macrophage,BS_S4V9E1XJ,0.621869865732935
M2_Macrophage,BS_S5P8VTN5,0.513413194380389
M2_Macrophage,BS_S6B9DVNS,0.398490637290749
M2_Macrophage,BS_S6S7SK3P,0.450908896128711
M2_Macrophage,BS_S8K878T3,0.644166259608003
M2_Macrophage,BS_SBMAM00V,0.470716685442415
M2_Macrophage,BS_SBMCD7XZ,0.465688138042917
M2_Macrophage,BS_SD0EMK7Y,0.544711095629956
M2_Macrophage,BS_SD8YBRBR,0.402701876775129
M2_Macrophage,BS_SERDGASJ,0.56200303176052
M2_Macrophage,BS_SJVTZ5TH,0.454270129423259
M2_Macrophage,BS_SMWQR2F1,0.461805326803273
M2_Macrophage,BS_SNVM7CZT,0.479790868775506
M2_Macrophage,BS_SR2RGDXJ,0.45585485209241
M2_Macrophage,BS_SW9Z10F9,0.545259818955395
M2_Macrophage,BS_SY3J3XR9,0.406026260666938
M2_Macrophage,BS_T1YHK6B7,0.52673724924714
M2_Macrophage,BS_T2F48Z4E,0.594436451239014
M2_Macrophage,BS_T9A8JJW5,0.480115196002323
M2_Macrophage,BS_TASG32Z2,0.474803994091611
M2_Macrophage,BS_TGS109T3,0.414116036534763
M2_Macrophage,BS_TM9MH0RP,0.524997058029686
M2_Macrophage,BS_TR2P8KRF,0.507647773387519
M2_Macrophage,BS_TRKH2SPE,0.494804631986912
M2_Macrophage,BS_TRPXB3AV,0.421347445565867
M2_Macrophage,BS_TTDNZTZ0,0.531476747100807
M2_Macrophage,BS_TTE04ZP8,0.562081064335249
M2_Macrophage,BS_TV5B86ZD,0.370829067762728
M2_Macrophage,BS_TVH33J9Q,0.440654480491171
M2_Macrophage,BS_TXZ7KHTQ,0.489413889794721
M2_Macrophage,BS_V0DQFC75,0.515171961232101
M2_Macrophage,BS_V3Z3DB4N,0.436570749745732
M2_Macrophage,BS_V558NW3Q,0.643939229482233
M2_Macrophage,BS_V6RSB5HQ,0.472102849660848
M2_Macrophage,BS_V8QWBVS3,0.685441847994663
M2_Macrophage,BS_VBMRQK4F,0.524604947602683
M2_Macrophage,BS_VDFXXMEX,0.342311034905176
M2_Macrophage,BS_VF3NVT4G,0.526726245745899
M2_Macrophage,BS_VKH87DD2,0.585198542695582
M2_Macrophage,BS_VKHJG2B8,0.537103020112696
M2_Macrophage,BS_VKYEM67A,0.667496265724834
M2_Macrophage,BS_VMQMGSJY,0.67143702427541
M2_Macrophage,BS_VVTHDRBD,0.492013633914193
M2_Macrophage,BS_W1385R8Y,0.39868146087323
M2_Macrophage,BS_W4DB5RP1,0.402850867879705
M2_Macrophage,BS_W7MFJZ5A,0.497337248058186
M2_Macrophage,BS_WBVSK3MP,0.381670362414563
M2_Macrophage,BS_WEKK6SHP,0.532596307165899
M2_Macrophage,BS_WHBEXD5H,0.576952695021899
M2_Macrophage,BS_WQ1YRTAT,0.314491172279976
M2_Macrophage,BS_WTJEDTZC,0.488875757855349
M2_Macrophage,BS_WVRX4C9Z,0.671298761777016
M2_Macrophage,BS_X0XXN9BK,0.615342119423918
M2_Macrophage,BS_X1G0TKP4,0.501662363117641
M2_Macrophage,BS_X20JCR4H,0.601180459519067
M2_Macrophage,BS_X23724NJ,0.58365403772908
M2_Macrophage,BS_X3HR4Z21,0.46549214515602
M2_Macrophage,BS_X4DD4KSZ,0.611841464816621
M2_Macrophage,BS_X4X1SFSE,0.403662241756957
M2_Macrophage,BS_XG0DBWVT,0.515604221944186
M2_Macrophage,BS_XGDPK33A,0.458685169527606
M2_Macrophage,BS_XM1AHBDJ,0.366193330297467
M2_Macrophage,BS_XQ5SFW35,0.512379427451041
M2_Macrophage,BS_XQXXBWPD,0.500572452119322
M2_Macrophage,BS_XYVCMF4A,0.436269418881989
M2_Macrophage,BS_XZM79E42,0.639119928561404
M2_Macrophage,BS_YA0KMBRT,0.534603384919664
M2_Macrophage,BS_YDEVMD24,0.498686346682843
M2_Macrophage,BS_YMKQT5V0,0.614718581456705
M2_Macrophage,BS_YR12D1ZY,0.504781692539783
M2_Macrophage,BS_YSZRQ95C,0.482140911635985
M2_Macrophage,BS_YTWEM5SG,0.588692267315108
M2_Macrophage,BS_YZ2QFDAN,0.414089462087353
M2_Macrophage,BS_Z0ZPD9S9,0.512698738951265
M2_Macrophage,BS_Z3RCA1T9,0.447955596980813
M2_Macrophage,BS_Z8F3GM85,0.594996768407842
M2_Macrophage,BS_ZD5HN296,0.634236315353883
M2_Macrophage,BS_ZF6BSFNF,0.429780292351508
M2_Macrophage,BS_ZM97KKXE,0.462363345648646
M2_Macrophage,BS_ZV1P6W9C,0.52211490272599
M2_Macrophage,BS_ZVM8CAB0,0.631307724158848
M2_Macrophage,BS_ZZWMD6FA,0.55496777407264
M2_Macrophage,BS_06AMMCXR,0.610561010015366
M2_Macrophage,BS_08TWG4K0,0.632402516882681
M2_Macrophage,BS_1DECYC4K,0.494974025423724
M2_Macrophage,BS_2A5R9D97,0.567305592307043
M2_Macrophage,BS_3VJ0CA6A,0.504889555414658
M2_Macrophage,BS_3XYJBBHQ,0.624944162868087
M2_Macrophage,BS_4C4MZ4NT,0.513711572590006
M2_Macrophage,BS_4PPHAQXF,0.484101382066525
M2_Macrophage,BS_4SMPV083,0.563475820534842
M2_Macrophage,BS_A76PNWQS,0.405378919618702
M2_Macrophage,BS_BZCTXEPJ,0.559163937090319
M2_Macrophage,BS_CB6VK7PB,0.559035966259989
M2_Macrophage,BS_ED8G98XT,0.495835241484968
M2_Macrophage,BS_FCX6DZ0J,0.557048230900483
M2_Macrophage,BS_FYRDYBMZ,0.516851831079469
M2_Macrophage,BS_H1XPVS9A,0.562285920654106
M2_Macrophage,BS_QRNSKFMS,0.560309736918408
M2_Macrophage,BS_R13X6TMW,0.532496458825963
M2_Macrophage,BS_RJMJ935A,0.616269538511887
M2_Macrophage,BS_RWJZFTP9,0.527351445542131
M2_Macrophage,BS_S20SP0WW,0.623251187559684
M2_Macrophage,BS_SB12W1XT,0.585973586805496
M2_Macrophage,BS_T0MXH2CA,0.503677142081602
M2_Macrophage,BS_T1W4JA94,0.52931794384392
M2_Macrophage,BS_T289QKBV,0.535134087700936
M2_Macrophage,BS_T3H5AY8A,0.621206621032779
M2_Macrophage,BS_TVV122JG,0.422248672588568
M2_Macrophage,BS_VW85Q4XJ,0.594901884440815
M2_Macrophage,BS_W97QQYKQ,0.610703267581039
M2_Macrophage,BS_WYMX429C,0.461047510645931
M2_Macrophage,BS_YR1XY6SF,0.515475705089697
M2_Macrophage,BS_014EVM2D,0.575257246674483
M2_Macrophage,BS_044XZ8ST,0.582083682141477
M2_Macrophage,BS_063ERW0R,0.460435467526023
M2_Macrophage,BS_0D5VRAKC,0.599866098797659
M2_Macrophage,BS_0J9SHHSC,0.576423987841567
M2_Macrophage,BS_0SCXXM6N,0.607496272598909
M2_Macrophage,BS_0TDWG2CV,0.583102488502325
M2_Macrophage,BS_0WVJYM9R,0.611187387474791
M2_Macrophage,BS_0X9EGHY2,0.44860475589282
M2_Macrophage,BS_0Y5J2AQ4,0.487931669979405
M2_Macrophage,BS_13CGKADW,0.454777828094139
M2_Macrophage,BS_166N7SZQ,0.493259807835354
M2_Macrophage,BS_17WYVEEC,0.4898868260126
M2_Macrophage,BS_1G3WYEN3,0.46640804386149
M2_Macrophage,BS_1HYS8CSC,0.570271525058729
M2_Macrophage,BS_1JDG6JV5,0.610112775728562
M2_Macrophage,BS_1KYGSMA7,0.590603740138712
M2_Macrophage,BS_1N76FQZY,0.443516222024725
M2_Macrophage,BS_1NPD7PVG,0.511904293431716
M2_Macrophage,BS_1Z9AX9JS,0.460805327061451
M2_Macrophage,BS_1ZVXF5FE,0.511496766479741
M2_Macrophage,BS_21RE8W46,0.488275932294698
M2_Macrophage,BS_24AHZ9ZW,0.614678164309814
M2_Macrophage,BS_2720P44V,0.576405521348158
M2_Macrophage,BS_27FYYPJG,0.539965999164374
M2_Macrophage,BS_29TRQXWM,0.499871835237862
M2_Macrophage,BS_2ADZNNV4,0.529932422344689
M2_Macrophage,BS_2EMW8ZG3,0.532174562454165
M2_Macrophage,BS_2K3FVT86,0.651836517735274
M2_Macrophage,BS_2KJ2YAZR,0.514839348490036
M2_Macrophage,BS_2QCQYY6M,0.506916686129882
M2_Macrophage,BS_2WPQ8YCW,0.511112998769918
M2_Macrophage,BS_2XM08BFY,0.575564224174092
M2_Macrophage,BS_2YCJV2VV,0.580560838162848
M2_Macrophage,BS_304SPN6B,0.548713953207794
M2_Macrophage,BS_33AQSPRP,0.552624377999781
M2_Macrophage,BS_3G3KWY18,0.592461137416369
M2_Macrophage,BS_3GAN6Q43,0.523288714445766
M2_Macrophage,BS_3P20Q2C3,0.317243770955584
M2_Macrophage,BS_3PYESPHA,0.437601120950893
M2_Macrophage,BS_3Q0GTSYH,0.558189154771268
M2_Macrophage,BS_3TJHY996,0.585414950670205
M2_Macrophage,BS_3XY76V8T,0.585153970353792
M2_Macrophage,BS_3Y2X2RBJ,0.52538822579482
M2_Macrophage,BS_401R3KV0,0.603797624525153
M2_Macrophage,BS_42DY6WS7,0.530652350061241
M2_Macrophage,BS_42Y3YANN,0.610125613796137
M2_Macrophage,BS_470DYRJQ,0.506320462515313
M2_Macrophage,BS_47SJZ3PH,0.601960086070896
M2_Macrophage,BS_49852ZBH,0.518065536433494
M2_Macrophage,BS_4A45GGSW,0.562059773989767
M2_Macrophage,BS_4BWB0FA0,0.578838785636727
M2_Macrophage,BS_4CXE5XEP,0.512877114973239
M2_Macrophage,BS_4HQ3T2NC,0.577228078390331
M2_Macrophage,BS_4N1GNHX4,0.518594667220826
M2_Macrophage,BS_4NF35AF6,0.508485677894408
M2_Macrophage,BS_4TZQY7TT,0.60197496565943
M2_Macrophage,BS_4Y6BCYK5,0.522419393002975
M2_Macrophage,BS_4Z2F4P9N,0.600102247693824
M2_Macrophage,BS_503DZ8BN,0.498820413395047
M2_Macrophage,BS_52426AMF,0.622298883312876
M2_Macrophage,BS_52DAPP1Y,0.4573039519047
M2_Macrophage,BS_534XRSNB,0.54278336624845
M2_Macrophage,BS_53GQKVEX,0.551347356772641
M2_Macrophage,BS_54H90JW2,0.604361595938609
M2_Macrophage,BS_55P8HPYD,0.487197694672983
M2_Macrophage,BS_55X1W2MR,0.607311112175842
M2_Macrophage,BS_57NMZPS0,0.428471123048386
M2_Macrophage,BS_593HEWBF,0.588095718658749
M2_Macrophage,BS_5J5D3QTD,0.495445805131185
M2_Macrophage,BS_5K3R0F5D,0.439269500834513
M2_Macrophage,BS_5NWDARXG,0.580155777719316
M2_Macrophage,BS_5PEFNDCY,0.4994920053744
M2_Macrophage,BS_5PV5N4HQ,0.51975386924265
M2_Macrophage,BS_5YJEPPTP,0.569375691459269
M2_Macrophage,BS_5YYCP891,0.561075012041321
M2_Macrophage,BS_66ABA973,0.528750429906953
M2_Macrophage,BS_66HQ3E4Z,0.511940231037079
M2_Macrophage,BS_680K119G,0.507598629360694
M2_Macrophage,BS_68BW2163,0.374010493321323
M2_Macrophage,BS_699TN5RN,0.590225487334811
M2_Macrophage,BS_6HXD39AM,0.557581714150575
M2_Macrophage,BS_6N3AFF66,0.518072378252767
M2_Macrophage,BS_6TSAVMT9,0.577334694572465
M2_Macrophage,BS_6VF6VPCG,0.545906226678395
M2_Macrophage,BS_769BDPDB,0.641134360971802
M2_Macrophage,BS_76DRXZRJ,0.52861520099554
M2_Macrophage,BS_775HDFNY,0.527587169097854
M2_Macrophage,BS_7H4RFCW9,0.643683091619256
M2_Macrophage,BS_7M3FNSYK,0.495852864276373
M2_Macrophage,BS_7MGXMG6S,0.485548347773516
M2_Macrophage,BS_7N0B2CY1,0.430177821426361
M2_Macrophage,BS_7P83Z28P,0.582690456546411
M2_Macrophage,BS_7Z93ZYMS,0.586440741484893
M2_Macrophage,BS_880ESDFZ,0.507658051124464
M2_Macrophage,BS_8BF616QR,0.523523068975889
M2_Macrophage,BS_8J3B6ZB6,0.574993287676383
M2_Macrophage,BS_8QJ43WKW,0.566845181980099
M2_Macrophage,BS_8RCR7Y4B,0.47867510778332
M2_Macrophage,BS_8VAZSJEN,0.59394168386573
M2_Macrophage,BS_92HCM7BN,0.59381864283351
M2_Macrophage,BS_94MT16N2,0.490204672170091
M2_Macrophage,BS_9BJARSX3,0.609743540620547
M2_Macrophage,BS_9F09XV62,0.433753911231393
M2_Macrophage,BS_9HSGV9TJ,0.621878365146629
M2_Macrophage,BS_9JBX2E8G,0.415655327914002
M2_Macrophage,BS_9P9MB8X8,0.56154309511686
M2_Macrophage,BS_9Q6Z6VJC,0.545993732963016
M2_Macrophage,BS_9S7AG4EN,0.437015849012155
M2_Macrophage,BS_9SJWWYQ4,0.501429916295493
M2_Macrophage,BS_9YXH2CZ0,0.512552573667836
M2_Macrophage,BS_A13BMEF5,0.444509313338856
M2_Macrophage,BS_A1VEGWTR,0.434878518153382
M2_Macrophage,BS_A46RDWGM,0.343967311357959
M2_Macrophage,BS_A96FKXN5,0.484563847924262
M2_Macrophage,BS_AGVWD5K8,0.516669722195245
M2_Macrophage,BS_AM0BZ61K,0.552088620906099
M2_Macrophage,BS_AP0SZ364,0.544957838125098
M2_Macrophage,BS_ATHSTZ5R,0.494407895225141
M2_Macrophage,BS_AW7J9F9R,0.576240629168002
M2_Macrophage,BS_B0SVFK4P,0.571533675679819
M2_Macrophage,BS_B3M5SGPA,0.538471346174485
M2_Macrophage,BS_B5JM6T8K,0.541689446479774
M2_Macrophage,BS_B6JKQFKA,0.500294564314999
M2_Macrophage,BS_B7GEH89C,0.555561826822301
M2_Macrophage,BS_B7X8VXQ3,0.507421882483983
M2_Macrophage,BS_BANCTAV6,0.457068138262986
M2_Macrophage,BS_BC936YNZ,0.564796980176502
M2_Macrophage,BS_BGRPWBNG,0.558765982020051
M2_Macrophage,BS_BJBM0BN7,0.522546312832523
M2_Macrophage,BS_BKQZ550R,0.607021788571446
M2_Macrophage,BS_BN986DF6,0.583578826053547
M2_Macrophage,BS_BNECCX4D,0.585887872340036
M2_Macrophage,BS_BPSTSCBJ,0.529707464248907
M2_Macrophage,BS_BW79W2PD,0.527775732033185
M2_Macrophage,BS_C0NEVC2B,0.592391904688877
M2_Macrophage,BS_C51RB0YR,0.610272908722505
M2_Macrophage,BS_C6SKJG3N,0.510555853876854
M2_Macrophage,BS_CC6RREE4,0.611772819625741
M2_Macrophage,BS_CGB2WS2A,0.524555768999436
M2_Macrophage,BS_CKX8RW1J,0.505794609924405
M2_Macrophage,BS_CMDJJQ7K,0.587226653945213
M2_Macrophage,BS_CTR5X93B,0.570431494491178
M2_Macrophage,BS_CVGFNCBJ,0.521227398122288
M2_Macrophage,BS_D3YBV7KB,0.600412267209094
M2_Macrophage,BS_DEHJF4C7,0.622797622109828
M2_Macrophage,BS_DMJHAG9X,0.526526156502365
M2_Macrophage,BS_DMZP9G1H,0.396442550496687
M2_Macrophage,BS_DPF1CX0G,0.480866135886557
M2_Macrophage,BS_DSS3S5XD,0.562224877833757
M2_Macrophage,BS_DV86M0Y7,0.512808169647738
M2_Macrophage,BS_E2DEWCSK,0.580185729151774
M2_Macrophage,BS_E3EJHXQV,0.571399793904497
M2_Macrophage,BS_E4GC9EXR,0.595058380122484
M2_Macrophage,BS_E94QRJDW,0.560005415111804
M2_Macrophage,BS_EBMCTR80,0.519398314440599
M2_Macrophage,BS_EFEZB0ZH,0.628536906173908
M2_Macrophage,BS_EHVYJAVA,0.591111451521121
M2_Macrophage,BS_EMAJ7P3P,0.543584773745566
M2_Macrophage,BS_ET8CJXSF,0.528545256967211
M2_Macrophage,BS_EXGBH3TD,0.573768495663329
M2_Macrophage,BS_EYSS0ZDS,0.467306246904472
M2_Macrophage,BS_F1K9QTBS,0.576081388128059
M2_Macrophage,BS_F77MGAQT,0.664826158420153
M2_Macrophage,BS_F8N6CFQE,0.564643288678982
M2_Macrophage,BS_FAQQ0GCQ,0.580891307654727
M2_Macrophage,BS_FJWZ3M7V,0.525259671253639
M2_Macrophage,BS_FJZPQZ2C,0.612378253849041
M2_Macrophage,BS_FR42HY0Z,0.528865101575536
M2_Macrophage,BS_FX4WKR2R,0.428527852832944
M2_Macrophage,BS_FZ62GZGV,0.619294676881519
M2_Macrophage,BS_G1DAGKSY,0.503217347961484
M2_Macrophage,BS_G5QBBHDV,0.560594970952451
M2_Macrophage,BS_G7AGNB5G,0.312776683094566
M2_Macrophage,BS_G9XE3N9T,0.461245773403521
M2_Macrophage,BS_GCA4GET3,0.549008586330577
M2_Macrophage,BS_GHNJ4CYC,0.56462195152477
M2_Macrophage,BS_GPEGRCCT,0.514695763302201
M2_Macrophage,BS_GTZCFGRZ,0.489424851658677
M2_Macrophage,BS_GYA4V1RD,0.466490393677691
M2_Macrophage,BS_GYXSDZ56,0.56709021338735
M2_Macrophage,BS_H08FEN68,0.592533727161629
M2_Macrophage,BS_H0WF1WHE,0.565489471343124
M2_Macrophage,BS_H3FE3TH9,0.519084475278116
M2_Macrophage,BS_H8A9PSYA,0.503912210775931
M2_Macrophage,BS_H9EX5WX3,0.518765131023615
M2_Macrophage,BS_HC5M8JTC,0.645539714510581
M2_Macrophage,BS_HM0R6SXQ,0.566734468109664
M2_Macrophage,BS_HNMQ7488,0.507925337530201
M2_Macrophage,BS_HQ5BJ6MW,0.606698877724264
M2_Macrophage,BS_HQDXQ5Y4,0.487255978330066
M2_Macrophage,BS_HSHN8PBB,0.541766369076602
M2_Macrophage,BS_HSTNFPKW,0.567434396905283
M2_Macrophage,BS_HV8PFRBR,0.599326864498641
M2_Macrophage,BS_J5H5VXWY,0.597568597290828
M2_Macrophage,BS_J9M83K8T,0.544590408386288
M2_Macrophage,BS_JFVB9KXB,0.345197808745692
M2_Macrophage,BS_JGKZ54SA,0.576719130729778
M2_Macrophage,BS_JH29M4KG,0.57542824342522
M2_Macrophage,BS_JKXA3FQC,0.469608426198175
M2_Macrophage,BS_JMHG7GCN,0.548035491844418
M2_Macrophage,BS_JVA2NQFF,0.541012775390498
M2_Macrophage,BS_JWSR581E,0.591983399971611
M2_Macrophage,BS_K57A4A9D,0.439091302519758
M2_Macrophage,BS_K5802F84,0.423282510081215
M2_Macrophage,BS_K7MVS0Z7,0.56938907820566
M2_Macrophage,BS_K838XW6V,0.549818412282006
M2_Macrophage,BS_M4NVX721,0.550346391325579
M2_Macrophage,BS_M4TTKPNR,0.636814657204105
M2_Macrophage,BS_M8M56Z4Y,0.51607459075646
M2_Macrophage,BS_M8WP5T16,0.601994147208314
M2_Macrophage,BS_MBSTWZA6,0.604580558465674
M2_Macrophage,BS_MF9X3PKH,0.591127928561023
M2_Macrophage,BS_MH8RAG4A,0.633917712488295
M2_Macrophage,BS_MX92FD6D,0.488285056506825
M2_Macrophage,BS_MY9D8XZ1,0.561722627398139
M2_Macrophage,BS_N1E0H8YQ,0.570651922872728
M2_Macrophage,BS_N210XMKR,0.391056541186714
M2_Macrophage,BS_N6NE6B3W,0.353920188867466
M2_Macrophage,BS_N87X1T8T,0.611517292392338
M2_Macrophage,BS_NB5XWMJT,0.574581224659375
M2_Macrophage,BS_NBZNAG7Q,0.609369242925991
M2_Macrophage,BS_NG9X6SJA,0.527412361854611
M2_Macrophage,BS_NKEAAFMW,0.335992364331816
M2_Macrophage,BS_NPQJ20KX,0.571148116342532
M2_Macrophage,BS_NQB91P48,0.559086548296755
M2_Macrophage,BS_NRFQEQKP,0.546330711210712
M2_Macrophage,BS_NRPG5K4K,0.519227197394495
M2_Macrophage,BS_NS7GSHB9,0.55886849228856
M2_Macrophage,BS_NT9NZYFD,0.533672656059408
M2_Macrophage,BS_NY5T05AK,0.543913552537918
M2_Macrophage,BS_P2Y2NANM,0.613689065209966
M2_Macrophage,BS_PDVD0GCM,0.50967431431737
M2_Macrophage,BS_PEP9NZXN,0.487936884725842
M2_Macrophage,BS_PQ7CQFYR,0.445819374639124
M2_Macrophage,BS_PRCG6W20,0.546580540325291
M2_Macrophage,BS_Q2PBFNDF,0.553661070232948
M2_Macrophage,BS_Q3TBCK4V,0.552314284266233
M2_Macrophage,BS_Q6VH5GJ8,0.43370558802995
M2_Macrophage,BS_Q79NP5YY,0.601542294253027
M2_Macrophage,BS_QBMW69AM,0.485249018143742
M2_Macrophage,BS_QH82PBMB,0.546149623439314
M2_Macrophage,BS_QTSXW7DA,0.602844282679439
M2_Macrophage,BS_QV51J756,0.450092488915545
M2_Macrophage,BS_R244Z0WX,0.50722344102667
M2_Macrophage,BS_R3AJB6VS,0.537184404195604
M2_Macrophage,BS_R7V8BC98,0.558618837280469
M2_Macrophage,BS_R9CKW9DY,0.565917579125992
M2_Macrophage,BS_RAQFEB0S,0.513194129840032
M2_Macrophage,BS_RARBBY7C,0.53493760080558
M2_Macrophage,BS_RGSMX7QD,0.528007616527076
M2_Macrophage,BS_RMT7ABN6,0.616104682690184
M2_Macrophage,BS_RNANA568,0.537457463915843
M2_Macrophage,BS_RPJ1EPHA,0.577116864904911
M2_Macrophage,BS_RRAEQZ97,0.577853014871486
M2_Macrophage,BS_RVSEDNJ4,0.392810438481146
M2_Macrophage,BS_S1KK7XRH,0.570569580671328
M2_Macrophage,BS_S458NMKH,0.530292672067642
M2_Macrophage,BS_S50KQEXV,0.539348377448613
M2_Macrophage,BS_SDA4RMMG,0.448552622669999
M2_Macrophage,BS_SDZY6RZ3,0.569790850721597
M2_Macrophage,BS_SFKZSJN1,0.436568064996058
M2_Macrophage,BS_SH2S6SFN,0.570196185275252
M2_Macrophage,BS_SHMC4902,0.584218690718894
M2_Macrophage,BS_SJ0HXCD0,0.548840665512272
M2_Macrophage,BS_SQX5E15Z,0.638249998055294
M2_Macrophage,BS_SW8C9Y5Y,0.619570983606861
M2_Macrophage,BS_SXRS2P6T,0.531484456494333
M2_Macrophage,BS_T0RKFEKR,0.656585583189058
M2_Macrophage,BS_T2QPMZCM,0.38984813513154
M2_Macrophage,BS_T4JFN54G,0.509589185782633
M2_Macrophage,BS_T5P5ME9M,0.589651568357206
M2_Macrophage,BS_TDJXQBVY,0.579237194928119
M2_Macrophage,BS_TG93XC55,0.395617914382106
M2_Macrophage,BS_TRZZRYKF,0.487498531776205
M2_Macrophage,BS_TV80600R,0.530121763403471
M2_Macrophage,BS_TWFDEMBZ,0.558692841601585
M2_Macrophage,BS_V2G1YE8R,0.546084596141215
M2_Macrophage,BS_V33RCK1Y,0.473582670719605
M2_Macrophage,BS_V3REENH9,0.620034893800806
M2_Macrophage,BS_V72GX2AZ,0.532576954823501
M2_Macrophage,BS_V7BZ049H,0.631493876151093
M2_Macrophage,BS_V89HGTET,0.583180521760437
M2_Macrophage,BS_VARR255N,0.583103439109919
M2_Macrophage,BS_VMMJYN8Z,0.478512768232993
M2_Macrophage,BS_VTYNWK05,0.577170351231112
M2_Macrophage,BS_VZWXGYT2,0.56923960024157
M2_Macrophage,BS_WRQHPSXQ,0.470663648011927
M2_Macrophage,BS_WVS02TZK,0.435888866723905
M2_Macrophage,BS_X16PENSA,0.618280580885893
M2_Macrophage,BS_X2EDW2ZB,0.411550113917548
M2_Macrophage,BS_X5DFR216,0.517088506803617
M2_Macrophage,BS_X6GFVDVA,0.588780296869013
M2_Macrophage,BS_X91K8KMG,0.571582436450041
M2_Macrophage,BS_XGSA3GQE,0.57496654233075
M2_Macrophage,BS_XKKB4MZV,0.518755220991067
M2_Macrophage,BS_Y0PCBNJV,0.541533238290795
M2_Macrophage,BS_Y274AC0H,0.5781808743485
M2_Macrophage,BS_Y7H24JZG,0.601505689644898
M2_Macrophage,BS_Y7W8BR6B,0.552143508582183
M2_Macrophage,BS_YASWHXJC,0.622268757894883
M2_Macrophage,BS_YB2RXRHT,0.539403615035148
M2_Macrophage,BS_YCREDZTJ,0.587377467401843
M2_Macrophage,BS_YEQVW4ND,0.50304477579849
M2_Macrophage,BS_YMAJC22S,0.320202161046199
M2_Macrophage,BS_YVEEXAAT,0.571333321668467
M2_Macrophage,BS_YVMEEBKC,0.606256126210186
M2_Macrophage,BS_YWJKHMXV,0.512063259368586
M2_Macrophage,BS_YY5B2XDD,0.634705779617894
M2_Macrophage,BS_YZ2Z1Q6Y,0.494542362384725
M2_Macrophage,BS_Z0AVVB1V,0.607169889483109
M2_Macrophage,BS_Z1A875MW,0.461545812302778
M2_Macrophage,BS_Z6BWR941,0.461192128113012
M2_Macrophage,BS_Z7Y2466H,0.604645727136712
M2_Macrophage,BS_ZHHAM3AN,0.73039816239548
M2_Macrophage,BS_ZHRGDRBW,0.444264507498903
M2_Macrophage,BS_ZJY7Y34M,0.448854851977635
M2_Macrophage,BS_ZN2P8BKH,0.602576341266258
M2_Macrophage,BS_ZTWGFWTX,0.544671280871036
M2_Macrophage,BS_ZV9Z3SY6,0.620380948327131
M2_Macrophage,BS_ZVX2GRD6,0.56168761619806
M2_Macrophage,BS_ZZMYDZJW,0.61271112832483
Glioma_Inflammatory_Wang2017,BS_00FD2KMP,0.357926741601431
Glioma_Inflammatory_Wang2017,BS_028YFYJ6,0.413810039202829
Glioma_Inflammatory_Wang2017,BS_052PZFMK,0.287650427903037
Glioma_Inflammatory_Wang2017,BS_056Q8577,0.455782715523189
Glioma_Inflammatory_Wang2017,BS_08ST21QE,0.477090882578693
Glioma_Inflammatory_Wang2017,BS_0C7VZC0A,0.283622376951359
Glioma_Inflammatory_Wang2017,BS_0S8E7590,0.608186341283699
Glioma_Inflammatory_Wang2017,BS_0VXZCRJS,0.389921572526775
Glioma_Inflammatory_Wang2017,BS_0XEBS3PG,0.320073432729487
Glioma_Inflammatory_Wang2017,BS_0ZA67BBC,0.267840995533226
Glioma_Inflammatory_Wang2017,BS_12G04QJM,0.424251779765043
Glioma_Inflammatory_Wang2017,BS_17ZSMXFH,0.395137780470653
Glioma_Inflammatory_Wang2017,BS_1A6MQ9ZA,0.391838329246534
Glioma_Inflammatory_Wang2017,BS_1D93Z575,0.415307597872537
Glioma_Inflammatory_Wang2017,BS_1EN5V3XW,0.265463845622657
Glioma_Inflammatory_Wang2017,BS_223BM91B,0.589299762562789
Glioma_Inflammatory_Wang2017,BS_25HNKZ79,0.506632667045389
Glioma_Inflammatory_Wang2017,BS_2853394H,0.322178836427814
Glioma_Inflammatory_Wang2017,BS_297H8BT4,0.450019841273581
Glioma_Inflammatory_Wang2017,BS_29X4ZX6Q,0.359353947707373
Glioma_Inflammatory_Wang2017,BS_2A5R9MEJ,0.280300065619711
Glioma_Inflammatory_Wang2017,BS_2ARXK0TD,0.521687935818661
Glioma_Inflammatory_Wang2017,BS_2AV1H5TV,0.433347444038368
Glioma_Inflammatory_Wang2017,BS_2DMBCHNF,0.622257602785057
Glioma_Inflammatory_Wang2017,BS_2EN3X6HB,0.449202861171703
Glioma_Inflammatory_Wang2017,BS_2FEZWH1F,0.631957710654302
Glioma_Inflammatory_Wang2017,BS_2HNXVFAS,0.391321974690666
Glioma_Inflammatory_Wang2017,BS_2JH1QMT1,0.347107792173564
Glioma_Inflammatory_Wang2017,BS_2JP7RBMB,0.431852879854038
Glioma_Inflammatory_Wang2017,BS_2K01T8K6,0.515261417480766
Glioma_Inflammatory_Wang2017,BS_2PDS3MSS,0.598325886552467
Glioma_Inflammatory_Wang2017,BS_2T5PJAW8,0.477772044179593
Glioma_Inflammatory_Wang2017,BS_2WANPFBJ,0.538157497211185
Glioma_Inflammatory_Wang2017,BS_30F3Z9FS,0.472339818110192
Glioma_Inflammatory_Wang2017,BS_30VC3R2Q,0.360576773530124
Glioma_Inflammatory_Wang2017,BS_30YWQ3FY,0.440322537983379
Glioma_Inflammatory_Wang2017,BS_31MBRWC4,0.544694958074417
Glioma_Inflammatory_Wang2017,BS_333KCNDP,0.590929483492321
Glioma_Inflammatory_Wang2017,BS_399RPKC9,0.371210807394879
Glioma_Inflammatory_Wang2017,BS_3AC3SRWH,0.280941073972149
Glioma_Inflammatory_Wang2017,BS_3MS8WVNR,0.2859605475034
Glioma_Inflammatory_Wang2017,BS_3ZPJAK9A,0.40846994327475
Glioma_Inflammatory_Wang2017,BS_45J79YTF,0.267637482875694
Glioma_Inflammatory_Wang2017,BS_49BQS7Z6,0.328633459740216
Glioma_Inflammatory_Wang2017,BS_49CJNZ06,0.285052842121001
Glioma_Inflammatory_Wang2017,BS_4B0BAVTX,0.382782954655812
Glioma_Inflammatory_Wang2017,BS_4BM3F6XJ,0.505321951569442
Glioma_Inflammatory_Wang2017,BS_4C6B11E4,0.450578756811158
Glioma_Inflammatory_Wang2017,BS_4GNN7J8E,0.591011065953197
Glioma_Inflammatory_Wang2017,BS_4KNBXM3C,0.493014740145669
Glioma_Inflammatory_Wang2017,BS_4Q3KRCZT,0.451793565512719
Glioma_Inflammatory_Wang2017,BS_4QW2S1Q8,0.536425602723965
Glioma_Inflammatory_Wang2017,BS_4T0HQ9QF,0.443510619543356
Glioma_Inflammatory_Wang2017,BS_4V42BXBT,0.412308937416297
Glioma_Inflammatory_Wang2017,BS_51RA1PGE,0.48705279108487
Glioma_Inflammatory_Wang2017,BS_52C576HH,0.363518175625583
Glioma_Inflammatory_Wang2017,BS_5965SFPZ,0.310430812935882
Glioma_Inflammatory_Wang2017,BS_5EFYPZT0,0.411572642075714
Glioma_Inflammatory_Wang2017,BS_5G5BD2MD,0.576494580980088
Glioma_Inflammatory_Wang2017,BS_5K95FX4C,0.579996234707983
Glioma_Inflammatory_Wang2017,BS_5KBXD2GQ,0.435286794502763
Glioma_Inflammatory_Wang2017,BS_5PXZ8F7W,0.51895263575126
Glioma_Inflammatory_Wang2017,BS_5VPM0F36,0.608711329511495
Glioma_Inflammatory_Wang2017,BS_62SW4CC5,0.6842913065683
Glioma_Inflammatory_Wang2017,BS_65WPD3DA,0.344211827000374
Glioma_Inflammatory_Wang2017,BS_68KX6A42,0.569682632853291
Glioma_Inflammatory_Wang2017,BS_6DCSD5Y6,0.190499677898283
Glioma_Inflammatory_Wang2017,BS_6H4Q24WA,0.533754319336293
Glioma_Inflammatory_Wang2017,BS_6M2053M0,0.417381298076805
Glioma_Inflammatory_Wang2017,BS_6SY64H5J,0.569990429679986
Glioma_Inflammatory_Wang2017,BS_6VRG1XFB,0.437725481418405
Glioma_Inflammatory_Wang2017,BS_6WP1FHTE,0.559897517199745
Glioma_Inflammatory_Wang2017,BS_7327SDAQ,0.390342210641084
Glioma_Inflammatory_Wang2017,BS_75YRDXET,0.688620772845185
Glioma_Inflammatory_Wang2017,BS_77SBTNPN,0.388744974192566
Glioma_Inflammatory_Wang2017,BS_7AEF4D4G,0.627701863913605
Glioma_Inflammatory_Wang2017,BS_7APCGCVF,0.491631091802556
Glioma_Inflammatory_Wang2017,BS_7GJT4A6A,0.255603781735554
Glioma_Inflammatory_Wang2017,BS_7GKWKGPH,0.597395270953171
Glioma_Inflammatory_Wang2017,BS_7PVJ6Q3D,0.350617279966735
Glioma_Inflammatory_Wang2017,BS_7WKNNRHK,0.40690414310252
Glioma_Inflammatory_Wang2017,BS_84VZX732,0.549305031087822
Glioma_Inflammatory_Wang2017,BS_84XCR9GG,0.31947918507059
Glioma_Inflammatory_Wang2017,BS_8E8JKP01,0.237537172294407
Glioma_Inflammatory_Wang2017,BS_8ERBDF7D,0.405238201918806
Glioma_Inflammatory_Wang2017,BS_8JK9TXH2,0.548889282075896
Glioma_Inflammatory_Wang2017,BS_8VD670NP,0.383810410238455
Glioma_Inflammatory_Wang2017,BS_8YWYN7VH,0.572504845968293
Glioma_Inflammatory_Wang2017,BS_8ZE4Z9G5,0.475076817511118
Glioma_Inflammatory_Wang2017,BS_8ZY4GST0,0.219596883657406
Glioma_Inflammatory_Wang2017,BS_91VYM11A,0.501646230947593
Glioma_Inflammatory_Wang2017,BS_956G6QPJ,0.450517063102112
Glioma_Inflammatory_Wang2017,BS_97M1E2DW,0.292405144362097
Glioma_Inflammatory_Wang2017,BS_9A1YTHFF,0.542653947232578
Glioma_Inflammatory_Wang2017,BS_9B0A62MT,0.46802097819894
Glioma_Inflammatory_Wang2017,BS_9CA93S6D,0.202266151816325
Glioma_Inflammatory_Wang2017,BS_9FHEFJNP,0.409892356377927
Glioma_Inflammatory_Wang2017,BS_9FX3YREK,0.170669591518665
Glioma_Inflammatory_Wang2017,BS_9GJ3DB1H,0.494763075443945
Glioma_Inflammatory_Wang2017,BS_9JPQZQNG,0.413693894398557
Glioma_Inflammatory_Wang2017,BS_9TXEDSWB,0.45336443022961
Glioma_Inflammatory_Wang2017,BS_9XVACXP0,0.245766233069773
Glioma_Inflammatory_Wang2017,BS_9Y1K14Q5,0.435965565411835
Glioma_Inflammatory_Wang2017,BS_9ZJT0CP0,0.483657231961624
Glioma_Inflammatory_Wang2017,BS_A4PF49V0,0.401138037325309
Glioma_Inflammatory_Wang2017,BS_A6NXR7RC,0.398289040044603
Glioma_Inflammatory_Wang2017,BS_A7Q8G0Y1,0.378024168822262
Glioma_Inflammatory_Wang2017,BS_A8XW5S0W,0.472078940508357
Glioma_Inflammatory_Wang2017,BS_AWH9757B,0.314258843284169
Glioma_Inflammatory_Wang2017,BS_AYSXRQWY,0.548123201292327
Glioma_Inflammatory_Wang2017,BS_AZQM1JJH,0.494335815748593
Glioma_Inflammatory_Wang2017,BS_B1C6GZ84,0.311678298213225
Glioma_Inflammatory_Wang2017,BS_B3MQFFYP,0.623766276967911
Glioma_Inflammatory_Wang2017,BS_B4R7X1KE,0.276477229601465
Glioma_Inflammatory_Wang2017,BS_B57327NA,0.435180630823898
Glioma_Inflammatory_Wang2017,BS_BBAEMXRD,0.325677447782524
Glioma_Inflammatory_Wang2017,BS_BBQ6BHGN,0.406568666853149
Glioma_Inflammatory_Wang2017,BS_BK0HGRXM,0.530623607945165
Glioma_Inflammatory_Wang2017,BS_BMMY0H73,0.390965698748098
Glioma_Inflammatory_Wang2017,BS_C6ZZ3FY5,0.389034550942883
Glioma_Inflammatory_Wang2017,BS_C83TK159,0.39142313842604
Glioma_Inflammatory_Wang2017,BS_CBDQZ8PP,0.305868620784776
Glioma_Inflammatory_Wang2017,BS_CF63VG3S,0.414664747634481
Glioma_Inflammatory_Wang2017,BS_CFD3WHAY,0.420173530626016
Glioma_Inflammatory_Wang2017,BS_CG1RG607,0.539179171704738
Glioma_Inflammatory_Wang2017,BS_CVEDJGHZ,0.577874121573578
Glioma_Inflammatory_Wang2017,BS_CXAQDK7S,0.626582941684256
Glioma_Inflammatory_Wang2017,BS_CZPQ493E,0.515094766996707
Glioma_Inflammatory_Wang2017,BS_D29RPBSZ,0.436308976023539
Glioma_Inflammatory_Wang2017,BS_D4VNDNQA,0.462765903888013
Glioma_Inflammatory_Wang2017,BS_D6J2BGDJ,0.230004971489752
Glioma_Inflammatory_Wang2017,BS_DFGS950G,0.223960519531046
Glioma_Inflammatory_Wang2017,BS_DNZVP92S,0.371590716322244
Glioma_Inflammatory_Wang2017,BS_DR079H0D,0.327219847457259
Glioma_Inflammatory_Wang2017,BS_DS438CXE,0.152048073901298
Glioma_Inflammatory_Wang2017,BS_DSPVSM7D,0.315341756481525
Glioma_Inflammatory_Wang2017,BS_DZNXFPH1,0.587752158778019
Glioma_Inflammatory_Wang2017,BS_E7NVYA6G,0.543034063621908
Glioma_Inflammatory_Wang2017,BS_E9CYN4NP,0.325099396213373
Glioma_Inflammatory_Wang2017,BS_EB0XRBT9,0.480699701285133
Glioma_Inflammatory_Wang2017,BS_EDJ5TV0P,0.337190269676428
Glioma_Inflammatory_Wang2017,BS_EMQM7HTA,0.467064988881166
Glioma_Inflammatory_Wang2017,BS_ENEYB4TG,0.484512828164388
Glioma_Inflammatory_Wang2017,BS_EXPJQZTH,0.511379474402008
Glioma_Inflammatory_Wang2017,BS_EZ3147MX,0.442653122715478
Glioma_Inflammatory_Wang2017,BS_F0JB4EAK,0.216139175201997
Glioma_Inflammatory_Wang2017,BS_F21R36MM,0.446974557490655
Glioma_Inflammatory_Wang2017,BS_F65GWS21,0.40224170842629
Glioma_Inflammatory_Wang2017,BS_F6V1Y4QS,0.34045367707997
Glioma_Inflammatory_Wang2017,BS_F9Y4Z92G,0.266750437942932
Glioma_Inflammatory_Wang2017,BS_FCDAH728,0.382381860402559
Glioma_Inflammatory_Wang2017,BS_FEV5A0HN,0.30726863737242
Glioma_Inflammatory_Wang2017,BS_FGJH1X0S,0.281358770300295
Glioma_Inflammatory_Wang2017,BS_FKASA3MN,0.182503825152609
Glioma_Inflammatory_Wang2017,BS_FN07P04C,0.258850139343617
Glioma_Inflammatory_Wang2017,BS_FX2P2WEG,0.672925298039614
Glioma_Inflammatory_Wang2017,BS_FXJY0MNH,0.511879045206667
Glioma_Inflammatory_Wang2017,BS_FYP2B298,0.294282022247619
Glioma_Inflammatory_Wang2017,BS_G19QZG4S,0.373867772927475
Glioma_Inflammatory_Wang2017,BS_G1E5DATJ,0.400018770639406
Glioma_Inflammatory_Wang2017,BS_G257VSS9,0.370770708066397
Glioma_Inflammatory_Wang2017,BS_G3NN392N,0.447355732171117
Glioma_Inflammatory_Wang2017,BS_G3RJTBZD,0.250747741238536
Glioma_Inflammatory_Wang2017,BS_G5NHSFD4,0.269626462255168
Glioma_Inflammatory_Wang2017,BS_G8TXTX0H,0.407091192002334
Glioma_Inflammatory_Wang2017,BS_GG9W3J9Y,0.28986826310538
Glioma_Inflammatory_Wang2017,BS_GW0GKWMS,0.279735119410351
Glioma_Inflammatory_Wang2017,BS_GWHYM3R4,0.401261318406663
Glioma_Inflammatory_Wang2017,BS_GWSJ4Z9H,0.547245284053819
Glioma_Inflammatory_Wang2017,BS_H5VQJR7X,0.519321370813837
Glioma_Inflammatory_Wang2017,BS_H97S5SQN,0.405648506745272
Glioma_Inflammatory_Wang2017,BS_H9JYKFTV,0.35704079425817
Glioma_Inflammatory_Wang2017,BS_HDHXX8Q7,0.534170369389314
Glioma_Inflammatory_Wang2017,BS_HDPCQETG,0.633406371003863
Glioma_Inflammatory_Wang2017,BS_HJRTC9JQ,0.559891544885032
Glioma_Inflammatory_Wang2017,BS_HJV0J603,0.626490292831914
Glioma_Inflammatory_Wang2017,BS_HRJ9145M,0.583012482991792
Glioma_Inflammatory_Wang2017,BS_HWGWYCY7,0.616874487380488
Glioma_Inflammatory_Wang2017,BS_HZ9AYDCQ,0.443532835259421
Glioma_Inflammatory_Wang2017,BS_J4JY2F3H,0.665163276530888
Glioma_Inflammatory_Wang2017,BS_J6212Y48,0.49281946701484
Glioma_Inflammatory_Wang2017,BS_J6W1RB7A,0.446102071873428
Glioma_Inflammatory_Wang2017,BS_J9CBGP57,0.388411508560136
Glioma_Inflammatory_Wang2017,BS_JB43XBCQ,0.612918555499896
Glioma_Inflammatory_Wang2017,BS_JDSNFYQ0,0.544623152332203
Glioma_Inflammatory_Wang2017,BS_JJVH7WR0,0.247771333129073
Glioma_Inflammatory_Wang2017,BS_JMD386Z2,0.407871682961343
Glioma_Inflammatory_Wang2017,BS_JP95KMRD,0.506795038643661
Glioma_Inflammatory_Wang2017,BS_JQGJQ2QZ,0.441500592171626
Glioma_Inflammatory_Wang2017,BS_JQVAWTTM,0.443193615013475
Glioma_Inflammatory_Wang2017,BS_JQXHHK0K,0.356960094187213
Glioma_Inflammatory_Wang2017,BS_JRYJGYC4,0.456456975300465
Glioma_Inflammatory_Wang2017,BS_JS95PE0J,0.377913838833746
Glioma_Inflammatory_Wang2017,BS_JTWNJ8T7,0.245127120269643
Glioma_Inflammatory_Wang2017,BS_JVW2JJ39,0.285983216795686
Glioma_Inflammatory_Wang2017,BS_K0X3PZGN,0.693650927878176
Glioma_Inflammatory_Wang2017,BS_K17VQECG,0.548335437794567
Glioma_Inflammatory_Wang2017,BS_K2PCC777,0.649662301298283
Glioma_Inflammatory_Wang2017,BS_K74N1BXQ,0.39243853130239
Glioma_Inflammatory_Wang2017,BS_K81PZXP2,0.49637940154631
Glioma_Inflammatory_Wang2017,BS_K88T8SW7,0.822025060604416
Glioma_Inflammatory_Wang2017,BS_KABQQA0T,0.258681664018169
Glioma_Inflammatory_Wang2017,BS_KBEX4RT2,0.342595531045564
Glioma_Inflammatory_Wang2017,BS_KFD5128N,0.397610551751761
Glioma_Inflammatory_Wang2017,BS_KKDTW11T,0.382185884377182
Glioma_Inflammatory_Wang2017,BS_KP735TJ6,0.27362896860113
Glioma_Inflammatory_Wang2017,BS_KQ6ZW085,0.421696812520104
Glioma_Inflammatory_Wang2017,BS_KRS4EV4X,0.46473709399354
Glioma_Inflammatory_Wang2017,BS_KS8HMGA6,0.508236482487819
Glioma_Inflammatory_Wang2017,BS_KVPWHDR4,0.433939279883884
Glioma_Inflammatory_Wang2017,BS_M0FA190Y,0.420146186572949
Glioma_Inflammatory_Wang2017,BS_M0XGZ53Z,0.219838764497961
Glioma_Inflammatory_Wang2017,BS_M1PVEHCM,0.169079970174524
Glioma_Inflammatory_Wang2017,BS_M54TWTH4,0.41653314147718
Glioma_Inflammatory_Wang2017,BS_M7XB258E,0.648641080547689
Glioma_Inflammatory_Wang2017,BS_M85CXHDV,0.581322669910839
Glioma_Inflammatory_Wang2017,BS_MB7WN0ZB,0.4621039488529
Glioma_Inflammatory_Wang2017,BS_MD0937XT,0.26046026451352
Glioma_Inflammatory_Wang2017,BS_MDBT7S5Z,0.271348854555145
Glioma_Inflammatory_Wang2017,BS_ME6VQGG4,0.4071562606553
Glioma_Inflammatory_Wang2017,BS_MFGZH8FK,0.447665062751125
Glioma_Inflammatory_Wang2017,BS_MG78HQDM,0.202133499675537
Glioma_Inflammatory_Wang2017,BS_MWWZBQ60,0.319280832507238
Glioma_Inflammatory_Wang2017,BS_N6TQBQ8M,0.459547924255027
Glioma_Inflammatory_Wang2017,BS_N7SW36FD,0.459929297689876
Glioma_Inflammatory_Wang2017,BS_N7VQ1GQB,0.504182679115413
Glioma_Inflammatory_Wang2017,BS_NB9XXBW6,0.303880601778173
Glioma_Inflammatory_Wang2017,BS_NEFAASTR,0.509207096795789
Glioma_Inflammatory_Wang2017,BS_NEVYM2FP,0.354184779280375
Glioma_Inflammatory_Wang2017,BS_NFKKDYSV,0.560386780611075
Glioma_Inflammatory_Wang2017,BS_NGSG2KB6,0.566309231635647
Glioma_Inflammatory_Wang2017,BS_NNYXMSTX,0.528730904478777
Glioma_Inflammatory_Wang2017,BS_NPA6CZQF,0.227047120174968
Glioma_Inflammatory_Wang2017,BS_NQ54ST98,0.517578809814744
Glioma_Inflammatory_Wang2017,BS_NR3P3GN2,0.464305214432962
Glioma_Inflammatory_Wang2017,BS_NX1R0BC3,0.471838747679596
Glioma_Inflammatory_Wang2017,BS_P0QF87WC,0.48391733255101
Glioma_Inflammatory_Wang2017,BS_P4PMWFMV,0.389977581265657
Glioma_Inflammatory_Wang2017,BS_P7W3AYKV,0.540512583857946
Glioma_Inflammatory_Wang2017,BS_PENM28KT,0.365842548454118
Glioma_Inflammatory_Wang2017,BS_PJC6FH4Y,0.548008411745864
Glioma_Inflammatory_Wang2017,BS_PS0P3QJ3,0.314200722706854
Glioma_Inflammatory_Wang2017,BS_PXCPK5XS,0.461584163184049
Glioma_Inflammatory_Wang2017,BS_PZVHMSYN,0.407756011825497
Glioma_Inflammatory_Wang2017,BS_Q06J3RYW,0.510803200423851
Glioma_Inflammatory_Wang2017,BS_Q35GFYDR,0.431009889260967
Glioma_Inflammatory_Wang2017,BS_Q9N5PRD5,0.435836459686614
Glioma_Inflammatory_Wang2017,BS_QB84TBA3,0.27306087805234
Glioma_Inflammatory_Wang2017,BS_QGKEP3KB,0.643108793380121
Glioma_Inflammatory_Wang2017,BS_QH0VYVJK,0.486634303301066
Glioma_Inflammatory_Wang2017,BS_QHY302E8,0.49330988829628
Glioma_Inflammatory_Wang2017,BS_QMBS32Y2,0.411732483811592
Glioma_Inflammatory_Wang2017,BS_QNNX91SM,0.392380727509481
Glioma_Inflammatory_Wang2017,BS_QY2G1JZJ,0.402372050151448
Glioma_Inflammatory_Wang2017,BS_QYA4TQXX,0.370854703427772
Glioma_Inflammatory_Wang2017,BS_R5JQE0VJ,0.43884428309206
Glioma_Inflammatory_Wang2017,BS_R5SNFB5B,0.260186550535444
Glioma_Inflammatory_Wang2017,BS_R9B92M75,0.418278740517319
Glioma_Inflammatory_Wang2017,BS_RHAWQJ48,0.535818161942915
Glioma_Inflammatory_Wang2017,BS_RHM60031,0.455492885986689
Glioma_Inflammatory_Wang2017,BS_RJC3WDD6,0.107013422808034
Glioma_Inflammatory_Wang2017,BS_RN0VAY51,0.430892830233106
Glioma_Inflammatory_Wang2017,BS_RX1YTZ7F,0.397996306082485
Glioma_Inflammatory_Wang2017,BS_RZBFH1QF,0.225066077211664
Glioma_Inflammatory_Wang2017,BS_S2TA8R29,0.439096741338671
Glioma_Inflammatory_Wang2017,BS_S3C2PZAH,0.50917011679144
Glioma_Inflammatory_Wang2017,BS_S3MET0JZ,0.461259216161985
Glioma_Inflammatory_Wang2017,BS_S4V9E1XJ,0.50356932076252
Glioma_Inflammatory_Wang2017,BS_S5P8VTN5,0.464336343827693
Glioma_Inflammatory_Wang2017,BS_S6B9DVNS,0.221080568118704
Glioma_Inflammatory_Wang2017,BS_S6S7SK3P,0.199450481806453
Glioma_Inflammatory_Wang2017,BS_S8K878T3,0.613870129982825
Glioma_Inflammatory_Wang2017,BS_SBMAM00V,0.41514715852527
Glioma_Inflammatory_Wang2017,BS_SBMCD7XZ,0.417984258615309
Glioma_Inflammatory_Wang2017,BS_SD0EMK7Y,0.399541591738692
Glioma_Inflammatory_Wang2017,BS_SD8YBRBR,0.202642063020044
Glioma_Inflammatory_Wang2017,BS_SERDGASJ,0.477411963508211
Glioma_Inflammatory_Wang2017,BS_SJVTZ5TH,0.470941088571228
Glioma_Inflammatory_Wang2017,BS_SMWQR2F1,0.49813475136775
Glioma_Inflammatory_Wang2017,BS_SNVM7CZT,0.536796223762103
Glioma_Inflammatory_Wang2017,BS_SR2RGDXJ,0.440175106385493
Glioma_Inflammatory_Wang2017,BS_SW9Z10F9,0.462340193248747
Glioma_Inflammatory_Wang2017,BS_SY3J3XR9,0.228801874101049
Glioma_Inflammatory_Wang2017,BS_T1YHK6B7,0.501037743430225
Glioma_Inflammatory_Wang2017,BS_T2F48Z4E,0.576145947357185
Glioma_Inflammatory_Wang2017,BS_T9A8JJW5,0.341939013371738
Glioma_Inflammatory_Wang2017,BS_TASG32Z2,0.462227488483225
Glioma_Inflammatory_Wang2017,BS_TGS109T3,0.321889730070699
Glioma_Inflammatory_Wang2017,BS_TM9MH0RP,0.447362562256852
Glioma_Inflammatory_Wang2017,BS_TR2P8KRF,0.442961676486614
Glioma_Inflammatory_Wang2017,BS_TRKH2SPE,0.32547531108474
Glioma_Inflammatory_Wang2017,BS_TRPXB3AV,0.369349210055486
Glioma_Inflammatory_Wang2017,BS_TTDNZTZ0,0.572988013972616
Glioma_Inflammatory_Wang2017,BS_TTE04ZP8,0.439875597851099
Glioma_Inflammatory_Wang2017,BS_TV5B86ZD,0.351762246205048
Glioma_Inflammatory_Wang2017,BS_TVH33J9Q,0.475268200194481
Glioma_Inflammatory_Wang2017,BS_TXZ7KHTQ,0.395564821314248
Glioma_Inflammatory_Wang2017,BS_V0DQFC75,0.437737524049628
Glioma_Inflammatory_Wang2017,BS_V3Z3DB4N,0.182879232604224
Glioma_Inflammatory_Wang2017,BS_V558NW3Q,0.573626317396838
Glioma_Inflammatory_Wang2017,BS_V6RSB5HQ,0.353315083657129
Glioma_Inflammatory_Wang2017,BS_V8QWBVS3,0.786075980524487
Glioma_Inflammatory_Wang2017,BS_VBMRQK4F,0.42045678274363
Glioma_Inflammatory_Wang2017,BS_VDFXXMEX,0.430779227057393
Glioma_Inflammatory_Wang2017,BS_VF3NVT4G,0.457165481361302
Glioma_Inflammatory_Wang2017,BS_VKH87DD2,0.575554659353738
Glioma_Inflammatory_Wang2017,BS_VKHJG2B8,0.451333327967771
Glioma_Inflammatory_Wang2017,BS_VKYEM67A,0.416839443048598
Glioma_Inflammatory_Wang2017,BS_VMQMGSJY,0.463823824034774
Glioma_Inflammatory_Wang2017,BS_VVTHDRBD,0.286493439040619
Glioma_Inflammatory_Wang2017,BS_W1385R8Y,0.453022003353792
Glioma_Inflammatory_Wang2017,BS_W4DB5RP1,0.261640708611394
Glioma_Inflammatory_Wang2017,BS_W7MFJZ5A,0.545281124585318
Glioma_Inflammatory_Wang2017,BS_WBVSK3MP,0.215652420547787
Glioma_Inflammatory_Wang2017,BS_WEKK6SHP,0.496741583111587
Glioma_Inflammatory_Wang2017,BS_WHBEXD5H,0.570106628505577
Glioma_Inflammatory_Wang2017,BS_WQ1YRTAT,0.118345635455803
Glioma_Inflammatory_Wang2017,BS_WTJEDTZC,0.543485713993866
Glioma_Inflammatory_Wang2017,BS_WVRX4C9Z,0.532279536741215
Glioma_Inflammatory_Wang2017,BS_X0XXN9BK,0.564274574182516
Glioma_Inflammatory_Wang2017,BS_X1G0TKP4,0.454863798578468
Glioma_Inflammatory_Wang2017,BS_X20JCR4H,0.489963320316492
Glioma_Inflammatory_Wang2017,BS_X23724NJ,0.394561598437702
Glioma_Inflammatory_Wang2017,BS_X3HR4Z21,0.48707534778859
Glioma_Inflammatory_Wang2017,BS_X4DD4KSZ,0.655241426434945
Glioma_Inflammatory_Wang2017,BS_X4X1SFSE,0.318394918603435
Glioma_Inflammatory_Wang2017,BS_XG0DBWVT,0.28195108276087
Glioma_Inflammatory_Wang2017,BS_XGDPK33A,0.355181924149955
Glioma_Inflammatory_Wang2017,BS_XM1AHBDJ,0.314548940690971
Glioma_Inflammatory_Wang2017,BS_XQ5SFW35,0.460370148423221
Glioma_Inflammatory_Wang2017,BS_XQXXBWPD,0.538227400139258
Glioma_Inflammatory_Wang2017,BS_XYVCMF4A,0.340209526455258
Glioma_Inflammatory_Wang2017,BS_XZM79E42,0.472029331714996
Glioma_Inflammatory_Wang2017,BS_YA0KMBRT,0.351238509380982
Glioma_Inflammatory_Wang2017,BS_YDEVMD24,0.266244786058966
Glioma_Inflammatory_Wang2017,BS_YMKQT5V0,0.565730160790859
Glioma_Inflammatory_Wang2017,BS_YR12D1ZY,0.433532489192457
Glioma_Inflammatory_Wang2017,BS_YSZRQ95C,0.441843534618846
Glioma_Inflammatory_Wang2017,BS_YTWEM5SG,0.55916251089412
Glioma_Inflammatory_Wang2017,BS_YZ2QFDAN,0.465518878409813
Glioma_Inflammatory_Wang2017,BS_Z0ZPD9S9,0.500388855565744
Glioma_Inflammatory_Wang2017,BS_Z3RCA1T9,0.490799510485178
Glioma_Inflammatory_Wang2017,BS_Z8F3GM85,0.455829992502781
Glioma_Inflammatory_Wang2017,BS_ZD5HN296,0.61359015760351
Glioma_Inflammatory_Wang2017,BS_ZF6BSFNF,0.373105003668938
Glioma_Inflammatory_Wang2017,BS_ZM97KKXE,0.543173869654664
Glioma_Inflammatory_Wang2017,BS_ZV1P6W9C,0.277588395998045
Glioma_Inflammatory_Wang2017,BS_ZVM8CAB0,0.672631490567908
Glioma_Inflammatory_Wang2017,BS_ZZWMD6FA,0.491669420841884
Glioma_Inflammatory_Wang2017,BS_06AMMCXR,0.479369332601025
Glioma_Inflammatory_Wang2017,BS_08TWG4K0,0.848391013118868
Glioma_Inflammatory_Wang2017,BS_1DECYC4K,0.417769002566612
Glioma_Inflammatory_Wang2017,BS_2A5R9D97,0.501112291698283
Glioma_Inflammatory_Wang2017,BS_3VJ0CA6A,0.42922964726183
Glioma_Inflammatory_Wang2017,BS_3XYJBBHQ,0.596342256954038
Glioma_Inflammatory_Wang2017,BS_4C4MZ4NT,0.376407786167741
Glioma_Inflammatory_Wang2017,BS_4PPHAQXF,0.48198675339577
Glioma_Inflammatory_Wang2017,BS_4SMPV083,0.57206579364344
Glioma_Inflammatory_Wang2017,BS_A76PNWQS,0.433124274499525
Glioma_Inflammatory_Wang2017,BS_BZCTXEPJ,0.608505218851122
Glioma_Inflammatory_Wang2017,BS_CB6VK7PB,0.476739760390925
Glioma_Inflammatory_Wang2017,BS_ED8G98XT,0.345427287062614
Glioma_Inflammatory_Wang2017,BS_FCX6DZ0J,0.599003201915591
Glioma_Inflammatory_Wang2017,BS_FYRDYBMZ,0.360700025824093
Glioma_Inflammatory_Wang2017,BS_H1XPVS9A,0.471699889947084
Glioma_Inflammatory_Wang2017,BS_QRNSKFMS,0.425475533411527
Glioma_Inflammatory_Wang2017,BS_R13X6TMW,0.389457036736315
Glioma_Inflammatory_Wang2017,BS_RJMJ935A,0.669146130831132
Glioma_Inflammatory_Wang2017,BS_RWJZFTP9,0.305223015544153
Glioma_Inflammatory_Wang2017,BS_S20SP0WW,0.550474728806402
Glioma_Inflammatory_Wang2017,BS_SB12W1XT,0.502406299455941
Glioma_Inflammatory_Wang2017,BS_T0MXH2CA,0.459410011318544
Glioma_Inflammatory_Wang2017,BS_T1W4JA94,0.363422948455398
Glioma_Inflammatory_Wang2017,BS_T289QKBV,0.526353124877974
Glioma_Inflammatory_Wang2017,BS_T3H5AY8A,0.579298013015908
Glioma_Inflammatory_Wang2017,BS_TVV122JG,0.41698357686053
Glioma_Inflammatory_Wang2017,BS_VW85Q4XJ,0.528733638727031
Glioma_Inflammatory_Wang2017,BS_W97QQYKQ,0.740169901537362
Glioma_Inflammatory_Wang2017,BS_WYMX429C,0.601792156215302
Glioma_Inflammatory_Wang2017,BS_YR1XY6SF,0.516382871741816
Glioma_Inflammatory_Wang2017,BS_014EVM2D,0.560841865655557
Glioma_Inflammatory_Wang2017,BS_044XZ8ST,0.394259747778343
Glioma_Inflammatory_Wang2017,BS_063ERW0R,0.242483148789322
Glioma_Inflammatory_Wang2017,BS_0D5VRAKC,0.586718246578722
Glioma_Inflammatory_Wang2017,BS_0J9SHHSC,0.409619351005657
Glioma_Inflammatory_Wang2017,BS_0SCXXM6N,0.605167487286214
Glioma_Inflammatory_Wang2017,BS_0TDWG2CV,0.627331396193684
Glioma_Inflammatory_Wang2017,BS_0WVJYM9R,0.350545538030047
Glioma_Inflammatory_Wang2017,BS_0X9EGHY2,0.405375653361687
Glioma_Inflammatory_Wang2017,BS_0Y5J2AQ4,0.430846203239596
Glioma_Inflammatory_Wang2017,BS_13CGKADW,0.382557844409922
Glioma_Inflammatory_Wang2017,BS_166N7SZQ,0.435121438750551
Glioma_Inflammatory_Wang2017,BS_17WYVEEC,0.250686633184213
Glioma_Inflammatory_Wang2017,BS_1G3WYEN3,0.419544821327503
Glioma_Inflammatory_Wang2017,BS_1HYS8CSC,0.537944186858415
Glioma_Inflammatory_Wang2017,BS_1JDG6JV5,0.433543006460373
Glioma_Inflammatory_Wang2017,BS_1KYGSMA7,0.660884748222852
Glioma_Inflammatory_Wang2017,BS_1N76FQZY,0.447535235376885
Glioma_Inflammatory_Wang2017,BS_1NPD7PVG,0.396027216647391
Glioma_Inflammatory_Wang2017,BS_1Z9AX9JS,0.538824106044554
Glioma_Inflammatory_Wang2017,BS_1ZVXF5FE,0.386724369865753
Glioma_Inflammatory_Wang2017,BS_21RE8W46,0.352364719528813
Glioma_Inflammatory_Wang2017,BS_24AHZ9ZW,0.532855296393565
Glioma_Inflammatory_Wang2017,BS_2720P44V,0.600506894079865
Glioma_Inflammatory_Wang2017,BS_27FYYPJG,0.484315834924971
Glioma_Inflammatory_Wang2017,BS_29TRQXWM,0.478931629341041
Glioma_Inflammatory_Wang2017,BS_2ADZNNV4,0.442693485439106
Glioma_Inflammatory_Wang2017,BS_2EMW8ZG3,0.452197710270139
Glioma_Inflammatory_Wang2017,BS_2K3FVT86,0.557414273036341
Glioma_Inflammatory_Wang2017,BS_2KJ2YAZR,0.454068432120319
Glioma_Inflammatory_Wang2017,BS_2QCQYY6M,0.454339613414196
Glioma_Inflammatory_Wang2017,BS_2WPQ8YCW,0.467620938800419
Glioma_Inflammatory_Wang2017,BS_2XM08BFY,0.478068072530013
Glioma_Inflammatory_Wang2017,BS_2YCJV2VV,0.343422609277366
Glioma_Inflammatory_Wang2017,BS_304SPN6B,0.489325655528783
Glioma_Inflammatory_Wang2017,BS_33AQSPRP,0.499977299490943
Glioma_Inflammatory_Wang2017,BS_3G3KWY18,0.433861002692226
Glioma_Inflammatory_Wang2017,BS_3GAN6Q43,0.486464193398127
Glioma_Inflammatory_Wang2017,BS_3P20Q2C3,0.163052641216642
Glioma_Inflammatory_Wang2017,BS_3PYESPHA,0.295103635706698
Glioma_Inflammatory_Wang2017,BS_3Q0GTSYH,0.319600887533557
Glioma_Inflammatory_Wang2017,BS_3TJHY996,0.650021331299775
Glioma_Inflammatory_Wang2017,BS_3XY76V8T,0.521104576949288
Glioma_Inflammatory_Wang2017,BS_3Y2X2RBJ,0.586191892708292
Glioma_Inflammatory_Wang2017,BS_401R3KV0,0.439851385701426
Glioma_Inflammatory_Wang2017,BS_42DY6WS7,0.344304901909338
Glioma_Inflammatory_Wang2017,BS_42Y3YANN,0.443860968802587
Glioma_Inflammatory_Wang2017,BS_470DYRJQ,0.460592837053148
Glioma_Inflammatory_Wang2017,BS_47SJZ3PH,0.475110423086109
Glioma_Inflammatory_Wang2017,BS_49852ZBH,0.375526694561951
Glioma_Inflammatory_Wang2017,BS_4A45GGSW,0.359674019442324
Glioma_Inflammatory_Wang2017,BS_4BWB0FA0,0.494356726399072
Glioma_Inflammatory_Wang2017,BS_4CXE5XEP,0.543843073672562
Glioma_Inflammatory_Wang2017,BS_4HQ3T2NC,0.429877221838596
Glioma_Inflammatory_Wang2017,BS_4N1GNHX4,0.477864126469151
Glioma_Inflammatory_Wang2017,BS_4NF35AF6,0.308564797325695
Glioma_Inflammatory_Wang2017,BS_4TZQY7TT,0.735591253705563
Glioma_Inflammatory_Wang2017,BS_4Y6BCYK5,0.384238219403835
Glioma_Inflammatory_Wang2017,BS_4Z2F4P9N,0.421701333575236
Glioma_Inflammatory_Wang2017,BS_503DZ8BN,0.687999517507967
Glioma_Inflammatory_Wang2017,BS_52426AMF,0.497111818879805
Glioma_Inflammatory_Wang2017,BS_52DAPP1Y,0.351458442765489
Glioma_Inflammatory_Wang2017,BS_534XRSNB,0.41373470288324
Glioma_Inflammatory_Wang2017,BS_53GQKVEX,0.345424204089786
Glioma_Inflammatory_Wang2017,BS_54H90JW2,0.581388663150167
Glioma_Inflammatory_Wang2017,BS_55P8HPYD,0.390035347847427
Glioma_Inflammatory_Wang2017,BS_55X1W2MR,0.624688434189497
Glioma_Inflammatory_Wang2017,BS_57NMZPS0,0.423352683733471
Glioma_Inflammatory_Wang2017,BS_593HEWBF,0.402130021086558
Glioma_Inflammatory_Wang2017,BS_5J5D3QTD,0.508474590474874
Glioma_Inflammatory_Wang2017,BS_5K3R0F5D,0.374176940670367
Glioma_Inflammatory_Wang2017,BS_5NWDARXG,0.57537804224587
Glioma_Inflammatory_Wang2017,BS_5PEFNDCY,0.335426553822767
Glioma_Inflammatory_Wang2017,BS_5PV5N4HQ,0.386763704998489
Glioma_Inflammatory_Wang2017,BS_5YJEPPTP,0.439612620327138
Glioma_Inflammatory_Wang2017,BS_5YYCP891,0.622318041072742
Glioma_Inflammatory_Wang2017,BS_66ABA973,0.263654820633543
Glioma_Inflammatory_Wang2017,BS_66HQ3E4Z,0.404904051282869
Glioma_Inflammatory_Wang2017,BS_680K119G,0.369697659289728
Glioma_Inflammatory_Wang2017,BS_68BW2163,0.220027060538934
Glioma_Inflammatory_Wang2017,BS_699TN5RN,0.590146669556455
Glioma_Inflammatory_Wang2017,BS_6HXD39AM,0.704662282051991
Glioma_Inflammatory_Wang2017,BS_6N3AFF66,0.339179405789277
Glioma_Inflammatory_Wang2017,BS_6TSAVMT9,0.486948260258393
Glioma_Inflammatory_Wang2017,BS_6VF6VPCG,0.469301377843881
Glioma_Inflammatory_Wang2017,BS_769BDPDB,0.609390944263936
Glioma_Inflammatory_Wang2017,BS_76DRXZRJ,0.572328940708308
Glioma_Inflammatory_Wang2017,BS_775HDFNY,0.433699446403164
Glioma_Inflammatory_Wang2017,BS_7H4RFCW9,0.637288971527333
Glioma_Inflammatory_Wang2017,BS_7M3FNSYK,0.431679847588771
Glioma_Inflammatory_Wang2017,BS_7MGXMG6S,0.546762705006872
Glioma_Inflammatory_Wang2017,BS_7N0B2CY1,0.268205579160285
Glioma_Inflammatory_Wang2017,BS_7P83Z28P,0.387381363598527
Glioma_Inflammatory_Wang2017,BS_7Z93ZYMS,0.46384836519615
Glioma_Inflammatory_Wang2017,BS_880ESDFZ,0.414517921203858
Glioma_Inflammatory_Wang2017,BS_8BF616QR,0.523368428740291
Glioma_Inflammatory_Wang2017,BS_8J3B6ZB6,0.498227095253004
Glioma_Inflammatory_Wang2017,BS_8QJ43WKW,0.519784443685398
Glioma_Inflammatory_Wang2017,BS_8RCR7Y4B,0.386269355077325
Glioma_Inflammatory_Wang2017,BS_8VAZSJEN,0.489684157293882
Glioma_Inflammatory_Wang2017,BS_92HCM7BN,0.53110546190883
Glioma_Inflammatory_Wang2017,BS_94MT16N2,0.369329299093079
Glioma_Inflammatory_Wang2017,BS_9BJARSX3,0.497364123009329
Glioma_Inflammatory_Wang2017,BS_9F09XV62,0.292379279873942
Glioma_Inflammatory_Wang2017,BS_9HSGV9TJ,0.544919892704059
Glioma_Inflammatory_Wang2017,BS_9JBX2E8G,0.382025270031884
Glioma_Inflammatory_Wang2017,BS_9P9MB8X8,0.446918669643837
Glioma_Inflammatory_Wang2017,BS_9Q6Z6VJC,0.433046877898001
Glioma_Inflammatory_Wang2017,BS_9S7AG4EN,0.406710725228027
Glioma_Inflammatory_Wang2017,BS_9SJWWYQ4,0.313193358618886
Glioma_Inflammatory_Wang2017,BS_9YXH2CZ0,0.460378860243747
Glioma_Inflammatory_Wang2017,BS_A13BMEF5,0.333023603914969
Glioma_Inflammatory_Wang2017,BS_A1VEGWTR,0.265341666762069
Glioma_Inflammatory_Wang2017,BS_A46RDWGM,0.210920064599341
Glioma_Inflammatory_Wang2017,BS_A96FKXN5,0.37683773793226
Glioma_Inflammatory_Wang2017,BS_AGVWD5K8,0.511487345327871
Glioma_Inflammatory_Wang2017,BS_AM0BZ61K,0.4904716104855
Glioma_Inflammatory_Wang2017,BS_AP0SZ364,0.50789041530249
Glioma_Inflammatory_Wang2017,BS_ATHSTZ5R,0.475543606569234
Glioma_Inflammatory_Wang2017,BS_AW7J9F9R,0.427080706453294
Glioma_Inflammatory_Wang2017,BS_B0SVFK4P,0.542704655497607
Glioma_Inflammatory_Wang2017,BS_B3M5SGPA,0.414123012776507
Glioma_Inflammatory_Wang2017,BS_B5JM6T8K,0.469612616434852
Glioma_Inflammatory_Wang2017,BS_B6JKQFKA,0.490691418046385
Glioma_Inflammatory_Wang2017,BS_B7GEH89C,0.334644401141002
Glioma_Inflammatory_Wang2017,BS_B7X8VXQ3,0.348465245221542
Glioma_Inflammatory_Wang2017,BS_BANCTAV6,0.300208416044209
Glioma_Inflammatory_Wang2017,BS_BC936YNZ,0.498772688185176
Glioma_Inflammatory_Wang2017,BS_BGRPWBNG,0.530882756609044
Glioma_Inflammatory_Wang2017,BS_BJBM0BN7,0.522677603272011
Glioma_Inflammatory_Wang2017,BS_BKQZ550R,0.391595142645732
Glioma_Inflammatory_Wang2017,BS_BN986DF6,0.360626488917445
Glioma_Inflammatory_Wang2017,BS_BNECCX4D,0.562943029358771
Glioma_Inflammatory_Wang2017,BS_BPSTSCBJ,0.601517674024596
Glioma_Inflammatory_Wang2017,BS_BW79W2PD,0.405842318079414
Glioma_Inflammatory_Wang2017,BS_C0NEVC2B,0.598917458093807
Glioma_Inflammatory_Wang2017,BS_C51RB0YR,0.472019483991758
Glioma_Inflammatory_Wang2017,BS_C6SKJG3N,0.461509958889218
Glioma_Inflammatory_Wang2017,BS_CC6RREE4,0.55904258002576
Glioma_Inflammatory_Wang2017,BS_CGB2WS2A,0.313051824043924
Glioma_Inflammatory_Wang2017,BS_CKX8RW1J,0.530334030159531
Glioma_Inflammatory_Wang2017,BS_CMDJJQ7K,0.579140318449595
Glioma_Inflammatory_Wang2017,BS_CTR5X93B,0.474277346004753
Glioma_Inflammatory_Wang2017,BS_CVGFNCBJ,0.249446617255534
Glioma_Inflammatory_Wang2017,BS_D3YBV7KB,0.494251278911319
Glioma_Inflammatory_Wang2017,BS_DEHJF4C7,0.518491896669122
Glioma_Inflammatory_Wang2017,BS_DMJHAG9X,0.571747165620809
Glioma_Inflammatory_Wang2017,BS_DMZP9G1H,0.245706779498252
Glioma_Inflammatory_Wang2017,BS_DPF1CX0G,0.266193169199857
Glioma_Inflammatory_Wang2017,BS_DSS3S5XD,0.522615580867767
Glioma_Inflammatory_Wang2017,BS_DV86M0Y7,0.385839603638778
Glioma_Inflammatory_Wang2017,BS_E2DEWCSK,0.480179350496304
Glioma_Inflammatory_Wang2017,BS_E3EJHXQV,0.622730851425599
Glioma_Inflammatory_Wang2017,BS_E4GC9EXR,0.54907655064462
Glioma_Inflammatory_Wang2017,BS_E94QRJDW,0.469557498246259
Glioma_Inflammatory_Wang2017,BS_EBMCTR80,0.327083310475463
Glioma_Inflammatory_Wang2017,BS_EFEZB0ZH,0.587575730113556
Glioma_Inflammatory_Wang2017,BS_EHVYJAVA,0.294530453430076
Glioma_Inflammatory_Wang2017,BS_EMAJ7P3P,0.485840879842796
Glioma_Inflammatory_Wang2017,BS_ET8CJXSF,0.33371373222753
Glioma_Inflammatory_Wang2017,BS_EXGBH3TD,0.41756344148478
Glioma_Inflammatory_Wang2017,BS_EYSS0ZDS,0.41535528478672
Glioma_Inflammatory_Wang2017,BS_F1K9QTBS,0.545750486117029
Glioma_Inflammatory_Wang2017,BS_F77MGAQT,0.60613142432415
Glioma_Inflammatory_Wang2017,BS_F8N6CFQE,0.454325271607637
Glioma_Inflammatory_Wang2017,BS_FAQQ0GCQ,0.644514534290696
Glioma_Inflammatory_Wang2017,BS_FJWZ3M7V,0.391232422268558
Glioma_Inflammatory_Wang2017,BS_FJZPQZ2C,0.534004861579515
Glioma_Inflammatory_Wang2017,BS_FR42HY0Z,0.47980869815696
Glioma_Inflammatory_Wang2017,BS_FX4WKR2R,0.395554091385822
Glioma_Inflammatory_Wang2017,BS_FZ62GZGV,0.525146288818069
Glioma_Inflammatory_Wang2017,BS_G1DAGKSY,0.374337731766608
Glioma_Inflammatory_Wang2017,BS_G5QBBHDV,0.396847215632907
Glioma_Inflammatory_Wang2017,BS_G7AGNB5G,0.224050064241819
Glioma_Inflammatory_Wang2017,BS_G9XE3N9T,0.318329012670916
Glioma_Inflammatory_Wang2017,BS_GCA4GET3,0.332962607167137
Glioma_Inflammatory_Wang2017,BS_GHNJ4CYC,0.4158640593284
Glioma_Inflammatory_Wang2017,BS_GPEGRCCT,0.577954675894441
Glioma_Inflammatory_Wang2017,BS_GTZCFGRZ,0.406292596105692
Glioma_Inflammatory_Wang2017,BS_GYA4V1RD,0.346126697634817
Glioma_Inflammatory_Wang2017,BS_GYXSDZ56,0.502064097827824
Glioma_Inflammatory_Wang2017,BS_H08FEN68,0.404183102217526
Glioma_Inflammatory_Wang2017,BS_H0WF1WHE,0.479715762234405
Glioma_Inflammatory_Wang2017,BS_H3FE3TH9,0.355406086127645
Glioma_Inflammatory_Wang2017,BS_H8A9PSYA,0.367415982164799
Glioma_Inflammatory_Wang2017,BS_H9EX5WX3,0.485942881564674
Glioma_Inflammatory_Wang2017,BS_HC5M8JTC,0.591396596739564
Glioma_Inflammatory_Wang2017,BS_HM0R6SXQ,0.671752933468812
Glioma_Inflammatory_Wang2017,BS_HNMQ7488,0.582670663035649
Glioma_Inflammatory_Wang2017,BS_HQ5BJ6MW,0.460313477348284
Glioma_Inflammatory_Wang2017,BS_HQDXQ5Y4,0.468221350885287
Glioma_Inflammatory_Wang2017,BS_HSHN8PBB,0.542467480795363
Glioma_Inflammatory_Wang2017,BS_HSTNFPKW,0.539210545231283
Glioma_Inflammatory_Wang2017,BS_HV8PFRBR,0.444945477247433
Glioma_Inflammatory_Wang2017,BS_J5H5VXWY,0.727664980956752
Glioma_Inflammatory_Wang2017,BS_J9M83K8T,0.59406494247728
Glioma_Inflammatory_Wang2017,BS_JFVB9KXB,0.383052356200896
Glioma_Inflammatory_Wang2017,BS_JGKZ54SA,0.533770301960825
Glioma_Inflammatory_Wang2017,BS_JH29M4KG,0.545895898201616
Glioma_Inflammatory_Wang2017,BS_JKXA3FQC,0.334264333392477
Glioma_Inflammatory_Wang2017,BS_JMHG7GCN,0.430720500491013
Glioma_Inflammatory_Wang2017,BS_JVA2NQFF,0.393914233188837
Glioma_Inflammatory_Wang2017,BS_JWSR581E,0.424921697376186
Glioma_Inflammatory_Wang2017,BS_K57A4A9D,0.42140596959605
Glioma_Inflammatory_Wang2017,BS_K5802F84,0.235526204072748
Glioma_Inflammatory_Wang2017,BS_K7MVS0Z7,0.367965376644111
Glioma_Inflammatory_Wang2017,BS_K838XW6V,0.494678807898214
Glioma_Inflammatory_Wang2017,BS_M4NVX721,0.486452578380604
Glioma_Inflammatory_Wang2017,BS_M4TTKPNR,0.525544274540979
Glioma_Inflammatory_Wang2017,BS_M8M56Z4Y,0.484625992112074
Glioma_Inflammatory_Wang2017,BS_M8WP5T16,0.4556468050837
Glioma_Inflammatory_Wang2017,BS_MBSTWZA6,0.439649713067738
Glioma_Inflammatory_Wang2017,BS_MF9X3PKH,0.483172476976853
Glioma_Inflammatory_Wang2017,BS_MH8RAG4A,0.608732052317151
Glioma_Inflammatory_Wang2017,BS_MX92FD6D,0.553595706110712
Glioma_Inflammatory_Wang2017,BS_MY9D8XZ1,0.449918914123498
Glioma_Inflammatory_Wang2017,BS_N1E0H8YQ,0.438359491674648
Glioma_Inflammatory_Wang2017,BS_N210XMKR,0.452852374648307
Glioma_Inflammatory_Wang2017,BS_N6NE6B3W,0.178505271010692
Glioma_Inflammatory_Wang2017,BS_N87X1T8T,0.539000899589473
Glioma_Inflammatory_Wang2017,BS_NB5XWMJT,0.541816355680101
Glioma_Inflammatory_Wang2017,BS_NBZNAG7Q,0.547077467113517
Glioma_Inflammatory_Wang2017,BS_NG9X6SJA,0.504985153030549
Glioma_Inflammatory_Wang2017,BS_NKEAAFMW,0.121261271010348
Glioma_Inflammatory_Wang2017,BS_NPQJ20KX,0.318512741054555
Glioma_Inflammatory_Wang2017,BS_NQB91P48,0.450693350351802
Glioma_Inflammatory_Wang2017,BS_NRFQEQKP,0.306197539069365
Glioma_Inflammatory_Wang2017,BS_NRPG5K4K,0.474588308289494
Glioma_Inflammatory_Wang2017,BS_NS7GSHB9,0.388021445150672
Glioma_Inflammatory_Wang2017,BS_NT9NZYFD,0.267388431790399
Glioma_Inflammatory_Wang2017,BS_NY5T05AK,0.501125739040597
Glioma_Inflammatory_Wang2017,BS_P2Y2NANM,0.570023530920552
Glioma_Inflammatory_Wang2017,BS_PDVD0GCM,0.442612623106436
Glioma_Inflammatory_Wang2017,BS_PEP9NZXN,0.272764154423945
Glioma_Inflammatory_Wang2017,BS_PQ7CQFYR,0.353188283451418
Glioma_Inflammatory_Wang2017,BS_PRCG6W20,0.701993681058501
Glioma_Inflammatory_Wang2017,BS_Q2PBFNDF,0.560030866890209
Glioma_Inflammatory_Wang2017,BS_Q3TBCK4V,0.358183560908264
Glioma_Inflammatory_Wang2017,BS_Q6VH5GJ8,0.487208658137878
Glioma_Inflammatory_Wang2017,BS_Q79NP5YY,0.484239791080875
Glioma_Inflammatory_Wang2017,BS_QBMW69AM,0.451750863347097
Glioma_Inflammatory_Wang2017,BS_QH82PBMB,0.36841450791061
Glioma_Inflammatory_Wang2017,BS_QTSXW7DA,0.422068551090148
Glioma_Inflammatory_Wang2017,BS_QV51J756,0.254237169427082
Glioma_Inflammatory_Wang2017,BS_R244Z0WX,0.454095548824546
Glioma_Inflammatory_Wang2017,BS_R3AJB6VS,0.511761321959699
Glioma_Inflammatory_Wang2017,BS_R7V8BC98,0.466301988574838
Glioma_Inflammatory_Wang2017,BS_R9CKW9DY,0.595720459703987
Glioma_Inflammatory_Wang2017,BS_RAQFEB0S,0.50764971533083
Glioma_Inflammatory_Wang2017,BS_RARBBY7C,0.628964284763079
Glioma_Inflammatory_Wang2017,BS_RGSMX7QD,0.399773622628986
Glioma_Inflammatory_Wang2017,BS_RMT7ABN6,0.552792948007016
Glioma_Inflammatory_Wang2017,BS_RNANA568,0.507274509798354
Glioma_Inflammatory_Wang2017,BS_RPJ1EPHA,0.504647776563181
Glioma_Inflammatory_Wang2017,BS_RRAEQZ97,0.388012795542464
Glioma_Inflammatory_Wang2017,BS_RVSEDNJ4,0.283838569748261
Glioma_Inflammatory_Wang2017,BS_S1KK7XRH,0.457946557365564
Glioma_Inflammatory_Wang2017,BS_S458NMKH,0.394875280091536
Glioma_Inflammatory_Wang2017,BS_S50KQEXV,0.402127047027451
Glioma_Inflammatory_Wang2017,BS_SDA4RMMG,0.301809632456986
Glioma_Inflammatory_Wang2017,BS_SDZY6RZ3,0.433447991069505
Glioma_Inflammatory_Wang2017,BS_SFKZSJN1,0.394791567053591
Glioma_Inflammatory_Wang2017,BS_SH2S6SFN,0.587171812805236
Glioma_Inflammatory_Wang2017,BS_SHMC4902,0.384806433602818
Glioma_Inflammatory_Wang2017,BS_SJ0HXCD0,0.531045777852026
Glioma_Inflammatory_Wang2017,BS_SQX5E15Z,0.569215863337251
Glioma_Inflammatory_Wang2017,BS_SW8C9Y5Y,0.6130036857107
Glioma_Inflammatory_Wang2017,BS_SXRS2P6T,0.456324693456409
Glioma_Inflammatory_Wang2017,BS_T0RKFEKR,0.531441725794281
Glioma_Inflammatory_Wang2017,BS_T2QPMZCM,0.222633700441504
Glioma_Inflammatory_Wang2017,BS_T4JFN54G,0.460475068103597
Glioma_Inflammatory_Wang2017,BS_T5P5ME9M,0.479798779161367
Glioma_Inflammatory_Wang2017,BS_TDJXQBVY,0.571467945032257
Glioma_Inflammatory_Wang2017,BS_TG93XC55,0.222998984318398
Glioma_Inflammatory_Wang2017,BS_TRZZRYKF,0.41747534409604
Glioma_Inflammatory_Wang2017,BS_TV80600R,0.458467981131761
Glioma_Inflammatory_Wang2017,BS_TWFDEMBZ,0.430267374764016
Glioma_Inflammatory_Wang2017,BS_V2G1YE8R,0.571337668189767
Glioma_Inflammatory_Wang2017,BS_V33RCK1Y,0.430183271784682
Glioma_Inflammatory_Wang2017,BS_V3REENH9,0.4971396450864
Glioma_Inflammatory_Wang2017,BS_V72GX2AZ,0.476495988029241
Glioma_Inflammatory_Wang2017,BS_V7BZ049H,0.53365021886124
Glioma_Inflammatory_Wang2017,BS_V89HGTET,0.494809912341301
Glioma_Inflammatory_Wang2017,BS_VARR255N,0.521670739717226
Glioma_Inflammatory_Wang2017,BS_VMMJYN8Z,0.332642616270071
Glioma_Inflammatory_Wang2017,BS_VTYNWK05,0.599292816312039
Glioma_Inflammatory_Wang2017,BS_VZWXGYT2,0.547513810042876
Glioma_Inflammatory_Wang2017,BS_WRQHPSXQ,0.233977078932732
Glioma_Inflammatory_Wang2017,BS_WVS02TZK,0.403314736769706
Glioma_Inflammatory_Wang2017,BS_X16PENSA,0.523978769358397
Glioma_Inflammatory_Wang2017,BS_X2EDW2ZB,0.512981279822678
Glioma_Inflammatory_Wang2017,BS_X5DFR216,0.593670270518903
Glioma_Inflammatory_Wang2017,BS_X6GFVDVA,0.520488759891699
Glioma_Inflammatory_Wang2017,BS_X91K8KMG,0.680695013657268
Glioma_Inflammatory_Wang2017,BS_XGSA3GQE,0.351920606957156
Glioma_Inflammatory_Wang2017,BS_XKKB4MZV,0.330072474188366
Glioma_Inflammatory_Wang2017,BS_Y0PCBNJV,0.401999858875444
Glioma_Inflammatory_Wang2017,BS_Y274AC0H,0.538264820110128
Glioma_Inflammatory_Wang2017,BS_Y7H24JZG,0.615986710241789
Glioma_Inflammatory_Wang2017,BS_Y7W8BR6B,0.504100501694064
Glioma_Inflammatory_Wang2017,BS_YASWHXJC,0.658034305773001
Glioma_Inflammatory_Wang2017,BS_YB2RXRHT,0.390291359964369
Glioma_Inflammatory_Wang2017,BS_YCREDZTJ,0.481206084193748
Glioma_Inflammatory_Wang2017,BS_YEQVW4ND,0.438810709443373
Glioma_Inflammatory_Wang2017,BS_YMAJC22S,0.164887934691282
Glioma_Inflammatory_Wang2017,BS_YVEEXAAT,0.592383920067536
Glioma_Inflammatory_Wang2017,BS_YVMEEBKC,0.401440421111683
Glioma_Inflammatory_Wang2017,BS_YWJKHMXV,0.553643253932422
Glioma_Inflammatory_Wang2017,BS_YY5B2XDD,0.473604124959225
Glioma_Inflammatory_Wang2017,BS_YZ2Z1Q6Y,0.357496629691208
Glioma_Inflammatory_Wang2017,BS_Z0AVVB1V,0.470495564487568
Glioma_Inflammatory_Wang2017,BS_Z1A875MW,0.403709972008958
Glioma_Inflammatory_Wang2017,BS_Z6BWR941,0.407836108548261
Glioma_Inflammatory_Wang2017,BS_Z7Y2466H,0.416383622501373
Glioma_Inflammatory_Wang2017,BS_ZHHAM3AN,0.747985108952533
Glioma_Inflammatory_Wang2017,BS_ZHRGDRBW,0.400444319859252
Glioma_Inflammatory_Wang2017,BS_ZJY7Y34M,0.430749171099351
Glioma_Inflammatory_Wang2017,BS_ZN2P8BKH,0.741471292501833
Glioma_Inflammatory_Wang2017,BS_ZTWGFWTX,0.487512473968163
Glioma_Inflammatory_Wang2017,BS_ZV9Z3SY6,0.410087415063829
Glioma_Inflammatory_Wang2017,BS_ZVX2GRD6,0.34416884507644
Glioma_Inflammatory_Wang2017,BS_ZZMYDZJW,0.401358174051825
NK_Cell_Activity,BS_00FD2KMP,0.302663117828171
NK_Cell_Activity,BS_028YFYJ6,0.304439840900169
NK_Cell_Activity,BS_052PZFMK,0.177513337911158
NK_Cell_Activity,BS_056Q8577,0.269937711191205
NK_Cell_Activity,BS_08ST21QE,0.348585481045334
NK_Cell_Activity,BS_0C7VZC0A,0.201779458155352
NK_Cell_Activity,BS_0S8E7590,0.387263335796143
NK_Cell_Activity,BS_0VXZCRJS,0.262136495511848
NK_Cell_Activity,BS_0XEBS3PG,0.255779897508047
NK_Cell_Activity,BS_0ZA67BBC,0.185521105604939
NK_Cell_Activity,BS_12G04QJM,0.330898173115851
NK_Cell_Activity,BS_17ZSMXFH,0.286373637140808
NK_Cell_Activity,BS_1A6MQ9ZA,0.269783499751277
NK_Cell_Activity,BS_1D93Z575,0.336539956462391
NK_Cell_Activity,BS_1EN5V3XW,0.116672227049727
NK_Cell_Activity,BS_223BM91B,0.401539381315481
NK_Cell_Activity,BS_25HNKZ79,0.418095491450106
NK_Cell_Activity,BS_2853394H,0.209477167348976
NK_Cell_Activity,BS_297H8BT4,0.425117353831713
NK_Cell_Activity,BS_29X4ZX6Q,0.220300227795062
NK_Cell_Activity,BS_2A5R9MEJ,0.216259433010785
NK_Cell_Activity,BS_2ARXK0TD,0.358070340134368
NK_Cell_Activity,BS_2AV1H5TV,0.326576138561953
NK_Cell_Activity,BS_2DMBCHNF,0.53217443939121
NK_Cell_Activity,BS_2EN3X6HB,0.292891484030147
NK_Cell_Activity,BS_2FEZWH1F,0.478821902120704
NK_Cell_Activity,BS_2HNXVFAS,0.214123539156675
NK_Cell_Activity,BS_2JH1QMT1,0.254895912081609
NK_Cell_Activity,BS_2JP7RBMB,0.381262767296467
NK_Cell_Activity,BS_2K01T8K6,0.395545255175979
NK_Cell_Activity,BS_2PDS3MSS,0.323701082457566
NK_Cell_Activity,BS_2T5PJAW8,0.311407426160154
NK_Cell_Activity,BS_2WANPFBJ,0.406867969736147
NK_Cell_Activity,BS_30F3Z9FS,0.36052179822823
NK_Cell_Activity,BS_30VC3R2Q,0.260727971866145
NK_Cell_Activity,BS_30YWQ3FY,0.314203698354681
NK_Cell_Activity,BS_31MBRWC4,0.344593250690702
NK_Cell_Activity,BS_333KCNDP,0.407614456118308
NK_Cell_Activity,BS_399RPKC9,0.217886696145113
NK_Cell_Activity,BS_3AC3SRWH,0.184179384561551
NK_Cell_Activity,BS_3MS8WVNR,0.0912790455388132
NK_Cell_Activity,BS_3ZPJAK9A,0.304040429043374
NK_Cell_Activity,BS_45J79YTF,0.169387812252448
NK_Cell_Activity,BS_49BQS7Z6,0.17922368321986
NK_Cell_Activity,BS_49CJNZ06,0.267432110112494
NK_Cell_Activity,BS_4B0BAVTX,0.22293855085033
NK_Cell_Activity,BS_4BM3F6XJ,0.330951192022303
NK_Cell_Activity,BS_4C6B11E4,0.294921499687714
NK_Cell_Activity,BS_4GNN7J8E,0.434054182739385
NK_Cell_Activity,BS_4KNBXM3C,0.461426322094691
NK_Cell_Activity,BS_4Q3KRCZT,0.358003632828591
NK_Cell_Activity,BS_4QW2S1Q8,0.286166266389125
NK_Cell_Activity,BS_4T0HQ9QF,0.300965367283904
NK_Cell_Activity,BS_4V42BXBT,0.22499733356055
NK_Cell_Activity,BS_51RA1PGE,0.378363887627054
NK_Cell_Activity,BS_52C576HH,0.222519119338174
NK_Cell_Activity,BS_5965SFPZ,0.145216467087216
NK_Cell_Activity,BS_5EFYPZT0,0.302318040843662
NK_Cell_Activity,BS_5G5BD2MD,0.465919352183886
NK_Cell_Activity,BS_5K95FX4C,0.396061024038196
NK_Cell_Activity,BS_5KBXD2GQ,0.279945500750452
NK_Cell_Activity,BS_5PXZ8F7W,0.356239442070376
NK_Cell_Activity,BS_5VPM0F36,0.427244371175124
NK_Cell_Activity,BS_62SW4CC5,0.455990351799914
NK_Cell_Activity,BS_65WPD3DA,0.301245495924328
NK_Cell_Activity,BS_68KX6A42,0.352447434040559
NK_Cell_Activity,BS_6DCSD5Y6,0.192487567646574
NK_Cell_Activity,BS_6H4Q24WA,0.388623170077747
NK_Cell_Activity,BS_6M2053M0,0.284842880021097
NK_Cell_Activity,BS_6SY64H5J,0.374698796831683
NK_Cell_Activity,BS_6VRG1XFB,0.299147874058546
NK_Cell_Activity,BS_6WP1FHTE,0.351561517939298
NK_Cell_Activity,BS_7327SDAQ,0.232104194535635
NK_Cell_Activity,BS_75YRDXET,0.546847052180173
NK_Cell_Activity,BS_77SBTNPN,0.297274974978636
NK_Cell_Activity,BS_7AEF4D4G,0.418867028537684
NK_Cell_Activity,BS_7APCGCVF,0.39907149690699
NK_Cell_Activity,BS_7GJT4A6A,0.207174347218495
NK_Cell_Activity,BS_7GKWKGPH,0.294268417145916
NK_Cell_Activity,BS_7PVJ6Q3D,0.233644744772454
NK_Cell_Activity,BS_7WKNNRHK,0.273360632117512
NK_Cell_Activity,BS_84VZX732,0.409089719274492
NK_Cell_Activity,BS_84XCR9GG,0.179902447965561
NK_Cell_Activity,BS_8E8JKP01,0.185170803772506
NK_Cell_Activity,BS_8ERBDF7D,0.304557454271808
NK_Cell_Activity,BS_8JK9TXH2,0.362388324210893
NK_Cell_Activity,BS_8VD670NP,0.379397416565256
NK_Cell_Activity,BS_8YWYN7VH,0.383575798464399
NK_Cell_Activity,BS_8ZE4Z9G5,0.30006024134725
NK_Cell_Activity,BS_8ZY4GST0,0.177956103353199
NK_Cell_Activity,BS_91VYM11A,0.31903990317499
NK_Cell_Activity,BS_956G6QPJ,0.398395477696373
NK_Cell_Activity,BS_97M1E2DW,0.214175126638562
NK_Cell_Activity,BS_9A1YTHFF,0.362920348346091
NK_Cell_Activity,BS_9B0A62MT,0.317884056458275
NK_Cell_Activity,BS_9CA93S6D,0.104866809897362
NK_Cell_Activity,BS_9FHEFJNP,0.292047443635328
NK_Cell_Activity,BS_9FX3YREK,0.131627002867651
NK_Cell_Activity,BS_9GJ3DB1H,0.403017723620515
NK_Cell_Activity,BS_9JPQZQNG,0.304925079697744
NK_Cell_Activity,BS_9TXEDSWB,0.265627260718113
NK_Cell_Activity,BS_9XVACXP0,0.15644964821166
NK_Cell_Activity,BS_9Y1K14Q5,0.285073109200922
NK_Cell_Activity,BS_9ZJT0CP0,0.308650764156387
NK_Cell_Activity,BS_A4PF49V0,0.293375609932826
NK_Cell_Activity,BS_A6NXR7RC,0.230405172588841
NK_Cell_Activity,BS_A7Q8G0Y1,0.29451542373343
NK_Cell_Activity,BS_A8XW5S0W,0.385932094311135
NK_Cell_Activity,BS_AWH9757B,0.19497678418695
NK_Cell_Activity,BS_AYSXRQWY,0.403398689435126
NK_Cell_Activity,BS_AZQM1JJH,0.356714087699787
NK_Cell_Activity,BS_B1C6GZ84,0.209199346779437
NK_Cell_Activity,BS_B3MQFFYP,0.405984764094401
NK_Cell_Activity,BS_B4R7X1KE,0.171899112859248
NK_Cell_Activity,BS_B57327NA,0.266944183042263
NK_Cell_Activity,BS_BBAEMXRD,0.184365361748612
NK_Cell_Activity,BS_BBQ6BHGN,0.318222095972147
NK_Cell_Activity,BS_BK0HGRXM,0.43255092258326
NK_Cell_Activity,BS_BMMY0H73,0.301055896320571
NK_Cell_Activity,BS_C6ZZ3FY5,0.312218202225824
NK_Cell_Activity,BS_C83TK159,0.287071318137163
NK_Cell_Activity,BS_CBDQZ8PP,0.188541451595843
NK_Cell_Activity,BS_CF63VG3S,0.340651163241364
NK_Cell_Activity,BS_CFD3WHAY,0.24938731826787
NK_Cell_Activity,BS_CG1RG607,0.349125889693669
NK_Cell_Activity,BS_CVEDJGHZ,0.383107787660431
NK_Cell_Activity,BS_CXAQDK7S,0.416404735772116
NK_Cell_Activity,BS_CZPQ493E,0.409930324906973
NK_Cell_Activity,BS_D29RPBSZ,0.326106731480005
NK_Cell_Activity,BS_D4VNDNQA,0.366241196703313
NK_Cell_Activity,BS_D6J2BGDJ,0.168956184535739
NK_Cell_Activity,BS_DFGS950G,0.120390963703013
NK_Cell_Activity,BS_DNZVP92S,0.264232060739234
NK_Cell_Activity,BS_DR079H0D,0.258988271622574
NK_Cell_Activity,BS_DS438CXE,0.11413078427539
NK_Cell_Activity,BS_DSPVSM7D,0.365076431489347
NK_Cell_Activity,BS_DZNXFPH1,0.464959891179856
NK_Cell_Activity,BS_E7NVYA6G,0.485883078919166
NK_Cell_Activity,BS_E9CYN4NP,0.229013878046593
NK_Cell_Activity,BS_EB0XRBT9,0.345110239570755
NK_Cell_Activity,BS_EDJ5TV0P,0.160973389495228
NK_Cell_Activity,BS_EMQM7HTA,0.324730378924516
NK_Cell_Activity,BS_ENEYB4TG,0.373118402327654
NK_Cell_Activity,BS_EXPJQZTH,0.302131848446733
NK_Cell_Activity,BS_EZ3147MX,0.30587400875189
NK_Cell_Activity,BS_F0JB4EAK,0.15442197743877
NK_Cell_Activity,BS_F21R36MM,0.315649266825387
NK_Cell_Activity,BS_F65GWS21,0.304330856059369
NK_Cell_Activity,BS_F6V1Y4QS,0.25640814239583
NK_Cell_Activity,BS_F9Y4Z92G,0.0932352800247603
NK_Cell_Activity,BS_FCDAH728,0.220623532145166
NK_Cell_Activity,BS_FEV5A0HN,0.212448190461462
NK_Cell_Activity,BS_FGJH1X0S,0.147474774829666
NK_Cell_Activity,BS_FKASA3MN,0.133829021603818
NK_Cell_Activity,BS_FN07P04C,0.197945374705566
NK_Cell_Activity,BS_FX2P2WEG,0.435773055619774
NK_Cell_Activity,BS_FXJY0MNH,0.350827354589794
NK_Cell_Activity,BS_FYP2B298,0.177930172045294
NK_Cell_Activity,BS_G19QZG4S,0.258737269294697
NK_Cell_Activity,BS_G1E5DATJ,0.358268036365956
NK_Cell_Activity,BS_G257VSS9,0.268825891185706
NK_Cell_Activity,BS_G3NN392N,0.330339958029628
NK_Cell_Activity,BS_G3RJTBZD,0.132436059750797
NK_Cell_Activity,BS_G5NHSFD4,0.1154469454765
NK_Cell_Activity,BS_G8TXTX0H,0.351185749615688
NK_Cell_Activity,BS_GG9W3J9Y,0.163459238038414
NK_Cell_Activity,BS_GW0GKWMS,0.274761314719476
NK_Cell_Activity,BS_GWHYM3R4,0.283848770739623
NK_Cell_Activity,BS_GWSJ4Z9H,0.299678820385844
NK_Cell_Activity,BS_H5VQJR7X,0.380154679885972
NK_Cell_Activity,BS_H97S5SQN,0.23813509053539
NK_Cell_Activity,BS_H9JYKFTV,0.210613258115212
NK_Cell_Activity,BS_HDHXX8Q7,0.398820485358499
NK_Cell_Activity,BS_HDPCQETG,0.421827754077071
NK_Cell_Activity,BS_HJRTC9JQ,0.380420233740014
NK_Cell_Activity,BS_HJV0J603,0.551927901528871
NK_Cell_Activity,BS_HRJ9145M,0.458090086127164
NK_Cell_Activity,BS_HWGWYCY7,0.446435021439817
NK_Cell_Activity,BS_HZ9AYDCQ,0.329212964019651
NK_Cell_Activity,BS_J4JY2F3H,0.441920360038655
NK_Cell_Activity,BS_J6212Y48,0.390077532497695
NK_Cell_Activity,BS_J6W1RB7A,0.379601626782862
NK_Cell_Activity,BS_J9CBGP57,0.233641690646612
NK_Cell_Activity,BS_JB43XBCQ,0.44491531075958
NK_Cell_Activity,BS_JDSNFYQ0,0.321994299532834
NK_Cell_Activity,BS_JJVH7WR0,0.162209363651383
NK_Cell_Activity,BS_JMD386Z2,0.23999434014497
NK_Cell_Activity,BS_JP95KMRD,0.366692702499357
NK_Cell_Activity,BS_JQGJQ2QZ,0.38343564186778
NK_Cell_Activity,BS_JQVAWTTM,0.322981653703079
NK_Cell_Activity,BS_JQXHHK0K,0.206246561664739
NK_Cell_Activity,BS_JRYJGYC4,0.277171474302974
NK_Cell_Activity,BS_JS95PE0J,0.168177505033359
NK_Cell_Activity,BS_JTWNJ8T7,0.0423051411940895
NK_Cell_Activity,BS_JVW2JJ39,0.152371686936966
NK_Cell_Activity,BS_K0X3PZGN,0.535055811309663
NK_Cell_Activity,BS_K17VQECG,0.398757782950832
NK_Cell_Activity,BS_K2PCC777,0.515419601813957
NK_Cell_Activity,BS_K74N1BXQ,0.308313189565374
NK_Cell_Activity,BS_K81PZXP2,0.340676164114553
NK_Cell_Activity,BS_K88T8SW7,0.489445838346932
NK_Cell_Activity,BS_KABQQA0T,0.258558178831678
NK_Cell_Activity,BS_KBEX4RT2,0.227837809257848
NK_Cell_Activity,BS_KFD5128N,0.322808095850042
NK_Cell_Activity,BS_KKDTW11T,0.487154756218102
NK_Cell_Activity,BS_KP735TJ6,0.0945772440553051
NK_Cell_Activity,BS_KQ6ZW085,0.252717501089578
NK_Cell_Activity,BS_KRS4EV4X,0.357445660941004
NK_Cell_Activity,BS_KS8HMGA6,0.376544171829184
NK_Cell_Activity,BS_KVPWHDR4,0.369063208513262
NK_Cell_Activity,BS_M0FA190Y,0.332408447413043
NK_Cell_Activity,BS_M0XGZ53Z,0.245336505027544
NK_Cell_Activity,BS_M1PVEHCM,0.0848068672145664
NK_Cell_Activity,BS_M54TWTH4,0.290148104706711
NK_Cell_Activity,BS_M7XB258E,0.51488699961491
NK_Cell_Activity,BS_M85CXHDV,0.371241154971898
NK_Cell_Activity,BS_MB7WN0ZB,0.306484038605203
NK_Cell_Activity,BS_MD0937XT,0.165505256806531
NK_Cell_Activity,BS_MDBT7S5Z,0.120898058368548
NK_Cell_Activity,BS_ME6VQGG4,0.215793560024213
NK_Cell_Activity,BS_MFGZH8FK,0.366554522645936
NK_Cell_Activity,BS_MG78HQDM,0.16736112864395
NK_Cell_Activity,BS_MWWZBQ60,0.251509521152895
NK_Cell_Activity,BS_N6TQBQ8M,0.369427464873623
NK_Cell_Activity,BS_N7SW36FD,0.284561813179217
NK_Cell_Activity,BS_N7VQ1GQB,0.360373147101486
NK_Cell_Activity,BS_NB9XXBW6,0.253257249612499
NK_Cell_Activity,BS_NEFAASTR,0.343310797637551
NK_Cell_Activity,BS_NEVYM2FP,0.240828190631064
NK_Cell_Activity,BS_NFKKDYSV,0.449048811618764
NK_Cell_Activity,BS_NGSG2KB6,0.417144641410014
NK_Cell_Activity,BS_NNYXMSTX,0.43274484428627
NK_Cell_Activity,BS_NPA6CZQF,0.169605216335767
NK_Cell_Activity,BS_NQ54ST98,0.466387277488294
NK_Cell_Activity,BS_NR3P3GN2,0.286231904816293
NK_Cell_Activity,BS_NX1R0BC3,0.373822985728258
NK_Cell_Activity,BS_P0QF87WC,0.289867626678741
NK_Cell_Activity,BS_P4PMWFMV,0.339461668773405
NK_Cell_Activity,BS_P7W3AYKV,0.405411601986141
NK_Cell_Activity,BS_PENM28KT,0.223249477560705
NK_Cell_Activity,BS_PJC6FH4Y,0.367466735386833
NK_Cell_Activity,BS_PS0P3QJ3,0.234159758696629
NK_Cell_Activity,BS_PXCPK5XS,0.296881714123905
NK_Cell_Activity,BS_PZVHMSYN,0.325109777150735
NK_Cell_Activity,BS_Q06J3RYW,0.368250492090743
NK_Cell_Activity,BS_Q35GFYDR,0.322822230083645
NK_Cell_Activity,BS_Q9N5PRD5,0.337467851966955
NK_Cell_Activity,BS_QB84TBA3,0.214060163180625
NK_Cell_Activity,BS_QGKEP3KB,0.446687794394603
NK_Cell_Activity,BS_QH0VYVJK,0.317498275736338
NK_Cell_Activity,BS_QHY302E8,0.420315934619811
NK_Cell_Activity,BS_QMBS32Y2,0.330192357339254
NK_Cell_Activity,BS_QNNX91SM,0.251086831888062
NK_Cell_Activity,BS_QY2G1JZJ,0.321046395959986
NK_Cell_Activity,BS_QYA4TQXX,0.24611160536432
NK_Cell_Activity,BS_R5JQE0VJ,0.369947152611634
NK_Cell_Activity,BS_R5SNFB5B,0.093650443613107
NK_Cell_Activity,BS_R9B92M75,0.335714419239189
NK_Cell_Activity,BS_RHAWQJ48,0.388483871580427
NK_Cell_Activity,BS_RHM60031,0.395322125595233
NK_Cell_Activity,BS_RJC3WDD6,0.0609881885288396
NK_Cell_Activity,BS_RN0VAY51,0.407859024591729
NK_Cell_Activity,BS_RX1YTZ7F,0.338244151206367
NK_Cell_Activity,BS_RZBFH1QF,0.211204092223513
NK_Cell_Activity,BS_S2TA8R29,0.255725055634342
NK_Cell_Activity,BS_S3C2PZAH,0.305248497687044
NK_Cell_Activity,BS_S3MET0JZ,0.318378458458097
NK_Cell_Activity,BS_S4V9E1XJ,0.347880342146694
NK_Cell_Activity,BS_S5P8VTN5,0.309187415975392
NK_Cell_Activity,BS_S6B9DVNS,0.171358402202969
NK_Cell_Activity,BS_S6S7SK3P,0.176792604878014
NK_Cell_Activity,BS_S8K878T3,0.390669590431694
NK_Cell_Activity,BS_SBMAM00V,0.28967966498225
NK_Cell_Activity,BS_SBMCD7XZ,0.303856604338504
NK_Cell_Activity,BS_SD0EMK7Y,0.334557686021689
NK_Cell_Activity,BS_SD8YBRBR,0.100417269468407
NK_Cell_Activity,BS_SERDGASJ,0.34697359109
NK_Cell_Activity,BS_SJVTZ5TH,0.322337905806589
NK_Cell_Activity,BS_SMWQR2F1,0.417558327766332
NK_Cell_Activity,BS_SNVM7CZT,0.337934990047798
NK_Cell_Activity,BS_SR2RGDXJ,0.36017143722511
NK_Cell_Activity,BS_SW9Z10F9,0.318122784725713
NK_Cell_Activity,BS_SY3J3XR9,0.188443713054831
NK_Cell_Activity,BS_T1YHK6B7,0.323547124016204
NK_Cell_Activity,BS_T2F48Z4E,0.434255264954877
NK_Cell_Activity,BS_T9A8JJW5,0.253488748448432
NK_Cell_Activity,BS_TASG32Z2,0.387797646740016
NK_Cell_Activity,BS_TGS109T3,0.236841262753607
NK_Cell_Activity,BS_TM9MH0RP,0.308768139314594
NK_Cell_Activity,BS_TR2P8KRF,0.319969848931309
NK_Cell_Activity,BS_TRKH2SPE,0.251740085563829
NK_Cell_Activity,BS_TRPXB3AV,0.231992683399915
NK_Cell_Activity,BS_TTDNZTZ0,0.379350381816532
NK_Cell_Activity,BS_TTE04ZP8,0.360358098137983
NK_Cell_Activity,BS_TV5B86ZD,0.328074207180174
NK_Cell_Activity,BS_TVH33J9Q,0.303363978775111
NK_Cell_Activity,BS_TXZ7KHTQ,0.336976722364262
NK_Cell_Activity,BS_V0DQFC75,0.389351609787116
NK_Cell_Activity,BS_V3Z3DB4N,0.108761298101157
NK_Cell_Activity,BS_V558NW3Q,0.424725068695718
NK_Cell_Activity,BS_V6RSB5HQ,0.288324298830655
NK_Cell_Activity,BS_V8QWBVS3,0.543851288214288
NK_Cell_Activity,BS_VBMRQK4F,0.315366175076731
NK_Cell_Activity,BS_VDFXXMEX,0.290590955141448
NK_Cell_Activity,BS_VF3NVT4G,0.363380039171818
NK_Cell_Activity,BS_VKH87DD2,0.418724990376659
NK_Cell_Activity,BS_VKHJG2B8,0.39016948504328
NK_Cell_Activity,BS_VKYEM67A,0.277733984431664
NK_Cell_Activity,BS_VMQMGSJY,0.389226346042234
NK_Cell_Activity,BS_VVTHDRBD,0.147522812578298
NK_Cell_Activity,BS_W1385R8Y,0.185862462700664
NK_Cell_Activity,BS_W4DB5RP1,0.156857549678885
NK_Cell_Activity,BS_W7MFJZ5A,0.387410582703473
NK_Cell_Activity,BS_WBVSK3MP,0.176149229390661
NK_Cell_Activity,BS_WEKK6SHP,0.417541156950971
NK_Cell_Activity,BS_WHBEXD5H,0.396920052934742
NK_Cell_Activity,BS_WQ1YRTAT,0.0862082035560447
NK_Cell_Activity,BS_WTJEDTZC,0.49352036668034
NK_Cell_Activity,BS_WVRX4C9Z,0.402519667202507
NK_Cell_Activity,BS_X0XXN9BK,0.387467388589959
NK_Cell_Activity,BS_X1G0TKP4,0.346947074674054
NK_Cell_Activity,BS_X20JCR4H,0.343229604510359
NK_Cell_Activity,BS_X23724NJ,0.268433117207877
NK_Cell_Activity,BS_X3HR4Z21,0.338878096111967
NK_Cell_Activity,BS_X4DD4KSZ,0.386418404375386
NK_Cell_Activity,BS_X4X1SFSE,0.181032455556836
NK_Cell_Activity,BS_XG0DBWVT,0.239247849768453
NK_Cell_Activity,BS_XGDPK33A,0.221317441069665
NK_Cell_Activity,BS_XM1AHBDJ,0.233593776669384
NK_Cell_Activity,BS_XQ5SFW35,0.307503900746781
NK_Cell_Activity,BS_XQXXBWPD,0.390228153766
NK_Cell_Activity,BS_XYVCMF4A,0.359032679910502
NK_Cell_Activity,BS_XZM79E42,0.355401066868812
NK_Cell_Activity,BS_YA0KMBRT,0.232589458239852
NK_Cell_Activity,BS_YDEVMD24,0.202599609828523
NK_Cell_Activity,BS_YMKQT5V0,0.411824341765642
NK_Cell_Activity,BS_YR12D1ZY,0.365050988285282
NK_Cell_Activity,BS_YSZRQ95C,0.319714360504402
NK_Cell_Activity,BS_YTWEM5SG,0.382901475686301
NK_Cell_Activity,BS_YZ2QFDAN,0.371780493487387
NK_Cell_Activity,BS_Z0ZPD9S9,0.360325584366939
NK_Cell_Activity,BS_Z3RCA1T9,0.352274839434551
NK_Cell_Activity,BS_Z8F3GM85,0.260002948997991
NK_Cell_Activity,BS_ZD5HN296,0.441598744089001
NK_Cell_Activity,BS_ZF6BSFNF,0.259202708018448
NK_Cell_Activity,BS_ZM97KKXE,0.392322361889977
NK_Cell_Activity,BS_ZV1P6W9C,0.205569407232281
NK_Cell_Activity,BS_ZVM8CAB0,0.522055405171781
NK_Cell_Activity,BS_ZZWMD6FA,0.33862463246106
NK_Cell_Activity,BS_06AMMCXR,0.324796576179556
NK_Cell_Activity,BS_08TWG4K0,0.563453321422721
NK_Cell_Activity,BS_1DECYC4K,0.300796079779367
NK_Cell_Activity,BS_2A5R9D97,0.385516750770976
NK_Cell_Activity,BS_3VJ0CA6A,0.328450438477671
NK_Cell_Activity,BS_3XYJBBHQ,0.42105204712208
NK_Cell_Activity,BS_4C4MZ4NT,0.317619213913524
NK_Cell_Activity,BS_4PPHAQXF,0.285484415705654
NK_Cell_Activity,BS_4SMPV083,0.413377624124515
NK_Cell_Activity,BS_A76PNWQS,0.225660029051864
NK_Cell_Activity,BS_BZCTXEPJ,0.427572725885581
NK_Cell_Activity,BS_CB6VK7PB,0.271499125808556
NK_Cell_Activity,BS_ED8G98XT,0.240129571027389
NK_Cell_Activity,BS_FCX6DZ0J,0.446217847131525
NK_Cell_Activity,BS_FYRDYBMZ,0.264722752932228
NK_Cell_Activity,BS_H1XPVS9A,0.241929212881253
NK_Cell_Activity,BS_QRNSKFMS,0.263777571004147
NK_Cell_Activity,BS_R13X6TMW,0.280780659969272
NK_Cell_Activity,BS_RJMJ935A,0.429182497772566
NK_Cell_Activity,BS_RWJZFTP9,0.160588885778231
NK_Cell_Activity,BS_S20SP0WW,0.38497880177298
NK_Cell_Activity,BS_SB12W1XT,0.35909912113481
NK_Cell_Activity,BS_T0MXH2CA,0.400925152881316
NK_Cell_Activity,BS_T1W4JA94,0.254070869464701
NK_Cell_Activity,BS_T289QKBV,0.384586527301238
NK_Cell_Activity,BS_T3H5AY8A,0.446957789219421
NK_Cell_Activity,BS_TVV122JG,0.313469861349894
NK_Cell_Activity,BS_VW85Q4XJ,0.353287395341138
NK_Cell_Activity,BS_W97QQYKQ,0.409591173970974
NK_Cell_Activity,BS_WYMX429C,0.431019823439349
NK_Cell_Activity,BS_YR1XY6SF,0.433776537786407
NK_Cell_Activity,BS_014EVM2D,0.337779019741603
NK_Cell_Activity,BS_044XZ8ST,0.206509989334098
NK_Cell_Activity,BS_063ERW0R,0.17852182238389
NK_Cell_Activity,BS_0D5VRAKC,0.405082582867501
NK_Cell_Activity,BS_0J9SHHSC,0.303947613465592
NK_Cell_Activity,BS_0SCXXM6N,0.375431586919062
NK_Cell_Activity,BS_0TDWG2CV,0.422671064566463
NK_Cell_Activity,BS_0WVJYM9R,0.211085145981868
NK_Cell_Activity,BS_0X9EGHY2,0.340894992387893
NK_Cell_Activity,BS_0Y5J2AQ4,0.402495334729233
NK_Cell_Activity,BS_13CGKADW,0.228336025562728
NK_Cell_Activity,BS_166N7SZQ,0.295665762484049
NK_Cell_Activity,BS_17WYVEEC,0.183953453237419
NK_Cell_Activity,BS_1G3WYEN3,0.251106253227951
NK_Cell_Activity,BS_1HYS8CSC,0.385484340480992
NK_Cell_Activity,BS_1JDG6JV5,0.300992506627037
NK_Cell_Activity,BS_1KYGSMA7,0.341774664699648
NK_Cell_Activity,BS_1N76FQZY,0.329629840275886
NK_Cell_Activity,BS_1NPD7PVG,0.261318325630222
NK_Cell_Activity,BS_1Z9AX9JS,0.382046559738166
NK_Cell_Activity,BS_1ZVXF5FE,0.245258562987272
NK_Cell_Activity,BS_21RE8W46,0.220251786062203
NK_Cell_Activity,BS_24AHZ9ZW,0.38178786934783
NK_Cell_Activity,BS_2720P44V,0.396386986267735
NK_Cell_Activity,BS_27FYYPJG,0.313057826859305
NK_Cell_Activity,BS_29TRQXWM,0.381552608924309
NK_Cell_Activity,BS_2ADZNNV4,0.338277946416496
NK_Cell_Activity,BS_2EMW8ZG3,0.274899860398835
NK_Cell_Activity,BS_2K3FVT86,0.390331672915178
NK_Cell_Activity,BS_2KJ2YAZR,0.358610518605454
NK_Cell_Activity,BS_2QCQYY6M,0.36692427178932
NK_Cell_Activity,BS_2WPQ8YCW,0.355440901364905
NK_Cell_Activity,BS_2XM08BFY,0.320089256928789
NK_Cell_Activity,BS_2YCJV2VV,0.249252930949596
NK_Cell_Activity,BS_304SPN6B,0.373744307123273
NK_Cell_Activity,BS_33AQSPRP,0.366309957082642
NK_Cell_Activity,BS_3G3KWY18,0.286526072481291
NK_Cell_Activity,BS_3GAN6Q43,0.362290213404855
NK_Cell_Activity,BS_3P20Q2C3,0.101384925129663
NK_Cell_Activity,BS_3PYESPHA,0.176264515485054
NK_Cell_Activity,BS_3Q0GTSYH,0.225081590538273
NK_Cell_Activity,BS_3TJHY996,0.487823501521124
NK_Cell_Activity,BS_3XY76V8T,0.325835313128005
NK_Cell_Activity,BS_3Y2X2RBJ,0.354709726387453
NK_Cell_Activity,BS_401R3KV0,0.267513426478713
NK_Cell_Activity,BS_42DY6WS7,0.229246056722736
NK_Cell_Activity,BS_42Y3YANN,0.275735546971776
NK_Cell_Activity,BS_470DYRJQ,0.311139889773964
NK_Cell_Activity,BS_47SJZ3PH,0.301691535810664
NK_Cell_Activity,BS_49852ZBH,0.273209090826425
NK_Cell_Activity,BS_4A45GGSW,0.215927024632841
NK_Cell_Activity,BS_4BWB0FA0,0.294536863739568
NK_Cell_Activity,BS_4CXE5XEP,0.420942658417267
NK_Cell_Activity,BS_4HQ3T2NC,0.293193079301274
NK_Cell_Activity,BS_4N1GNHX4,0.420769964519511
NK_Cell_Activity,BS_4NF35AF6,0.191503864804008
NK_Cell_Activity,BS_4TZQY7TT,0.553341015256039
NK_Cell_Activity,BS_4Y6BCYK5,0.286132352037571
NK_Cell_Activity,BS_4Z2F4P9N,0.312531453913952
NK_Cell_Activity,BS_503DZ8BN,0.440947075500652
NK_Cell_Activity,BS_52426AMF,0.334100402591539
NK_Cell_Activity,BS_52DAPP1Y,0.187689893490282
NK_Cell_Activity,BS_534XRSNB,0.298956533157102
NK_Cell_Activity,BS_53GQKVEX,0.261578172507538
NK_Cell_Activity,BS_54H90JW2,0.400001773315182
NK_Cell_Activity,BS_55P8HPYD,0.215939298149801
NK_Cell_Activity,BS_55X1W2MR,0.435029491627359
NK_Cell_Activity,BS_57NMZPS0,0.382268396551437
NK_Cell_Activity,BS_593HEWBF,0.237382716099
NK_Cell_Activity,BS_5J5D3QTD,0.377205398842013
NK_Cell_Activity,BS_5K3R0F5D,0.231244983941394
NK_Cell_Activity,BS_5NWDARXG,0.345153309682666
NK_Cell_Activity,BS_5PEFNDCY,0.173550166857453
NK_Cell_Activity,BS_5PV5N4HQ,0.284184855585518
NK_Cell_Activity,BS_5YJEPPTP,0.285715940416277
NK_Cell_Activity,BS_5YYCP891,0.411541292879431
NK_Cell_Activity,BS_66ABA973,0.212011794281204
NK_Cell_Activity,BS_66HQ3E4Z,0.2636787399434
NK_Cell_Activity,BS_680K119G,0.222405596252336
NK_Cell_Activity,BS_68BW2163,0.178376568980093
NK_Cell_Activity,BS_699TN5RN,0.342710420078643
NK_Cell_Activity,BS_6HXD39AM,0.484620083746633
NK_Cell_Activity,BS_6N3AFF66,0.192984373669006
NK_Cell_Activity,BS_6TSAVMT9,0.343401592854019
NK_Cell_Activity,BS_6VF6VPCG,0.289495459348395
NK_Cell_Activity,BS_769BDPDB,0.465309981258792
NK_Cell_Activity,BS_76DRXZRJ,0.364044002357613
NK_Cell_Activity,BS_775HDFNY,0.251456670746741
NK_Cell_Activity,BS_7H4RFCW9,0.390244926272269
NK_Cell_Activity,BS_7M3FNSYK,0.369305371603825
NK_Cell_Activity,BS_7MGXMG6S,0.484619257648913
NK_Cell_Activity,BS_7N0B2CY1,0.163612579111341
NK_Cell_Activity,BS_7P83Z28P,0.249967966025264
NK_Cell_Activity,BS_7Z93ZYMS,0.291693378302471
NK_Cell_Activity,BS_880ESDFZ,0.294329126443627
NK_Cell_Activity,BS_8BF616QR,0.449037903443351
NK_Cell_Activity,BS_8J3B6ZB6,0.310085025853792
NK_Cell_Activity,BS_8QJ43WKW,0.395307926559266
NK_Cell_Activity,BS_8RCR7Y4B,0.238160081780029
NK_Cell_Activity,BS_8VAZSJEN,0.298230504219893
NK_Cell_Activity,BS_92HCM7BN,0.354143484726302
NK_Cell_Activity,BS_94MT16N2,0.215376872922097
NK_Cell_Activity,BS_9BJARSX3,0.292461400950319
NK_Cell_Activity,BS_9F09XV62,0.200995137690158
NK_Cell_Activity,BS_9HSGV9TJ,0.526482692131778
NK_Cell_Activity,BS_9JBX2E8G,0.262154477889863
NK_Cell_Activity,BS_9P9MB8X8,0.325137905145987
NK_Cell_Activity,BS_9Q6Z6VJC,0.264251099956224
NK_Cell_Activity,BS_9S7AG4EN,0.318799886882154
NK_Cell_Activity,BS_9SJWWYQ4,0.206770949062796
NK_Cell_Activity,BS_9YXH2CZ0,0.339749937813819
NK_Cell_Activity,BS_A13BMEF5,0.235538565852841
NK_Cell_Activity,BS_A1VEGWTR,0.203968261064733
NK_Cell_Activity,BS_A46RDWGM,0.152489448137489
NK_Cell_Activity,BS_A96FKXN5,0.366513666173704
NK_Cell_Activity,BS_AGVWD5K8,0.336974469091913
NK_Cell_Activity,BS_AM0BZ61K,0.338948006849324
NK_Cell_Activity,BS_AP0SZ364,0.322056376442565
NK_Cell_Activity,BS_ATHSTZ5R,0.358282329479904
NK_Cell_Activity,BS_AW7J9F9R,0.342374383805577
NK_Cell_Activity,BS_B0SVFK4P,0.348729307217591
NK_Cell_Activity,BS_B3M5SGPA,0.243623548964356
NK_Cell_Activity,BS_B5JM6T8K,0.338573236707237
NK_Cell_Activity,BS_B6JKQFKA,0.355499789386623
NK_Cell_Activity,BS_B7GEH89C,0.231767609883808
NK_Cell_Activity,BS_B7X8VXQ3,0.2260010075769
NK_Cell_Activity,BS_BANCTAV6,0.251904706927682
NK_Cell_Activity,BS_BC936YNZ,0.302744868923697
NK_Cell_Activity,BS_BGRPWBNG,0.402208402257772
NK_Cell_Activity,BS_BJBM0BN7,0.35607885190524
NK_Cell_Activity,BS_BKQZ550R,0.291019317656155
NK_Cell_Activity,BS_BN986DF6,0.218093923617995
NK_Cell_Activity,BS_BNECCX4D,0.429916149093737
NK_Cell_Activity,BS_BPSTSCBJ,0.383402852937987
NK_Cell_Activity,BS_BW79W2PD,0.319604128488752
NK_Cell_Activity,BS_C0NEVC2B,0.386481717025992
NK_Cell_Activity,BS_C51RB0YR,0.299466318063048
NK_Cell_Activity,BS_C6SKJG3N,0.325332955787896
NK_Cell_Activity,BS_CC6RREE4,0.432262863449979
NK_Cell_Activity,BS_CGB2WS2A,0.195931732394994
NK_Cell_Activity,BS_CKX8RW1J,0.354777821956798
NK_Cell_Activity,BS_CMDJJQ7K,0.378014220748774
NK_Cell_Activity,BS_CTR5X93B,0.286409343150449
NK_Cell_Activity,BS_CVGFNCBJ,0.122327596367835
NK_Cell_Activity,BS_D3YBV7KB,0.337248383495337
NK_Cell_Activity,BS_DEHJF4C7,0.290506128476122
NK_Cell_Activity,BS_DMJHAG9X,0.430648831585179
NK_Cell_Activity,BS_DMZP9G1H,0.0616449430067374
NK_Cell_Activity,BS_DPF1CX0G,0.197799876231496
NK_Cell_Activity,BS_DSS3S5XD,0.353964568759896
NK_Cell_Activity,BS_DV86M0Y7,0.23110104419954
NK_Cell_Activity,BS_E2DEWCSK,0.334771657758533
NK_Cell_Activity,BS_E3EJHXQV,0.439510422409458
NK_Cell_Activity,BS_E4GC9EXR,0.343350629052268
NK_Cell_Activity,BS_E94QRJDW,0.29858398754567
NK_Cell_Activity,BS_EBMCTR80,0.230765328647215
NK_Cell_Activity,BS_EFEZB0ZH,0.340837792301182
NK_Cell_Activity,BS_EHVYJAVA,0.152328544997956
NK_Cell_Activity,BS_EMAJ7P3P,0.409502315135931
NK_Cell_Activity,BS_ET8CJXSF,0.189841624791475
NK_Cell_Activity,BS_EXGBH3TD,0.281028441912486
NK_Cell_Activity,BS_EYSS0ZDS,0.281688739973171
NK_Cell_Activity,BS_F1K9QTBS,0.37537633446928
NK_Cell_Activity,BS_F77MGAQT,0.405882762377372
NK_Cell_Activity,BS_F8N6CFQE,0.326467096377895
NK_Cell_Activity,BS_FAQQ0GCQ,0.395967753745129
NK_Cell_Activity,BS_FJWZ3M7V,0.233458366640295
NK_Cell_Activity,BS_FJZPQZ2C,0.328493435952879
NK_Cell_Activity,BS_FR42HY0Z,0.399709079905935
NK_Cell_Activity,BS_FX4WKR2R,0.277262443874516
NK_Cell_Activity,BS_FZ62GZGV,0.45308461689634
NK_Cell_Activity,BS_G1DAGKSY,0.30309766157511
NK_Cell_Activity,BS_G5QBBHDV,0.239192949374506
NK_Cell_Activity,BS_G7AGNB5G,0.194723407355445
NK_Cell_Activity,BS_G9XE3N9T,0.186760457511961
NK_Cell_Activity,BS_GCA4GET3,0.209363134748115
NK_Cell_Activity,BS_GHNJ4CYC,0.318767074568931
NK_Cell_Activity,BS_GPEGRCCT,0.389863045508014
NK_Cell_Activity,BS_GTZCFGRZ,0.221675370197149
NK_Cell_Activity,BS_GYA4V1RD,0.226203876846813
NK_Cell_Activity,BS_GYXSDZ56,0.308208308215345
NK_Cell_Activity,BS_H08FEN68,0.286329215916321
NK_Cell_Activity,BS_H0WF1WHE,0.432703124349321
NK_Cell_Activity,BS_H3FE3TH9,0.227871541263559
NK_Cell_Activity,BS_H8A9PSYA,0.194032377627319
NK_Cell_Activity,BS_H9EX5WX3,0.309169119205088
NK_Cell_Activity,BS_HC5M8JTC,0.381781027343438
NK_Cell_Activity,BS_HM0R6SXQ,0.427193960283789
NK_Cell_Activity,BS_HNMQ7488,0.434882245610418
NK_Cell_Activity,BS_HQ5BJ6MW,0.290624605687692
NK_Cell_Activity,BS_HQDXQ5Y4,0.344061075079936
NK_Cell_Activity,BS_HSHN8PBB,0.354605055588919
NK_Cell_Activity,BS_HSTNFPKW,0.372614716500146
NK_Cell_Activity,BS_HV8PFRBR,0.217310321432279
NK_Cell_Activity,BS_J5H5VXWY,0.483424684501197
NK_Cell_Activity,BS_J9M83K8T,0.394739608203618
NK_Cell_Activity,BS_JFVB9KXB,0.122858018970823
NK_Cell_Activity,BS_JGKZ54SA,0.367137526115636
NK_Cell_Activity,BS_JH29M4KG,0.352150951790122
NK_Cell_Activity,BS_JKXA3FQC,0.280206558651906
NK_Cell_Activity,BS_JMHG7GCN,0.279856663800928
NK_Cell_Activity,BS_JVA2NQFF,0.247604605873178
NK_Cell_Activity,BS_JWSR581E,0.24211252880432
NK_Cell_Activity,BS_K57A4A9D,0.303243547670219
NK_Cell_Activity,BS_K5802F84,0.133283686153888
NK_Cell_Activity,BS_K7MVS0Z7,0.258791830330147
NK_Cell_Activity,BS_K838XW6V,0.33784099933466
NK_Cell_Activity,BS_M4NVX721,0.316203864084484
NK_Cell_Activity,BS_M4TTKPNR,0.364693927477668
NK_Cell_Activity,BS_M8M56Z4Y,0.303751322715366
NK_Cell_Activity,BS_M8WP5T16,0.28672781239969
NK_Cell_Activity,BS_MBSTWZA6,0.26370245598933
NK_Cell_Activity,BS_MF9X3PKH,0.301485863192446
NK_Cell_Activity,BS_MH8RAG4A,0.469034441024431
NK_Cell_Activity,BS_MX92FD6D,0.429201664745637
NK_Cell_Activity,BS_MY9D8XZ1,0.257822454881122
NK_Cell_Activity,BS_N1E0H8YQ,0.295425476406225
NK_Cell_Activity,BS_N210XMKR,0.291341781196839
NK_Cell_Activity,BS_N6NE6B3W,0.0687133462856278
NK_Cell_Activity,BS_N87X1T8T,0.417935380357619
NK_Cell_Activity,BS_NB5XWMJT,0.34837441948892
NK_Cell_Activity,BS_NBZNAG7Q,0.41208536354787
NK_Cell_Activity,BS_NG9X6SJA,0.375708566501637
NK_Cell_Activity,BS_NKEAAFMW,0.0333737092536982
NK_Cell_Activity,BS_NPQJ20KX,0.187285434995162
NK_Cell_Activity,BS_NQB91P48,0.269995115004439
NK_Cell_Activity,BS_NRFQEQKP,0.235594153579151
NK_Cell_Activity,BS_NRPG5K4K,0.326936263203073
NK_Cell_Activity,BS_NS7GSHB9,0.209953161688874
NK_Cell_Activity,BS_NT9NZYFD,0.154471307475666
NK_Cell_Activity,BS_NY5T05AK,0.386587837653294
NK_Cell_Activity,BS_P2Y2NANM,0.389430851960911
NK_Cell_Activity,BS_PDVD0GCM,0.314753767501225
NK_Cell_Activity,BS_PEP9NZXN,0.201926804394794
NK_Cell_Activity,BS_PQ7CQFYR,0.244164867007825
NK_Cell_Activity,BS_PRCG6W20,0.516741060249679
NK_Cell_Activity,BS_Q2PBFNDF,0.363159853511745
NK_Cell_Activity,BS_Q3TBCK4V,0.249515778176701
NK_Cell_Activity,BS_Q6VH5GJ8,0.286333633902987
NK_Cell_Activity,BS_Q79NP5YY,0.316705001896057
NK_Cell_Activity,BS_QBMW69AM,0.326082994914124
NK_Cell_Activity,BS_QH82PBMB,0.217481692978166
NK_Cell_Activity,BS_QTSXW7DA,0.262418028773241
NK_Cell_Activity,BS_QV51J756,0.135094942060191
NK_Cell_Activity,BS_R244Z0WX,0.236408002380484
NK_Cell_Activity,BS_R3AJB6VS,0.347708163484282
NK_Cell_Activity,BS_R7V8BC98,0.367247507962934
NK_Cell_Activity,BS_R9CKW9DY,0.428899905107476
NK_Cell_Activity,BS_RAQFEB0S,0.380353031961578
NK_Cell_Activity,BS_RARBBY7C,0.474296257207953
NK_Cell_Activity,BS_RGSMX7QD,0.246809111049815
NK_Cell_Activity,BS_RMT7ABN6,0.423032960362569
NK_Cell_Activity,BS_RNANA568,0.391498138721496
NK_Cell_Activity,BS_RPJ1EPHA,0.38591064819193
NK_Cell_Activity,BS_RRAEQZ97,0.232212703968776
NK_Cell_Activity,BS_RVSEDNJ4,0.223694427939585
NK_Cell_Activity,BS_S1KK7XRH,0.253547737345391
NK_Cell_Activity,BS_S458NMKH,0.24763463888963
NK_Cell_Activity,BS_S50KQEXV,0.249633301992096
NK_Cell_Activity,BS_SDA4RMMG,0.18124203403753
NK_Cell_Activity,BS_SDZY6RZ3,0.257261488228811
NK_Cell_Activity,BS_SFKZSJN1,0.235119548214937
NK_Cell_Activity,BS_SH2S6SFN,0.424795070844156
NK_Cell_Activity,BS_SHMC4902,0.234584960745624
NK_Cell_Activity,BS_SJ0HXCD0,0.347955255904438
NK_Cell_Activity,BS_SQX5E15Z,0.395943029640485
NK_Cell_Activity,BS_SW8C9Y5Y,0.447744151935935
NK_Cell_Activity,BS_SXRS2P6T,0.251973751996184
NK_Cell_Activity,BS_T0RKFEKR,0.379610315035277
NK_Cell_Activity,BS_T2QPMZCM,0.0975669426026764
NK_Cell_Activity,BS_T4JFN54G,0.266801677574245
NK_Cell_Activity,BS_T5P5ME9M,0.324046795996172
NK_Cell_Activity,BS_TDJXQBVY,0.409765621636423
NK_Cell_Activity,BS_TG93XC55,0.142409078868
NK_Cell_Activity,BS_TRZZRYKF,0.375958539634751
NK_Cell_Activity,BS_TV80600R,0.325716763754988
NK_Cell_Activity,BS_TWFDEMBZ,0.318494398226503
NK_Cell_Activity,BS_V2G1YE8R,0.415927680804074
NK_Cell_Activity,BS_V33RCK1Y,0.344417980217796
NK_Cell_Activity,BS_V3REENH9,0.300092307788286
NK_Cell_Activity,BS_V72GX2AZ,0.263890328754972
NK_Cell_Activity,BS_V7BZ049H,0.361948427276441
NK_Cell_Activity,BS_V89HGTET,0.334458288852427
NK_Cell_Activity,BS_VARR255N,0.388285157355343
NK_Cell_Activity,BS_VMMJYN8Z,0.18060879760034
NK_Cell_Activity,BS_VTYNWK05,0.422695129290926
NK_Cell_Activity,BS_VZWXGYT2,0.446800942036844
NK_Cell_Activity,BS_WRQHPSXQ,0.169806639150762
NK_Cell_Activity,BS_WVS02TZK,0.303405667719781
NK_Cell_Activity,BS_X16PENSA,0.349928273124004
NK_Cell_Activity,BS_X2EDW2ZB,0.300250140776685
NK_Cell_Activity,BS_X5DFR216,0.462516268682515
NK_Cell_Activity,BS_X6GFVDVA,0.343300970550471
NK_Cell_Activity,BS_X91K8KMG,0.33122172668184
NK_Cell_Activity,BS_XGSA3GQE,0.262014084921202
NK_Cell_Activity,BS_XKKB4MZV,0.22318378565221
NK_Cell_Activity,BS_Y0PCBNJV,0.247322093017037
NK_Cell_Activity,BS_Y274AC0H,0.445971424157179
NK_Cell_Activity,BS_Y7H24JZG,0.373952885362126
NK_Cell_Activity,BS_Y7W8BR6B,0.394889722448759
NK_Cell_Activity,BS_YASWHXJC,0.51076856449886
NK_Cell_Activity,BS_YB2RXRHT,0.233714811461485
NK_Cell_Activity,BS_YCREDZTJ,0.295837261491043
NK_Cell_Activity,BS_YEQVW4ND,0.259876814171684
NK_Cell_Activity,BS_YMAJC22S,0.0993116507713577
NK_Cell_Activity,BS_YVEEXAAT,0.408048030757202
NK_Cell_Activity,BS_YVMEEBKC,0.233343177756176
NK_Cell_Activity,BS_YWJKHMXV,0.436565617541141
NK_Cell_Activity,BS_YY5B2XDD,0.377688222477355
NK_Cell_Activity,BS_YZ2Z1Q6Y,0.269323512309131
NK_Cell_Activity,BS_Z0AVVB1V,0.304296452077676
NK_Cell_Activity,BS_Z1A875MW,0.264982380217444
NK_Cell_Activity,BS_Z6BWR941,0.283805944618087
NK_Cell_Activity,BS_Z7Y2466H,0.256686345090187
NK_Cell_Activity,BS_ZHHAM3AN,0.628529958967022
NK_Cell_Activity,BS_ZHRGDRBW,0.291476729983621
NK_Cell_Activity,BS_ZJY7Y34M,0.2925774373466
NK_Cell_Activity,BS_ZN2P8BKH,0.500221528094104
NK_Cell_Activity,BS_ZTWGFWTX,0.343412601546539
NK_Cell_Activity,BS_ZV9Z3SY6,0.248804049399672
NK_Cell_Activity,BS_ZVX2GRD6,0.179872979533249
NK_Cell_Activity,BS_ZZMYDZJW,0.269731457015243
Tregs_Friebel2020,BS_00FD2KMP,0.250545168695277
Tregs_Friebel2020,BS_028YFYJ6,0.215673117652689
Tregs_Friebel2020,BS_052PZFMK,0.186007948529956
Tregs_Friebel2020,BS_056Q8577,0.381072650287091
Tregs_Friebel2020,BS_08ST21QE,0.232841745219637
Tregs_Friebel2020,BS_0C7VZC0A,0.182515547131221
Tregs_Friebel2020,BS_0S8E7590,0.444772809037057
Tregs_Friebel2020,BS_0VXZCRJS,0.184233484796615
Tregs_Friebel2020,BS_0XEBS3PG,0.182172987573468
Tregs_Friebel2020,BS_0ZA67BBC,0.136978267153737
Tregs_Friebel2020,BS_12G04QJM,0.218585546744716
Tregs_Friebel2020,BS_17ZSMXFH,0.225014288907086
Tregs_Friebel2020,BS_1A6MQ9ZA,0.213380165901494
Tregs_Friebel2020,BS_1D93Z575,0.222363519430303
Tregs_Friebel2020,BS_1EN5V3XW,0.174083355705758
Tregs_Friebel2020,BS_223BM91B,0.318869556392324
Tregs_Friebel2020,BS_25HNKZ79,0.29558545073999
Tregs_Friebel2020,BS_2853394H,0.254358570312863
Tregs_Friebel2020,BS_297H8BT4,0.317895640109948
Tregs_Friebel2020,BS_29X4ZX6Q,0.196504628265409
Tregs_Friebel2020,BS_2A5R9MEJ,0.0755293419404009
Tregs_Friebel2020,BS_2ARXK0TD,0.383859193067766
Tregs_Friebel2020,BS_2AV1H5TV,0.25697499072319
Tregs_Friebel2020,BS_2DMBCHNF,0.341835452946567
Tregs_Friebel2020,BS_2EN3X6HB,0.282576094310014
Tregs_Friebel2020,BS_2FEZWH1F,0.313957551150141
Tregs_Friebel2020,BS_2HNXVFAS,0.208956248279237
Tregs_Friebel2020,BS_2JH1QMT1,0.216302933713605
Tregs_Friebel2020,BS_2JP7RBMB,0.156736982538517
Tregs_Friebel2020,BS_2K01T8K6,0.403711223635863
Tregs_Friebel2020,BS_2PDS3MSS,0.282124080000559
Tregs_Friebel2020,BS_2T5PJAW8,0.234966891560247
Tregs_Friebel2020,BS_2WANPFBJ,0.322775011239271
Tregs_Friebel2020,BS_30F3Z9FS,0.346810492232113
Tregs_Friebel2020,BS_30VC3R2Q,0.166906000237851
Tregs_Friebel2020,BS_30YWQ3FY,0.343126287348934
Tregs_Friebel2020,BS_31MBRWC4,0.389078732451113
Tregs_Friebel2020,BS_333KCNDP,0.482322398245128
Tregs_Friebel2020,BS_399RPKC9,0.178285191891911
Tregs_Friebel2020,BS_3AC3SRWH,0.258639039129296
Tregs_Friebel2020,BS_3MS8WVNR,0.133480506700426
Tregs_Friebel2020,BS_3ZPJAK9A,0.222727162399712
Tregs_Friebel2020,BS_45J79YTF,0.0809070165853848
Tregs_Friebel2020,BS_49BQS7Z6,0.241566887668598
Tregs_Friebel2020,BS_49CJNZ06,0.187824936986751
Tregs_Friebel2020,BS_4B0BAVTX,0.220912132761719
Tregs_Friebel2020,BS_4BM3F6XJ,0.328141971790537
Tregs_Friebel2020,BS_4C6B11E4,0.246960827469
Tregs_Friebel2020,BS_4GNN7J8E,0.434776846205646
Tregs_Friebel2020,BS_4KNBXM3C,0.335764215633852
Tregs_Friebel2020,BS_4Q3KRCZT,0.397090801295943
Tregs_Friebel2020,BS_4QW2S1Q8,0.178241487425079
Tregs_Friebel2020,BS_4T0HQ9QF,0.170940452393033
Tregs_Friebel2020,BS_4V42BXBT,0.215755151619745
Tregs_Friebel2020,BS_51RA1PGE,0.173885745847049
Tregs_Friebel2020,BS_52C576HH,0.176924460815157
Tregs_Friebel2020,BS_5965SFPZ,0.131570296310402
Tregs_Friebel2020,BS_5EFYPZT0,0.275057950486034
Tregs_Friebel2020,BS_5G5BD2MD,0.383925664244349
Tregs_Friebel2020,BS_5K95FX4C,0.467360194113716
Tregs_Friebel2020,BS_5KBXD2GQ,0.240793905398973
Tregs_Friebel2020,BS_5PXZ8F7W,0.298408730071474
Tregs_Friebel2020,BS_5VPM0F36,0.285616988369708
Tregs_Friebel2020,BS_62SW4CC5,0.488871058039183
Tregs_Friebel2020,BS_65WPD3DA,0.327564441384165
Tregs_Friebel2020,BS_68KX6A42,0.266806949132076
Tregs_Friebel2020,BS_6DCSD5Y6,0.149680927458541
Tregs_Friebel2020,BS_6H4Q24WA,0.411970994536358
Tregs_Friebel2020,BS_6M2053M0,0.197649641438252
Tregs_Friebel2020,BS_6SY64H5J,0.452644530718913
Tregs_Friebel2020,BS_6VRG1XFB,0.288589009853631
Tregs_Friebel2020,BS_6WP1FHTE,0.231622162325842
Tregs_Friebel2020,BS_7327SDAQ,0.18079529596861
Tregs_Friebel2020,BS_75YRDXET,0.424716836946984
Tregs_Friebel2020,BS_77SBTNPN,0.251971299193144
Tregs_Friebel2020,BS_7AEF4D4G,0.287999463876429
Tregs_Friebel2020,BS_7APCGCVF,0.238582020631021
Tregs_Friebel2020,BS_7GJT4A6A,0.113665435380233
Tregs_Friebel2020,BS_7GKWKGPH,0.344090262846342
Tregs_Friebel2020,BS_7PVJ6Q3D,0.233066808948462
Tregs_Friebel2020,BS_7WKNNRHK,0.278727992141003
Tregs_Friebel2020,BS_84VZX732,0.290280721222356
Tregs_Friebel2020,BS_84XCR9GG,0.212507423103812
Tregs_Friebel2020,BS_8E8JKP01,0.156814649159698
Tregs_Friebel2020,BS_8ERBDF7D,0.146841614962687
Tregs_Friebel2020,BS_8JK9TXH2,0.296232003071201
Tregs_Friebel2020,BS_8VD670NP,0.209872146909827
Tregs_Friebel2020,BS_8YWYN7VH,0.274820209697805
Tregs_Friebel2020,BS_8ZE4Z9G5,0.362644746323603
Tregs_Friebel2020,BS_8ZY4GST0,0.107137699808978
Tregs_Friebel2020,BS_91VYM11A,0.228631227440112
Tregs_Friebel2020,BS_956G6QPJ,0.266397619438422
Tregs_Friebel2020,BS_97M1E2DW,0.108647151538375
Tregs_Friebel2020,BS_9A1YTHFF,0.41157930527806
Tregs_Friebel2020,BS_9B0A62MT,0.320373463907512
Tregs_Friebel2020,BS_9CA93S6D,0.0933543928777033
Tregs_Friebel2020,BS_9FHEFJNP,0.312075777297754
Tregs_Friebel2020,BS_9FX3YREK,0.0665213725499571
Tregs_Friebel2020,BS_9GJ3DB1H,0.378861968024078
Tregs_Friebel2020,BS_9JPQZQNG,0.285860092418775
Tregs_Friebel2020,BS_9TXEDSWB,0.210223584641664
Tregs_Friebel2020,BS_9XVACXP0,0.21538014318446
Tregs_Friebel2020,BS_9Y1K14Q5,0.250913604333502
Tregs_Friebel2020,BS_9ZJT0CP0,0.251151127382074
Tregs_Friebel2020,BS_A4PF49V0,0.199925187186123
Tregs_Friebel2020,BS_A6NXR7RC,0.226498929122493
Tregs_Friebel2020,BS_A7Q8G0Y1,0.134438467557845
Tregs_Friebel2020,BS_A8XW5S0W,0.3908468453918
Tregs_Friebel2020,BS_AWH9757B,0.177765896135219
Tregs_Friebel2020,BS_AYSXRQWY,0.295988607753256
Tregs_Friebel2020,BS_AZQM1JJH,0.388401839332189
Tregs_Friebel2020,BS_B1C6GZ84,0.0871796423205105
Tregs_Friebel2020,BS_B3MQFFYP,0.305710250797511
Tregs_Friebel2020,BS_B4R7X1KE,0.169863232002017
Tregs_Friebel2020,BS_B57327NA,0.212906679063688
Tregs_Friebel2020,BS_BBAEMXRD,0.125631173822013
Tregs_Friebel2020,BS_BBQ6BHGN,0.232398490818649
Tregs_Friebel2020,BS_BK0HGRXM,0.406314088152887
Tregs_Friebel2020,BS_BMMY0H73,0.20322958249333
Tregs_Friebel2020,BS_C6ZZ3FY5,0.194456924445801
Tregs_Friebel2020,BS_C83TK159,0.187595851734481
Tregs_Friebel2020,BS_CBDQZ8PP,0.156316506364547
Tregs_Friebel2020,BS_CF63VG3S,0.40288139964439
Tregs_Friebel2020,BS_CFD3WHAY,0.253687061804013
Tregs_Friebel2020,BS_CG1RG607,0.362173038561693
Tregs_Friebel2020,BS_CVEDJGHZ,0.440542576121539
Tregs_Friebel2020,BS_CXAQDK7S,0.317115013556588
Tregs_Friebel2020,BS_CZPQ493E,0.319904926642305
Tregs_Friebel2020,BS_D29RPBSZ,0.244104533046571
Tregs_Friebel2020,BS_D4VNDNQA,0.14064642679272
Tregs_Friebel2020,BS_D6J2BGDJ,0.0885941830536221
Tregs_Friebel2020,BS_DFGS950G,0.0874449027710327
Tregs_Friebel2020,BS_DNZVP92S,0.298790182940903
Tregs_Friebel2020,BS_DR079H0D,0.218084404929972
Tregs_Friebel2020,BS_DS438CXE,0.0900441448349715
Tregs_Friebel2020,BS_DSPVSM7D,0.135674114412426
Tregs_Friebel2020,BS_DZNXFPH1,0.410935886752813
Tregs_Friebel2020,BS_E7NVYA6G,0.362172621879927
Tregs_Friebel2020,BS_E9CYN4NP,0.170151061086359
Tregs_Friebel2020,BS_EB0XRBT9,0.412958820296023
Tregs_Friebel2020,BS_EDJ5TV0P,0.191768899944984
Tregs_Friebel2020,BS_EMQM7HTA,0.227590045955117
Tregs_Friebel2020,BS_ENEYB4TG,0.364163370055773
Tregs_Friebel2020,BS_EXPJQZTH,0.250263957587936
Tregs_Friebel2020,BS_EZ3147MX,0.144078549951835
Tregs_Friebel2020,BS_F0JB4EAK,0.159282709718783
Tregs_Friebel2020,BS_F21R36MM,0.319397033185362
Tregs_Friebel2020,BS_F65GWS21,0.19772275651204
Tregs_Friebel2020,BS_F6V1Y4QS,0.23033512502452
Tregs_Friebel2020,BS_F9Y4Z92G,0.0562550809910442
Tregs_Friebel2020,BS_FCDAH728,0.051715814469658
Tregs_Friebel2020,BS_FEV5A0HN,0.0177945965731503
Tregs_Friebel2020,BS_FGJH1X0S,0.252197829474889
Tregs_Friebel2020,BS_FKASA3MN,0.136570391643097
Tregs_Friebel2020,BS_FN07P04C,0.194089298065404
Tregs_Friebel2020,BS_FX2P2WEG,0.305563445322914
Tregs_Friebel2020,BS_FXJY0MNH,0.251822070795718
Tregs_Friebel2020,BS_FYP2B298,0.178792073773888
Tregs_Friebel2020,BS_G19QZG4S,0.232415365959877
Tregs_Friebel2020,BS_G1E5DATJ,0.358026948340042
Tregs_Friebel2020,BS_G257VSS9,0.234602981432102
Tregs_Friebel2020,BS_G3NN392N,0.202244374501335
Tregs_Friebel2020,BS_G3RJTBZD,0.0646153089734236
Tregs_Friebel2020,BS_G5NHSFD4,0.153331699349505
Tregs_Friebel2020,BS_G8TXTX0H,0.208232711572035
Tregs_Friebel2020,BS_GG9W3J9Y,0.261942869228476
Tregs_Friebel2020,BS_GW0GKWMS,0.178719893673328
Tregs_Friebel2020,BS_GWHYM3R4,0.252564881421079
Tregs_Friebel2020,BS_GWSJ4Z9H,0.174465130123944
Tregs_Friebel2020,BS_H5VQJR7X,0.30347695230141
Tregs_Friebel2020,BS_H97S5SQN,0.128749898017828
Tregs_Friebel2020,BS_H9JYKFTV,0.179661709887854
Tregs_Friebel2020,BS_HDHXX8Q7,0.226751277695473
Tregs_Friebel2020,BS_HDPCQETG,0.301336457423607
Tregs_Friebel2020,BS_HJRTC9JQ,0.303356844290604
Tregs_Friebel2020,BS_HJV0J603,0.532063967571981
Tregs_Friebel2020,BS_HRJ9145M,0.491134906940826
Tregs_Friebel2020,BS_HWGWYCY7,0.449266295472374
Tregs_Friebel2020,BS_HZ9AYDCQ,0.334608829132351
Tregs_Friebel2020,BS_J4JY2F3H,0.30039670440665
Tregs_Friebel2020,BS_J6212Y48,0.160122405761465
Tregs_Friebel2020,BS_J6W1RB7A,0.254457253471597
Tregs_Friebel2020,BS_J9CBGP57,0.147848994278574
Tregs_Friebel2020,BS_JB43XBCQ,0.307637182354579
Tregs_Friebel2020,BS_JDSNFYQ0,0.326656847631738
Tregs_Friebel2020,BS_JJVH7WR0,0.145174559222652
Tregs_Friebel2020,BS_JMD386Z2,0.241761151654498
Tregs_Friebel2020,BS_JP95KMRD,0.370187261381257
Tregs_Friebel2020,BS_JQGJQ2QZ,0.422339290314067
Tregs_Friebel2020,BS_JQVAWTTM,0.238182520664114
Tregs_Friebel2020,BS_JQXHHK0K,0.103046314728964
Tregs_Friebel2020,BS_JRYJGYC4,0.241904868297625
Tregs_Friebel2020,BS_JS95PE0J,0.219375217684622
Tregs_Friebel2020,BS_JTWNJ8T7,0.0693882090304176
Tregs_Friebel2020,BS_JVW2JJ39,0.163070939571157
Tregs_Friebel2020,BS_K0X3PZGN,0.580753036562888
Tregs_Friebel2020,BS_K17VQECG,0.234483063589351
Tregs_Friebel2020,BS_K2PCC777,0.441851254978204
Tregs_Friebel2020,BS_K74N1BXQ,0.328906561330816
Tregs_Friebel2020,BS_K81PZXP2,0.266648777111736
Tregs_Friebel2020,BS_K88T8SW7,0.647574181422279
Tregs_Friebel2020,BS_KABQQA0T,0.158056834224117
Tregs_Friebel2020,BS_KBEX4RT2,0.223413744061309
Tregs_Friebel2020,BS_KFD5128N,0.230559910913101
Tregs_Friebel2020,BS_KKDTW11T,0.248184558707903
Tregs_Friebel2020,BS_KP735TJ6,0.159658933397013
Tregs_Friebel2020,BS_KQ6ZW085,0.175840104862663
Tregs_Friebel2020,BS_KRS4EV4X,0.346293307512213
Tregs_Friebel2020,BS_KS8HMGA6,0.401724414633186
Tregs_Friebel2020,BS_KVPWHDR4,0.20303149339887
Tregs_Friebel2020,BS_M0FA190Y,0.367039269993887
Tregs_Friebel2020,BS_M0XGZ53Z,0.144611910585804
Tregs_Friebel2020,BS_M1PVEHCM,0.0646900369421142
Tregs_Friebel2020,BS_M54TWTH4,0.364252004328248
Tregs_Friebel2020,BS_M7XB258E,0.342230612273311
Tregs_Friebel2020,BS_M85CXHDV,0.340319882693849
Tregs_Friebel2020,BS_MB7WN0ZB,0.342861634372387
Tregs_Friebel2020,BS_MD0937XT,0.0784227526170484
Tregs_Friebel2020,BS_MDBT7S5Z,0.126370552736649
Tregs_Friebel2020,BS_ME6VQGG4,0.17178374465218
Tregs_Friebel2020,BS_MFGZH8FK,0.181484053291724
Tregs_Friebel2020,BS_MG78HQDM,0.0831441379967743
Tregs_Friebel2020,BS_MWWZBQ60,0.152996447280053
Tregs_Friebel2020,BS_N6TQBQ8M,0.21614449061198
Tregs_Friebel2020,BS_N7SW36FD,0.274660388920455
Tregs_Friebel2020,BS_N7VQ1GQB,0.287059457126061
Tregs_Friebel2020,BS_NB9XXBW6,0.166292706026006
Tregs_Friebel2020,BS_NEFAASTR,0.39484831410223
Tregs_Friebel2020,BS_NEVYM2FP,0.177864516291105
Tregs_Friebel2020,BS_NFKKDYSV,0.32234641004385
Tregs_Friebel2020,BS_NGSG2KB6,0.241717693712112
Tregs_Friebel2020,BS_NNYXMSTX,0.291827825590694
Tregs_Friebel2020,BS_NPA6CZQF,0.19791199858207
Tregs_Friebel2020,BS_NQ54ST98,0.253531576766345
Tregs_Friebel2020,BS_NR3P3GN2,0.271500882865323
Tregs_Friebel2020,BS_NX1R0BC3,0.369463449445885
Tregs_Friebel2020,BS_P0QF87WC,0.277175232342743
Tregs_Friebel2020,BS_P4PMWFMV,0.2588295547783
Tregs_Friebel2020,BS_P7W3AYKV,0.393502127844689
Tregs_Friebel2020,BS_PENM28KT,0.252289030450865
Tregs_Friebel2020,BS_PJC6FH4Y,0.340443290546365
Tregs_Friebel2020,BS_PS0P3QJ3,0.227115133778741
Tregs_Friebel2020,BS_PXCPK5XS,0.302900918983526
Tregs_Friebel2020,BS_PZVHMSYN,0.200537128138338
Tregs_Friebel2020,BS_Q06J3RYW,0.418041749017434
Tregs_Friebel2020,BS_Q35GFYDR,0.218030421533514
Tregs_Friebel2020,BS_Q9N5PRD5,0.204665443744068
Tregs_Friebel2020,BS_QB84TBA3,0.147906757813352
Tregs_Friebel2020,BS_QGKEP3KB,0.294517531524206
Tregs_Friebel2020,BS_QH0VYVJK,0.354465491409778
Tregs_Friebel2020,BS_QHY302E8,0.270566900263743
Tregs_Friebel2020,BS_QMBS32Y2,0.278906995803901
Tregs_Friebel2020,BS_QNNX91SM,0.18508943611998
Tregs_Friebel2020,BS_QY2G1JZJ,0.351302331323066
Tregs_Friebel2020,BS_QYA4TQXX,0.262842530946684
Tregs_Friebel2020,BS_R5JQE0VJ,0.222918099383715
Tregs_Friebel2020,BS_R5SNFB5B,0.201930667813794
Tregs_Friebel2020,BS_R9B92M75,0.185821007563158
Tregs_Friebel2020,BS_RHAWQJ48,0.441224519374647
Tregs_Friebel2020,BS_RHM60031,0.243271539994953
Tregs_Friebel2020,BS_RJC3WDD6,0.0567432006167299
Tregs_Friebel2020,BS_RN0VAY51,0.324239219398092
Tregs_Friebel2020,BS_RX1YTZ7F,0.216192704464943
Tregs_Friebel2020,BS_RZBFH1QF,0.108766850560956
Tregs_Friebel2020,BS_S2TA8R29,0.220909873363845
Tregs_Friebel2020,BS_S3C2PZAH,0.278348367892502
Tregs_Friebel2020,BS_S3MET0JZ,0.249126662409767
Tregs_Friebel2020,BS_S4V9E1XJ,0.272718211984998
Tregs_Friebel2020,BS_S5P8VTN5,0.285004685686423
Tregs_Friebel2020,BS_S6B9DVNS,0.148824813097773
Tregs_Friebel2020,BS_S6S7SK3P,0.147293700699606
Tregs_Friebel2020,BS_S8K878T3,0.489029639778774
Tregs_Friebel2020,BS_SBMAM00V,0.250886017133974
Tregs_Friebel2020,BS_SBMCD7XZ,0.243479145059846
Tregs_Friebel2020,BS_SD0EMK7Y,0.376274766705263
Tregs_Friebel2020,BS_SD8YBRBR,0.123247690573334
Tregs_Friebel2020,BS_SERDGASJ,0.352853323648149
Tregs_Friebel2020,BS_SJVTZ5TH,0.312318414877461
Tregs_Friebel2020,BS_SMWQR2F1,0.206575543413177
Tregs_Friebel2020,BS_SNVM7CZT,0.350723690556059
Tregs_Friebel2020,BS_SR2RGDXJ,0.25032025471467
Tregs_Friebel2020,BS_SW9Z10F9,0.242392201710619
Tregs_Friebel2020,BS_SY3J3XR9,0.0770887429338511
Tregs_Friebel2020,BS_T1YHK6B7,0.157892865046506
Tregs_Friebel2020,BS_T2F48Z4E,0.351522235786342
Tregs_Friebel2020,BS_T9A8JJW5,0.173164767859158
Tregs_Friebel2020,BS_TASG32Z2,0.192572183124563
Tregs_Friebel2020,BS_TGS109T3,0.144452438364798
Tregs_Friebel2020,BS_TM9MH0RP,0.197963454114725
Tregs_Friebel2020,BS_TR2P8KRF,0.200286722873349
Tregs_Friebel2020,BS_TRKH2SPE,0.168245864502795
Tregs_Friebel2020,BS_TRPXB3AV,0.238309980328268
Tregs_Friebel2020,BS_TTDNZTZ0,0.271269406041587
Tregs_Friebel2020,BS_TTE04ZP8,0.359444381149212
Tregs_Friebel2020,BS_TV5B86ZD,0.206263494867344
Tregs_Friebel2020,BS_TVH33J9Q,0.250978214225376
Tregs_Friebel2020,BS_TXZ7KHTQ,0.207975001785671
Tregs_Friebel2020,BS_V0DQFC75,0.263308693622347
Tregs_Friebel2020,BS_V3Z3DB4N,0.0938125701527045
Tregs_Friebel2020,BS_V558NW3Q,0.417443608915616
Tregs_Friebel2020,BS_V6RSB5HQ,0.180513719824991
Tregs_Friebel2020,BS_V8QWBVS3,0.45637284999466
Tregs_Friebel2020,BS_VBMRQK4F,0.33880379856259
Tregs_Friebel2020,BS_VDFXXMEX,0.204385542572742
Tregs_Friebel2020,BS_VF3NVT4G,0.379262800838063
Tregs_Friebel2020,BS_VKH87DD2,0.244558851769032
Tregs_Friebel2020,BS_VKHJG2B8,0.351454842757246
Tregs_Friebel2020,BS_VKYEM67A,0.300063503770226
Tregs_Friebel2020,BS_VMQMGSJY,0.346534338865492
Tregs_Friebel2020,BS_VVTHDRBD,0.253052716631928
Tregs_Friebel2020,BS_W1385R8Y,0.206837504030143
Tregs_Friebel2020,BS_W4DB5RP1,0.135013819384538
Tregs_Friebel2020,BS_W7MFJZ5A,0.282955435412742
Tregs_Friebel2020,BS_WBVSK3MP,0.129952274629141
Tregs_Friebel2020,BS_WEKK6SHP,0.244941112338391
Tregs_Friebel2020,BS_WHBEXD5H,0.320101737764998
Tregs_Friebel2020,BS_WQ1YRTAT,0.027064797114736
Tregs_Friebel2020,BS_WTJEDTZC,0.284577098201938
Tregs_Friebel2020,BS_WVRX4C9Z,0.398857150581997
Tregs_Friebel2020,BS_X0XXN9BK,0.338662690093291
Tregs_Friebel2020,BS_X1G0TKP4,0.300388616480561
Tregs_Friebel2020,BS_X20JCR4H,0.398311030796424
Tregs_Friebel2020,BS_X23724NJ,0.334661226339903
Tregs_Friebel2020,BS_X3HR4Z21,0.249684684428226
Tregs_Friebel2020,BS_X4DD4KSZ,0.37103407929981
Tregs_Friebel2020,BS_X4X1SFSE,0.159874841489828
Tregs_Friebel2020,BS_XG0DBWVT,0.151610874643155
Tregs_Friebel2020,BS_XGDPK33A,0.142644151127568
Tregs_Friebel2020,BS_XM1AHBDJ,0.194038155390117
Tregs_Friebel2020,BS_XQ5SFW35,0.239166704799896
Tregs_Friebel2020,BS_XQXXBWPD,0.255941420967976
Tregs_Friebel2020,BS_XYVCMF4A,0.16745651902645
Tregs_Friebel2020,BS_XZM79E42,0.354557425882991
Tregs_Friebel2020,BS_YA0KMBRT,0.174389926034389
Tregs_Friebel2020,BS_YDEVMD24,0.192973860821108
Tregs_Friebel2020,BS_YMKQT5V0,0.450632821740347
Tregs_Friebel2020,BS_YR12D1ZY,0.389941061187819
Tregs_Friebel2020,BS_YSZRQ95C,0.249089960447974
Tregs_Friebel2020,BS_YTWEM5SG,0.378948850835817
Tregs_Friebel2020,BS_YZ2QFDAN,0.23098332457491
Tregs_Friebel2020,BS_Z0ZPD9S9,0.262722678045171
Tregs_Friebel2020,BS_Z3RCA1T9,0.139203524493067
Tregs_Friebel2020,BS_Z8F3GM85,0.262428992847173
Tregs_Friebel2020,BS_ZD5HN296,0.433519848824905
Tregs_Friebel2020,BS_ZF6BSFNF,0.198150725457081
Tregs_Friebel2020,BS_ZM97KKXE,0.283067191318143
Tregs_Friebel2020,BS_ZV1P6W9C,0.157597768591878
Tregs_Friebel2020,BS_ZVM8CAB0,0.382723583167131
Tregs_Friebel2020,BS_ZZWMD6FA,0.326597816903314
Tregs_Friebel2020,BS_06AMMCXR,0.315605681057949
Tregs_Friebel2020,BS_08TWG4K0,0.521229014964145
Tregs_Friebel2020,BS_1DECYC4K,0.266409232060756
Tregs_Friebel2020,BS_2A5R9D97,0.331574611163116
Tregs_Friebel2020,BS_3VJ0CA6A,0.305090367866714
Tregs_Friebel2020,BS_3XYJBBHQ,0.368966332147147
Tregs_Friebel2020,BS_4C4MZ4NT,0.255707773225613
Tregs_Friebel2020,BS_4PPHAQXF,0.224156718586354
Tregs_Friebel2020,BS_4SMPV083,0.312078921518367
Tregs_Friebel2020,BS_A76PNWQS,0.378465974648651
Tregs_Friebel2020,BS_BZCTXEPJ,0.351220142129626
Tregs_Friebel2020,BS_CB6VK7PB,0.256801455531803
Tregs_Friebel2020,BS_ED8G98XT,0.172405362022157
Tregs_Friebel2020,BS_FCX6DZ0J,0.372672685394109
Tregs_Friebel2020,BS_FYRDYBMZ,0.179979636883346
Tregs_Friebel2020,BS_H1XPVS9A,0.262854557006056
Tregs_Friebel2020,BS_QRNSKFMS,0.281531953233182
Tregs_Friebel2020,BS_R13X6TMW,0.205511428975279
Tregs_Friebel2020,BS_RJMJ935A,0.394664191427198
Tregs_Friebel2020,BS_RWJZFTP9,0.146176682606626
Tregs_Friebel2020,BS_S20SP0WW,0.465262565467164
Tregs_Friebel2020,BS_SB12W1XT,0.343137938188383
Tregs_Friebel2020,BS_T0MXH2CA,0.271055493595757
Tregs_Friebel2020,BS_T1W4JA94,0.196121418615522
Tregs_Friebel2020,BS_T289QKBV,0.334878478432238
Tregs_Friebel2020,BS_T3H5AY8A,0.402214839091136
Tregs_Friebel2020,BS_TVV122JG,0.231096491195199
Tregs_Friebel2020,BS_VW85Q4XJ,0.341375703056428
Tregs_Friebel2020,BS_W97QQYKQ,0.389269541200122
Tregs_Friebel2020,BS_WYMX429C,0.288803320880857
Tregs_Friebel2020,BS_YR1XY6SF,0.267332202657597
Tregs_Friebel2020,BS_014EVM2D,0.305590331234685
Tregs_Friebel2020,BS_044XZ8ST,0.237965832524821
Tregs_Friebel2020,BS_063ERW0R,0.118799471969744
Tregs_Friebel2020,BS_0D5VRAKC,0.334138823657884
Tregs_Friebel2020,BS_0J9SHHSC,0.314118780371222
Tregs_Friebel2020,BS_0SCXXM6N,0.373365021147939
Tregs_Friebel2020,BS_0TDWG2CV,0.400866791555316
Tregs_Friebel2020,BS_0WVJYM9R,0.152894593536187
Tregs_Friebel2020,BS_0X9EGHY2,0.177008061344405
Tregs_Friebel2020,BS_0Y5J2AQ4,0.276965180076001
Tregs_Friebel2020,BS_13CGKADW,0.136124208253305
Tregs_Friebel2020,BS_166N7SZQ,0.24920203432454
Tregs_Friebel2020,BS_17WYVEEC,0.187632079230279
Tregs_Friebel2020,BS_1G3WYEN3,0.179859203550519
Tregs_Friebel2020,BS_1HYS8CSC,0.343052524841082
Tregs_Friebel2020,BS_1JDG6JV5,0.269811199372476
Tregs_Friebel2020,BS_1KYGSMA7,0.350302314482005
Tregs_Friebel2020,BS_1N76FQZY,0.206193350706625
Tregs_Friebel2020,BS_1NPD7PVG,0.193071338286797
Tregs_Friebel2020,BS_1Z9AX9JS,0.226922054828835
Tregs_Friebel2020,BS_1ZVXF5FE,0.1938596435467
Tregs_Friebel2020,BS_21RE8W46,0.16075680183646
Tregs_Friebel2020,BS_24AHZ9ZW,0.289152526299606
Tregs_Friebel2020,BS_2720P44V,0.445752978531308
Tregs_Friebel2020,BS_27FYYPJG,0.270541280797627
Tregs_Friebel2020,BS_29TRQXWM,0.219425842962107
Tregs_Friebel2020,BS_2ADZNNV4,0.235108340536007
Tregs_Friebel2020,BS_2EMW8ZG3,0.259939834836212
Tregs_Friebel2020,BS_2K3FVT86,0.405409986351667
Tregs_Friebel2020,BS_2KJ2YAZR,0.193575257543962
Tregs_Friebel2020,BS_2QCQYY6M,0.285237158166385
Tregs_Friebel2020,BS_2WPQ8YCW,0.234470392138421
Tregs_Friebel2020,BS_2XM08BFY,0.331979363094693
Tregs_Friebel2020,BS_2YCJV2VV,0.250633068084653
Tregs_Friebel2020,BS_304SPN6B,0.29823869341523
Tregs_Friebel2020,BS_33AQSPRP,0.270103740918879
Tregs_Friebel2020,BS_3G3KWY18,0.257710323112633
Tregs_Friebel2020,BS_3GAN6Q43,0.317859322291474
Tregs_Friebel2020,BS_3P20Q2C3,0.0869017393251157
Tregs_Friebel2020,BS_3PYESPHA,0.0845309006424455
Tregs_Friebel2020,BS_3Q0GTSYH,0.215281007626323
Tregs_Friebel2020,BS_3TJHY996,0.339671334224655
Tregs_Friebel2020,BS_3XY76V8T,0.305096460608914
Tregs_Friebel2020,BS_3Y2X2RBJ,0.30809726387616
Tregs_Friebel2020,BS_401R3KV0,0.307426980665926
Tregs_Friebel2020,BS_42DY6WS7,0.190465144589647
Tregs_Friebel2020,BS_42Y3YANN,0.269503915503753
Tregs_Friebel2020,BS_470DYRJQ,0.2252704550164
Tregs_Friebel2020,BS_47SJZ3PH,0.235118252502562
Tregs_Friebel2020,BS_49852ZBH,0.213258286750775
Tregs_Friebel2020,BS_4A45GGSW,0.222200678102213
Tregs_Friebel2020,BS_4BWB0FA0,0.354751188976984
Tregs_Friebel2020,BS_4CXE5XEP,0.294265209675084
Tregs_Friebel2020,BS_4HQ3T2NC,0.232737141456634
Tregs_Friebel2020,BS_4N1GNHX4,0.25442127015204
Tregs_Friebel2020,BS_4NF35AF6,0.16802221250157
Tregs_Friebel2020,BS_4TZQY7TT,0.393980113207746
Tregs_Friebel2020,BS_4Y6BCYK5,0.21428150234094
Tregs_Friebel2020,BS_4Z2F4P9N,0.26378879582412
Tregs_Friebel2020,BS_503DZ8BN,0.264261178151408
Tregs_Friebel2020,BS_52426AMF,0.293939262713366
Tregs_Friebel2020,BS_52DAPP1Y,0.172390157652031
Tregs_Friebel2020,BS_534XRSNB,0.241656595015481
Tregs_Friebel2020,BS_53GQKVEX,0.202968365101997
Tregs_Friebel2020,BS_54H90JW2,0.325531786129209
Tregs_Friebel2020,BS_55P8HPYD,0.1508886015322
Tregs_Friebel2020,BS_55X1W2MR,0.44854295270676
Tregs_Friebel2020,BS_57NMZPS0,0.222913762510894
Tregs_Friebel2020,BS_593HEWBF,0.236943456274808
Tregs_Friebel2020,BS_5J5D3QTD,0.276908644789652
Tregs_Friebel2020,BS_5K3R0F5D,0.144759297332726
Tregs_Friebel2020,BS_5NWDARXG,0.301581073862626
Tregs_Friebel2020,BS_5PEFNDCY,0.124954579854813
Tregs_Friebel2020,BS_5PV5N4HQ,0.237763218208807
Tregs_Friebel2020,BS_5YJEPPTP,0.276108209369344
Tregs_Friebel2020,BS_5YYCP891,0.321853456999291
Tregs_Friebel2020,BS_66ABA973,0.15691698421958
Tregs_Friebel2020,BS_66HQ3E4Z,0.191598143668454
Tregs_Friebel2020,BS_680K119G,0.200003611068409
Tregs_Friebel2020,BS_68BW2163,0.11595414798154
Tregs_Friebel2020,BS_699TN5RN,0.344779039053163
Tregs_Friebel2020,BS_6HXD39AM,0.389607991876571
Tregs_Friebel2020,BS_6N3AFF66,0.244413007634646
Tregs_Friebel2020,BS_6TSAVMT9,0.313084450825194
Tregs_Friebel2020,BS_6VF6VPCG,0.212095480962687
Tregs_Friebel2020,BS_769BDPDB,0.382619739230844
Tregs_Friebel2020,BS_76DRXZRJ,0.283856572692613
Tregs_Friebel2020,BS_775HDFNY,0.243010800312175
Tregs_Friebel2020,BS_7H4RFCW9,0.435115700897229
Tregs_Friebel2020,BS_7M3FNSYK,0.296771089290204
Tregs_Friebel2020,BS_7MGXMG6S,0.366678034358219
Tregs_Friebel2020,BS_7N0B2CY1,0.0798193531408879
Tregs_Friebel2020,BS_7P83Z28P,0.231443823493786
Tregs_Friebel2020,BS_7Z93ZYMS,0.228052805027333
Tregs_Friebel2020,BS_880ESDFZ,0.188896202710262
Tregs_Friebel2020,BS_8BF616QR,0.28243007285475
Tregs_Friebel2020,BS_8J3B6ZB6,0.277681944470849
Tregs_Friebel2020,BS_8QJ43WKW,0.268122576874253
Tregs_Friebel2020,BS_8RCR7Y4B,0.212795806670268
Tregs_Friebel2020,BS_8VAZSJEN,0.311670706592067
Tregs_Friebel2020,BS_92HCM7BN,0.321279758462133
Tregs_Friebel2020,BS_94MT16N2,0.176191920568462
Tregs_Friebel2020,BS_9BJARSX3,0.377115813480006
Tregs_Friebel2020,BS_9F09XV62,0.0747115923054121
Tregs_Friebel2020,BS_9HSGV9TJ,0.315561566354414
Tregs_Friebel2020,BS_9JBX2E8G,0.250079760996765
Tregs_Friebel2020,BS_9P9MB8X8,0.198958322209712
Tregs_Friebel2020,BS_9Q6Z6VJC,0.281093866689194
Tregs_Friebel2020,BS_9S7AG4EN,0.212443187739997
Tregs_Friebel2020,BS_9SJWWYQ4,0.143400397689008
Tregs_Friebel2020,BS_9YXH2CZ0,0.31691431583593
Tregs_Friebel2020,BS_A13BMEF5,0.163976837225066
Tregs_Friebel2020,BS_A1VEGWTR,0.13410513295505
Tregs_Friebel2020,BS_A46RDWGM,0.119041085496109
Tregs_Friebel2020,BS_A96FKXN5,0.275017188380284
Tregs_Friebel2020,BS_AGVWD5K8,0.264506201209653
Tregs_Friebel2020,BS_AM0BZ61K,0.316394175957351
Tregs_Friebel2020,BS_AP0SZ364,0.311089461532818
Tregs_Friebel2020,BS_ATHSTZ5R,0.267480530995333
Tregs_Friebel2020,BS_AW7J9F9R,0.274379005538599
Tregs_Friebel2020,BS_B0SVFK4P,0.411708487315338
Tregs_Friebel2020,BS_B3M5SGPA,0.264495909759191
Tregs_Friebel2020,BS_B5JM6T8K,0.270755620338007
Tregs_Friebel2020,BS_B6JKQFKA,0.268926981405171
Tregs_Friebel2020,BS_B7GEH89C,0.209216149980119
Tregs_Friebel2020,BS_B7X8VXQ3,0.165474381692667
Tregs_Friebel2020,BS_BANCTAV6,0.189786777964482
Tregs_Friebel2020,BS_BC936YNZ,0.270884276433701
Tregs_Friebel2020,BS_BGRPWBNG,0.326010463732784
Tregs_Friebel2020,BS_BJBM0BN7,0.264785468215518
Tregs_Friebel2020,BS_BKQZ550R,0.256104210113497
Tregs_Friebel2020,BS_BN986DF6,0.206853878328235
Tregs_Friebel2020,BS_BNECCX4D,0.271967395079169
Tregs_Friebel2020,BS_BPSTSCBJ,0.232034753881696
Tregs_Friebel2020,BS_BW79W2PD,0.371274275672597
Tregs_Friebel2020,BS_C0NEVC2B,0.368571027758527
Tregs_Friebel2020,BS_C51RB0YR,0.347233081502273
Tregs_Friebel2020,BS_C6SKJG3N,0.205906999116214
Tregs_Friebel2020,BS_CC6RREE4,0.326515918021348
Tregs_Friebel2020,BS_CGB2WS2A,0.180852132766651
Tregs_Friebel2020,BS_CKX8RW1J,0.277916636788399
Tregs_Friebel2020,BS_CMDJJQ7K,0.33225585115316
Tregs_Friebel2020,BS_CTR5X93B,0.243355651406852
Tregs_Friebel2020,BS_CVGFNCBJ,0.181968061430834
Tregs_Friebel2020,BS_D3YBV7KB,0.293835679661483
Tregs_Friebel2020,BS_DEHJF4C7,0.341845259338699
Tregs_Friebel2020,BS_DMJHAG9X,0.335979255319687
Tregs_Friebel2020,BS_DMZP9G1H,0.0885826634700627
Tregs_Friebel2020,BS_DPF1CX0G,0.104533033312767
Tregs_Friebel2020,BS_DSS3S5XD,0.309527610310924
Tregs_Friebel2020,BS_DV86M0Y7,0.175135532003926
Tregs_Friebel2020,BS_E2DEWCSK,0.31352762636555
Tregs_Friebel2020,BS_E3EJHXQV,0.396616727165898
Tregs_Friebel2020,BS_E4GC9EXR,0.379954140667839
Tregs_Friebel2020,BS_E94QRJDW,0.246387517602442
Tregs_Friebel2020,BS_EBMCTR80,0.158920730522578
Tregs_Friebel2020,BS_EFEZB0ZH,0.382161252007585
Tregs_Friebel2020,BS_EHVYJAVA,0.18726279233435
Tregs_Friebel2020,BS_EMAJ7P3P,0.24155469743828
Tregs_Friebel2020,BS_ET8CJXSF,0.189106436854819
Tregs_Friebel2020,BS_EXGBH3TD,0.2222534611816
Tregs_Friebel2020,BS_EYSS0ZDS,0.212645460445273
Tregs_Friebel2020,BS_F1K9QTBS,0.348454914860746
Tregs_Friebel2020,BS_F77MGAQT,0.46009031129581
Tregs_Friebel2020,BS_F8N6CFQE,0.286503583211059
Tregs_Friebel2020,BS_FAQQ0GCQ,0.253562810816677
Tregs_Friebel2020,BS_FJWZ3M7V,0.246381993282965
Tregs_Friebel2020,BS_FJZPQZ2C,0.416902783888988
Tregs_Friebel2020,BS_FR42HY0Z,0.313205430299729
Tregs_Friebel2020,BS_FX4WKR2R,0.218374564062162
Tregs_Friebel2020,BS_FZ62GZGV,0.429280024801603
Tregs_Friebel2020,BS_G1DAGKSY,0.28208963706731
Tregs_Friebel2020,BS_G5QBBHDV,0.229221944723128
Tregs_Friebel2020,BS_G7AGNB5G,0.105879473684779
Tregs_Friebel2020,BS_G9XE3N9T,0.157967204006357
Tregs_Friebel2020,BS_GCA4GET3,0.112289692903885
Tregs_Friebel2020,BS_GHNJ4CYC,0.237131881578668
Tregs_Friebel2020,BS_GPEGRCCT,0.259440300392861
Tregs_Friebel2020,BS_GTZCFGRZ,0.197048117144827
Tregs_Friebel2020,BS_GYA4V1RD,0.165471585897091
Tregs_Friebel2020,BS_GYXSDZ56,0.277652886144376
Tregs_Friebel2020,BS_H08FEN68,0.249220953732264
Tregs_Friebel2020,BS_H0WF1WHE,0.410746054306237
Tregs_Friebel2020,BS_H3FE3TH9,0.161294658378993
Tregs_Friebel2020,BS_H8A9PSYA,0.177173117139222
Tregs_Friebel2020,BS_H9EX5WX3,0.251644638680934
Tregs_Friebel2020,BS_HC5M8JTC,0.373449551752947
Tregs_Friebel2020,BS_HM0R6SXQ,0.333727234272336
Tregs_Friebel2020,BS_HNMQ7488,0.299054749619455
Tregs_Friebel2020,BS_HQ5BJ6MW,0.296225888427382
Tregs_Friebel2020,BS_HQDXQ5Y4,0.322799283239886
Tregs_Friebel2020,BS_HSHN8PBB,0.248148707925154
Tregs_Friebel2020,BS_HSTNFPKW,0.31244704530512
Tregs_Friebel2020,BS_HV8PFRBR,0.308944052117738
Tregs_Friebel2020,BS_J5H5VXWY,0.430193939590312
Tregs_Friebel2020,BS_J9M83K8T,0.324042915248152
Tregs_Friebel2020,BS_JFVB9KXB,0.178271992124811
Tregs_Friebel2020,BS_JGKZ54SA,0.316924161493206
Tregs_Friebel2020,BS_JH29M4KG,0.291608754750343
Tregs_Friebel2020,BS_JKXA3FQC,0.127369934106356
Tregs_Friebel2020,BS_JMHG7GCN,0.184657079061385
Tregs_Friebel2020,BS_JVA2NQFF,0.243521944584129
Tregs_Friebel2020,BS_JWSR581E,0.268647581556487
Tregs_Friebel2020,BS_K57A4A9D,0.211050375097838
Tregs_Friebel2020,BS_K5802F84,0.119987643474443
Tregs_Friebel2020,BS_K7MVS0Z7,0.174727994943016
Tregs_Friebel2020,BS_K838XW6V,0.322841085737701
Tregs_Friebel2020,BS_M4NVX721,0.287523093925077
Tregs_Friebel2020,BS_M4TTKPNR,0.36671620941332
Tregs_Friebel2020,BS_M8M56Z4Y,0.262279791662164
Tregs_Friebel2020,BS_M8WP5T16,0.221726131524356
Tregs_Friebel2020,BS_MBSTWZA6,0.297709099375549
Tregs_Friebel2020,BS_MF9X3PKH,0.297601757946387
Tregs_Friebel2020,BS_MH8RAG4A,0.482487633314425
Tregs_Friebel2020,BS_MX92FD6D,0.264462861495007
Tregs_Friebel2020,BS_MY9D8XZ1,0.289219415965317
Tregs_Friebel2020,BS_N1E0H8YQ,0.324153079896796
Tregs_Friebel2020,BS_N210XMKR,0.198432672095664
Tregs_Friebel2020,BS_N6NE6B3W,0.0979956734226363
Tregs_Friebel2020,BS_N87X1T8T,0.331033102708149
Tregs_Friebel2020,BS_NB5XWMJT,0.344088732416632
Tregs_Friebel2020,BS_NBZNAG7Q,0.44672299995669
Tregs_Friebel2020,BS_NG9X6SJA,0.311551936484344
Tregs_Friebel2020,BS_NKEAAFMW,0.0891375041211397
Tregs_Friebel2020,BS_NPQJ20KX,0.220286451047163
Tregs_Friebel2020,BS_NQB91P48,0.252393664997589
Tregs_Friebel2020,BS_NRFQEQKP,0.240720751723645
Tregs_Friebel2020,BS_NRPG5K4K,0.224991626725835
Tregs_Friebel2020,BS_NS7GSHB9,0.220006352580251
Tregs_Friebel2020,BS_NT9NZYFD,0.151689155325235
Tregs_Friebel2020,BS_NY5T05AK,0.276095331511232
Tregs_Friebel2020,BS_P2Y2NANM,0.351526407046718
Tregs_Friebel2020,BS_PDVD0GCM,0.285704989367538
Tregs_Friebel2020,BS_PEP9NZXN,0.187123454455395
Tregs_Friebel2020,BS_PQ7CQFYR,0.233372548473833
Tregs_Friebel2020,BS_PRCG6W20,0.393578015767984
Tregs_Friebel2020,BS_Q2PBFNDF,0.28734100939682
Tregs_Friebel2020,BS_Q3TBCK4V,0.245750455721436
Tregs_Friebel2020,BS_Q6VH5GJ8,0.241814540201599
Tregs_Friebel2020,BS_Q79NP5YY,0.262764171104517
Tregs_Friebel2020,BS_QBMW69AM,0.254365671130984
Tregs_Friebel2020,BS_QH82PBMB,0.177151969356715
Tregs_Friebel2020,BS_QTSXW7DA,0.254621357740803
Tregs_Friebel2020,BS_QV51J756,0.109833304856535
Tregs_Friebel2020,BS_R244Z0WX,0.213393261700874
Tregs_Friebel2020,BS_R3AJB6VS,0.236033559449551
Tregs_Friebel2020,BS_R7V8BC98,0.274566435821895
Tregs_Friebel2020,BS_R9CKW9DY,0.310122967496862
Tregs_Friebel2020,BS_RAQFEB0S,0.289676862485717
Tregs_Friebel2020,BS_RARBBY7C,0.344700513098501
Tregs_Friebel2020,BS_RGSMX7QD,0.169190091648018
Tregs_Friebel2020,BS_RMT7ABN6,0.340826200324226
Tregs_Friebel2020,BS_RNANA568,0.323065930271006
Tregs_Friebel2020,BS_RPJ1EPHA,0.296552679332895
Tregs_Friebel2020,BS_RRAEQZ97,0.229510291896806
Tregs_Friebel2020,BS_RVSEDNJ4,0.0897433387912585
Tregs_Friebel2020,BS_S1KK7XRH,0.188423859435154
Tregs_Friebel2020,BS_S458NMKH,0.188156533560555
Tregs_Friebel2020,BS_S50KQEXV,0.225257893894873
Tregs_Friebel2020,BS_SDA4RMMG,0.179650046088203
Tregs_Friebel2020,BS_SDZY6RZ3,0.261144390189505
Tregs_Friebel2020,BS_SFKZSJN1,0.139586559478105
Tregs_Friebel2020,BS_SH2S6SFN,0.347711197097786
Tregs_Friebel2020,BS_SHMC4902,0.24055761096622
Tregs_Friebel2020,BS_SJ0HXCD0,0.265991923905695
Tregs_Friebel2020,BS_SQX5E15Z,0.344345262138633
Tregs_Friebel2020,BS_SW8C9Y5Y,0.413215226939278
Tregs_Friebel2020,BS_SXRS2P6T,0.208851550970174
Tregs_Friebel2020,BS_T0RKFEKR,0.354829602123852
Tregs_Friebel2020,BS_T2QPMZCM,0.143750605138476
Tregs_Friebel2020,BS_T4JFN54G,0.22966829049943
Tregs_Friebel2020,BS_T5P5ME9M,0.3035485442454
Tregs_Friebel2020,BS_TDJXQBVY,0.308323901660787
Tregs_Friebel2020,BS_TG93XC55,0.11040760442771
Tregs_Friebel2020,BS_TRZZRYKF,0.267416911462653
Tregs_Friebel2020,BS_TV80600R,0.280601468922917
Tregs_Friebel2020,BS_TWFDEMBZ,0.237183827362457
Tregs_Friebel2020,BS_V2G1YE8R,0.301561635628945
Tregs_Friebel2020,BS_V33RCK1Y,0.274487792460522
Tregs_Friebel2020,BS_V3REENH9,0.307259640790644
Tregs_Friebel2020,BS_V72GX2AZ,0.245144339602144
Tregs_Friebel2020,BS_V7BZ049H,0.336420745140423
Tregs_Friebel2020,BS_V89HGTET,0.261769601103972
Tregs_Friebel2020,BS_VARR255N,0.304157644384565
Tregs_Friebel2020,BS_VMMJYN8Z,0.173273328191673
Tregs_Friebel2020,BS_VTYNWK05,0.375839685670323
Tregs_Friebel2020,BS_VZWXGYT2,0.36946702833746
Tregs_Friebel2020,BS_WRQHPSXQ,0.169101301553805
Tregs_Friebel2020,BS_WVS02TZK,0.153491080086552
Tregs_Friebel2020,BS_X16PENSA,0.272816223186496
Tregs_Friebel2020,BS_X2EDW2ZB,0.221167829521738
Tregs_Friebel2020,BS_X5DFR216,0.324376443927695
Tregs_Friebel2020,BS_X6GFVDVA,0.310783474070616
Tregs_Friebel2020,BS_X91K8KMG,0.297595802719313
Tregs_Friebel2020,BS_XGSA3GQE,0.279214692885087
Tregs_Friebel2020,BS_XKKB4MZV,0.209793096338697
Tregs_Friebel2020,BS_Y0PCBNJV,0.217524354036107
Tregs_Friebel2020,BS_Y274AC0H,0.40716529798112
Tregs_Friebel2020,BS_Y7H24JZG,0.383395541325668
Tregs_Friebel2020,BS_Y7W8BR6B,0.309070420812837
Tregs_Friebel2020,BS_YASWHXJC,0.367691548108684
Tregs_Friebel2020,BS_YB2RXRHT,0.175628221759049
Tregs_Friebel2020,BS_YCREDZTJ,0.282508273141496
Tregs_Friebel2020,BS_YEQVW4ND,0.264002407141472
Tregs_Friebel2020,BS_YMAJC22S,0.0283771194083121
Tregs_Friebel2020,BS_YVEEXAAT,0.359768726358794
Tregs_Friebel2020,BS_YVMEEBKC,0.232723470665031
Tregs_Friebel2020,BS_YWJKHMXV,0.222541857795131
Tregs_Friebel2020,BS_YY5B2XDD,0.317845872817277
Tregs_Friebel2020,BS_YZ2Z1Q6Y,0.171526078236411
Tregs_Friebel2020,BS_Z0AVVB1V,0.290634730822582
Tregs_Friebel2020,BS_Z1A875MW,0.222651401178744
Tregs_Friebel2020,BS_Z6BWR941,0.154486538971133
Tregs_Friebel2020,BS_Z7Y2466H,0.237179852126084
Tregs_Friebel2020,BS_ZHHAM3AN,0.57406217551298
Tregs_Friebel2020,BS_ZHRGDRBW,0.256029110126645
Tregs_Friebel2020,BS_ZJY7Y34M,0.224929765545116
Tregs_Friebel2020,BS_ZN2P8BKH,0.454185743855715
Tregs_Friebel2020,BS_ZTWGFWTX,0.259027854919719
Tregs_Friebel2020,BS_ZV9Z3SY6,0.279358128041422
Tregs_Friebel2020,BS_ZVX2GRD6,0.121088379499337
Tregs_Friebel2020,BS_ZZMYDZJW,0.246180495014802
Dendritic_Cell_Activation,BS_00FD2KMP,0.248033307572946
Dendritic_Cell_Activation,BS_028YFYJ6,0.268415378706981
Dendritic_Cell_Activation,BS_052PZFMK,0.153966620973923
Dendritic_Cell_Activation,BS_056Q8577,0.385069044110759
Dendritic_Cell_Activation,BS_08ST21QE,0.412103860581566
Dendritic_Cell_Activation,BS_0C7VZC0A,0.152946758314492
Dendritic_Cell_Activation,BS_0S8E7590,0.433712195920394
Dendritic_Cell_Activation,BS_0VXZCRJS,0.197607778569202
Dendritic_Cell_Activation,BS_0XEBS3PG,0.270929560600527
Dendritic_Cell_Activation,BS_0ZA67BBC,0.177187246325423
Dendritic_Cell_Activation,BS_12G04QJM,0.233947486317397
Dendritic_Cell_Activation,BS_17ZSMXFH,0.275879406567069
Dendritic_Cell_Activation,BS_1A6MQ9ZA,0.234382863939349
Dendritic_Cell_Activation,BS_1D93Z575,0.285871234269437
Dendritic_Cell_Activation,BS_1EN5V3XW,0.185869362848235
Dendritic_Cell_Activation,BS_223BM91B,0.442945444091661
Dendritic_Cell_Activation,BS_25HNKZ79,0.369333504760827
Dendritic_Cell_Activation,BS_2853394H,0.202860675876264
Dendritic_Cell_Activation,BS_297H8BT4,0.412406862580049
Dendritic_Cell_Activation,BS_29X4ZX6Q,0.178117690043391
Dendritic_Cell_Activation,BS_2A5R9MEJ,0.0622891304205107
Dendritic_Cell_Activation,BS_2ARXK0TD,0.3425622060217
Dendritic_Cell_Activation,BS_2AV1H5TV,0.32621950572092
Dendritic_Cell_Activation,BS_2DMBCHNF,0.325249790098103
Dendritic_Cell_Activation,BS_2EN3X6HB,0.282977186691215
Dendritic_Cell_Activation,BS_2FEZWH1F,0.36982847793721
Dendritic_Cell_Activation,BS_2HNXVFAS,0.162489092749156
Dendritic_Cell_Activation,BS_2JH1QMT1,0.2597128702975
Dendritic_Cell_Activation,BS_2JP7RBMB,0.152799238052417
Dendritic_Cell_Activation,BS_2K01T8K6,0.378760228594209
Dendritic_Cell_Activation,BS_2PDS3MSS,0.287385924267311
Dendritic_Cell_Activation,BS_2T5PJAW8,0.378642166692542
Dendritic_Cell_Activation,BS_2WANPFBJ,0.376178694907651
Dendritic_Cell_Activation,BS_30F3Z9FS,0.369684071871595
Dendritic_Cell_Activation,BS_30VC3R2Q,0.11602832709946
Dendritic_Cell_Activation,BS_30YWQ3FY,0.391848246611118
Dendritic_Cell_Activation,BS_31MBRWC4,0.297987415695173
Dendritic_Cell_Activation,BS_333KCNDP,0.456527806740859
Dendritic_Cell_Activation,BS_399RPKC9,0.176544486464495
Dendritic_Cell_Activation,BS_3AC3SRWH,0.298239925877013
Dendritic_Cell_Activation,BS_3MS8WVNR,0.101739460246165
Dendritic_Cell_Activation,BS_3ZPJAK9A,0.274568342820495
Dendritic_Cell_Activation,BS_45J79YTF,0.0423300444550205
Dendritic_Cell_Activation,BS_49BQS7Z6,0.164130712344739
Dendritic_Cell_Activation,BS_49CJNZ06,0.17741638639055
Dendritic_Cell_Activation,BS_4B0BAVTX,0.259571569727289
Dendritic_Cell_Activation,BS_4BM3F6XJ,0.279450010486304
Dendritic_Cell_Activation,BS_4C6B11E4,0.236458194501123
Dendritic_Cell_Activation,BS_4GNN7J8E,0.473392571785678
Dendritic_Cell_Activation,BS_4KNBXM3C,0.296974617322423
Dendritic_Cell_Activation,BS_4Q3KRCZT,0.393660488918723
Dendritic_Cell_Activation,BS_4QW2S1Q8,0.278917544032733
Dendritic_Cell_Activation,BS_4T0HQ9QF,0.304954783288897
Dendritic_Cell_Activation,BS_4V42BXBT,0.258724275494375
Dendritic_Cell_Activation,BS_51RA1PGE,0.155994396304911
Dendritic_Cell_Activation,BS_52C576HH,0.171179861030398
Dendritic_Cell_Activation,BS_5965SFPZ,0.142758638918581
Dendritic_Cell_Activation,BS_5EFYPZT0,0.245126394577209
Dendritic_Cell_Activation,BS_5G5BD2MD,0.429845858855031
Dendritic_Cell_Activation,BS_5K95FX4C,0.420969880934897
Dendritic_Cell_Activation,BS_5KBXD2GQ,0.332453844086342
Dendritic_Cell_Activation,BS_5PXZ8F7W,0.336689923182946
Dendritic_Cell_Activation,BS_5VPM0F36,0.472670357136125
Dendritic_Cell_Activation,BS_62SW4CC5,0.546864525254475
Dendritic_Cell_Activation,BS_65WPD3DA,0.328904826312195
Dendritic_Cell_Activation,BS_68KX6A42,0.325613735619986
Dendritic_Cell_Activation,BS_6DCSD5Y6,0.0824645354602204
Dendritic_Cell_Activation,BS_6H4Q24WA,0.412617869979034
Dendritic_Cell_Activation,BS_6M2053M0,0.28595691429073
Dendritic_Cell_Activation,BS_6SY64H5J,0.514914421349313
Dendritic_Cell_Activation,BS_6VRG1XFB,0.267232352678871
Dendritic_Cell_Activation,BS_6WP1FHTE,0.244944228080413
Dendritic_Cell_Activation,BS_7327SDAQ,0.177683231564343
Dendritic_Cell_Activation,BS_75YRDXET,0.457538834177484
Dendritic_Cell_Activation,BS_77SBTNPN,0.282626840499393
Dendritic_Cell_Activation,BS_7AEF4D4G,0.325250922291955
Dendritic_Cell_Activation,BS_7APCGCVF,0.30853120950276
Dendritic_Cell_Activation,BS_7GJT4A6A,0.175375885462941
Dendritic_Cell_Activation,BS_7GKWKGPH,0.349875774345914
Dendritic_Cell_Activation,BS_7PVJ6Q3D,0.254585124439768
Dendritic_Cell_Activation,BS_7WKNNRHK,0.360921667652599
Dendritic_Cell_Activation,BS_84VZX732,0.348866639195803
Dendritic_Cell_Activation,BS_84XCR9GG,0.206434471989444
Dendritic_Cell_Activation,BS_8E8JKP01,0.0902216558337385
Dendritic_Cell_Activation,BS_8ERBDF7D,0.207900430506754
Dendritic_Cell_Activation,BS_8JK9TXH2,0.334454309321193
Dendritic_Cell_Activation,BS_8VD670NP,0.26277960565787
Dendritic_Cell_Activation,BS_8YWYN7VH,0.330803040379019
Dendritic_Cell_Activation,BS_8ZE4Z9G5,0.351831915042596
Dendritic_Cell_Activation,BS_8ZY4GST0,0.141992481947399
Dendritic_Cell_Activation,BS_91VYM11A,0.313929707381252
Dendritic_Cell_Activation,BS_956G6QPJ,0.302190147106178
Dendritic_Cell_Activation,BS_97M1E2DW,0.0547392305367624
Dendritic_Cell_Activation,BS_9A1YTHFF,0.374545766861158
Dendritic_Cell_Activation,BS_9B0A62MT,0.303628059528797
Dendritic_Cell_Activation,BS_9CA93S6D,0.025254663493749
Dendritic_Cell_Activation,BS_9FHEFJNP,0.305800464323875
Dendritic_Cell_Activation,BS_9FX3YREK,0.145091969536827
Dendritic_Cell_Activation,BS_9GJ3DB1H,0.344634275969
Dendritic_Cell_Activation,BS_9JPQZQNG,0.252414830905822
Dendritic_Cell_Activation,BS_9TXEDSWB,0.196995326884637
Dendritic_Cell_Activation,BS_9XVACXP0,0.146175970321671
Dendritic_Cell_Activation,BS_9Y1K14Q5,0.323951291353233
Dendritic_Cell_Activation,BS_9ZJT0CP0,0.121908805473998
Dendritic_Cell_Activation,BS_A4PF49V0,0.267772769702489
Dendritic_Cell_Activation,BS_A6NXR7RC,0.226466547141901
Dendritic_Cell_Activation,BS_A7Q8G0Y1,0.0952982662104523
Dendritic_Cell_Activation,BS_A8XW5S0W,0.312179561707982
Dendritic_Cell_Activation,BS_AWH9757B,0.127185693751377
Dendritic_Cell_Activation,BS_AYSXRQWY,0.34531444088896
Dendritic_Cell_Activation,BS_AZQM1JJH,0.379019801207248
Dendritic_Cell_Activation,BS_B1C6GZ84,0.0515227303009905
Dendritic_Cell_Activation,BS_B3MQFFYP,0.337090686493303
Dendritic_Cell_Activation,BS_B4R7X1KE,0.181824135126598
Dendritic_Cell_Activation,BS_B57327NA,0.315535567813067
Dendritic_Cell_Activation,BS_BBAEMXRD,0.111993092159531
Dendritic_Cell_Activation,BS_BBQ6BHGN,0.296568472043715
Dendritic_Cell_Activation,BS_BK0HGRXM,0.332500430985603
Dendritic_Cell_Activation,BS_BMMY0H73,0.235407125378267
Dendritic_Cell_Activation,BS_C6ZZ3FY5,0.214624225793445
Dendritic_Cell_Activation,BS_C83TK159,0.21457406979287
Dendritic_Cell_Activation,BS_CBDQZ8PP,0.167607800285627
Dendritic_Cell_Activation,BS_CF63VG3S,0.314625104013926
Dendritic_Cell_Activation,BS_CFD3WHAY,0.311623609487251
Dendritic_Cell_Activation,BS_CG1RG607,0.427144325994981
Dendritic_Cell_Activation,BS_CVEDJGHZ,0.373413461205027
Dendritic_Cell_Activation,BS_CXAQDK7S,0.411463758028179
Dendritic_Cell_Activation,BS_CZPQ493E,0.422812546048198
Dendritic_Cell_Activation,BS_D29RPBSZ,0.153570833168313
Dendritic_Cell_Activation,BS_D4VNDNQA,0.228927673227252
Dendritic_Cell_Activation,BS_D6J2BGDJ,0.121569319572832
Dendritic_Cell_Activation,BS_DFGS950G,0.112358704712389
Dendritic_Cell_Activation,BS_DNZVP92S,0.305296944192254
Dendritic_Cell_Activation,BS_DR079H0D,0.20049596606916
Dendritic_Cell_Activation,BS_DS438CXE,0.0851698575412818
Dendritic_Cell_Activation,BS_DSPVSM7D,0.154239578691787
Dendritic_Cell_Activation,BS_DZNXFPH1,0.440020182584592
Dendritic_Cell_Activation,BS_E7NVYA6G,0.480363532823541
Dendritic_Cell_Activation,BS_E9CYN4NP,0.28074519340165
Dendritic_Cell_Activation,BS_EB0XRBT9,0.437825249889453
Dendritic_Cell_Activation,BS_EDJ5TV0P,0.245052899427559
Dendritic_Cell_Activation,BS_EMQM7HTA,0.31092297495111
Dendritic_Cell_Activation,BS_ENEYB4TG,0.380535963100624
Dendritic_Cell_Activation,BS_EXPJQZTH,0.259817673972782
Dendritic_Cell_Activation,BS_EZ3147MX,0.158824533474639
Dendritic_Cell_Activation,BS_F0JB4EAK,0.183396558382959
Dendritic_Cell_Activation,BS_F21R36MM,0.329505740631306
Dendritic_Cell_Activation,BS_F65GWS21,0.244432240738056
Dendritic_Cell_Activation,BS_F6V1Y4QS,0.215467272345562
Dendritic_Cell_Activation,BS_F9Y4Z92G,0.189101677694347
Dendritic_Cell_Activation,BS_FCDAH728,0.20067203717539
Dendritic_Cell_Activation,BS_FEV5A0HN,0.0605220762235762
Dendritic_Cell_Activation,BS_FGJH1X0S,0.176296951089049
Dendritic_Cell_Activation,BS_FKASA3MN,0.0793505779817301
Dendritic_Cell_Activation,BS_FN07P04C,0.0532467475621048
Dendritic_Cell_Activation,BS_FX2P2WEG,0.232290343298559
Dendritic_Cell_Activation,BS_FXJY0MNH,0.342603255840721
Dendritic_Cell_Activation,BS_FYP2B298,0.22791659179769
Dendritic_Cell_Activation,BS_G19QZG4S,0.279058365995369
Dendritic_Cell_Activation,BS_G1E5DATJ,0.321571927985338
Dendritic_Cell_Activation,BS_G257VSS9,0.274269108719923
Dendritic_Cell_Activation,BS_G3NN392N,0.258419069861614
Dendritic_Cell_Activation,BS_G3RJTBZD,0.113721309432836
Dendritic_Cell_Activation,BS_G5NHSFD4,0.170295605426484
Dendritic_Cell_Activation,BS_G8TXTX0H,0.249302212183584
Dendritic_Cell_Activation,BS_GG9W3J9Y,0.184339302049175
Dendritic_Cell_Activation,BS_GW0GKWMS,0.232791388252843
Dendritic_Cell_Activation,BS_GWHYM3R4,0.366580630103261
Dendritic_Cell_Activation,BS_GWSJ4Z9H,0.266133208378686
Dendritic_Cell_Activation,BS_H5VQJR7X,0.392642234286616
Dendritic_Cell_Activation,BS_H97S5SQN,0.21646878433915
Dendritic_Cell_Activation,BS_H9JYKFTV,0.28563863938251
Dendritic_Cell_Activation,BS_HDHXX8Q7,0.250042383595356
Dendritic_Cell_Activation,BS_HDPCQETG,0.39809212381337
Dendritic_Cell_Activation,BS_HJRTC9JQ,0.209699297782394
Dendritic_Cell_Activation,BS_HJV0J603,0.502583685845433
Dendritic_Cell_Activation,BS_HRJ9145M,0.407668310487645
Dendritic_Cell_Activation,BS_HWGWYCY7,0.360348134087873
Dendritic_Cell_Activation,BS_HZ9AYDCQ,0.388739877111353
Dendritic_Cell_Activation,BS_J4JY2F3H,0.373326970508411
Dendritic_Cell_Activation,BS_J6212Y48,0.288062461951217
Dendritic_Cell_Activation,BS_J6W1RB7A,0.281809183004969
Dendritic_Cell_Activation,BS_J9CBGP57,0.175829796745178
Dendritic_Cell_Activation,BS_JB43XBCQ,0.422284959882851
Dendritic_Cell_Activation,BS_JDSNFYQ0,0.385289448226639
Dendritic_Cell_Activation,BS_JJVH7WR0,0.0905591974906555
Dendritic_Cell_Activation,BS_JMD386Z2,0.158988890015105
Dendritic_Cell_Activation,BS_JP95KMRD,0.362903424528922
Dendritic_Cell_Activation,BS_JQGJQ2QZ,0.342329813618244
Dendritic_Cell_Activation,BS_JQVAWTTM,0.308973063972085
Dendritic_Cell_Activation,BS_JQXHHK0K,0.0827893468517591
Dendritic_Cell_Activation,BS_JRYJGYC4,0.21837098027275
Dendritic_Cell_Activation,BS_JS95PE0J,0.121605252825018
Dendritic_Cell_Activation,BS_JTWNJ8T7,0.0570377605622563
Dendritic_Cell_Activation,BS_JVW2JJ39,0.0591194426487696
Dendritic_Cell_Activation,BS_K0X3PZGN,0.55144674237126
Dendritic_Cell_Activation,BS_K17VQECG,0.268029305985452
Dendritic_Cell_Activation,BS_K2PCC777,0.447971496135654
Dendritic_Cell_Activation,BS_K74N1BXQ,0.33059831074185
Dendritic_Cell_Activation,BS_K81PZXP2,0.348520438401889
Dendritic_Cell_Activation,BS_K88T8SW7,0.59945381173599
Dendritic_Cell_Activation,BS_KABQQA0T,0.104502924109552
Dendritic_Cell_Activation,BS_KBEX4RT2,0.199278612663047
Dendritic_Cell_Activation,BS_KFD5128N,0.15842598870855
Dendritic_Cell_Activation,BS_KKDTW11T,0.383335741463228
Dendritic_Cell_Activation,BS_KP735TJ6,0.191351258009418
Dendritic_Cell_Activation,BS_KQ6ZW085,0.209212659067772
Dendritic_Cell_Activation,BS_KRS4EV4X,0.352972169431542
Dendritic_Cell_Activation,BS_KS8HMGA6,0.392173417262138
Dendritic_Cell_Activation,BS_KVPWHDR4,0.346098192134437
Dendritic_Cell_Activation,BS_M0FA190Y,0.377004820954709
Dendritic_Cell_Activation,BS_M0XGZ53Z,0.134061464191638
Dendritic_Cell_Activation,BS_M1PVEHCM,0.100028853900518
Dendritic_Cell_Activation,BS_M54TWTH4,0.40354633233715
Dendritic_Cell_Activation,BS_M7XB258E,0.389676499015535
Dendritic_Cell_Activation,BS_M85CXHDV,0.327818251781627
Dendritic_Cell_Activation,BS_MB7WN0ZB,0.170982782505425
Dendritic_Cell_Activation,BS_MD0937XT,0.15282549242476
Dendritic_Cell_Activation,BS_MDBT7S5Z,0.0522743023900902
Dendritic_Cell_Activation,BS_ME6VQGG4,0.226107137826309
Dendritic_Cell_Activation,BS_MFGZH8FK,0.26714802023218
Dendritic_Cell_Activation,BS_MG78HQDM,0.080531778920554
Dendritic_Cell_Activation,BS_MWWZBQ60,0.102069466545384
Dendritic_Cell_Activation,BS_N6TQBQ8M,0.221584856324271
Dendritic_Cell_Activation,BS_N7SW36FD,0.382967497895162
Dendritic_Cell_Activation,BS_N7VQ1GQB,0.303349938313875
Dendritic_Cell_Activation,BS_NB9XXBW6,0.240629529843993
Dendritic_Cell_Activation,BS_NEFAASTR,0.361410136324035
Dendritic_Cell_Activation,BS_NEVYM2FP,0.260432369428041
Dendritic_Cell_Activation,BS_NFKKDYSV,0.362210008813159
Dendritic_Cell_Activation,BS_NGSG2KB6,0.363799373977203
Dendritic_Cell_Activation,BS_NNYXMSTX,0.382187169516446
Dendritic_Cell_Activation,BS_NPA6CZQF,0.197726860816863
Dendritic_Cell_Activation,BS_NQ54ST98,0.350199015735681
Dendritic_Cell_Activation,BS_NR3P3GN2,0.264685094857187
Dendritic_Cell_Activation,BS_NX1R0BC3,0.379972515900637
Dendritic_Cell_Activation,BS_P0QF87WC,0.259336706444046
Dendritic_Cell_Activation,BS_P4PMWFMV,0.262032123645803
Dendritic_Cell_Activation,BS_P7W3AYKV,0.359668402317985
Dendritic_Cell_Activation,BS_PENM28KT,0.159563142135915
Dendritic_Cell_Activation,BS_PJC6FH4Y,0.378038782425898
Dendritic_Cell_Activation,BS_PS0P3QJ3,0.302043315160835
Dendritic_Cell_Activation,BS_PXCPK5XS,0.274026865752205
Dendritic_Cell_Activation,BS_PZVHMSYN,0.16286796863895
Dendritic_Cell_Activation,BS_Q06J3RYW,0.394516648110932
Dendritic_Cell_Activation,BS_Q35GFYDR,0.295925307380176
Dendritic_Cell_Activation,BS_Q9N5PRD5,0.258859101762504
Dendritic_Cell_Activation,BS_QB84TBA3,0.129203642094315
Dendritic_Cell_Activation,BS_QGKEP3KB,0.405486078045535
Dendritic_Cell_Activation,BS_QH0VYVJK,0.316228022860748
Dendritic_Cell_Activation,BS_QHY302E8,0.3847812872232
Dendritic_Cell_Activation,BS_QMBS32Y2,0.27879519527272
Dendritic_Cell_Activation,BS_QNNX91SM,0.262644654947811
Dendritic_Cell_Activation,BS_QY2G1JZJ,0.307908874796604
Dendritic_Cell_Activation,BS_QYA4TQXX,0.230027146695217
Dendritic_Cell_Activation,BS_R5JQE0VJ,0.29425588722601
Dendritic_Cell_Activation,BS_R5SNFB5B,0.0723848369157194
Dendritic_Cell_Activation,BS_R9B92M75,0.20901038099928
Dendritic_Cell_Activation,BS_RHAWQJ48,0.365903209085123
Dendritic_Cell_Activation,BS_RHM60031,0.320012248032276
Dendritic_Cell_Activation,BS_RJC3WDD6,0.005877489528142
Dendritic_Cell_Activation,BS_RN0VAY51,0.330313963201333
Dendritic_Cell_Activation,BS_RX1YTZ7F,0.150319434746189
Dendritic_Cell_Activation,BS_RZBFH1QF,0.0868580268133855
Dendritic_Cell_Activation,BS_S2TA8R29,0.229591814997397
Dendritic_Cell_Activation,BS_S3C2PZAH,0.446721186406377
Dendritic_Cell_Activation,BS_S3MET0JZ,0.276576688403145
Dendritic_Cell_Activation,BS_S4V9E1XJ,0.276615837371918
Dendritic_Cell_Activation,BS_S5P8VTN5,0.176074723534313
Dendritic_Cell_Activation,BS_S6B9DVNS,0.0914045204208223
Dendritic_Cell_Activation,BS_S6S7SK3P,0.099597635832977
Dendritic_Cell_Activation,BS_S8K878T3,0.465720284143462
Dendritic_Cell_Activation,BS_SBMAM00V,0.314978188378099
Dendritic_Cell_Activation,BS_SBMCD7XZ,0.323930521294891
Dendritic_Cell_Activation,BS_SD0EMK7Y,0.42787649728019
Dendritic_Cell_Activation,BS_SD8YBRBR,0.119351057608673
Dendritic_Cell_Activation,BS_SERDGASJ,0.41830823542653
Dendritic_Cell_Activation,BS_SJVTZ5TH,0.30222300152898
Dendritic_Cell_Activation,BS_SMWQR2F1,0.238296225987271
Dendritic_Cell_Activation,BS_SNVM7CZT,0.317615126072094
Dendritic_Cell_Activation,BS_SR2RGDXJ,0.31509761789632
Dendritic_Cell_Activation,BS_SW9Z10F9,0.33919607206627
Dendritic_Cell_Activation,BS_SY3J3XR9,0.158363670460101
Dendritic_Cell_Activation,BS_T1YHK6B7,0.177249566202199
Dendritic_Cell_Activation,BS_T2F48Z4E,0.372254959354834
Dendritic_Cell_Activation,BS_T9A8JJW5,0.163364857704633
Dendritic_Cell_Activation,BS_TASG32Z2,0.242035876670699
Dendritic_Cell_Activation,BS_TGS109T3,0.0965909793655167
Dendritic_Cell_Activation,BS_TM9MH0RP,0.209270777594907
Dendritic_Cell_Activation,BS_TR2P8KRF,0.183259032858033
Dendritic_Cell_Activation,BS_TRKH2SPE,0.115916027941791
Dendritic_Cell_Activation,BS_TRPXB3AV,0.223651116843562
Dendritic_Cell_Activation,BS_TTDNZTZ0,0.434042491676484
Dendritic_Cell_Activation,BS_TTE04ZP8,0.384942023321768
Dendritic_Cell_Activation,BS_TV5B86ZD,0.106229715923982
Dendritic_Cell_Activation,BS_TVH33J9Q,0.262962597473756
Dendritic_Cell_Activation,BS_TXZ7KHTQ,0.169893692912923
Dendritic_Cell_Activation,BS_V0DQFC75,0.28733900521812
Dendritic_Cell_Activation,BS_V3Z3DB4N,0.135147186865251
Dendritic_Cell_Activation,BS_V558NW3Q,0.513407642944323
Dendritic_Cell_Activation,BS_V6RSB5HQ,0.271156438663008
Dendritic_Cell_Activation,BS_V8QWBVS3,0.453430625284888
Dendritic_Cell_Activation,BS_VBMRQK4F,0.339889872590989
Dendritic_Cell_Activation,BS_VDFXXMEX,0.206210384018756
Dendritic_Cell_Activation,BS_VF3NVT4G,0.379078594981528
Dendritic_Cell_Activation,BS_VKH87DD2,0.303380830703977
Dendritic_Cell_Activation,BS_VKHJG2B8,0.32887266190316
Dendritic_Cell_Activation,BS_VKYEM67A,0.197642751084895
Dendritic_Cell_Activation,BS_VMQMGSJY,0.284302134165384
Dendritic_Cell_Activation,BS_VVTHDRBD,0.147669676649324
Dendritic_Cell_Activation,BS_W1385R8Y,0.204514249398712
Dendritic_Cell_Activation,BS_W4DB5RP1,0.0616445639564728
Dendritic_Cell_Activation,BS_W7MFJZ5A,0.376954995509993
Dendritic_Cell_Activation,BS_WBVSK3MP,0.0971740703581951
Dendritic_Cell_Activation,BS_WEKK6SHP,0.443099433619263
Dendritic_Cell_Activation,BS_WHBEXD5H,0.372067425882487
Dendritic_Cell_Activation,BS_WQ1YRTAT,0.0710448462167374
Dendritic_Cell_Activation,BS_WTJEDTZC,0.427838398825921
Dendritic_Cell_Activation,BS_WVRX4C9Z,0.390433893218082
Dendritic_Cell_Activation,BS_X0XXN9BK,0.284068182020312
Dendritic_Cell_Activation,BS_X1G0TKP4,0.360888725251844
Dendritic_Cell_Activation,BS_X20JCR4H,0.383557019410774
Dendritic_Cell_Activation,BS_X23724NJ,0.214308560195042
Dendritic_Cell_Activation,BS_X3HR4Z21,0.329309097338833
Dendritic_Cell_Activation,BS_X4DD4KSZ,0.362383255015758
Dendritic_Cell_Activation,BS_X4X1SFSE,0.189688263561268
Dendritic_Cell_Activation,BS_XG0DBWVT,0.159395161964494
Dendritic_Cell_Activation,BS_XGDPK33A,0.209961616625386
Dendritic_Cell_Activation,BS_XM1AHBDJ,0.248761299338549
Dendritic_Cell_Activation,BS_XQ5SFW35,0.233331235585398
Dendritic_Cell_Activation,BS_XQXXBWPD,0.38815021928978
Dendritic_Cell_Activation,BS_XYVCMF4A,0.30185521860042
Dendritic_Cell_Activation,BS_XZM79E42,0.273455415022653
Dendritic_Cell_Activation,BS_YA0KMBRT,0.111813545175768
Dendritic_Cell_Activation,BS_YDEVMD24,0.24203350381839
Dendritic_Cell_Activation,BS_YMKQT5V0,0.445110824313829
Dendritic_Cell_Activation,BS_YR12D1ZY,0.377172208700395
Dendritic_Cell_Activation,BS_YSZRQ95C,0.339471780891566
Dendritic_Cell_Activation,BS_YTWEM5SG,0.412898026095699
Dendritic_Cell_Activation,BS_YZ2QFDAN,0.320829394760322
Dendritic_Cell_Activation,BS_Z0ZPD9S9,0.303249413673072
Dendritic_Cell_Activation,BS_Z3RCA1T9,0.177679082187621
Dendritic_Cell_Activation,BS_Z8F3GM85,0.18833628101396
Dendritic_Cell_Activation,BS_ZD5HN296,0.492988795759461
Dendritic_Cell_Activation,BS_ZF6BSFNF,0.253870455073875
Dendritic_Cell_Activation,BS_ZM97KKXE,0.336300144523372
Dendritic_Cell_Activation,BS_ZV1P6W9C,0.0702955880818091
Dendritic_Cell_Activation,BS_ZVM8CAB0,0.494220432724445
Dendritic_Cell_Activation,BS_ZZWMD6FA,0.224725538141059
Dendritic_Cell_Activation,BS_06AMMCXR,0.314832830091321
Dendritic_Cell_Activation,BS_08TWG4K0,0.596524268222176
Dendritic_Cell_Activation,BS_1DECYC4K,0.352212227751014
Dendritic_Cell_Activation,BS_2A5R9D97,0.408831598034931
Dendritic_Cell_Activation,BS_3VJ0CA6A,0.291151321893001
Dendritic_Cell_Activation,BS_3XYJBBHQ,0.434007402916705
Dendritic_Cell_Activation,BS_4C4MZ4NT,0.241342627190949
Dendritic_Cell_Activation,BS_4PPHAQXF,0.287015795981824
Dendritic_Cell_Activation,BS_4SMPV083,0.326739904072797
Dendritic_Cell_Activation,BS_A76PNWQS,0.350267818928318
Dendritic_Cell_Activation,BS_BZCTXEPJ,0.396593555342533
Dendritic_Cell_Activation,BS_CB6VK7PB,0.247141705255163
Dendritic_Cell_Activation,BS_ED8G98XT,0.197997374427558
Dendritic_Cell_Activation,BS_FCX6DZ0J,0.366678612597114
Dendritic_Cell_Activation,BS_FYRDYBMZ,0.206776247542031
Dendritic_Cell_Activation,BS_H1XPVS9A,0.260455646046926
Dendritic_Cell_Activation,BS_QRNSKFMS,0.299543904600106
Dendritic_Cell_Activation,BS_R13X6TMW,0.195590659392636
Dendritic_Cell_Activation,BS_RJMJ935A,0.3915641950655
Dendritic_Cell_Activation,BS_RWJZFTP9,0.193320640125423
Dendritic_Cell_Activation,BS_S20SP0WW,0.448905647384062
Dendritic_Cell_Activation,BS_SB12W1XT,0.280533499392706
Dendritic_Cell_Activation,BS_T0MXH2CA,0.3454622721866
Dendritic_Cell_Activation,BS_T1W4JA94,0.191114620373908
Dendritic_Cell_Activation,BS_T289QKBV,0.337170015543643
Dendritic_Cell_Activation,BS_T3H5AY8A,0.382363314731952
Dendritic_Cell_Activation,BS_TVV122JG,0.268800238822118
Dendritic_Cell_Activation,BS_VW85Q4XJ,0.344594137715977
Dendritic_Cell_Activation,BS_W97QQYKQ,0.374301010945795
Dendritic_Cell_Activation,BS_WYMX429C,0.391016656876657
Dendritic_Cell_Activation,BS_YR1XY6SF,0.345261030225247
Dendritic_Cell_Activation,BS_014EVM2D,0.365390522950891
Dendritic_Cell_Activation,BS_044XZ8ST,0.180038367651994
Dendritic_Cell_Activation,BS_063ERW0R,0.0882857867513822
Dendritic_Cell_Activation,BS_0D5VRAKC,0.481700790991299
Dendritic_Cell_Activation,BS_0J9SHHSC,0.239239318164534
Dendritic_Cell_Activation,BS_0SCXXM6N,0.420900176644006
Dendritic_Cell_Activation,BS_0TDWG2CV,0.477527343047022
Dendritic_Cell_Activation,BS_0WVJYM9R,0.187684251687624
Dendritic_Cell_Activation,BS_0X9EGHY2,0.180661659840867
Dendritic_Cell_Activation,BS_0Y5J2AQ4,0.305838874113511
Dendritic_Cell_Activation,BS_13CGKADW,0.156228523405768
Dendritic_Cell_Activation,BS_166N7SZQ,0.333594203863643
Dendritic_Cell_Activation,BS_17WYVEEC,0.131484447190164
Dendritic_Cell_Activation,BS_1G3WYEN3,0.165592899460667
Dendritic_Cell_Activation,BS_1HYS8CSC,0.413459223468306
Dendritic_Cell_Activation,BS_1JDG6JV5,0.341196467282367
Dendritic_Cell_Activation,BS_1KYGSMA7,0.39096701287073
Dendritic_Cell_Activation,BS_1N76FQZY,0.266715720834059
Dendritic_Cell_Activation,BS_1NPD7PVG,0.220691098760297
Dendritic_Cell_Activation,BS_1Z9AX9JS,0.33293706637563
Dendritic_Cell_Activation,BS_1ZVXF5FE,0.180996344909081
Dendritic_Cell_Activation,BS_21RE8W46,0.121213046415157
Dendritic_Cell_Activation,BS_24AHZ9ZW,0.269376478404144
Dendritic_Cell_Activation,BS_2720P44V,0.445355886738446
Dendritic_Cell_Activation,BS_27FYYPJG,0.419964039653709
Dendritic_Cell_Activation,BS_29TRQXWM,0.333945463830642
Dendritic_Cell_Activation,BS_2ADZNNV4,0.276038976470051
Dendritic_Cell_Activation,BS_2EMW8ZG3,0.269030099325602
Dendritic_Cell_Activation,BS_2K3FVT86,0.395793977452863
Dendritic_Cell_Activation,BS_2KJ2YAZR,0.264538163919768
Dendritic_Cell_Activation,BS_2QCQYY6M,0.37516071003848
Dendritic_Cell_Activation,BS_2WPQ8YCW,0.294708992481586
Dendritic_Cell_Activation,BS_2XM08BFY,0.344545479582902
Dendritic_Cell_Activation,BS_2YCJV2VV,0.244804669378186
Dendritic_Cell_Activation,BS_304SPN6B,0.322633801475717
Dendritic_Cell_Activation,BS_33AQSPRP,0.382996428545299
Dendritic_Cell_Activation,BS_3G3KWY18,0.263584181828938
Dendritic_Cell_Activation,BS_3GAN6Q43,0.39812180407618
Dendritic_Cell_Activation,BS_3P20Q2C3,0.0530546482468135
Dendritic_Cell_Activation,BS_3PYESPHA,0.125688109189787
Dendritic_Cell_Activation,BS_3Q0GTSYH,0.18353639272156
Dendritic_Cell_Activation,BS_3TJHY996,0.440928162596174
Dendritic_Cell_Activation,BS_3XY76V8T,0.330819079897031
Dendritic_Cell_Activation,BS_3Y2X2RBJ,0.367767981899297
Dendritic_Cell_Activation,BS_401R3KV0,0.175176370094719
Dendritic_Cell_Activation,BS_42DY6WS7,0.126854414326658
Dendritic_Cell_Activation,BS_42Y3YANN,0.233011480534571
Dendritic_Cell_Activation,BS_470DYRJQ,0.284201921138936
Dendritic_Cell_Activation,BS_47SJZ3PH,0.236348552610248
Dendritic_Cell_Activation,BS_49852ZBH,0.260602077111767
Dendritic_Cell_Activation,BS_4A45GGSW,0.189870164797909
Dendritic_Cell_Activation,BS_4BWB0FA0,0.309152579833724
Dendritic_Cell_Activation,BS_4CXE5XEP,0.37638291200649
Dendritic_Cell_Activation,BS_4HQ3T2NC,0.20457933345236
Dendritic_Cell_Activation,BS_4N1GNHX4,0.35809774076623
Dendritic_Cell_Activation,BS_4NF35AF6,0.159306732136944
Dendritic_Cell_Activation,BS_4TZQY7TT,0.52016894805577
Dendritic_Cell_Activation,BS_4Y6BCYK5,0.227874059934632
Dendritic_Cell_Activation,BS_4Z2F4P9N,0.281401577882549
Dendritic_Cell_Activation,BS_503DZ8BN,0.379047572939124
Dendritic_Cell_Activation,BS_52426AMF,0.329300823386972
Dendritic_Cell_Activation,BS_52DAPP1Y,0.194292669689591
Dendritic_Cell_Activation,BS_534XRSNB,0.311317055342776
Dendritic_Cell_Activation,BS_53GQKVEX,0.193226016376836
Dendritic_Cell_Activation,BS_54H90JW2,0.398847193126198
Dendritic_Cell_Activation,BS_55P8HPYD,0.178109733083005
Dendritic_Cell_Activation,BS_55X1W2MR,0.544115607980966
Dendritic_Cell_Activation,BS_57NMZPS0,0.281891195730018
Dendritic_Cell_Activation,BS_593HEWBF,0.310025181290687
Dendritic_Cell_Activation,BS_5J5D3QTD,0.380219693737356
Dendritic_Cell_Activation,BS_5K3R0F5D,0.179163027695668
Dendritic_Cell_Activation,BS_5NWDARXG,0.358165777328499
Dendritic_Cell_Activation,BS_5PEFNDCY,0.0862302928001476
Dendritic_Cell_Activation,BS_5PV5N4HQ,0.211823844158762
Dendritic_Cell_Activation,BS_5YJEPPTP,0.22393517808658
Dendritic_Cell_Activation,BS_5YYCP891,0.424917576971388
Dendritic_Cell_Activation,BS_66ABA973,0.190095401001116
Dendritic_Cell_Activation,BS_66HQ3E4Z,0.183758191606764
Dendritic_Cell_Activation,BS_680K119G,0.21693871170591
Dendritic_Cell_Activation,BS_68BW2163,0.148050566732253
Dendritic_Cell_Activation,BS_699TN5RN,0.408390054846077
Dendritic_Cell_Activation,BS_6HXD39AM,0.510403559645534
Dendritic_Cell_Activation,BS_6N3AFF66,0.236780285222434
Dendritic_Cell_Activation,BS_6TSAVMT9,0.358065499582854
Dendritic_Cell_Activation,BS_6VF6VPCG,0.224689847190232
Dendritic_Cell_Activation,BS_769BDPDB,0.379307145982711
Dendritic_Cell_Activation,BS_76DRXZRJ,0.408813305562771
Dendritic_Cell_Activation,BS_775HDFNY,0.278824443749365
Dendritic_Cell_Activation,BS_7H4RFCW9,0.434339788804012
Dendritic_Cell_Activation,BS_7M3FNSYK,0.344237086498906
Dendritic_Cell_Activation,BS_7MGXMG6S,0.432881780941831
Dendritic_Cell_Activation,BS_7N0B2CY1,0.158146784927271
Dendritic_Cell_Activation,BS_7P83Z28P,0.293571782958423
Dendritic_Cell_Activation,BS_7Z93ZYMS,0.222732747424208
Dendritic_Cell_Activation,BS_880ESDFZ,0.303200097164629
Dendritic_Cell_Activation,BS_8BF616QR,0.337351540437914
Dendritic_Cell_Activation,BS_8J3B6ZB6,0.264336874556048
Dendritic_Cell_Activation,BS_8QJ43WKW,0.435209137406808
Dendritic_Cell_Activation,BS_8RCR7Y4B,0.238468603910518
Dendritic_Cell_Activation,BS_8VAZSJEN,0.307881044118783
Dendritic_Cell_Activation,BS_92HCM7BN,0.362474410108359
Dendritic_Cell_Activation,BS_94MT16N2,0.119935047838009
Dendritic_Cell_Activation,BS_9BJARSX3,0.385367718097684
Dendritic_Cell_Activation,BS_9F09XV62,0.122987277513713
Dendritic_Cell_Activation,BS_9HSGV9TJ,0.348686101305071
Dendritic_Cell_Activation,BS_9JBX2E8G,0.289472378801653
Dendritic_Cell_Activation,BS_9P9MB8X8,0.26263010713868
Dendritic_Cell_Activation,BS_9Q6Z6VJC,0.208632528811741
Dendritic_Cell_Activation,BS_9S7AG4EN,0.264260533796636
Dendritic_Cell_Activation,BS_9SJWWYQ4,0.179532505161433
Dendritic_Cell_Activation,BS_9YXH2CZ0,0.371237376598729
Dendritic_Cell_Activation,BS_A13BMEF5,0.195890595476422
Dendritic_Cell_Activation,BS_A1VEGWTR,0.137029706830012
Dendritic_Cell_Activation,BS_A46RDWGM,0.0985619596890956
Dendritic_Cell_Activation,BS_A96FKXN5,0.353926655420583
Dendritic_Cell_Activation,BS_AGVWD5K8,0.35669532007059
Dendritic_Cell_Activation,BS_AM0BZ61K,0.341424499214612
Dendritic_Cell_Activation,BS_AP0SZ364,0.345275584123843
Dendritic_Cell_Activation,BS_ATHSTZ5R,0.319894103085434
Dendritic_Cell_Activation,BS_AW7J9F9R,0.418914509971117
Dendritic_Cell_Activation,BS_B0SVFK4P,0.329895017034012
Dendritic_Cell_Activation,BS_B3M5SGPA,0.190433213741537
Dendritic_Cell_Activation,BS_B5JM6T8K,0.35221440243944
Dendritic_Cell_Activation,BS_B6JKQFKA,0.375004980892169
Dendritic_Cell_Activation,BS_B7GEH89C,0.178309435002685
Dendritic_Cell_Activation,BS_B7X8VXQ3,0.152938493244296
Dendritic_Cell_Activation,BS_BANCTAV6,0.223706506415304
Dendritic_Cell_Activation,BS_BC936YNZ,0.317682415022298
Dendritic_Cell_Activation,BS_BGRPWBNG,0.33336216058754
Dendritic_Cell_Activation,BS_BJBM0BN7,0.374917498100062
Dendritic_Cell_Activation,BS_BKQZ550R,0.201243674496433
Dendritic_Cell_Activation,BS_BN986DF6,0.0774953433483054
Dendritic_Cell_Activation,BS_BNECCX4D,0.335432769280186
Dendritic_Cell_Activation,BS_BPSTSCBJ,0.300576615501004
Dendritic_Cell_Activation,BS_BW79W2PD,0.362985868745712
Dendritic_Cell_Activation,BS_C0NEVC2B,0.463367376892443
Dendritic_Cell_Activation,BS_C51RB0YR,0.323851430916545
Dendritic_Cell_Activation,BS_C6SKJG3N,0.1880119542846
Dendritic_Cell_Activation,BS_CC6RREE4,0.40679445977521
Dendritic_Cell_Activation,BS_CGB2WS2A,0.177863312827585
Dendritic_Cell_Activation,BS_CKX8RW1J,0.430034691842363
Dendritic_Cell_Activation,BS_CMDJJQ7K,0.358704390738613
Dendritic_Cell_Activation,BS_CTR5X93B,0.205074660080763
Dendritic_Cell_Activation,BS_CVGFNCBJ,0.210109800152835
Dendritic_Cell_Activation,BS_D3YBV7KB,0.351780234936473
Dendritic_Cell_Activation,BS_DEHJF4C7,0.317173890331572
Dendritic_Cell_Activation,BS_DMJHAG9X,0.435762734282174
Dendritic_Cell_Activation,BS_DMZP9G1H,0.127541007505426
Dendritic_Cell_Activation,BS_DPF1CX0G,0.152132004213685
Dendritic_Cell_Activation,BS_DSS3S5XD,0.321997231906288
Dendritic_Cell_Activation,BS_DV86M0Y7,0.155280621356499
Dendritic_Cell_Activation,BS_E2DEWCSK,0.360711705254454
Dendritic_Cell_Activation,BS_E3EJHXQV,0.375441225731713
Dendritic_Cell_Activation,BS_E4GC9EXR,0.444025991183961
Dendritic_Cell_Activation,BS_E94QRJDW,0.222635861063006
Dendritic_Cell_Activation,BS_EBMCTR80,0.177598484032306
Dendritic_Cell_Activation,BS_EFEZB0ZH,0.303630383257576
Dendritic_Cell_Activation,BS_EHVYJAVA,0.181784383475059
Dendritic_Cell_Activation,BS_EMAJ7P3P,0.359382967408654
Dendritic_Cell_Activation,BS_ET8CJXSF,0.162562907286374
Dendritic_Cell_Activation,BS_EXGBH3TD,0.131084660802544
Dendritic_Cell_Activation,BS_EYSS0ZDS,0.223407034452667
Dendritic_Cell_Activation,BS_F1K9QTBS,0.42263997279351
Dendritic_Cell_Activation,BS_F77MGAQT,0.464828504118057
Dendritic_Cell_Activation,BS_F8N6CFQE,0.24431726558123
Dendritic_Cell_Activation,BS_FAQQ0GCQ,0.387208046933566
Dendritic_Cell_Activation,BS_FJWZ3M7V,0.266843386915345
Dendritic_Cell_Activation,BS_FJZPQZ2C,0.414453831574671
Dendritic_Cell_Activation,BS_FR42HY0Z,0.373493150988372
Dendritic_Cell_Activation,BS_FX4WKR2R,0.36780914737915
Dendritic_Cell_Activation,BS_FZ62GZGV,0.336470503176693
Dendritic_Cell_Activation,BS_G1DAGKSY,0.329291448431813
Dendritic_Cell_Activation,BS_G5QBBHDV,0.151170338327466
Dendritic_Cell_Activation,BS_G7AGNB5G,0.0981826572696908
Dendritic_Cell_Activation,BS_G9XE3N9T,0.134362518182777
Dendritic_Cell_Activation,BS_GCA4GET3,0.206980308954984
Dendritic_Cell_Activation,BS_GHNJ4CYC,0.265454625440543
Dendritic_Cell_Activation,BS_GPEGRCCT,0.239087745507908
Dendritic_Cell_Activation,BS_GTZCFGRZ,0.219367403089902
Dendritic_Cell_Activation,BS_GYA4V1RD,0.172037432583709
Dendritic_Cell_Activation,BS_GYXSDZ56,0.326655304413698
Dendritic_Cell_Activation,BS_H08FEN68,0.330313302063285
Dendritic_Cell_Activation,BS_H0WF1WHE,0.407996535257324
Dendritic_Cell_Activation,BS_H3FE3TH9,0.182318840492427
Dendritic_Cell_Activation,BS_H8A9PSYA,0.215702277052115
Dendritic_Cell_Activation,BS_H9EX5WX3,0.357715836217173
Dendritic_Cell_Activation,BS_HC5M8JTC,0.40615095278897
Dendritic_Cell_Activation,BS_HM0R6SXQ,0.494261658458308
Dendritic_Cell_Activation,BS_HNMQ7488,0.369734204456296
Dendritic_Cell_Activation,BS_HQ5BJ6MW,0.262370398111085
Dendritic_Cell_Activation,BS_HQDXQ5Y4,0.366493644122339
Dendritic_Cell_Activation,BS_HSHN8PBB,0.202274929367794
Dendritic_Cell_Activation,BS_HSTNFPKW,0.395137623511517
Dendritic_Cell_Activation,BS_HV8PFRBR,0.283241296721129
Dendritic_Cell_Activation,BS_J5H5VXWY,0.512338388603563
Dendritic_Cell_Activation,BS_J9M83K8T,0.377244640927355
Dendritic_Cell_Activation,BS_JFVB9KXB,0.258922661937693
Dendritic_Cell_Activation,BS_JGKZ54SA,0.341368531297621
Dendritic_Cell_Activation,BS_JH29M4KG,0.269780344367698
Dendritic_Cell_Activation,BS_JKXA3FQC,0.123097905529056
Dendritic_Cell_Activation,BS_JMHG7GCN,0.208851614927075
Dendritic_Cell_Activation,BS_JVA2NQFF,0.233761778580172
Dendritic_Cell_Activation,BS_JWSR581E,0.201352679291166
Dendritic_Cell_Activation,BS_K57A4A9D,0.35653209051143
Dendritic_Cell_Activation,BS_K5802F84,0.120784790893806
Dendritic_Cell_Activation,BS_K7MVS0Z7,0.20509870694945
Dendritic_Cell_Activation,BS_K838XW6V,0.421059584448924
Dendritic_Cell_Activation,BS_M4NVX721,0.27914208328454
Dendritic_Cell_Activation,BS_M4TTKPNR,0.373152227664497
Dendritic_Cell_Activation,BS_M8M56Z4Y,0.256102690228303
Dendritic_Cell_Activation,BS_M8WP5T16,0.259002560351694
Dendritic_Cell_Activation,BS_MBSTWZA6,0.192703608438656
Dendritic_Cell_Activation,BS_MF9X3PKH,0.284879196193149
Dendritic_Cell_Activation,BS_MH8RAG4A,0.518108271837451
Dendritic_Cell_Activation,BS_MX92FD6D,0.350063061935365
Dendritic_Cell_Activation,BS_MY9D8XZ1,0.224444181354406
Dendritic_Cell_Activation,BS_N1E0H8YQ,0.281844700994375
Dendritic_Cell_Activation,BS_N210XMKR,0.226512690830146
Dendritic_Cell_Activation,BS_N6NE6B3W,0.0972297411538807
Dendritic_Cell_Activation,BS_N87X1T8T,0.453113921510332
Dendritic_Cell_Activation,BS_NB5XWMJT,0.397494716050393
Dendritic_Cell_Activation,BS_NBZNAG7Q,0.430608207314719
Dendritic_Cell_Activation,BS_NG9X6SJA,0.409663989109582
Dendritic_Cell_Activation,BS_NKEAAFMW,-0.0258035885242478
Dendritic_Cell_Activation,BS_NPQJ20KX,0.213156904556436
Dendritic_Cell_Activation,BS_NQB91P48,0.129160820278346
Dendritic_Cell_Activation,BS_NRFQEQKP,0.222483152995849
Dendritic_Cell_Activation,BS_NRPG5K4K,0.26271818872462
Dendritic_Cell_Activation,BS_NS7GSHB9,0.2821520273477
Dendritic_Cell_Activation,BS_NT9NZYFD,0.180380740367689
Dendritic_Cell_Activation,BS_NY5T05AK,0.33611335124998
Dendritic_Cell_Activation,BS_P2Y2NANM,0.445092978721898
Dendritic_Cell_Activation,BS_PDVD0GCM,0.351925661998937
Dendritic_Cell_Activation,BS_PEP9NZXN,0.167284812112726
Dendritic_Cell_Activation,BS_PQ7CQFYR,0.164738440226918
Dendritic_Cell_Activation,BS_PRCG6W20,0.524394658412662
Dendritic_Cell_Activation,BS_Q2PBFNDF,0.366869088873328
Dendritic_Cell_Activation,BS_Q3TBCK4V,0.23821056789529
Dendritic_Cell_Activation,BS_Q6VH5GJ8,0.279399410412055
Dendritic_Cell_Activation,BS_Q79NP5YY,0.289772991016716
Dendritic_Cell_Activation,BS_QBMW69AM,0.392026695412078
Dendritic_Cell_Activation,BS_QH82PBMB,0.221276449889116
Dendritic_Cell_Activation,BS_QTSXW7DA,0.227547155780706
Dendritic_Cell_Activation,BS_QV51J756,0.146221082948445
Dendritic_Cell_Activation,BS_R244Z0WX,0.247006042817423
Dendritic_Cell_Activation,BS_R3AJB6VS,0.377530676909215
Dendritic_Cell_Activation,BS_R7V8BC98,0.358614242894883
Dendritic_Cell_Activation,BS_R9CKW9DY,0.416634635795367
Dendritic_Cell_Activation,BS_RAQFEB0S,0.364842809812913
Dendritic_Cell_Activation,BS_RARBBY7C,0.477692928962852
Dendritic_Cell_Activation,BS_RGSMX7QD,0.24669216599268
Dendritic_Cell_Activation,BS_RMT7ABN6,0.400191267010546
Dendritic_Cell_Activation,BS_RNANA568,0.395149952786749
Dendritic_Cell_Activation,BS_RPJ1EPHA,0.399059137520415
Dendritic_Cell_Activation,BS_RRAEQZ97,0.22150538879393
Dendritic_Cell_Activation,BS_RVSEDNJ4,0.188655279404988
Dendritic_Cell_Activation,BS_S1KK7XRH,0.276670740132495
Dendritic_Cell_Activation,BS_S458NMKH,0.242087770031781
Dendritic_Cell_Activation,BS_S50KQEXV,0.243780411604947
Dendritic_Cell_Activation,BS_SDA4RMMG,0.120537595760132
Dendritic_Cell_Activation,BS_SDZY6RZ3,0.186724222412643
Dendritic_Cell_Activation,BS_SFKZSJN1,0.155875008251013
Dendritic_Cell_Activation,BS_SH2S6SFN,0.457623142996946
Dendritic_Cell_Activation,BS_SHMC4902,0.199252228713656
Dendritic_Cell_Activation,BS_SJ0HXCD0,0.415718599306656
Dendritic_Cell_Activation,BS_SQX5E15Z,0.42510531021685
Dendritic_Cell_Activation,BS_SW8C9Y5Y,0.449420594442865
Dendritic_Cell_Activation,BS_SXRS2P6T,0.293169693405729
Dendritic_Cell_Activation,BS_T0RKFEKR,0.436513407445874
Dendritic_Cell_Activation,BS_T2QPMZCM,0.109983467528491
Dendritic_Cell_Activation,BS_T4JFN54G,0.269244730176504
Dendritic_Cell_Activation,BS_T5P5ME9M,0.364880068718173
Dendritic_Cell_Activation,BS_TDJXQBVY,0.46048056249463
Dendritic_Cell_Activation,BS_TG93XC55,0.187773683291931
Dendritic_Cell_Activation,BS_TRZZRYKF,0.308673819864746
Dendritic_Cell_Activation,BS_TV80600R,0.337959788541742
Dendritic_Cell_Activation,BS_TWFDEMBZ,0.319523392454057
Dendritic_Cell_Activation,BS_V2G1YE8R,0.367309655813941
Dendritic_Cell_Activation,BS_V33RCK1Y,0.29171345497364
Dendritic_Cell_Activation,BS_V3REENH9,0.302296891119191
Dendritic_Cell_Activation,BS_V72GX2AZ,0.237721797782035
Dendritic_Cell_Activation,BS_V7BZ049H,0.39721345350997
Dendritic_Cell_Activation,BS_V89HGTET,0.289939606005693
Dendritic_Cell_Activation,BS_VARR255N,0.278913776764022
Dendritic_Cell_Activation,BS_VMMJYN8Z,0.200476676801094
Dendritic_Cell_Activation,BS_VTYNWK05,0.456929307358064
Dendritic_Cell_Activation,BS_VZWXGYT2,0.419591072828472
Dendritic_Cell_Activation,BS_WRQHPSXQ,0.1871810801699
Dendritic_Cell_Activation,BS_WVS02TZK,0.196536744983664
Dendritic_Cell_Activation,BS_X16PENSA,0.280942821547481
Dendritic_Cell_Activation,BS_X2EDW2ZB,0.347180891396254
Dendritic_Cell_Activation,BS_X5DFR216,0.410112224066308
Dendritic_Cell_Activation,BS_X6GFVDVA,0.381563046926827
Dendritic_Cell_Activation,BS_X91K8KMG,0.26177943304445
Dendritic_Cell_Activation,BS_XGSA3GQE,0.202312178264694
Dendritic_Cell_Activation,BS_XKKB4MZV,0.134275617438067
Dendritic_Cell_Activation,BS_Y0PCBNJV,0.19752826190667
Dendritic_Cell_Activation,BS_Y274AC0H,0.349646832609969
Dendritic_Cell_Activation,BS_Y7H24JZG,0.46177249635888
Dendritic_Cell_Activation,BS_Y7W8BR6B,0.370450205182852
Dendritic_Cell_Activation,BS_YASWHXJC,0.37990108404847
Dendritic_Cell_Activation,BS_YB2RXRHT,0.232609186806525
Dendritic_Cell_Activation,BS_YCREDZTJ,0.31465254662367
Dendritic_Cell_Activation,BS_YEQVW4ND,0.204525674031419
Dendritic_Cell_Activation,BS_YMAJC22S,0.0694867217400141
Dendritic_Cell_Activation,BS_YVEEXAAT,0.525064315248036
Dendritic_Cell_Activation,BS_YVMEEBKC,0.221478786237727
Dendritic_Cell_Activation,BS_YWJKHMXV,0.403752452004851
Dendritic_Cell_Activation,BS_YY5B2XDD,0.356633376280018
Dendritic_Cell_Activation,BS_YZ2Z1Q6Y,0.133720459065436
Dendritic_Cell_Activation,BS_Z0AVVB1V,0.198047615707069
Dendritic_Cell_Activation,BS_Z1A875MW,0.178763645110821
Dendritic_Cell_Activation,BS_Z6BWR941,0.164697351623282
Dendritic_Cell_Activation,BS_Z7Y2466H,0.30367612188462
Dendritic_Cell_Activation,BS_ZHHAM3AN,0.649571458592794
Dendritic_Cell_Activation,BS_ZHRGDRBW,0.272401725909166
Dendritic_Cell_Activation,BS_ZJY7Y34M,0.330371082393631
Dendritic_Cell_Activation,BS_ZN2P8BKH,0.585023981906143
Dendritic_Cell_Activation,BS_ZTWGFWTX,0.311734223218155
Dendritic_Cell_Activation,BS_ZV9Z3SY6,0.184632466352894
Dendritic_Cell_Activation,BS_ZVX2GRD6,0.185657918605504
Dendritic_Cell_Activation,BS_ZZMYDZJW,0.27210350984214
Neutrophil_Activation,BS_00FD2KMP,0.329571082646425
Neutrophil_Activation,BS_028YFYJ6,0.483374993474549
Neutrophil_Activation,BS_052PZFMK,0.336612171549147
Neutrophil_Activation,BS_056Q8577,0.38451953790214
Neutrophil_Activation,BS_08ST21QE,0.482147097961409
Neutrophil_Activation,BS_0C7VZC0A,0.303084407391462
Neutrophil_Activation,BS_0S8E7590,0.590236929892092
Neutrophil_Activation,BS_0VXZCRJS,0.34951470091032
Neutrophil_Activation,BS_0XEBS3PG,0.307581715755388
Neutrophil_Activation,BS_0ZA67BBC,0.388585554340791
Neutrophil_Activation,BS_12G04QJM,0.359408277255214
Neutrophil_Activation,BS_17ZSMXFH,0.363307957065786
Neutrophil_Activation,BS_1A6MQ9ZA,0.493763694258081
Neutrophil_Activation,BS_1D93Z575,0.49940881199936
Neutrophil_Activation,BS_1EN5V3XW,0.178605243879511
Neutrophil_Activation,BS_223BM91B,0.48467799819169
Neutrophil_Activation,BS_25HNKZ79,0.58321498364421
Neutrophil_Activation,BS_2853394H,0.358901160687639
Neutrophil_Activation,BS_297H8BT4,0.496297019554221
Neutrophil_Activation,BS_29X4ZX6Q,0.220912778251806
Neutrophil_Activation,BS_2A5R9MEJ,0.221198130195937
Neutrophil_Activation,BS_2ARXK0TD,0.553633630380559
Neutrophil_Activation,BS_2AV1H5TV,0.458473336330129
Neutrophil_Activation,BS_2DMBCHNF,0.519699351024638
Neutrophil_Activation,BS_2EN3X6HB,0.425315389784657
Neutrophil_Activation,BS_2FEZWH1F,0.548099691068969
Neutrophil_Activation,BS_2HNXVFAS,0.296695102555942
Neutrophil_Activation,BS_2JH1QMT1,0.269113244284069
Neutrophil_Activation,BS_2JP7RBMB,0.349064341471929
Neutrophil_Activation,BS_2K01T8K6,0.569331635079391
Neutrophil_Activation,BS_2PDS3MSS,0.471474638753013
Neutrophil_Activation,BS_2T5PJAW8,0.522663684949011
Neutrophil_Activation,BS_2WANPFBJ,0.506261449133527
Neutrophil_Activation,BS_30F3Z9FS,0.396970152199142
Neutrophil_Activation,BS_30VC3R2Q,0.401749924416663
Neutrophil_Activation,BS_30YWQ3FY,0.682894202229787
Neutrophil_Activation,BS_31MBRWC4,0.497161234550612
Neutrophil_Activation,BS_333KCNDP,0.630751252387243
Neutrophil_Activation,BS_399RPKC9,0.328476874458567
Neutrophil_Activation,BS_3AC3SRWH,0.347675171121162
Neutrophil_Activation,BS_3MS8WVNR,0.117654154911384
Neutrophil_Activation,BS_3ZPJAK9A,0.446966838151126
Neutrophil_Activation,BS_45J79YTF,0.134343336360663
Neutrophil_Activation,BS_49BQS7Z6,0.292294778374577
Neutrophil_Activation,BS_49CJNZ06,0.326727922797021
Neutrophil_Activation,BS_4B0BAVTX,0.417622124852478
Neutrophil_Activation,BS_4BM3F6XJ,0.362487190150696
Neutrophil_Activation,BS_4C6B11E4,0.600824084777197
Neutrophil_Activation,BS_4GNN7J8E,0.537175894874139
Neutrophil_Activation,BS_4KNBXM3C,0.61561335364908
Neutrophil_Activation,BS_4Q3KRCZT,0.581903466182053
Neutrophil_Activation,BS_4QW2S1Q8,0.441061647062683
Neutrophil_Activation,BS_4T0HQ9QF,0.343789250721632
Neutrophil_Activation,BS_4V42BXBT,0.37596125637761
Neutrophil_Activation,BS_51RA1PGE,0.358765849759841
Neutrophil_Activation,BS_52C576HH,0.313480172290733
Neutrophil_Activation,BS_5965SFPZ,0.244890262911798
Neutrophil_Activation,BS_5EFYPZT0,0.453412923628265
Neutrophil_Activation,BS_5G5BD2MD,0.548770535180719
Neutrophil_Activation,BS_5K95FX4C,0.560504873016753
Neutrophil_Activation,BS_5KBXD2GQ,0.465202704316843
Neutrophil_Activation,BS_5PXZ8F7W,0.433919141205937
Neutrophil_Activation,BS_5VPM0F36,0.527791372152788
Neutrophil_Activation,BS_62SW4CC5,0.605688984813546
Neutrophil_Activation,BS_65WPD3DA,0.40175383146412
Neutrophil_Activation,BS_68KX6A42,0.320375957478015
Neutrophil_Activation,BS_6DCSD5Y6,0.237868443755154
Neutrophil_Activation,BS_6H4Q24WA,0.490644574983718
Neutrophil_Activation,BS_6M2053M0,0.34906201666276
Neutrophil_Activation,BS_6SY64H5J,0.58159456631165
Neutrophil_Activation,BS_6VRG1XFB,0.377179604204803
Neutrophil_Activation,BS_6WP1FHTE,0.369330239332986
Neutrophil_Activation,BS_7327SDAQ,0.314825482418175
Neutrophil_Activation,BS_75YRDXET,0.643536423308211
Neutrophil_Activation,BS_77SBTNPN,0.398947189725049
Neutrophil_Activation,BS_7AEF4D4G,0.472102087855752
Neutrophil_Activation,BS_7APCGCVF,0.491017871365929
Neutrophil_Activation,BS_7GJT4A6A,0.233591602371391
Neutrophil_Activation,BS_7GKWKGPH,0.424926581830537
Neutrophil_Activation,BS_7PVJ6Q3D,0.334537434024394
Neutrophil_Activation,BS_7WKNNRHK,0.519691586998138
Neutrophil_Activation,BS_84VZX732,0.49397592547055
Neutrophil_Activation,BS_84XCR9GG,0.378666258571179
Neutrophil_Activation,BS_8E8JKP01,0.145974196575138
Neutrophil_Activation,BS_8ERBDF7D,0.17868898101561
Neutrophil_Activation,BS_8JK9TXH2,0.431742062931357
Neutrophil_Activation,BS_8VD670NP,0.478275161089806
Neutrophil_Activation,BS_8YWYN7VH,0.350258450459106
Neutrophil_Activation,BS_8ZE4Z9G5,0.391443675614176
Neutrophil_Activation,BS_8ZY4GST0,0.278934344743323
Neutrophil_Activation,BS_91VYM11A,0.441974822147744
Neutrophil_Activation,BS_956G6QPJ,0.318472585886763
Neutrophil_Activation,BS_97M1E2DW,0.292618440402502
Neutrophil_Activation,BS_9A1YTHFF,0.480431619477206
Neutrophil_Activation,BS_9B0A62MT,0.589317839074567
Neutrophil_Activation,BS_9CA93S6D,0.219889266613174
Neutrophil_Activation,BS_9FHEFJNP,0.326060604861634
Neutrophil_Activation,BS_9FX3YREK,0.330997313463106
Neutrophil_Activation,BS_9GJ3DB1H,0.532017966816184
Neutrophil_Activation,BS_9JPQZQNG,0.327618988828969
Neutrophil_Activation,BS_9TXEDSWB,0.475377567497874
Neutrophil_Activation,BS_9XVACXP0,0.410567980479869
Neutrophil_Activation,BS_9Y1K14Q5,0.359022928875308
Neutrophil_Activation,BS_9ZJT0CP0,0.414358958779601
Neutrophil_Activation,BS_A4PF49V0,0.333228065856743
Neutrophil_Activation,BS_A6NXR7RC,0.478292911598022
Neutrophil_Activation,BS_A7Q8G0Y1,0.649315210384776
Neutrophil_Activation,BS_A8XW5S0W,0.492904038105828
Neutrophil_Activation,BS_AWH9757B,0.374601063677906
Neutrophil_Activation,BS_AYSXRQWY,0.49259892974904
Neutrophil_Activation,BS_AZQM1JJH,0.500298862795042
Neutrophil_Activation,BS_B1C6GZ84,0.330925171251292
Neutrophil_Activation,BS_B3MQFFYP,0.573780370823562
Neutrophil_Activation,BS_B4R7X1KE,0.179875576495029
Neutrophil_Activation,BS_B57327NA,0.503108554145652
Neutrophil_Activation,BS_BBAEMXRD,0.13477838635187
Neutrophil_Activation,BS_BBQ6BHGN,0.35093263671241
Neutrophil_Activation,BS_BK0HGRXM,0.500780186138457
Neutrophil_Activation,BS_BMMY0H73,0.394894910140574
Neutrophil_Activation,BS_C6ZZ3FY5,0.283998533672299
Neutrophil_Activation,BS_C83TK159,0.314307548914779
Neutrophil_Activation,BS_CBDQZ8PP,0.164397413415146
Neutrophil_Activation,BS_CF63VG3S,0.362243715483957
Neutrophil_Activation,BS_CFD3WHAY,0.32229661544043
Neutrophil_Activation,BS_CG1RG607,0.524003481126164
Neutrophil_Activation,BS_CVEDJGHZ,0.554432135982056
Neutrophil_Activation,BS_CXAQDK7S,0.537011783877251
Neutrophil_Activation,BS_CZPQ493E,0.446925058616751
Neutrophil_Activation,BS_D29RPBSZ,0.31146054347645
Neutrophil_Activation,BS_D4VNDNQA,0.337355152131649
Neutrophil_Activation,BS_D6J2BGDJ,0.124438534653547
Neutrophil_Activation,BS_DFGS950G,0.222272893130636
Neutrophil_Activation,BS_DNZVP92S,0.338562625823587
Neutrophil_Activation,BS_DR079H0D,0.421050980664155
Neutrophil_Activation,BS_DS438CXE,0.15992322324346
Neutrophil_Activation,BS_DSPVSM7D,0.499989498240572
Neutrophil_Activation,BS_DZNXFPH1,0.532551117881737
Neutrophil_Activation,BS_E7NVYA6G,0.608919752844861
Neutrophil_Activation,BS_E9CYN4NP,0.30945478407984
Neutrophil_Activation,BS_EB0XRBT9,0.530037306351646
Neutrophil_Activation,BS_EDJ5TV0P,0.33926014042253
Neutrophil_Activation,BS_EMQM7HTA,0.27432766137905
Neutrophil_Activation,BS_ENEYB4TG,0.628909747354886
Neutrophil_Activation,BS_EXPJQZTH,0.432107125670141
Neutrophil_Activation,BS_EZ3147MX,0.316698184660424
Neutrophil_Activation,BS_F0JB4EAK,0.303239784630149
Neutrophil_Activation,BS_F21R36MM,0.429837803719875
Neutrophil_Activation,BS_F65GWS21,0.322244556929552
Neutrophil_Activation,BS_F6V1Y4QS,0.406415966393895
Neutrophil_Activation,BS_F9Y4Z92G,0.228435808856151
Neutrophil_Activation,BS_FCDAH728,0.271441739753596
Neutrophil_Activation,BS_FEV5A0HN,0.233693164844951
Neutrophil_Activation,BS_FGJH1X0S,0.429474623668221
Neutrophil_Activation,BS_FKASA3MN,0.0300331047238355
Neutrophil_Activation,BS_FN07P04C,0.233297476520586
Neutrophil_Activation,BS_FX2P2WEG,0.382280079244392
Neutrophil_Activation,BS_FXJY0MNH,0.528045736336686
Neutrophil_Activation,BS_FYP2B298,0.182911773649647
Neutrophil_Activation,BS_G19QZG4S,0.419828647747385
Neutrophil_Activation,BS_G1E5DATJ,0.49518969049683
Neutrophil_Activation,BS_G257VSS9,0.322602022938109
Neutrophil_Activation,BS_G3NN392N,0.324556008925127
Neutrophil_Activation,BS_G3RJTBZD,0.294799459243974
Neutrophil_Activation,BS_G5NHSFD4,0.195495314259954
Neutrophil_Activation,BS_G8TXTX0H,0.371536763485282
Neutrophil_Activation,BS_GG9W3J9Y,0.28120001736287
Neutrophil_Activation,BS_GW0GKWMS,0.288207901777257
Neutrophil_Activation,BS_GWHYM3R4,0.449736984073479
Neutrophil_Activation,BS_GWSJ4Z9H,0.475791047379455
Neutrophil_Activation,BS_H5VQJR7X,0.423505966398038
Neutrophil_Activation,BS_H97S5SQN,0.405777788515857
Neutrophil_Activation,BS_H9JYKFTV,0.496993677497675
Neutrophil_Activation,BS_HDHXX8Q7,0.29344980575614
Neutrophil_Activation,BS_HDPCQETG,0.456891756480365
Neutrophil_Activation,BS_HJRTC9JQ,0.49812877599034
Neutrophil_Activation,BS_HJV0J603,0.762375834028217
Neutrophil_Activation,BS_HRJ9145M,0.638850244011825
Neutrophil_Activation,BS_HWGWYCY7,0.507544839558897
Neutrophil_Activation,BS_HZ9AYDCQ,0.394622058037746
Neutrophil_Activation,BS_J4JY2F3H,0.285919551114722
Neutrophil_Activation,BS_J6212Y48,0.365596563951635
Neutrophil_Activation,BS_J6W1RB7A,0.537772996756923
Neutrophil_Activation,BS_J9CBGP57,0.283672782787903
Neutrophil_Activation,BS_JB43XBCQ,0.576729561413286
Neutrophil_Activation,BS_JDSNFYQ0,0.505426418556988
Neutrophil_Activation,BS_JJVH7WR0,0.0533079146445839
Neutrophil_Activation,BS_JMD386Z2,0.407152085540162
Neutrophil_Activation,BS_JP95KMRD,0.498394093695221
Neutrophil_Activation,BS_JQGJQ2QZ,0.461016667846316
Neutrophil_Activation,BS_JQVAWTTM,0.388651434115586
Neutrophil_Activation,BS_JQXHHK0K,0.216055311894538
Neutrophil_Activation,BS_JRYJGYC4,0.404964121564618
Neutrophil_Activation,BS_JS95PE0J,0.410749711200257
Neutrophil_Activation,BS_JTWNJ8T7,0.130087952363763
Neutrophil_Activation,BS_JVW2JJ39,0.299564227810455
Neutrophil_Activation,BS_K0X3PZGN,0.57131159231048
Neutrophil_Activation,BS_K17VQECG,0.245038267162414
Neutrophil_Activation,BS_K2PCC777,0.638629079987282
Neutrophil_Activation,BS_K74N1BXQ,0.501832972217359
Neutrophil_Activation,BS_K81PZXP2,0.443842583049177
Neutrophil_Activation,BS_K88T8SW7,0.563929949644586
Neutrophil_Activation,BS_KABQQA0T,0.172818661665553
Neutrophil_Activation,BS_KBEX4RT2,0.380857082494977
Neutrophil_Activation,BS_KFD5128N,0.513809409798476
Neutrophil_Activation,BS_KKDTW11T,0.440089127399621
Neutrophil_Activation,BS_KP735TJ6,0.331743763844546
Neutrophil_Activation,BS_KQ6ZW085,0.361289380650628
Neutrophil_Activation,BS_KRS4EV4X,0.326108239035606
Neutrophil_Activation,BS_KS8HMGA6,0.589772217940105
Neutrophil_Activation,BS_KVPWHDR4,0.366340621993464
Neutrophil_Activation,BS_M0FA190Y,0.463790584205164
Neutrophil_Activation,BS_M0XGZ53Z,0.171797984719338
Neutrophil_Activation,BS_M1PVEHCM,0.260447638568812
Neutrophil_Activation,BS_M54TWTH4,0.377394937624856
Neutrophil_Activation,BS_M7XB258E,0.606133508976116
Neutrophil_Activation,BS_M85CXHDV,0.452842728050989
Neutrophil_Activation,BS_MB7WN0ZB,0.367685696674182
Neutrophil_Activation,BS_MD0937XT,0.298215647797478
Neutrophil_Activation,BS_MDBT7S5Z,0.184312114499292
Neutrophil_Activation,BS_ME6VQGG4,0.393591969844881
Neutrophil_Activation,BS_MFGZH8FK,0.51279731981785
Neutrophil_Activation,BS_MG78HQDM,0.204283432781087
Neutrophil_Activation,BS_MWWZBQ60,0.434825874131861
Neutrophil_Activation,BS_N6TQBQ8M,0.300608124777745
Neutrophil_Activation,BS_N7SW36FD,0.412672788611777
Neutrophil_Activation,BS_N7VQ1GQB,0.456059230954416
Neutrophil_Activation,BS_NB9XXBW6,0.509556787379291
Neutrophil_Activation,BS_NEFAASTR,0.462257538853029
Neutrophil_Activation,BS_NEVYM2FP,0.444135133894624
Neutrophil_Activation,BS_NFKKDYSV,0.519761112076369
Neutrophil_Activation,BS_NGSG2KB6,0.503087456487129
Neutrophil_Activation,BS_NNYXMSTX,0.43370999661114
Neutrophil_Activation,BS_NPA6CZQF,0.236799045786599
Neutrophil_Activation,BS_NQ54ST98,0.538623203210153
Neutrophil_Activation,BS_NR3P3GN2,0.481243291627704
Neutrophil_Activation,BS_NX1R0BC3,0.577905342096403
Neutrophil_Activation,BS_P0QF87WC,0.592294151893163
Neutrophil_Activation,BS_P4PMWFMV,0.390766691987482
Neutrophil_Activation,BS_P7W3AYKV,0.460842432158169
Neutrophil_Activation,BS_PENM28KT,0.351546661313956
Neutrophil_Activation,BS_PJC6FH4Y,0.498525499969008
Neutrophil_Activation,BS_PS0P3QJ3,0.349727988200213
Neutrophil_Activation,BS_PXCPK5XS,0.318372149368973
Neutrophil_Activation,BS_PZVHMSYN,0.282020096608761
Neutrophil_Activation,BS_Q06J3RYW,0.530134302076165
Neutrophil_Activation,BS_Q35GFYDR,0.269274332808434
Neutrophil_Activation,BS_Q9N5PRD5,0.476117541791834
Neutrophil_Activation,BS_QB84TBA3,0.200510547916987
Neutrophil_Activation,BS_QGKEP3KB,0.448543873492455
Neutrophil_Activation,BS_QH0VYVJK,0.426997236881983
Neutrophil_Activation,BS_QHY302E8,0.597529739161062
Neutrophil_Activation,BS_QMBS32Y2,0.461862160805986
Neutrophil_Activation,BS_QNNX91SM,0.318560875487062
Neutrophil_Activation,BS_QY2G1JZJ,0.445903687902308
Neutrophil_Activation,BS_QYA4TQXX,0.444732610750902
Neutrophil_Activation,BS_R5JQE0VJ,0.553742885405069
Neutrophil_Activation,BS_R5SNFB5B,0.178315539760593
Neutrophil_Activation,BS_R9B92M75,0.521352740221755
Neutrophil_Activation,BS_RHAWQJ48,0.502100294720564
Neutrophil_Activation,BS_RHM60031,0.44633666275711
Neutrophil_Activation,BS_RJC3WDD6,0.191120637619296
Neutrophil_Activation,BS_RN0VAY51,0.433181906114287
Neutrophil_Activation,BS_RX1YTZ7F,0.313269065017015
Neutrophil_Activation,BS_RZBFH1QF,0.263996483604992
Neutrophil_Activation,BS_S2TA8R29,0.358307554838277
Neutrophil_Activation,BS_S3C2PZAH,0.517862793519356
Neutrophil_Activation,BS_S3MET0JZ,0.381792166798346
Neutrophil_Activation,BS_S4V9E1XJ,0.3857821833947
Neutrophil_Activation,BS_S5P8VTN5,0.292030885169413
Neutrophil_Activation,BS_S6B9DVNS,0.383255451218961
Neutrophil_Activation,BS_S6S7SK3P,0.291767845194712
Neutrophil_Activation,BS_S8K878T3,0.605533048700551
Neutrophil_Activation,BS_SBMAM00V,0.456398578087648
Neutrophil_Activation,BS_SBMCD7XZ,0.397414317599402
Neutrophil_Activation,BS_SD0EMK7Y,0.522746639185131
Neutrophil_Activation,BS_SD8YBRBR,0.235983146959254
Neutrophil_Activation,BS_SERDGASJ,0.462866604682576
Neutrophil_Activation,BS_SJVTZ5TH,0.361533856384594
Neutrophil_Activation,BS_SMWQR2F1,0.348718417424322
Neutrophil_Activation,BS_SNVM7CZT,0.364805443972077
Neutrophil_Activation,BS_SR2RGDXJ,0.430077403004653
Neutrophil_Activation,BS_SW9Z10F9,0.516496521106808
Neutrophil_Activation,BS_SY3J3XR9,0.307298064867918
Neutrophil_Activation,BS_T1YHK6B7,0.240556913809213
Neutrophil_Activation,BS_T2F48Z4E,0.5198822262132
Neutrophil_Activation,BS_T9A8JJW5,0.345994512216637
Neutrophil_Activation,BS_TASG32Z2,0.349097416546929
Neutrophil_Activation,BS_TGS109T3,0.136402609966259
Neutrophil_Activation,BS_TM9MH0RP,0.484974886905137
Neutrophil_Activation,BS_TR2P8KRF,0.339800555641092
Neutrophil_Activation,BS_TRKH2SPE,0.364579806838651
Neutrophil_Activation,BS_TRPXB3AV,0.335412511852969
Neutrophil_Activation,BS_TTDNZTZ0,0.478751723507257
Neutrophil_Activation,BS_TTE04ZP8,0.57387097892095
Neutrophil_Activation,BS_TV5B86ZD,0.301902829363595
Neutrophil_Activation,BS_TVH33J9Q,0.231913507086857
Neutrophil_Activation,BS_TXZ7KHTQ,0.295125913232113
Neutrophil_Activation,BS_V0DQFC75,0.41932666223043
Neutrophil_Activation,BS_V3Z3DB4N,0.254576585954483
Neutrophil_Activation,BS_V558NW3Q,0.628851535105588
Neutrophil_Activation,BS_V6RSB5HQ,0.446219277870654
Neutrophil_Activation,BS_V8QWBVS3,0.732122714955312
Neutrophil_Activation,BS_VBMRQK4F,0.514850517953772
Neutrophil_Activation,BS_VDFXXMEX,0.32772964851126
Neutrophil_Activation,BS_VF3NVT4G,0.522779505526974
Neutrophil_Activation,BS_VKH87DD2,0.548233136163838
Neutrophil_Activation,BS_VKHJG2B8,0.530753276486266
Neutrophil_Activation,BS_VKYEM67A,0.540707750594919
Neutrophil_Activation,BS_VMQMGSJY,0.594138929125977
Neutrophil_Activation,BS_VVTHDRBD,0.319078859847995
Neutrophil_Activation,BS_W1385R8Y,0.28527824807932
Neutrophil_Activation,BS_W4DB5RP1,0.135015208512805
Neutrophil_Activation,BS_W7MFJZ5A,0.481747236557119
Neutrophil_Activation,BS_WBVSK3MP,0.228417761020885
Neutrophil_Activation,BS_WEKK6SHP,0.506702628519638
Neutrophil_Activation,BS_WHBEXD5H,0.402700768584172
Neutrophil_Activation,BS_WQ1YRTAT,0.132181677170523
Neutrophil_Activation,BS_WTJEDTZC,0.600761045329514
Neutrophil_Activation,BS_WVRX4C9Z,0.501541893629766
Neutrophil_Activation,BS_X0XXN9BK,0.513978326749427
Neutrophil_Activation,BS_X1G0TKP4,0.377357045226134
Neutrophil_Activation,BS_X20JCR4H,0.609232777724617
Neutrophil_Activation,BS_X23724NJ,0.478558300377846
Neutrophil_Activation,BS_X3HR4Z21,0.263394484262511
Neutrophil_Activation,BS_X4DD4KSZ,0.476694291918236
Neutrophil_Activation,BS_X4X1SFSE,0.185011313654891
Neutrophil_Activation,BS_XG0DBWVT,0.372733715495283
Neutrophil_Activation,BS_XGDPK33A,0.198932995091782
Neutrophil_Activation,BS_XM1AHBDJ,0.279884058877154
Neutrophil_Activation,BS_XQ5SFW35,0.541297699331365
Neutrophil_Activation,BS_XQXXBWPD,0.454616592990944
Neutrophil_Activation,BS_XYVCMF4A,0.421681052738918
Neutrophil_Activation,BS_XZM79E42,0.6279876829797
Neutrophil_Activation,BS_YA0KMBRT,0.288873842211984
Neutrophil_Activation,BS_YDEVMD24,0.38739671711027
Neutrophil_Activation,BS_YMKQT5V0,0.541787168605358
Neutrophil_Activation,BS_YR12D1ZY,0.514292360899706
Neutrophil_Activation,BS_YSZRQ95C,0.442391119768774
Neutrophil_Activation,BS_YTWEM5SG,0.561698458139736
Neutrophil_Activation,BS_YZ2QFDAN,0.365725900814449
Neutrophil_Activation,BS_Z0ZPD9S9,0.482965311744102
Neutrophil_Activation,BS_Z3RCA1T9,0.418604886562872
Neutrophil_Activation,BS_Z8F3GM85,0.421673003974202
Neutrophil_Activation,BS_ZD5HN296,0.477664666148274
Neutrophil_Activation,BS_ZF6BSFNF,0.415930724817117
Neutrophil_Activation,BS_ZM97KKXE,0.40924149611593
Neutrophil_Activation,BS_ZV1P6W9C,0.337770076444587
Neutrophil_Activation,BS_ZVM8CAB0,0.501442682614847
Neutrophil_Activation,BS_ZZWMD6FA,0.367202899812443
Neutrophil_Activation,BS_06AMMCXR,0.541023229457236
Neutrophil_Activation,BS_08TWG4K0,0.465938786712015
Neutrophil_Activation,BS_1DECYC4K,0.389589334333776
Neutrophil_Activation,BS_2A5R9D97,0.489262542012166
Neutrophil_Activation,BS_3VJ0CA6A,0.447601472282594
Neutrophil_Activation,BS_3XYJBBHQ,0.51824763142848
Neutrophil_Activation,BS_4C4MZ4NT,0.377363849153464
Neutrophil_Activation,BS_4PPHAQXF,0.297151392889161
Neutrophil_Activation,BS_4SMPV083,0.414840903118964
Neutrophil_Activation,BS_A76PNWQS,0.334653168073947
Neutrophil_Activation,BS_BZCTXEPJ,0.503315683568222
Neutrophil_Activation,BS_CB6VK7PB,0.443485458600533
Neutrophil_Activation,BS_ED8G98XT,0.38380549453535
Neutrophil_Activation,BS_FCX6DZ0J,0.436391491424303
Neutrophil_Activation,BS_FYRDYBMZ,0.4815421527049
Neutrophil_Activation,BS_H1XPVS9A,0.365140523800091
Neutrophil_Activation,BS_QRNSKFMS,0.384819798149477
Neutrophil_Activation,BS_R13X6TMW,0.433478801353699
Neutrophil_Activation,BS_RJMJ935A,0.484428954140806
Neutrophil_Activation,BS_RWJZFTP9,0.274615043058587
Neutrophil_Activation,BS_S20SP0WW,0.511634505482757
Neutrophil_Activation,BS_SB12W1XT,0.419794247604044
Neutrophil_Activation,BS_T0MXH2CA,0.465377430590385
Neutrophil_Activation,BS_T1W4JA94,0.341363863040493
Neutrophil_Activation,BS_T289QKBV,0.502564516323477
Neutrophil_Activation,BS_T3H5AY8A,0.476825913362453
Neutrophil_Activation,BS_TVV122JG,0.318771363374219
Neutrophil_Activation,BS_VW85Q4XJ,0.395880269564146
Neutrophil_Activation,BS_W97QQYKQ,0.372013670649951
Neutrophil_Activation,BS_WYMX429C,0.504581907148247
Neutrophil_Activation,BS_YR1XY6SF,0.466305854281313
Neutrophil_Activation,BS_014EVM2D,0.308877716315979
Neutrophil_Activation,BS_044XZ8ST,0.297100136839304
Neutrophil_Activation,BS_063ERW0R,0.383690455640387
Neutrophil_Activation,BS_0D5VRAKC,0.551376010524646
Neutrophil_Activation,BS_0J9SHHSC,0.266904392546908
Neutrophil_Activation,BS_0SCXXM6N,0.356038664097439
Neutrophil_Activation,BS_0TDWG2CV,0.513459470895848
Neutrophil_Activation,BS_0WVJYM9R,0.518317172537673
Neutrophil_Activation,BS_0X9EGHY2,0.487923616925917
Neutrophil_Activation,BS_0Y5J2AQ4,0.426471351776572
Neutrophil_Activation,BS_13CGKADW,0.145065185099425
Neutrophil_Activation,BS_166N7SZQ,0.374395091885084
Neutrophil_Activation,BS_17WYVEEC,0.203668202888369
Neutrophil_Activation,BS_1G3WYEN3,0.315307102564337
Neutrophil_Activation,BS_1HYS8CSC,0.540014990612412
Neutrophil_Activation,BS_1JDG6JV5,0.503660771328792
Neutrophil_Activation,BS_1KYGSMA7,0.304815249561136
Neutrophil_Activation,BS_1N76FQZY,0.33776983200333
Neutrophil_Activation,BS_1NPD7PVG,0.33929008744485
Neutrophil_Activation,BS_1Z9AX9JS,0.3464955063574
Neutrophil_Activation,BS_1ZVXF5FE,0.244533864335255
Neutrophil_Activation,BS_21RE8W46,0.193112373945446
Neutrophil_Activation,BS_24AHZ9ZW,0.514349381407587
Neutrophil_Activation,BS_2720P44V,0.497671057364972
Neutrophil_Activation,BS_27FYYPJG,0.448512655847356
Neutrophil_Activation,BS_29TRQXWM,0.409283275751302
Neutrophil_Activation,BS_2ADZNNV4,0.296248151814199
Neutrophil_Activation,BS_2EMW8ZG3,0.232474381413601
Neutrophil_Activation,BS_2K3FVT86,0.470331493211968
Neutrophil_Activation,BS_2KJ2YAZR,0.342011885503551
Neutrophil_Activation,BS_2QCQYY6M,0.436905370663879
Neutrophil_Activation,BS_2WPQ8YCW,0.293356435951733
Neutrophil_Activation,BS_2XM08BFY,0.474389068554694
Neutrophil_Activation,BS_2YCJV2VV,0.411405101112081
Neutrophil_Activation,BS_304SPN6B,0.399462037260445
Neutrophil_Activation,BS_33AQSPRP,0.49466629729472
Neutrophil_Activation,BS_3G3KWY18,0.334373764351975
Neutrophil_Activation,BS_3GAN6Q43,0.386206908511512
Neutrophil_Activation,BS_3P20Q2C3,0.180415269498904
Neutrophil_Activation,BS_3PYESPHA,0.183862019942611
Neutrophil_Activation,BS_3Q0GTSYH,0.479784068845513
Neutrophil_Activation,BS_3TJHY996,0.421089417659472
Neutrophil_Activation,BS_3XY76V8T,0.269916836689071
Neutrophil_Activation,BS_3Y2X2RBJ,0.417978068413449
Neutrophil_Activation,BS_401R3KV0,0.473732198327012
Neutrophil_Activation,BS_42DY6WS7,0.308479623610815
Neutrophil_Activation,BS_42Y3YANN,0.465607662479941
Neutrophil_Activation,BS_470DYRJQ,0.297850428282047
Neutrophil_Activation,BS_47SJZ3PH,0.328545515234185
Neutrophil_Activation,BS_49852ZBH,0.32762450956747
Neutrophil_Activation,BS_4A45GGSW,0.452661547807912
Neutrophil_Activation,BS_4BWB0FA0,0.357492180382577
Neutrophil_Activation,BS_4CXE5XEP,0.423109941587564
Neutrophil_Activation,BS_4HQ3T2NC,0.416588282770127
Neutrophil_Activation,BS_4N1GNHX4,0.457324590011464
Neutrophil_Activation,BS_4NF35AF6,0.303962067269224
Neutrophil_Activation,BS_4TZQY7TT,0.454646938894226
Neutrophil_Activation,BS_4Y6BCYK5,0.324944699895948
Neutrophil_Activation,BS_4Z2F4P9N,0.450447796151581
Neutrophil_Activation,BS_503DZ8BN,0.346906092808492
Neutrophil_Activation,BS_52426AMF,0.496841629949257
Neutrophil_Activation,BS_52DAPP1Y,0.222582211444367
Neutrophil_Activation,BS_534XRSNB,0.478803297112711
Neutrophil_Activation,BS_53GQKVEX,0.434111850424967
Neutrophil_Activation,BS_54H90JW2,0.463328754109534
Neutrophil_Activation,BS_55P8HPYD,0.332939335435925
Neutrophil_Activation,BS_55X1W2MR,0.511061716470048
Neutrophil_Activation,BS_57NMZPS0,0.318358192994084
Neutrophil_Activation,BS_593HEWBF,0.437170549546789
Neutrophil_Activation,BS_5J5D3QTD,0.427839375523663
Neutrophil_Activation,BS_5K3R0F5D,0.223692610436321
Neutrophil_Activation,BS_5NWDARXG,0.43890732147396
Neutrophil_Activation,BS_5PEFNDCY,0.298142338858408
Neutrophil_Activation,BS_5PV5N4HQ,0.342498731782383
Neutrophil_Activation,BS_5YJEPPTP,0.40268893062579
Neutrophil_Activation,BS_5YYCP891,0.393987738628499
Neutrophil_Activation,BS_66ABA973,0.295266477876137
Neutrophil_Activation,BS_66HQ3E4Z,0.340799508585512
Neutrophil_Activation,BS_680K119G,0.308541444082728
Neutrophil_Activation,BS_68BW2163,0.312653431181907
Neutrophil_Activation,BS_699TN5RN,0.385413148948558
Neutrophil_Activation,BS_6HXD39AM,0.47801254268429
Neutrophil_Activation,BS_6N3AFF66,0.316010154111484
Neutrophil_Activation,BS_6TSAVMT9,0.460817276326627
Neutrophil_Activation,BS_6VF6VPCG,0.419560102007563
Neutrophil_Activation,BS_769BDPDB,0.522103935605484
Neutrophil_Activation,BS_76DRXZRJ,0.351523548295367
Neutrophil_Activation,BS_775HDFNY,0.322110551755518
Neutrophil_Activation,BS_7H4RFCW9,0.445459036914756
Neutrophil_Activation,BS_7M3FNSYK,0.50469907997444
Neutrophil_Activation,BS_7MGXMG6S,0.634470229614518
Neutrophil_Activation,BS_7N0B2CY1,0.3738733554218
Neutrophil_Activation,BS_7P83Z28P,0.441953879190117
Neutrophil_Activation,BS_7Z93ZYMS,0.320717978003526
Neutrophil_Activation,BS_880ESDFZ,0.501036075754374
Neutrophil_Activation,BS_8BF616QR,0.559691024455916
Neutrophil_Activation,BS_8J3B6ZB6,0.367503528915554
Neutrophil_Activation,BS_8QJ43WKW,0.575239290191619
Neutrophil_Activation,BS_8RCR7Y4B,0.339870422561667
Neutrophil_Activation,BS_8VAZSJEN,0.464002561270733
Neutrophil_Activation,BS_92HCM7BN,0.494298035623836
Neutrophil_Activation,BS_94MT16N2,0.122635189842837
Neutrophil_Activation,BS_9BJARSX3,0.369077977879194
Neutrophil_Activation,BS_9F09XV62,0.344246386894449
Neutrophil_Activation,BS_9HSGV9TJ,0.411703856178152
Neutrophil_Activation,BS_9JBX2E8G,0.318468539213441
Neutrophil_Activation,BS_9P9MB8X8,0.294660535853534
Neutrophil_Activation,BS_9Q6Z6VJC,0.350206806948473
Neutrophil_Activation,BS_9S7AG4EN,0.255602896289914
Neutrophil_Activation,BS_9SJWWYQ4,0.306793422701747
Neutrophil_Activation,BS_9YXH2CZ0,0.38900807103502
Neutrophil_Activation,BS_A13BMEF5,0.222377772612818
Neutrophil_Activation,BS_A1VEGWTR,0.358809693853452
Neutrophil_Activation,BS_A46RDWGM,0.155031764616506
Neutrophil_Activation,BS_A96FKXN5,0.493128634342267
Neutrophil_Activation,BS_AGVWD5K8,0.329264610688482
Neutrophil_Activation,BS_AM0BZ61K,0.485927834873261
Neutrophil_Activation,BS_AP0SZ364,0.350158785246134
Neutrophil_Activation,BS_ATHSTZ5R,0.45277582595909
Neutrophil_Activation,BS_AW7J9F9R,0.556799935267954
Neutrophil_Activation,BS_B0SVFK4P,0.385571345453652
Neutrophil_Activation,BS_B3M5SGPA,0.344654672938503
Neutrophil_Activation,BS_B5JM6T8K,0.508943702120969
Neutrophil_Activation,BS_B6JKQFKA,0.419510415114615
Neutrophil_Activation,BS_B7GEH89C,0.362122745926692
Neutrophil_Activation,BS_B7X8VXQ3,0.406872218754626
Neutrophil_Activation,BS_BANCTAV6,0.372215950152589
Neutrophil_Activation,BS_BC936YNZ,0.465195153095428
Neutrophil_Activation,BS_BGRPWBNG,0.540467749054104
Neutrophil_Activation,BS_BJBM0BN7,0.368194365371058
Neutrophil_Activation,BS_BKQZ550R,0.370525017247689
Neutrophil_Activation,BS_BN986DF6,0.368440574509484
Neutrophil_Activation,BS_BNECCX4D,0.475184505791323
Neutrophil_Activation,BS_BPSTSCBJ,0.298844394522082
Neutrophil_Activation,BS_BW79W2PD,0.479365094793094
Neutrophil_Activation,BS_C0NEVC2B,0.454767717910411
Neutrophil_Activation,BS_C51RB0YR,0.387274030908128
Neutrophil_Activation,BS_C6SKJG3N,0.394389943875766
Neutrophil_Activation,BS_CC6RREE4,0.542489338514766
Neutrophil_Activation,BS_CGB2WS2A,0.379108946927747
Neutrophil_Activation,BS_CKX8RW1J,0.389593972141696
Neutrophil_Activation,BS_CMDJJQ7K,0.507560491353115
Neutrophil_Activation,BS_CTR5X93B,0.254182577869297
Neutrophil_Activation,BS_CVGFNCBJ,0.278329471314933
Neutrophil_Activation,BS_D3YBV7KB,0.430231591596285
Neutrophil_Activation,BS_DEHJF4C7,0.314550308504856
Neutrophil_Activation,BS_DMJHAG9X,0.394262831187493
Neutrophil_Activation,BS_DMZP9G1H,0.238126759067824
Neutrophil_Activation,BS_DPF1CX0G,0.404020847968224
Neutrophil_Activation,BS_DSS3S5XD,0.381994004581552
Neutrophil_Activation,BS_DV86M0Y7,0.242741051068029
Neutrophil_Activation,BS_E2DEWCSK,0.515898929235896
Neutrophil_Activation,BS_E3EJHXQV,0.355958395694264
Neutrophil_Activation,BS_E4GC9EXR,0.441532063622694
Neutrophil_Activation,BS_E94QRJDW,0.354430502264082
Neutrophil_Activation,BS_EBMCTR80,0.413699780803939
Neutrophil_Activation,BS_EFEZB0ZH,0.438588956866827
Neutrophil_Activation,BS_EHVYJAVA,0.362358665006342
Neutrophil_Activation,BS_EMAJ7P3P,0.510760911823444
Neutrophil_Activation,BS_ET8CJXSF,0.242361655732098
Neutrophil_Activation,BS_EXGBH3TD,0.319505102721287
Neutrophil_Activation,BS_EYSS0ZDS,0.323087410711927
Neutrophil_Activation,BS_F1K9QTBS,0.433477523823339
Neutrophil_Activation,BS_F77MGAQT,0.638628587383407
Neutrophil_Activation,BS_F8N6CFQE,0.450742442229391
Neutrophil_Activation,BS_FAQQ0GCQ,0.398264159086421
Neutrophil_Activation,BS_FJWZ3M7V,0.294835437832602
Neutrophil_Activation,BS_FJZPQZ2C,0.436820805553074
Neutrophil_Activation,BS_FR42HY0Z,0.486617496239608
Neutrophil_Activation,BS_FX4WKR2R,0.347207111512348
Neutrophil_Activation,BS_FZ62GZGV,0.563310576515924
Neutrophil_Activation,BS_G1DAGKSY,0.427861588932544
Neutrophil_Activation,BS_G5QBBHDV,0.386345731269589
Neutrophil_Activation,BS_G7AGNB5G,0.228973407921476
Neutrophil_Activation,BS_G9XE3N9T,0.227799449820266
Neutrophil_Activation,BS_GCA4GET3,0.336658970659096
Neutrophil_Activation,BS_GHNJ4CYC,0.29743753537682
Neutrophil_Activation,BS_GPEGRCCT,0.387535398583302
Neutrophil_Activation,BS_GTZCFGRZ,0.368470850483305
Neutrophil_Activation,BS_GYA4V1RD,0.328856723404201
Neutrophil_Activation,BS_GYXSDZ56,0.408712193845525
Neutrophil_Activation,BS_H08FEN68,0.448906616528005
Neutrophil_Activation,BS_H0WF1WHE,0.531251620531286
Neutrophil_Activation,BS_H3FE3TH9,0.340903307281838
Neutrophil_Activation,BS_H8A9PSYA,0.281629636339723
Neutrophil_Activation,BS_H9EX5WX3,0.374846008940242
Neutrophil_Activation,BS_HC5M8JTC,0.434585452404411
Neutrophil_Activation,BS_HM0R6SXQ,0.404152307885517
Neutrophil_Activation,BS_HNMQ7488,0.444363008209851
Neutrophil_Activation,BS_HQ5BJ6MW,0.374645397767259
Neutrophil_Activation,BS_HQDXQ5Y4,0.473230362099073
Neutrophil_Activation,BS_HSHN8PBB,0.325117865220557
Neutrophil_Activation,BS_HSTNFPKW,0.467941793624326
Neutrophil_Activation,BS_HV8PFRBR,0.341771946499839
Neutrophil_Activation,BS_J5H5VXWY,0.469273759000764
Neutrophil_Activation,BS_J9M83K8T,0.460468120890223
Neutrophil_Activation,BS_JFVB9KXB,0.217617958151564
Neutrophil_Activation,BS_JGKZ54SA,0.503211612152846
Neutrophil_Activation,BS_JH29M4KG,0.315570098903661
Neutrophil_Activation,BS_JKXA3FQC,0.241788190315851
Neutrophil_Activation,BS_JMHG7GCN,0.245679530171316
Neutrophil_Activation,BS_JVA2NQFF,0.29913198008691
Neutrophil_Activation,BS_JWSR581E,0.389602517600386
Neutrophil_Activation,BS_K57A4A9D,0.41392944304156
Neutrophil_Activation,BS_K5802F84,0.422770629942266
Neutrophil_Activation,BS_K7MVS0Z7,0.497503786617417
Neutrophil_Activation,BS_K838XW6V,0.507460403714302
Neutrophil_Activation,BS_M4NVX721,0.350799335598422
Neutrophil_Activation,BS_M4TTKPNR,0.472129268095198
Neutrophil_Activation,BS_M8M56Z4Y,0.33413031279361
Neutrophil_Activation,BS_M8WP5T16,0.490136196731122
Neutrophil_Activation,BS_MBSTWZA6,0.404581323674101
Neutrophil_Activation,BS_MF9X3PKH,0.428440517057015
Neutrophil_Activation,BS_MH8RAG4A,0.548591507404718
Neutrophil_Activation,BS_MX92FD6D,0.360820896527019
Neutrophil_Activation,BS_MY9D8XZ1,0.434400897745228
Neutrophil_Activation,BS_N1E0H8YQ,0.501958485924582
Neutrophil_Activation,BS_N210XMKR,0.22344487441181
Neutrophil_Activation,BS_N6NE6B3W,0.206046054486346
Neutrophil_Activation,BS_N87X1T8T,0.500035616097732
Neutrophil_Activation,BS_NB5XWMJT,0.35165631736399
Neutrophil_Activation,BS_NBZNAG7Q,0.491347795535116
Neutrophil_Activation,BS_NG9X6SJA,0.412450285365395
Neutrophil_Activation,BS_NKEAAFMW,0.112645192398477
Neutrophil_Activation,BS_NPQJ20KX,0.338311962965547
Neutrophil_Activation,BS_NQB91P48,0.471794952460959
Neutrophil_Activation,BS_NRFQEQKP,0.319916767021783
Neutrophil_Activation,BS_NRPG5K4K,0.321566693777183
Neutrophil_Activation,BS_NS7GSHB9,0.352775875427586
Neutrophil_Activation,BS_NT9NZYFD,0.351069998188159
Neutrophil_Activation,BS_NY5T05AK,0.458137665544099
Neutrophil_Activation,BS_P2Y2NANM,0.481777206540758
Neutrophil_Activation,BS_PDVD0GCM,0.449118459448691
Neutrophil_Activation,BS_PEP9NZXN,0.304314602028126
Neutrophil_Activation,BS_PQ7CQFYR,0.33456997944042
Neutrophil_Activation,BS_PRCG6W20,0.526779633615678
Neutrophil_Activation,BS_Q2PBFNDF,0.405177702497955
Neutrophil_Activation,BS_Q3TBCK4V,0.441574935377934
Neutrophil_Activation,BS_Q6VH5GJ8,0.275951215898992
Neutrophil_Activation,BS_Q79NP5YY,0.450007681304535
Neutrophil_Activation,BS_QBMW69AM,0.412715451143989
Neutrophil_Activation,BS_QH82PBMB,0.352623334319316
Neutrophil_Activation,BS_QTSXW7DA,0.388455271928465
Neutrophil_Activation,BS_QV51J756,0.301119978323554
Neutrophil_Activation,BS_R244Z0WX,0.292400874922874
Neutrophil_Activation,BS_R3AJB6VS,0.355777460790655
Neutrophil_Activation,BS_R7V8BC98,0.436600138160158
Neutrophil_Activation,BS_R9CKW9DY,0.469355627105352
Neutrophil_Activation,BS_RAQFEB0S,0.436369434530381
Neutrophil_Activation,BS_RARBBY7C,0.502146929850626
Neutrophil_Activation,BS_RGSMX7QD,0.272543539595106
Neutrophil_Activation,BS_RMT7ABN6,0.520591252680644
Neutrophil_Activation,BS_RNANA568,0.491505041366747
Neutrophil_Activation,BS_RPJ1EPHA,0.446218431401193
Neutrophil_Activation,BS_RRAEQZ97,0.3917444331692
Neutrophil_Activation,BS_RVSEDNJ4,0.300574148649409
Neutrophil_Activation,BS_S1KK7XRH,0.415441905004943
Neutrophil_Activation,BS_S458NMKH,0.32240623859412
Neutrophil_Activation,BS_S50KQEXV,0.280310266746336
Neutrophil_Activation,BS_SDA4RMMG,0.277073030133371
Neutrophil_Activation,BS_SDZY6RZ3,0.432849893505144
Neutrophil_Activation,BS_SFKZSJN1,0.2395371020081
Neutrophil_Activation,BS_SH2S6SFN,0.510881512337552
Neutrophil_Activation,BS_SHMC4902,0.407295941599167
Neutrophil_Activation,BS_SJ0HXCD0,0.427127311893764
Neutrophil_Activation,BS_SQX5E15Z,0.424432325202492
Neutrophil_Activation,BS_SW8C9Y5Y,0.471859687123086
Neutrophil_Activation,BS_SXRS2P6T,0.366768921551069
Neutrophil_Activation,BS_T0RKFEKR,0.476053765480209
Neutrophil_Activation,BS_T2QPMZCM,0.130637851040268
Neutrophil_Activation,BS_T4JFN54G,0.276979151203882
Neutrophil_Activation,BS_T5P5ME9M,0.565691737374718
Neutrophil_Activation,BS_TDJXQBVY,0.485848395865278
Neutrophil_Activation,BS_TG93XC55,0.31825784930786
Neutrophil_Activation,BS_TRZZRYKF,0.439684749550936
Neutrophil_Activation,BS_TV80600R,0.461997668257002
Neutrophil_Activation,BS_TWFDEMBZ,0.443240748523698
Neutrophil_Activation,BS_V2G1YE8R,0.521590235023087
Neutrophil_Activation,BS_V33RCK1Y,0.40253822395372
Neutrophil_Activation,BS_V3REENH9,0.382094377986304
Neutrophil_Activation,BS_V72GX2AZ,0.310492223080843
Neutrophil_Activation,BS_V7BZ049H,0.542063867168362
Neutrophil_Activation,BS_V89HGTET,0.320925367719105
Neutrophil_Activation,BS_VARR255N,0.412551803134085
Neutrophil_Activation,BS_VMMJYN8Z,0.277579210653366
Neutrophil_Activation,BS_VTYNWK05,0.47424440660393
Neutrophil_Activation,BS_VZWXGYT2,0.485376134618753
Neutrophil_Activation,BS_WRQHPSXQ,0.280643236224866
Neutrophil_Activation,BS_WVS02TZK,0.329316778519859
Neutrophil_Activation,BS_X16PENSA,0.419098639884947
Neutrophil_Activation,BS_X2EDW2ZB,0.379510021928785
Neutrophil_Activation,BS_X5DFR216,0.448914989052417
Neutrophil_Activation,BS_X6GFVDVA,0.551070005753821
Neutrophil_Activation,BS_X91K8KMG,0.468107754249186
Neutrophil_Activation,BS_XGSA3GQE,0.38620326156244
Neutrophil_Activation,BS_XKKB4MZV,0.269687137134039
Neutrophil_Activation,BS_Y0PCBNJV,0.286420429045869
Neutrophil_Activation,BS_Y274AC0H,0.460427649006555
Neutrophil_Activation,BS_Y7H24JZG,0.484828676377239
Neutrophil_Activation,BS_Y7W8BR6B,0.427773745616359
Neutrophil_Activation,BS_YASWHXJC,0.545060299194675
Neutrophil_Activation,BS_YB2RXRHT,0.427315246163191
Neutrophil_Activation,BS_YCREDZTJ,0.413415324588701
Neutrophil_Activation,BS_YEQVW4ND,0.288169414275094
Neutrophil_Activation,BS_YMAJC22S,0.226737347715132
Neutrophil_Activation,BS_YVEEXAAT,0.465523877944166
Neutrophil_Activation,BS_YVMEEBKC,0.443458752639266
Neutrophil_Activation,BS_YWJKHMXV,0.42761114833319
Neutrophil_Activation,BS_YY5B2XDD,0.728501857367476
Neutrophil_Activation,BS_YZ2Z1Q6Y,0.491805573309137
Neutrophil_Activation,BS_Z0AVVB1V,0.415995965349321
Neutrophil_Activation,BS_Z1A875MW,0.32466253766746
Neutrophil_Activation,BS_Z6BWR941,0.24692767269985
Neutrophil_Activation,BS_Z7Y2466H,0.38939686174409
Neutrophil_Activation,BS_ZHHAM3AN,0.607529549608079
Neutrophil_Activation,BS_ZHRGDRBW,0.35179273520421
Neutrophil_Activation,BS_ZJY7Y34M,0.432446022193646
Neutrophil_Activation,BS_ZN2P8BKH,0.533954989600221
Neutrophil_Activation,BS_ZTWGFWTX,0.507851455896866
Neutrophil_Activation,BS_ZV9Z3SY6,0.559684588611198
Neutrophil_Activation,BS_ZVX2GRD6,0.388135099552027
Neutrophil_Activation,BS_ZZMYDZJW,0.403054133958906
Cell_Cycle_Proliferation,BS_00FD2KMP,0.611038757494239
Cell_Cycle_Proliferation,BS_028YFYJ6,0.592161399867611
Cell_Cycle_Proliferation,BS_052PZFMK,0.859122555569659
Cell_Cycle_Proliferation,BS_056Q8577,0.778073113146214
Cell_Cycle_Proliferation,BS_08ST21QE,0.542165267181771
Cell_Cycle_Proliferation,BS_0C7VZC0A,0.374147812975259
Cell_Cycle_Proliferation,BS_0S8E7590,0.689535103893769
Cell_Cycle_Proliferation,BS_0VXZCRJS,0.671300677782867
Cell_Cycle_Proliferation,BS_0XEBS3PG,0.393205902359837
Cell_Cycle_Proliferation,BS_0ZA67BBC,0.502125351667654
Cell_Cycle_Proliferation,BS_12G04QJM,0.846223741139844
Cell_Cycle_Proliferation,BS_17ZSMXFH,0.642299109366687
Cell_Cycle_Proliferation,BS_1A6MQ9ZA,0.742920164146882
Cell_Cycle_Proliferation,BS_1D93Z575,0.718531249330362
Cell_Cycle_Proliferation,BS_1EN5V3XW,0.731514026926644
Cell_Cycle_Proliferation,BS_223BM91B,0.667528227655774
Cell_Cycle_Proliferation,BS_25HNKZ79,0.700517226838511
Cell_Cycle_Proliferation,BS_2853394H,0.702464829019317
Cell_Cycle_Proliferation,BS_297H8BT4,0.690473498064535
Cell_Cycle_Proliferation,BS_29X4ZX6Q,0.738665733860836
Cell_Cycle_Proliferation,BS_2A5R9MEJ,0.675549623061127
Cell_Cycle_Proliferation,BS_2ARXK0TD,0.732912149732891
Cell_Cycle_Proliferation,BS_2AV1H5TV,0.733081901874477
Cell_Cycle_Proliferation,BS_2DMBCHNF,0.836828364934883
Cell_Cycle_Proliferation,BS_2EN3X6HB,0.786537603781161
Cell_Cycle_Proliferation,BS_2FEZWH1F,0.69926251519203
Cell_Cycle_Proliferation,BS_2HNXVFAS,0.736866429060449
Cell_Cycle_Proliferation,BS_2JH1QMT1,0.643868225491459
Cell_Cycle_Proliferation,BS_2JP7RBMB,0.671596160514771
Cell_Cycle_Proliferation,BS_2K01T8K6,0.864415403265459
Cell_Cycle_Proliferation,BS_2PDS3MSS,0.776871959205071
Cell_Cycle_Proliferation,BS_2T5PJAW8,0.472584769309977
Cell_Cycle_Proliferation,BS_2WANPFBJ,0.772719659047402
Cell_Cycle_Proliferation,BS_30F3Z9FS,0.762714295017408
Cell_Cycle_Proliferation,BS_30VC3R2Q,0.571150306535412
Cell_Cycle_Proliferation,BS_30YWQ3FY,0.789152455684151
Cell_Cycle_Proliferation,BS_31MBRWC4,0.703278960009883
Cell_Cycle_Proliferation,BS_333KCNDP,0.716276994351915
Cell_Cycle_Proliferation,BS_399RPKC9,0.582165907873927
Cell_Cycle_Proliferation,BS_3AC3SRWH,0.352851164566247
Cell_Cycle_Proliferation,BS_3MS8WVNR,0.819860272516306
Cell_Cycle_Proliferation,BS_3ZPJAK9A,0.524072963530402
Cell_Cycle_Proliferation,BS_45J79YTF,0.833417796787197
Cell_Cycle_Proliferation,BS_49BQS7Z6,0.496719474550619
Cell_Cycle_Proliferation,BS_49CJNZ06,0.588867685193654
Cell_Cycle_Proliferation,BS_4B0BAVTX,0.760349947527319
Cell_Cycle_Proliferation,BS_4BM3F6XJ,0.604183365842474
Cell_Cycle_Proliferation,BS_4C6B11E4,0.597235303953442
Cell_Cycle_Proliferation,BS_4GNN7J8E,0.555216939709715
Cell_Cycle_Proliferation,BS_4KNBXM3C,0.660421105296912
Cell_Cycle_Proliferation,BS_4Q3KRCZT,0.561027981808391
Cell_Cycle_Proliferation,BS_4QW2S1Q8,0.730257978625901
Cell_Cycle_Proliferation,BS_4T0HQ9QF,0.659111354657991
Cell_Cycle_Proliferation,BS_4V42BXBT,0.726848823555123
Cell_Cycle_Proliferation,BS_51RA1PGE,0.619521371567182
Cell_Cycle_Proliferation,BS_52C576HH,0.68660377970878
Cell_Cycle_Proliferation,BS_5965SFPZ,0.59665502132458
Cell_Cycle_Proliferation,BS_5EFYPZT0,0.845906447156139
Cell_Cycle_Proliferation,BS_5G5BD2MD,0.613733700104337
Cell_Cycle_Proliferation,BS_5K95FX4C,0.56091571233678
Cell_Cycle_Proliferation,BS_5KBXD2GQ,0.46355918234009
Cell_Cycle_Proliferation,BS_5PXZ8F7W,0.802317231464166
Cell_Cycle_Proliferation,BS_5VPM0F36,0.324848032372225
Cell_Cycle_Proliferation,BS_62SW4CC5,0.875926079576807
Cell_Cycle_Proliferation,BS_65WPD3DA,0.67279304692533
Cell_Cycle_Proliferation,BS_68KX6A42,0.807924005139147
Cell_Cycle_Proliferation,BS_6DCSD5Y6,0.527359888247777
Cell_Cycle_Proliferation,BS_6H4Q24WA,0.753518310667976
Cell_Cycle_Proliferation,BS_6M2053M0,0.681193593574308
Cell_Cycle_Proliferation,BS_6SY64H5J,0.433178675060438
Cell_Cycle_Proliferation,BS_6VRG1XFB,0.85592083044867
Cell_Cycle_Proliferation,BS_6WP1FHTE,0.672820430877888
Cell_Cycle_Proliferation,BS_7327SDAQ,0.767658515421163
Cell_Cycle_Proliferation,BS_75YRDXET,0.586142790573658
Cell_Cycle_Proliferation,BS_77SBTNPN,0.845068126804691
Cell_Cycle_Proliferation,BS_7AEF4D4G,0.751390501196781
Cell_Cycle_Proliferation,BS_7APCGCVF,0.644333637543954
Cell_Cycle_Proliferation,BS_7GJT4A6A,0.758592650970103
Cell_Cycle_Proliferation,BS_7GKWKGPH,0.443260958248869
Cell_Cycle_Proliferation,BS_7PVJ6Q3D,0.548001119088825
Cell_Cycle_Proliferation,BS_7WKNNRHK,0.72617020008844
Cell_Cycle_Proliferation,BS_84VZX732,0.532467329987947
Cell_Cycle_Proliferation,BS_84XCR9GG,0.835777329250398
Cell_Cycle_Proliferation,BS_8E8JKP01,0.82501656082721
Cell_Cycle_Proliferation,BS_8ERBDF7D,0.762368884109937
Cell_Cycle_Proliferation,BS_8JK9TXH2,0.522533026824709
Cell_Cycle_Proliferation,BS_8VD670NP,0.872977835635214
Cell_Cycle_Proliferation,BS_8YWYN7VH,0.853104120155166
Cell_Cycle_Proliferation,BS_8ZE4Z9G5,0.827403051381639
Cell_Cycle_Proliferation,BS_8ZY4GST0,0.519523453426588
Cell_Cycle_Proliferation,BS_91VYM11A,0.647106960927441
Cell_Cycle_Proliferation,BS_956G6QPJ,0.743049433419479
Cell_Cycle_Proliferation,BS_97M1E2DW,0.723570891950815
Cell_Cycle_Proliferation,BS_9A1YTHFF,0.711303046886973
Cell_Cycle_Proliferation,BS_9B0A62MT,0.603368887067834
Cell_Cycle_Proliferation,BS_9CA93S6D,0.592720742244668
Cell_Cycle_Proliferation,BS_9FHEFJNP,0.838023427158026
Cell_Cycle_Proliferation,BS_9FX3YREK,0.575503937937634
Cell_Cycle_Proliferation,BS_9GJ3DB1H,0.718058080760088
Cell_Cycle_Proliferation,BS_9JPQZQNG,0.804835150534537
Cell_Cycle_Proliferation,BS_9TXEDSWB,0.646551657768213
Cell_Cycle_Proliferation,BS_9XVACXP0,0.742676055982142
Cell_Cycle_Proliferation,BS_9Y1K14Q5,0.799277341117548
Cell_Cycle_Proliferation,BS_9ZJT0CP0,0.589568517797675
Cell_Cycle_Proliferation,BS_A4PF49V0,0.758373207838687
Cell_Cycle_Proliferation,BS_A6NXR7RC,0.508628283423621
Cell_Cycle_Proliferation,BS_A7Q8G0Y1,0.650911517174363
Cell_Cycle_Proliferation,BS_A8XW5S0W,0.770374139961181
Cell_Cycle_Proliferation,BS_AWH9757B,0.727948948901195
Cell_Cycle_Proliferation,BS_AYSXRQWY,0.748462978236048
Cell_Cycle_Proliferation,BS_AZQM1JJH,0.736150118417189
Cell_Cycle_Proliferation,BS_B1C6GZ84,0.840694072815949
Cell_Cycle_Proliferation,BS_B3MQFFYP,0.597684766502649
Cell_Cycle_Proliferation,BS_B4R7X1KE,0.670625685227793
Cell_Cycle_Proliferation,BS_B57327NA,0.579772511429652
Cell_Cycle_Proliferation,BS_BBAEMXRD,0.732595666798164
Cell_Cycle_Proliferation,BS_BBQ6BHGN,0.74451190767037
Cell_Cycle_Proliferation,BS_BK0HGRXM,0.635937058012893
Cell_Cycle_Proliferation,BS_BMMY0H73,0.499012302559998
Cell_Cycle_Proliferation,BS_C6ZZ3FY5,0.69961391438602
Cell_Cycle_Proliferation,BS_C83TK159,0.554914108986979
Cell_Cycle_Proliferation,BS_CBDQZ8PP,0.737087773568423
Cell_Cycle_Proliferation,BS_CF63VG3S,0.699414769931684
Cell_Cycle_Proliferation,BS_CFD3WHAY,0.492868614964675
Cell_Cycle_Proliferation,BS_CG1RG607,0.439776578804113
Cell_Cycle_Proliferation,BS_CVEDJGHZ,0.496683911329282
Cell_Cycle_Proliferation,BS_CXAQDK7S,0.621603336130385
Cell_Cycle_Proliferation,BS_CZPQ493E,0.65711910399676
Cell_Cycle_Proliferation,BS_D29RPBSZ,0.586606753426286
Cell_Cycle_Proliferation,BS_D4VNDNQA,0.399946923697782
Cell_Cycle_Proliferation,BS_D6J2BGDJ,0.591325688842252
Cell_Cycle_Proliferation,BS_DFGS950G,0.855235853866942
Cell_Cycle_Proliferation,BS_DNZVP92S,0.83980538289143
Cell_Cycle_Proliferation,BS_DR079H0D,0.698760272790069
Cell_Cycle_Proliferation,BS_DS438CXE,0.674831860504382
Cell_Cycle_Proliferation,BS_DSPVSM7D,0.643627672236767
Cell_Cycle_Proliferation,BS_DZNXFPH1,0.813955865709002
Cell_Cycle_Proliferation,BS_E7NVYA6G,0.669756984577839
Cell_Cycle_Proliferation,BS_E9CYN4NP,0.709497186062996
Cell_Cycle_Proliferation,BS_EB0XRBT9,0.643869733237511
Cell_Cycle_Proliferation,BS_EDJ5TV0P,0.547221813157711
Cell_Cycle_Proliferation,BS_EMQM7HTA,0.680955057261052
Cell_Cycle_Proliferation,BS_ENEYB4TG,0.605383596936818
Cell_Cycle_Proliferation,BS_EXPJQZTH,0.713451941104633
Cell_Cycle_Proliferation,BS_EZ3147MX,0.676715485987465
Cell_Cycle_Proliferation,BS_F0JB4EAK,0.499002677254461
Cell_Cycle_Proliferation,BS_F21R36MM,0.697063352642826
Cell_Cycle_Proliferation,BS_F65GWS21,0.822609008399402
Cell_Cycle_Proliferation,BS_F6V1Y4QS,0.774144957551797
Cell_Cycle_Proliferation,BS_F9Y4Z92G,0.478038840624822
Cell_Cycle_Proliferation,BS_FCDAH728,0.753735388213357
Cell_Cycle_Proliferation,BS_FEV5A0HN,0.748979537256645
Cell_Cycle_Proliferation,BS_FGJH1X0S,0.631831688384572
Cell_Cycle_Proliferation,BS_FKASA3MN,0.837626595125872
Cell_Cycle_Proliferation,BS_FN07P04C,0.75884365045159
Cell_Cycle_Proliferation,BS_FX2P2WEG,0.713775883998877
Cell_Cycle_Proliferation,BS_FXJY0MNH,0.316277419329891
Cell_Cycle_Proliferation,BS_FYP2B298,0.623398640959194
Cell_Cycle_Proliferation,BS_G19QZG4S,0.719626024939946
Cell_Cycle_Proliferation,BS_G1E5DATJ,0.685317687081877
Cell_Cycle_Proliferation,BS_G257VSS9,0.770640321972016
Cell_Cycle_Proliferation,BS_G3NN392N,0.550867864778112
Cell_Cycle_Proliferation,BS_G3RJTBZD,0.506924556557146
Cell_Cycle_Proliferation,BS_G5NHSFD4,0.761573333459611
Cell_Cycle_Proliferation,BS_G8TXTX0H,0.805694504672173
Cell_Cycle_Proliferation,BS_GG9W3J9Y,0.78116310088917
Cell_Cycle_Proliferation,BS_GW0GKWMS,0.695102252682846
Cell_Cycle_Proliferation,BS_GWHYM3R4,0.7407766397692
Cell_Cycle_Proliferation,BS_GWSJ4Z9H,0.794391547192224
Cell_Cycle_Proliferation,BS_H5VQJR7X,0.61634046982508
Cell_Cycle_Proliferation,BS_H97S5SQN,0.697507399997791
Cell_Cycle_Proliferation,BS_H9JYKFTV,0.715208920846162
Cell_Cycle_Proliferation,BS_HDHXX8Q7,0.736299353244811
Cell_Cycle_Proliferation,BS_HDPCQETG,0.850126012803987
Cell_Cycle_Proliferation,BS_HJRTC9JQ,0.692304526600299
Cell_Cycle_Proliferation,BS_HJV0J603,0.755882315654996
Cell_Cycle_Proliferation,BS_HRJ9145M,0.638479423602796
Cell_Cycle_Proliferation,BS_HWGWYCY7,0.841447196873649
Cell_Cycle_Proliferation,BS_HZ9AYDCQ,0.61855051262052
Cell_Cycle_Proliferation,BS_J4JY2F3H,0.776511207921552
Cell_Cycle_Proliferation,BS_J6212Y48,0.791097598828725
Cell_Cycle_Proliferation,BS_J6W1RB7A,0.76201146481264
Cell_Cycle_Proliferation,BS_J9CBGP57,0.552923371511793
Cell_Cycle_Proliferation,BS_JB43XBCQ,0.624482320530616
Cell_Cycle_Proliferation,BS_JDSNFYQ0,0.454229731941945
Cell_Cycle_Proliferation,BS_JJVH7WR0,0.765926708371025
Cell_Cycle_Proliferation,BS_JMD386Z2,0.811422889265736
Cell_Cycle_Proliferation,BS_JP95KMRD,0.744056695459103
Cell_Cycle_Proliferation,BS_JQGJQ2QZ,0.758779334722274
Cell_Cycle_Proliferation,BS_JQVAWTTM,0.587914924804277
Cell_Cycle_Proliferation,BS_JQXHHK0K,0.739128726105433
Cell_Cycle_Proliferation,BS_JRYJGYC4,0.497269548508445
Cell_Cycle_Proliferation,BS_JS95PE0J,0.498982671800253
Cell_Cycle_Proliferation,BS_JTWNJ8T7,0.444035161573713
Cell_Cycle_Proliferation,BS_JVW2JJ39,0.802154272775245
Cell_Cycle_Proliferation,BS_K0X3PZGN,0.818861683578344
Cell_Cycle_Proliferation,BS_K17VQECG,0.827934499515165
Cell_Cycle_Proliferation,BS_K2PCC777,0.644754092960357
Cell_Cycle_Proliferation,BS_K74N1BXQ,0.728552857547321
Cell_Cycle_Proliferation,BS_K81PZXP2,0.727662547906433
Cell_Cycle_Proliferation,BS_K88T8SW7,0.855430978210499
Cell_Cycle_Proliferation,BS_KABQQA0T,0.736735154010681
Cell_Cycle_Proliferation,BS_KBEX4RT2,0.762687690458691
Cell_Cycle_Proliferation,BS_KFD5128N,0.550951077594586
Cell_Cycle_Proliferation,BS_KKDTW11T,0.466202010223474
Cell_Cycle_Proliferation,BS_KP735TJ6,0.515539355581457
Cell_Cycle_Proliferation,BS_KQ6ZW085,0.361570377820548
Cell_Cycle_Proliferation,BS_KRS4EV4X,0.70086113588579
Cell_Cycle_Proliferation,BS_KS8HMGA6,0.681975255297821
Cell_Cycle_Proliferation,BS_KVPWHDR4,0.881873113522902
Cell_Cycle_Proliferation,BS_M0FA190Y,0.677805880287973
Cell_Cycle_Proliferation,BS_M0XGZ53Z,0.736408092370746
Cell_Cycle_Proliferation,BS_M1PVEHCM,0.263690545164667
Cell_Cycle_Proliferation,BS_M54TWTH4,0.806004865889965
Cell_Cycle_Proliferation,BS_M7XB258E,0.613930859107352
Cell_Cycle_Proliferation,BS_M85CXHDV,0.726161594358773
Cell_Cycle_Proliferation,BS_MB7WN0ZB,0.806548643014235
Cell_Cycle_Proliferation,BS_MD0937XT,0.796138878489528
Cell_Cycle_Proliferation,BS_MDBT7S5Z,0.787487296422279
Cell_Cycle_Proliferation,BS_ME6VQGG4,0.71313664808945
Cell_Cycle_Proliferation,BS_MFGZH8FK,0.495498207769931
Cell_Cycle_Proliferation,BS_MG78HQDM,0.803226484222855
Cell_Cycle_Proliferation,BS_MWWZBQ60,0.625382241795637
Cell_Cycle_Proliferation,BS_N6TQBQ8M,0.863075611299249
Cell_Cycle_Proliferation,BS_N7SW36FD,0.478426921165904
Cell_Cycle_Proliferation,BS_N7VQ1GQB,0.470359722723718
Cell_Cycle_Proliferation,BS_NB9XXBW6,0.421143208530423
Cell_Cycle_Proliferation,BS_NEFAASTR,0.624779996791969
Cell_Cycle_Proliferation,BS_NEVYM2FP,0.753479097984701
Cell_Cycle_Proliferation,BS_NFKKDYSV,0.809323319503049
Cell_Cycle_Proliferation,BS_NGSG2KB6,0.651366486382654
Cell_Cycle_Proliferation,BS_NNYXMSTX,0.809551163393745
Cell_Cycle_Proliferation,BS_NPA6CZQF,0.717302367830549
Cell_Cycle_Proliferation,BS_NQ54ST98,0.729487604579928
Cell_Cycle_Proliferation,BS_NR3P3GN2,0.801104989888306
Cell_Cycle_Proliferation,BS_NX1R0BC3,0.782773186472984
Cell_Cycle_Proliferation,BS_P0QF87WC,0.597075747029107
Cell_Cycle_Proliferation,BS_P4PMWFMV,0.689107883694233
Cell_Cycle_Proliferation,BS_P7W3AYKV,0.596844628940783
Cell_Cycle_Proliferation,BS_PENM28KT,0.665224901481235
Cell_Cycle_Proliferation,BS_PJC6FH4Y,0.671511223921533
Cell_Cycle_Proliferation,BS_PS0P3QJ3,0.772154968520281
Cell_Cycle_Proliferation,BS_PXCPK5XS,0.852546546981174
Cell_Cycle_Proliferation,BS_PZVHMSYN,0.491169383076514
Cell_Cycle_Proliferation,BS_Q06J3RYW,0.65035204609957
Cell_Cycle_Proliferation,BS_Q35GFYDR,0.823531773607541
Cell_Cycle_Proliferation,BS_Q9N5PRD5,0.67037875101448
Cell_Cycle_Proliferation,BS_QB84TBA3,0.646145011864077
Cell_Cycle_Proliferation,BS_QGKEP3KB,0.787880660279997
Cell_Cycle_Proliferation,BS_QH0VYVJK,0.57962679940832
Cell_Cycle_Proliferation,BS_QHY302E8,0.853390242753374
Cell_Cycle_Proliferation,BS_QMBS32Y2,0.807912152661219
Cell_Cycle_Proliferation,BS_QNNX91SM,0.825332980636685
Cell_Cycle_Proliferation,BS_QY2G1JZJ,0.685154555212816
Cell_Cycle_Proliferation,BS_QYA4TQXX,0.760368347112994
Cell_Cycle_Proliferation,BS_R5JQE0VJ,0.909174330768177
Cell_Cycle_Proliferation,BS_R5SNFB5B,0.864829184329233
Cell_Cycle_Proliferation,BS_R9B92M75,0.608569453053319
Cell_Cycle_Proliferation,BS_RHAWQJ48,0.692799171321967
Cell_Cycle_Proliferation,BS_RHM60031,0.760629310391992
Cell_Cycle_Proliferation,BS_RJC3WDD6,0.594271734155587
Cell_Cycle_Proliferation,BS_RN0VAY51,0.715466329561565
Cell_Cycle_Proliferation,BS_RX1YTZ7F,0.627599780612757
Cell_Cycle_Proliferation,BS_RZBFH1QF,0.797647248304603
Cell_Cycle_Proliferation,BS_S2TA8R29,0.387205555972915
Cell_Cycle_Proliferation,BS_S3C2PZAH,0.659793503140948
Cell_Cycle_Proliferation,BS_S3MET0JZ,0.370106702256922
Cell_Cycle_Proliferation,BS_S4V9E1XJ,0.494047243499465
Cell_Cycle_Proliferation,BS_S5P8VTN5,0.711620080990587
Cell_Cycle_Proliferation,BS_S6B9DVNS,0.788131279292706
Cell_Cycle_Proliferation,BS_S6S7SK3P,0.801240350557273
Cell_Cycle_Proliferation,BS_S8K878T3,0.856372406500227
Cell_Cycle_Proliferation,BS_SBMAM00V,0.821612757465291
Cell_Cycle_Proliferation,BS_SBMCD7XZ,0.439409968548717
Cell_Cycle_Proliferation,BS_SD0EMK7Y,0.504321707716623
Cell_Cycle_Proliferation,BS_SD8YBRBR,0.700863193293708
Cell_Cycle_Proliferation,BS_SERDGASJ,0.644968087845229
Cell_Cycle_Proliferation,BS_SJVTZ5TH,0.67523541022659
Cell_Cycle_Proliferation,BS_SMWQR2F1,0.849983038510075
Cell_Cycle_Proliferation,BS_SNVM7CZT,0.629381111410335
Cell_Cycle_Proliferation,BS_SR2RGDXJ,0.798036869984968
Cell_Cycle_Proliferation,BS_SW9Z10F9,0.740763506378732
Cell_Cycle_Proliferation,BS_SY3J3XR9,0.537096369506956
Cell_Cycle_Proliferation,BS_T1YHK6B7,0.673574655839604
Cell_Cycle_Proliferation,BS_T2F48Z4E,0.832013529596812
Cell_Cycle_Proliferation,BS_T9A8JJW5,0.779880482260709
Cell_Cycle_Proliferation,BS_TASG32Z2,0.77559048688095
Cell_Cycle_Proliferation,BS_TGS109T3,0.765878368828459
Cell_Cycle_Proliferation,BS_TM9MH0RP,0.589289417728634
Cell_Cycle_Proliferation,BS_TR2P8KRF,0.794072276408162
Cell_Cycle_Proliferation,BS_TRKH2SPE,0.613833573577218
Cell_Cycle_Proliferation,BS_TRPXB3AV,0.831537972682331
Cell_Cycle_Proliferation,BS_TTDNZTZ0,0.735370301208205
Cell_Cycle_Proliferation,BS_TTE04ZP8,0.627555104924291
Cell_Cycle_Proliferation,BS_TV5B86ZD,0.831086765029921
Cell_Cycle_Proliferation,BS_TVH33J9Q,0.794667383652417
Cell_Cycle_Proliferation,BS_TXZ7KHTQ,0.738872545228398
Cell_Cycle_Proliferation,BS_V0DQFC75,0.833787486826261
Cell_Cycle_Proliferation,BS_V3Z3DB4N,0.738770216011672
Cell_Cycle_Proliferation,BS_V558NW3Q,0.703710257921595
Cell_Cycle_Proliferation,BS_V6RSB5HQ,0.350129079030331
Cell_Cycle_Proliferation,BS_V8QWBVS3,0.529012673951046
Cell_Cycle_Proliferation,BS_VBMRQK4F,0.640432452103721
Cell_Cycle_Proliferation,BS_VDFXXMEX,0.83471253719187
Cell_Cycle_Proliferation,BS_VF3NVT4G,0.683573513251779
Cell_Cycle_Proliferation,BS_VKH87DD2,0.72597935332999
Cell_Cycle_Proliferation,BS_VKHJG2B8,0.840429967273556
Cell_Cycle_Proliferation,BS_VKYEM67A,0.662873195776632
Cell_Cycle_Proliferation,BS_VMQMGSJY,0.571755026394649
Cell_Cycle_Proliferation,BS_VVTHDRBD,0.702670530257383
Cell_Cycle_Proliferation,BS_W1385R8Y,0.81423159557934
Cell_Cycle_Proliferation,BS_W4DB5RP1,0.683020094566533
Cell_Cycle_Proliferation,BS_W7MFJZ5A,0.554227435133195
Cell_Cycle_Proliferation,BS_WBVSK3MP,0.772480224243485
Cell_Cycle_Proliferation,BS_WEKK6SHP,0.797840558506392
Cell_Cycle_Proliferation,BS_WHBEXD5H,0.524760148332641
Cell_Cycle_Proliferation,BS_WQ1YRTAT,0.730525286739314
Cell_Cycle_Proliferation,BS_WTJEDTZC,0.845292875215605
Cell_Cycle_Proliferation,BS_WVRX4C9Z,0.669203975743585
Cell_Cycle_Proliferation,BS_X0XXN9BK,0.887323493323648
Cell_Cycle_Proliferation,BS_X1G0TKP4,0.570131306487046
Cell_Cycle_Proliferation,BS_X20JCR4H,0.738402759513143
Cell_Cycle_Proliferation,BS_X23724NJ,0.692792431851611
Cell_Cycle_Proliferation,BS_X3HR4Z21,0.757198531990792
Cell_Cycle_Proliferation,BS_X4DD4KSZ,0.807674076912199
Cell_Cycle_Proliferation,BS_X4X1SFSE,0.663757685931935
Cell_Cycle_Proliferation,BS_XG0DBWVT,0.754819989774717
Cell_Cycle_Proliferation,BS_XGDPK33A,0.765228161447912
Cell_Cycle_Proliferation,BS_XM1AHBDJ,0.437065394397161
Cell_Cycle_Proliferation,BS_XQ5SFW35,0.462457801540577
Cell_Cycle_Proliferation,BS_XQXXBWPD,0.592874228053246
Cell_Cycle_Proliferation,BS_XYVCMF4A,0.699284415865411
Cell_Cycle_Proliferation,BS_XZM79E42,0.623941409596517
Cell_Cycle_Proliferation,BS_YA0KMBRT,0.61436079545429
Cell_Cycle_Proliferation,BS_YDEVMD24,0.341506094756877
Cell_Cycle_Proliferation,BS_YMKQT5V0,0.497674474252777
Cell_Cycle_Proliferation,BS_YR12D1ZY,0.753043957704061
Cell_Cycle_Proliferation,BS_YSZRQ95C,0.703511100433634
Cell_Cycle_Proliferation,BS_YTWEM5SG,0.789608537707467
Cell_Cycle_Proliferation,BS_YZ2QFDAN,0.750294536431047
Cell_Cycle_Proliferation,BS_Z0ZPD9S9,0.781237112712215
Cell_Cycle_Proliferation,BS_Z3RCA1T9,0.835108020588307
Cell_Cycle_Proliferation,BS_Z8F3GM85,0.798647555174747
Cell_Cycle_Proliferation,BS_ZD5HN296,0.633712705172876
Cell_Cycle_Proliferation,BS_ZF6BSFNF,0.606227597697954
Cell_Cycle_Proliferation,BS_ZM97KKXE,0.774791907094075
Cell_Cycle_Proliferation,BS_ZV1P6W9C,0.321103303860289
Cell_Cycle_Proliferation,BS_ZVM8CAB0,0.680536762690527
Cell_Cycle_Proliferation,BS_ZZWMD6FA,0.468895206462222
Cell_Cycle_Proliferation,BS_06AMMCXR,0.552686676740371
Cell_Cycle_Proliferation,BS_08TWG4K0,0.582653640025995
Cell_Cycle_Proliferation,BS_1DECYC4K,0.616812110137693
Cell_Cycle_Proliferation,BS_2A5R9D97,0.733219323690697
Cell_Cycle_Proliferation,BS_3VJ0CA6A,0.59245951260218
Cell_Cycle_Proliferation,BS_3XYJBBHQ,0.650488481347326
Cell_Cycle_Proliferation,BS_4C4MZ4NT,0.555363893553093
Cell_Cycle_Proliferation,BS_4PPHAQXF,0.552290547249382
Cell_Cycle_Proliferation,BS_4SMPV083,0.663741886777292
Cell_Cycle_Proliferation,BS_A76PNWQS,0.755417541438684
Cell_Cycle_Proliferation,BS_BZCTXEPJ,0.438486792466129
Cell_Cycle_Proliferation,BS_CB6VK7PB,0.516103842009894
Cell_Cycle_Proliferation,BS_ED8G98XT,0.691896714984344
Cell_Cycle_Proliferation,BS_FCX6DZ0J,0.69850556173794
Cell_Cycle_Proliferation,BS_FYRDYBMZ,0.589746071388681
Cell_Cycle_Proliferation,BS_H1XPVS9A,0.521190079615644
Cell_Cycle_Proliferation,BS_QRNSKFMS,0.462806993859014
Cell_Cycle_Proliferation,BS_R13X6TMW,0.495150449749306
Cell_Cycle_Proliferation,BS_RJMJ935A,0.594122629286282
Cell_Cycle_Proliferation,BS_RWJZFTP9,0.474854599085162
Cell_Cycle_Proliferation,BS_S20SP0WW,0.712485714857268
Cell_Cycle_Proliferation,BS_SB12W1XT,0.609240895268101
Cell_Cycle_Proliferation,BS_T0MXH2CA,0.666859869837005
Cell_Cycle_Proliferation,BS_T1W4JA94,0.422918439271436
Cell_Cycle_Proliferation,BS_T289QKBV,0.667735986784045
Cell_Cycle_Proliferation,BS_T3H5AY8A,0.469753738463317
Cell_Cycle_Proliferation,BS_TVV122JG,0.584305458021397
Cell_Cycle_Proliferation,BS_VW85Q4XJ,0.43870491316666
Cell_Cycle_Proliferation,BS_W97QQYKQ,0.429275341091407
Cell_Cycle_Proliferation,BS_WYMX429C,0.597915961139034
Cell_Cycle_Proliferation,BS_YR1XY6SF,0.582838209836704
Cell_Cycle_Proliferation,BS_014EVM2D,0.411425738059632
Cell_Cycle_Proliferation,BS_044XZ8ST,0.350469166724274
Cell_Cycle_Proliferation,BS_063ERW0R,0.259778115061107
Cell_Cycle_Proliferation,BS_0D5VRAKC,0.506245257315553
Cell_Cycle_Proliferation,BS_0J9SHHSC,0.364495861638398
Cell_Cycle_Proliferation,BS_0SCXXM6N,0.591446535447643
Cell_Cycle_Proliferation,BS_0TDWG2CV,0.549758792595786
Cell_Cycle_Proliferation,BS_0WVJYM9R,0.323328723609844
Cell_Cycle_Proliferation,BS_0X9EGHY2,0.375654525525468
Cell_Cycle_Proliferation,BS_0Y5J2AQ4,0.682536194297195
Cell_Cycle_Proliferation,BS_13CGKADW,0.372296967844231
Cell_Cycle_Proliferation,BS_166N7SZQ,0.502039641640338
Cell_Cycle_Proliferation,BS_17WYVEEC,0.347069073017812
Cell_Cycle_Proliferation,BS_1G3WYEN3,0.386346601918265
Cell_Cycle_Proliferation,BS_1HYS8CSC,0.531552175209129
Cell_Cycle_Proliferation,BS_1JDG6JV5,0.588799999436778
Cell_Cycle_Proliferation,BS_1KYGSMA7,0.474839246146222
Cell_Cycle_Proliferation,BS_1N76FQZY,0.461700658479692
Cell_Cycle_Proliferation,BS_1NPD7PVG,0.29278933653339
Cell_Cycle_Proliferation,BS_1Z9AX9JS,0.595236569455795
Cell_Cycle_Proliferation,BS_1ZVXF5FE,0.38653005472134
Cell_Cycle_Proliferation,BS_21RE8W46,0.17871198752636
Cell_Cycle_Proliferation,BS_24AHZ9ZW,0.439881131387864
Cell_Cycle_Proliferation,BS_2720P44V,0.587001107411078
Cell_Cycle_Proliferation,BS_27FYYPJG,0.469422349647713
Cell_Cycle_Proliferation,BS_29TRQXWM,0.408453891767721
Cell_Cycle_Proliferation,BS_2ADZNNV4,0.39162240023846
Cell_Cycle_Proliferation,BS_2EMW8ZG3,0.448382659631752
Cell_Cycle_Proliferation,BS_2K3FVT86,0.679070882368052
Cell_Cycle_Proliferation,BS_2KJ2YAZR,0.490179540810191
Cell_Cycle_Proliferation,BS_2QCQYY6M,0.458193307792918
Cell_Cycle_Proliferation,BS_2WPQ8YCW,0.299171218392587
Cell_Cycle_Proliferation,BS_2XM08BFY,0.460072534085519
Cell_Cycle_Proliferation,BS_2YCJV2VV,0.495209992047268
Cell_Cycle_Proliferation,BS_304SPN6B,0.490811081798782
Cell_Cycle_Proliferation,BS_33AQSPRP,0.522238700925602
Cell_Cycle_Proliferation,BS_3G3KWY18,0.264588798030901
Cell_Cycle_Proliferation,BS_3GAN6Q43,0.447317199224326
Cell_Cycle_Proliferation,BS_3P20Q2C3,0.398591195501668
Cell_Cycle_Proliferation,BS_3PYESPHA,0.360793806930263
Cell_Cycle_Proliferation,BS_3Q0GTSYH,0.280378437793602
Cell_Cycle_Proliferation,BS_3TJHY996,0.603510484037109
Cell_Cycle_Proliferation,BS_3XY76V8T,0.415325171788468
Cell_Cycle_Proliferation,BS_3Y2X2RBJ,0.496893509678433
Cell_Cycle_Proliferation,BS_401R3KV0,0.462623640637072
Cell_Cycle_Proliferation,BS_42DY6WS7,0.330831399559644
Cell_Cycle_Proliferation,BS_42Y3YANN,0.440225529183906
Cell_Cycle_Proliferation,BS_470DYRJQ,0.454042080805904
Cell_Cycle_Proliferation,BS_47SJZ3PH,0.445875713714549
Cell_Cycle_Proliferation,BS_49852ZBH,0.424996006892438
Cell_Cycle_Proliferation,BS_4A45GGSW,0.465790971734118
Cell_Cycle_Proliferation,BS_4BWB0FA0,0.351610107189722
Cell_Cycle_Proliferation,BS_4CXE5XEP,0.521890769150485
Cell_Cycle_Proliferation,BS_4HQ3T2NC,0.288117288983487
Cell_Cycle_Proliferation,BS_4N1GNHX4,0.437032136561682
Cell_Cycle_Proliferation,BS_4NF35AF6,0.339344073803875
Cell_Cycle_Proliferation,BS_4TZQY7TT,0.514742773937554
Cell_Cycle_Proliferation,BS_4Y6BCYK5,0.485160194587215
Cell_Cycle_Proliferation,BS_4Z2F4P9N,0.54259498067454
Cell_Cycle_Proliferation,BS_503DZ8BN,0.820006378936208
Cell_Cycle_Proliferation,BS_52426AMF,0.39355503845258
Cell_Cycle_Proliferation,BS_52DAPP1Y,0.421397174275591
Cell_Cycle_Proliferation,BS_534XRSNB,0.416927505175446
Cell_Cycle_Proliferation,BS_53GQKVEX,0.613128279483384
Cell_Cycle_Proliferation,BS_54H90JW2,0.649226267986412
Cell_Cycle_Proliferation,BS_55P8HPYD,0.234016774632833
Cell_Cycle_Proliferation,BS_55X1W2MR,0.506115722037076
Cell_Cycle_Proliferation,BS_57NMZPS0,0.854525692084709
Cell_Cycle_Proliferation,BS_593HEWBF,0.583509952106224
Cell_Cycle_Proliferation,BS_5J5D3QTD,0.570960081176279
Cell_Cycle_Proliferation,BS_5K3R0F5D,0.279959319460928
Cell_Cycle_Proliferation,BS_5NWDARXG,0.353150745137954
Cell_Cycle_Proliferation,BS_5PEFNDCY,0.204606890612885
Cell_Cycle_Proliferation,BS_5PV5N4HQ,0.297785784228455
Cell_Cycle_Proliferation,BS_5YJEPPTP,0.444686300889066
Cell_Cycle_Proliferation,BS_5YYCP891,0.619152897173678
Cell_Cycle_Proliferation,BS_66ABA973,0.216657786967715
Cell_Cycle_Proliferation,BS_66HQ3E4Z,0.308009282596048
Cell_Cycle_Proliferation,BS_680K119G,0.395164417790478
Cell_Cycle_Proliferation,BS_68BW2163,0.247382000448273
Cell_Cycle_Proliferation,BS_699TN5RN,0.3036320017866
Cell_Cycle_Proliferation,BS_6HXD39AM,0.447630378348576
Cell_Cycle_Proliferation,BS_6N3AFF66,0.322705118191386
Cell_Cycle_Proliferation,BS_6TSAVMT9,0.480435026045794
Cell_Cycle_Proliferation,BS_6VF6VPCG,0.520379815135181
Cell_Cycle_Proliferation,BS_769BDPDB,0.412506357705454
Cell_Cycle_Proliferation,BS_76DRXZRJ,0.407473564643201
Cell_Cycle_Proliferation,BS_775HDFNY,0.411893505570578
Cell_Cycle_Proliferation,BS_7H4RFCW9,0.495473540781339
Cell_Cycle_Proliferation,BS_7M3FNSYK,0.403179399456613
Cell_Cycle_Proliferation,BS_7MGXMG6S,0.605334161836353
Cell_Cycle_Proliferation,BS_7N0B2CY1,0.308793426060799
Cell_Cycle_Proliferation,BS_7P83Z28P,0.431845500232507
Cell_Cycle_Proliferation,BS_7Z93ZYMS,0.439421397661021
Cell_Cycle_Proliferation,BS_880ESDFZ,0.540432533924665
Cell_Cycle_Proliferation,BS_8BF616QR,0.522190739697124
Cell_Cycle_Proliferation,BS_8J3B6ZB6,0.52807105196743
Cell_Cycle_Proliferation,BS_8QJ43WKW,0.609894380184847
Cell_Cycle_Proliferation,BS_8RCR7Y4B,0.43615263902096
Cell_Cycle_Proliferation,BS_8VAZSJEN,0.381998156062259
Cell_Cycle_Proliferation,BS_92HCM7BN,0.578563416264691
Cell_Cycle_Proliferation,BS_94MT16N2,0.256242005709702
Cell_Cycle_Proliferation,BS_9BJARSX3,0.455598403840003
Cell_Cycle_Proliferation,BS_9F09XV62,0.341457492809154
Cell_Cycle_Proliferation,BS_9HSGV9TJ,0.512485416956414
Cell_Cycle_Proliferation,BS_9JBX2E8G,0.417888581529642
Cell_Cycle_Proliferation,BS_9P9MB8X8,0.449518177208563
Cell_Cycle_Proliferation,BS_9Q6Z6VJC,0.299302033081941
Cell_Cycle_Proliferation,BS_9S7AG4EN,0.382113778638052
Cell_Cycle_Proliferation,BS_9SJWWYQ4,0.225455797246729
Cell_Cycle_Proliferation,BS_9YXH2CZ0,0.51482459958922
Cell_Cycle_Proliferation,BS_A13BMEF5,0.437762051283207
Cell_Cycle_Proliferation,BS_A1VEGWTR,0.235676987712206
Cell_Cycle_Proliferation,BS_A46RDWGM,0.563997334637746
Cell_Cycle_Proliferation,BS_A96FKXN5,0.501666738174514
Cell_Cycle_Proliferation,BS_AGVWD5K8,0.453863503735525
Cell_Cycle_Proliferation,BS_AM0BZ61K,0.541450930121204
Cell_Cycle_Proliferation,BS_AP0SZ364,0.444500377808925
Cell_Cycle_Proliferation,BS_ATHSTZ5R,0.522086256350083
Cell_Cycle_Proliferation,BS_AW7J9F9R,0.760439297661068
Cell_Cycle_Proliferation,BS_B0SVFK4P,0.268909649896938
Cell_Cycle_Proliferation,BS_B3M5SGPA,0.427450419975249
Cell_Cycle_Proliferation,BS_B5JM6T8K,0.461265655452213
Cell_Cycle_Proliferation,BS_B6JKQFKA,0.507496738768497
Cell_Cycle_Proliferation,BS_B7GEH89C,0.490279493403223
Cell_Cycle_Proliferation,BS_B7X8VXQ3,0.401445684313527
Cell_Cycle_Proliferation,BS_BANCTAV6,0.662254404986064
Cell_Cycle_Proliferation,BS_BC936YNZ,0.356484627456674
Cell_Cycle_Proliferation,BS_BGRPWBNG,0.577681387925673
Cell_Cycle_Proliferation,BS_BJBM0BN7,0.585885644291677
Cell_Cycle_Proliferation,BS_BKQZ550R,0.48898688731391
Cell_Cycle_Proliferation,BS_BN986DF6,0.299770586513269
Cell_Cycle_Proliferation,BS_BNECCX4D,0.576459762795545
Cell_Cycle_Proliferation,BS_BPSTSCBJ,0.376471006833317
Cell_Cycle_Proliferation,BS_BW79W2PD,0.521526506769438
Cell_Cycle_Proliferation,BS_C0NEVC2B,0.44422610840389
Cell_Cycle_Proliferation,BS_C51RB0YR,0.443204901176353
Cell_Cycle_Proliferation,BS_C6SKJG3N,0.266761442192939
Cell_Cycle_Proliferation,BS_CC6RREE4,0.704814345471115
Cell_Cycle_Proliferation,BS_CGB2WS2A,0.364985006935992
Cell_Cycle_Proliferation,BS_CKX8RW1J,0.572516713847286
Cell_Cycle_Proliferation,BS_CMDJJQ7K,0.532861885429539
Cell_Cycle_Proliferation,BS_CTR5X93B,0.241073228180313
Cell_Cycle_Proliferation,BS_CVGFNCBJ,0.271886784192793
Cell_Cycle_Proliferation,BS_D3YBV7KB,0.397397712515303
Cell_Cycle_Proliferation,BS_DEHJF4C7,0.516921202998242
Cell_Cycle_Proliferation,BS_DMJHAG9X,0.560013911095178
Cell_Cycle_Proliferation,BS_DMZP9G1H,0.253805692583387
Cell_Cycle_Proliferation,BS_DPF1CX0G,0.321489154988319
Cell_Cycle_Proliferation,BS_DSS3S5XD,0.321274164185629
Cell_Cycle_Proliferation,BS_DV86M0Y7,0.236682141165084
Cell_Cycle_Proliferation,BS_E2DEWCSK,0.446659262225929
Cell_Cycle_Proliferation,BS_E3EJHXQV,0.458841191332717
Cell_Cycle_Proliferation,BS_E4GC9EXR,0.367602411133036
Cell_Cycle_Proliferation,BS_E94QRJDW,0.423414167260846
Cell_Cycle_Proliferation,BS_EBMCTR80,0.621326469043031
Cell_Cycle_Proliferation,BS_EFEZB0ZH,0.380827202901433
Cell_Cycle_Proliferation,BS_EHVYJAVA,0.252183492007825
Cell_Cycle_Proliferation,BS_EMAJ7P3P,0.418974287375768
Cell_Cycle_Proliferation,BS_ET8CJXSF,0.22361785178778
Cell_Cycle_Proliferation,BS_EXGBH3TD,0.252651167215472
Cell_Cycle_Proliferation,BS_EYSS0ZDS,0.367420407375722
Cell_Cycle_Proliferation,BS_F1K9QTBS,0.549518303336081
Cell_Cycle_Proliferation,BS_F77MGAQT,0.528425116684297
Cell_Cycle_Proliferation,BS_F8N6CFQE,0.462950858936138
Cell_Cycle_Proliferation,BS_FAQQ0GCQ,0.378805642050481
Cell_Cycle_Proliferation,BS_FJWZ3M7V,0.503579582496847
Cell_Cycle_Proliferation,BS_FJZPQZ2C,0.466429819049251
Cell_Cycle_Proliferation,BS_FR42HY0Z,0.365096101936518
Cell_Cycle_Proliferation,BS_FX4WKR2R,0.398363550192723
Cell_Cycle_Proliferation,BS_FZ62GZGV,0.494358167868264
Cell_Cycle_Proliferation,BS_G1DAGKSY,0.460819723832445
Cell_Cycle_Proliferation,BS_G5QBBHDV,0.245053568253159
Cell_Cycle_Proliferation,BS_G7AGNB5G,0.5032667961289
Cell_Cycle_Proliferation,BS_G9XE3N9T,0.298117471752446
Cell_Cycle_Proliferation,BS_GCA4GET3,0.305272291632885
Cell_Cycle_Proliferation,BS_GHNJ4CYC,0.312973274507456
Cell_Cycle_Proliferation,BS_GPEGRCCT,0.45649654147469
Cell_Cycle_Proliferation,BS_GTZCFGRZ,0.253749533328164
Cell_Cycle_Proliferation,BS_GYA4V1RD,0.382175907053012
Cell_Cycle_Proliferation,BS_GYXSDZ56,0.458291703725858
Cell_Cycle_Proliferation,BS_H08FEN68,0.406184774397523
Cell_Cycle_Proliferation,BS_H0WF1WHE,0.573334408444935
Cell_Cycle_Proliferation,BS_H3FE3TH9,0.473496444308211
Cell_Cycle_Proliferation,BS_H8A9PSYA,0.208561594239672
Cell_Cycle_Proliferation,BS_H9EX5WX3,0.453293605925813
Cell_Cycle_Proliferation,BS_HC5M8JTC,0.437426654513455
Cell_Cycle_Proliferation,BS_HM0R6SXQ,0.570020687053099
Cell_Cycle_Proliferation,BS_HNMQ7488,0.525179939931133
Cell_Cycle_Proliferation,BS_HQ5BJ6MW,0.550656407877407
Cell_Cycle_Proliferation,BS_HQDXQ5Y4,0.424452727836254
Cell_Cycle_Proliferation,BS_HSHN8PBB,0.399213924862612
Cell_Cycle_Proliferation,BS_HSTNFPKW,0.680007317317109
Cell_Cycle_Proliferation,BS_HV8PFRBR,0.328528203807823
Cell_Cycle_Proliferation,BS_J5H5VXWY,0.494452532004393
Cell_Cycle_Proliferation,BS_J9M83K8T,0.50501268110351
Cell_Cycle_Proliferation,BS_JFVB9KXB,0.848451193542493
Cell_Cycle_Proliferation,BS_JGKZ54SA,0.559267342818607
Cell_Cycle_Proliferation,BS_JH29M4KG,0.505822946240707
Cell_Cycle_Proliferation,BS_JKXA3FQC,0.317536901372098
Cell_Cycle_Proliferation,BS_JMHG7GCN,0.357348566934253
Cell_Cycle_Proliferation,BS_JVA2NQFF,0.43561402367637
Cell_Cycle_Proliferation,BS_JWSR581E,0.440468305056964
Cell_Cycle_Proliferation,BS_K57A4A9D,0.40514350388779
Cell_Cycle_Proliferation,BS_K5802F84,0.273798653325985
Cell_Cycle_Proliferation,BS_K7MVS0Z7,0.301298019770513
Cell_Cycle_Proliferation,BS_K838XW6V,0.53727277761854
Cell_Cycle_Proliferation,BS_M4NVX721,0.366520663400938
Cell_Cycle_Proliferation,BS_M4TTKPNR,0.370666027309896
Cell_Cycle_Proliferation,BS_M8M56Z4Y,0.35584029138243
Cell_Cycle_Proliferation,BS_M8WP5T16,0.630109946760329
Cell_Cycle_Proliferation,BS_MBSTWZA6,0.463003872404586
Cell_Cycle_Proliferation,BS_MF9X3PKH,0.432036787795597
Cell_Cycle_Proliferation,BS_MH8RAG4A,0.822070379451924
Cell_Cycle_Proliferation,BS_MX92FD6D,0.471691393993789
Cell_Cycle_Proliferation,BS_MY9D8XZ1,0.344482113403567
Cell_Cycle_Proliferation,BS_N1E0H8YQ,0.375786944515716
Cell_Cycle_Proliferation,BS_N210XMKR,0.324585850742045
Cell_Cycle_Proliferation,BS_N6NE6B3W,0.311439622318369
Cell_Cycle_Proliferation,BS_N87X1T8T,0.455795937429832
Cell_Cycle_Proliferation,BS_NB5XWMJT,0.366571065411816
Cell_Cycle_Proliferation,BS_NBZNAG7Q,0.553127722738389
Cell_Cycle_Proliferation,BS_NG9X6SJA,0.522576930731329
Cell_Cycle_Proliferation,BS_NKEAAFMW,0.63241550009687
Cell_Cycle_Proliferation,BS_NPQJ20KX,0.23895243776684
Cell_Cycle_Proliferation,BS_NQB91P48,0.278740152743766
Cell_Cycle_Proliferation,BS_NRFQEQKP,0.369693858554992
Cell_Cycle_Proliferation,BS_NRPG5K4K,0.422172420947437
Cell_Cycle_Proliferation,BS_NS7GSHB9,0.474929267453579
Cell_Cycle_Proliferation,BS_NT9NZYFD,0.289260119821155
Cell_Cycle_Proliferation,BS_NY5T05AK,0.569861038363706
Cell_Cycle_Proliferation,BS_P2Y2NANM,0.468719494830536
Cell_Cycle_Proliferation,BS_PDVD0GCM,0.415099943144303
Cell_Cycle_Proliferation,BS_PEP9NZXN,0.281014420701746
Cell_Cycle_Proliferation,BS_PQ7CQFYR,0.275020237278365
Cell_Cycle_Proliferation,BS_PRCG6W20,0.494231701994918
Cell_Cycle_Proliferation,BS_Q2PBFNDF,0.454952337928721
Cell_Cycle_Proliferation,BS_Q3TBCK4V,0.670804334194476
Cell_Cycle_Proliferation,BS_Q6VH5GJ8,0.421913783834883
Cell_Cycle_Proliferation,BS_Q79NP5YY,0.434709662851611
Cell_Cycle_Proliferation,BS_QBMW69AM,0.521115205566392
Cell_Cycle_Proliferation,BS_QH82PBMB,0.560673282701707
Cell_Cycle_Proliferation,BS_QTSXW7DA,0.401056211979451
Cell_Cycle_Proliferation,BS_QV51J756,0.226192973114229
Cell_Cycle_Proliferation,BS_R244Z0WX,0.238571803129566
Cell_Cycle_Proliferation,BS_R3AJB6VS,0.537091861115742
Cell_Cycle_Proliferation,BS_R7V8BC98,0.501712700444112
Cell_Cycle_Proliferation,BS_R9CKW9DY,0.509027416423545
Cell_Cycle_Proliferation,BS_RAQFEB0S,0.518197948049939
Cell_Cycle_Proliferation,BS_RARBBY7C,0.483544609683617
Cell_Cycle_Proliferation,BS_RGSMX7QD,0.369194557164324
Cell_Cycle_Proliferation,BS_RMT7ABN6,0.522353701852605
Cell_Cycle_Proliferation,BS_RNANA568,0.51168664657547
Cell_Cycle_Proliferation,BS_RPJ1EPHA,0.526551480289335
Cell_Cycle_Proliferation,BS_RRAEQZ97,0.441325288315905
Cell_Cycle_Proliferation,BS_RVSEDNJ4,0.367979270444745
Cell_Cycle_Proliferation,BS_S1KK7XRH,0.459527462985292
Cell_Cycle_Proliferation,BS_S458NMKH,0.477065140095257
Cell_Cycle_Proliferation,BS_S50KQEXV,0.379648841717599
Cell_Cycle_Proliferation,BS_SDA4RMMG,0.341511941758515
Cell_Cycle_Proliferation,BS_SDZY6RZ3,0.361284325182308
Cell_Cycle_Proliferation,BS_SFKZSJN1,0.298622159350527
Cell_Cycle_Proliferation,BS_SH2S6SFN,0.508745939743892
Cell_Cycle_Proliferation,BS_SHMC4902,0.344466926634601
Cell_Cycle_Proliferation,BS_SJ0HXCD0,0.617564487882201
Cell_Cycle_Proliferation,BS_SQX5E15Z,0.412361083830703
Cell_Cycle_Proliferation,BS_SW8C9Y5Y,0.399013889831247
Cell_Cycle_Proliferation,BS_SXRS2P6T,0.426149896904227
Cell_Cycle_Proliferation,BS_T0RKFEKR,0.463626238861136
Cell_Cycle_Proliferation,BS_T2QPMZCM,0.261782828946157
Cell_Cycle_Proliferation,BS_T4JFN54G,0.427537197096901
Cell_Cycle_Proliferation,BS_T5P5ME9M,0.489262152868568
Cell_Cycle_Proliferation,BS_TDJXQBVY,0.547675165250603
Cell_Cycle_Proliferation,BS_TG93XC55,0.296366927924287
Cell_Cycle_Proliferation,BS_TRZZRYKF,0.486645902538542
Cell_Cycle_Proliferation,BS_TV80600R,0.492839392199931
Cell_Cycle_Proliferation,BS_TWFDEMBZ,0.408544061578095
Cell_Cycle_Proliferation,BS_V2G1YE8R,0.473042110511872
Cell_Cycle_Proliferation,BS_V33RCK1Y,0.591174410545817
Cell_Cycle_Proliferation,BS_V3REENH9,0.411317504417519
Cell_Cycle_Proliferation,BS_V72GX2AZ,0.530159017282738
Cell_Cycle_Proliferation,BS_V7BZ049H,0.497150494338539
Cell_Cycle_Proliferation,BS_V89HGTET,0.438795118384184
Cell_Cycle_Proliferation,BS_VARR255N,0.540850408345317
Cell_Cycle_Proliferation,BS_VMMJYN8Z,0.301012273022669
Cell_Cycle_Proliferation,BS_VTYNWK05,0.430988698487831
Cell_Cycle_Proliferation,BS_VZWXGYT2,0.625391335281397
Cell_Cycle_Proliferation,BS_WRQHPSXQ,0.627531081853775
Cell_Cycle_Proliferation,BS_WVS02TZK,0.433292096707503
Cell_Cycle_Proliferation,BS_X16PENSA,0.32562007965318
Cell_Cycle_Proliferation,BS_X2EDW2ZB,0.394828444530819
Cell_Cycle_Proliferation,BS_X5DFR216,0.503750031078851
Cell_Cycle_Proliferation,BS_X6GFVDVA,0.393602586001039
Cell_Cycle_Proliferation,BS_X91K8KMG,0.387812750656131
Cell_Cycle_Proliferation,BS_XGSA3GQE,0.512462692689918
Cell_Cycle_Proliferation,BS_XKKB4MZV,0.371391367268534
Cell_Cycle_Proliferation,BS_Y0PCBNJV,0.444691874941793
Cell_Cycle_Proliferation,BS_Y274AC0H,0.506308398835828
Cell_Cycle_Proliferation,BS_Y7H24JZG,0.652231676321892
Cell_Cycle_Proliferation,BS_Y7W8BR6B,0.515999338501582
Cell_Cycle_Proliferation,BS_YASWHXJC,0.576405025399084
Cell_Cycle_Proliferation,BS_YB2RXRHT,0.359740468149618
Cell_Cycle_Proliferation,BS_YCREDZTJ,0.421064062625418
Cell_Cycle_Proliferation,BS_YEQVW4ND,0.366239107315982
Cell_Cycle_Proliferation,BS_YMAJC22S,0.514708040061629
Cell_Cycle_Proliferation,BS_YVEEXAAT,0.485444631624616
Cell_Cycle_Proliferation,BS_YVMEEBKC,0.335800136195495
Cell_Cycle_Proliferation,BS_YWJKHMXV,0.482327841337833
Cell_Cycle_Proliferation,BS_YY5B2XDD,0.591348716521064
Cell_Cycle_Proliferation,BS_YZ2Z1Q6Y,0.219533395369941
Cell_Cycle_Proliferation,BS_Z0AVVB1V,0.232979930863614
Cell_Cycle_Proliferation,BS_Z1A875MW,0.410598744120381
Cell_Cycle_Proliferation,BS_Z6BWR941,0.433779083510919
Cell_Cycle_Proliferation,BS_Z7Y2466H,0.417387209105245
Cell_Cycle_Proliferation,BS_ZHHAM3AN,0.51789594282327
Cell_Cycle_Proliferation,BS_ZHRGDRBW,0.388778863976207
Cell_Cycle_Proliferation,BS_ZJY7Y34M,0.377702405445857
Cell_Cycle_Proliferation,BS_ZN2P8BKH,0.466988506016774
Cell_Cycle_Proliferation,BS_ZTWGFWTX,0.468872070694299
Cell_Cycle_Proliferation,BS_ZV9Z3SY6,0.415744269265037
Cell_Cycle_Proliferation,BS_ZVX2GRD6,0.564707903375816
Cell_Cycle_Proliferation,BS_ZZMYDZJW,0.496175446123647
Stemness_Brain_Tumor,BS_00FD2KMP,0.73234794366254
Stemness_Brain_Tumor,BS_028YFYJ6,0.72546611545978
Stemness_Brain_Tumor,BS_052PZFMK,0.690594518754896
Stemness_Brain_Tumor,BS_056Q8577,0.741072596490298
Stemness_Brain_Tumor,BS_08ST21QE,0.694163721217927
Stemness_Brain_Tumor,BS_0C7VZC0A,0.746676681081772
Stemness_Brain_Tumor,BS_0S8E7590,0.809901089460371
Stemness_Brain_Tumor,BS_0VXZCRJS,0.755209212217077
Stemness_Brain_Tumor,BS_0XEBS3PG,0.640505161335928
Stemness_Brain_Tumor,BS_0ZA67BBC,0.76354297957
Stemness_Brain_Tumor,BS_12G04QJM,0.712491293954217
Stemness_Brain_Tumor,BS_17ZSMXFH,0.782091166059295
Stemness_Brain_Tumor,BS_1A6MQ9ZA,0.760248127163443
Stemness_Brain_Tumor,BS_1D93Z575,0.745425416564842
Stemness_Brain_Tumor,BS_1EN5V3XW,0.718249795342983
Stemness_Brain_Tumor,BS_223BM91B,0.726987906368911
Stemness_Brain_Tumor,BS_25HNKZ79,0.729584643920701
Stemness_Brain_Tumor,BS_2853394H,0.790759582450198
Stemness_Brain_Tumor,BS_297H8BT4,0.746507682253502
Stemness_Brain_Tumor,BS_29X4ZX6Q,0.758027296017789
Stemness_Brain_Tumor,BS_2A5R9MEJ,0.757130875230046
Stemness_Brain_Tumor,BS_2ARXK0TD,0.767639445825175
Stemness_Brain_Tumor,BS_2AV1H5TV,0.772423500016581
Stemness_Brain_Tumor,BS_2DMBCHNF,0.622658992809924
Stemness_Brain_Tumor,BS_2EN3X6HB,0.721624799953033
Stemness_Brain_Tumor,BS_2FEZWH1F,0.755848785592372
Stemness_Brain_Tumor,BS_2HNXVFAS,0.775729383850414
Stemness_Brain_Tumor,BS_2JH1QMT1,0.781268804318183
Stemness_Brain_Tumor,BS_2JP7RBMB,0.767435623499212
Stemness_Brain_Tumor,BS_2K01T8K6,0.80868506071067
Stemness_Brain_Tumor,BS_2PDS3MSS,0.731544110485621
Stemness_Brain_Tumor,BS_2T5PJAW8,0.712753433455887
Stemness_Brain_Tumor,BS_2WANPFBJ,0.750687035168957
Stemness_Brain_Tumor,BS_30F3Z9FS,0.810530965980482
Stemness_Brain_Tumor,BS_30VC3R2Q,0.779000633894353
Stemness_Brain_Tumor,BS_30YWQ3FY,0.781279855209344
Stemness_Brain_Tumor,BS_31MBRWC4,0.777297652176908
Stemness_Brain_Tumor,BS_333KCNDP,0.757531878321486
Stemness_Brain_Tumor,BS_399RPKC9,0.745858958750759
Stemness_Brain_Tumor,BS_3AC3SRWH,0.650074847096936
Stemness_Brain_Tumor,BS_3MS8WVNR,0.71248452012225
Stemness_Brain_Tumor,BS_3ZPJAK9A,0.748993862811232
Stemness_Brain_Tumor,BS_45J79YTF,0.760117767964122
Stemness_Brain_Tumor,BS_49BQS7Z6,0.77389147867218
Stemness_Brain_Tumor,BS_49CJNZ06,0.755021068721436
Stemness_Brain_Tumor,BS_4B0BAVTX,0.742219482151263
Stemness_Brain_Tumor,BS_4BM3F6XJ,0.727294776116979
Stemness_Brain_Tumor,BS_4C6B11E4,0.726898855318127
Stemness_Brain_Tumor,BS_4GNN7J8E,0.731461991221844
Stemness_Brain_Tumor,BS_4KNBXM3C,0.772939991597274
Stemness_Brain_Tumor,BS_4Q3KRCZT,0.78653297961931
Stemness_Brain_Tumor,BS_4QW2S1Q8,0.75172657727238
Stemness_Brain_Tumor,BS_4T0HQ9QF,0.760413641670169
Stemness_Brain_Tumor,BS_4V42BXBT,0.775451331999243
Stemness_Brain_Tumor,BS_51RA1PGE,0.766648093222272
Stemness_Brain_Tumor,BS_52C576HH,0.721295890780811
Stemness_Brain_Tumor,BS_5965SFPZ,0.787535592787614
Stemness_Brain_Tumor,BS_5EFYPZT0,0.674560072096688
Stemness_Brain_Tumor,BS_5G5BD2MD,0.708751807285112
Stemness_Brain_Tumor,BS_5K95FX4C,0.776204339812374
Stemness_Brain_Tumor,BS_5KBXD2GQ,0.720542225747446
Stemness_Brain_Tumor,BS_5PXZ8F7W,0.758742283048985
Stemness_Brain_Tumor,BS_5VPM0F36,0.708575319731664
Stemness_Brain_Tumor,BS_62SW4CC5,0.735116268337583
Stemness_Brain_Tumor,BS_65WPD3DA,0.816731009135925
Stemness_Brain_Tumor,BS_68KX6A42,0.771155278023683
Stemness_Brain_Tumor,BS_6DCSD5Y6,0.676238019864479
Stemness_Brain_Tumor,BS_6H4Q24WA,0.814082053248361
Stemness_Brain_Tumor,BS_6M2053M0,0.779746215765125
Stemness_Brain_Tumor,BS_6SY64H5J,0.747880409104178
Stemness_Brain_Tumor,BS_6VRG1XFB,0.766143563580948
Stemness_Brain_Tumor,BS_6WP1FHTE,0.78385541881577
Stemness_Brain_Tumor,BS_7327SDAQ,0.774914807691341
Stemness_Brain_Tumor,BS_75YRDXET,0.728197554586487
Stemness_Brain_Tumor,BS_77SBTNPN,0.637492801360759
Stemness_Brain_Tumor,BS_7AEF4D4G,0.739648605222386
Stemness_Brain_Tumor,BS_7APCGCVF,0.71102601383555
Stemness_Brain_Tumor,BS_7GJT4A6A,0.800890228232868
Stemness_Brain_Tumor,BS_7GKWKGPH,0.696183081073119
Stemness_Brain_Tumor,BS_7PVJ6Q3D,0.676428518736675
Stemness_Brain_Tumor,BS_7WKNNRHK,0.683655882597508
Stemness_Brain_Tumor,BS_84VZX732,0.728777924964688
Stemness_Brain_Tumor,BS_84XCR9GG,0.721223676784484
Stemness_Brain_Tumor,BS_8E8JKP01,0.684541601177874
Stemness_Brain_Tumor,BS_8ERBDF7D,0.75964934562267
Stemness_Brain_Tumor,BS_8JK9TXH2,0.702877388515252
Stemness_Brain_Tumor,BS_8VD670NP,0.745521951501051
Stemness_Brain_Tumor,BS_8YWYN7VH,0.755447934930501
Stemness_Brain_Tumor,BS_8ZE4Z9G5,0.720223990732111
Stemness_Brain_Tumor,BS_8ZY4GST0,0.784034447839677
Stemness_Brain_Tumor,BS_91VYM11A,0.706181234585741
Stemness_Brain_Tumor,BS_956G6QPJ,0.760850051723933
Stemness_Brain_Tumor,BS_97M1E2DW,0.786986240647287
Stemness_Brain_Tumor,BS_9A1YTHFF,0.781137145992363
Stemness_Brain_Tumor,BS_9B0A62MT,0.735787705255312
Stemness_Brain_Tumor,BS_9CA93S6D,0.763628215053228
Stemness_Brain_Tumor,BS_9FHEFJNP,0.738241677032411
Stemness_Brain_Tumor,BS_9FX3YREK,0.761125216952792
Stemness_Brain_Tumor,BS_9GJ3DB1H,0.807663824339401
Stemness_Brain_Tumor,BS_9JPQZQNG,0.724261359965214
Stemness_Brain_Tumor,BS_9TXEDSWB,0.722800360085752
Stemness_Brain_Tumor,BS_9XVACXP0,0.704719549919455
Stemness_Brain_Tumor,BS_9Y1K14Q5,0.782988205807301
Stemness_Brain_Tumor,BS_9ZJT0CP0,0.784275586098001
Stemness_Brain_Tumor,BS_A4PF49V0,0.774836737765751
Stemness_Brain_Tumor,BS_A6NXR7RC,0.728250871771798
Stemness_Brain_Tumor,BS_A7Q8G0Y1,0.775877114751265
Stemness_Brain_Tumor,BS_A8XW5S0W,0.819331224108268
Stemness_Brain_Tumor,BS_AWH9757B,0.752217503747036
Stemness_Brain_Tumor,BS_AYSXRQWY,0.78572108320409
Stemness_Brain_Tumor,BS_AZQM1JJH,0.798460808930517
Stemness_Brain_Tumor,BS_B1C6GZ84,0.763858343316491
Stemness_Brain_Tumor,BS_B3MQFFYP,0.71085802655773
Stemness_Brain_Tumor,BS_B4R7X1KE,0.693489682446523
Stemness_Brain_Tumor,BS_B57327NA,0.78505887755893
Stemness_Brain_Tumor,BS_BBAEMXRD,0.742239701637884
Stemness_Brain_Tumor,BS_BBQ6BHGN,0.813812677436047
Stemness_Brain_Tumor,BS_BK0HGRXM,0.822861222902595
Stemness_Brain_Tumor,BS_BMMY0H73,0.759369174997301
Stemness_Brain_Tumor,BS_C6ZZ3FY5,0.737814930913257
Stemness_Brain_Tumor,BS_C83TK159,0.773582190681666
Stemness_Brain_Tumor,BS_CBDQZ8PP,0.740142127505795
Stemness_Brain_Tumor,BS_CF63VG3S,0.817818041871305
Stemness_Brain_Tumor,BS_CFD3WHAY,0.747577705321347
Stemness_Brain_Tumor,BS_CG1RG607,0.759489082386241
Stemness_Brain_Tumor,BS_CVEDJGHZ,0.728879403669071
Stemness_Brain_Tumor,BS_CXAQDK7S,0.761326020668623
Stemness_Brain_Tumor,BS_CZPQ493E,0.792395118850098
Stemness_Brain_Tumor,BS_D29RPBSZ,0.790741076571859
Stemness_Brain_Tumor,BS_D4VNDNQA,0.650571267692847
Stemness_Brain_Tumor,BS_D6J2BGDJ,0.781435690441418
Stemness_Brain_Tumor,BS_DFGS950G,0.733645362777771
Stemness_Brain_Tumor,BS_DNZVP92S,0.674622972381783
Stemness_Brain_Tumor,BS_DR079H0D,0.780910525253761
Stemness_Brain_Tumor,BS_DS438CXE,0.755610106877309
Stemness_Brain_Tumor,BS_DSPVSM7D,0.771269168340313
Stemness_Brain_Tumor,BS_DZNXFPH1,0.744793637751299
Stemness_Brain_Tumor,BS_E7NVYA6G,0.698686928264829
Stemness_Brain_Tumor,BS_E9CYN4NP,0.724714576979374
Stemness_Brain_Tumor,BS_EB0XRBT9,0.766401764630098
Stemness_Brain_Tumor,BS_EDJ5TV0P,0.651195765925157
Stemness_Brain_Tumor,BS_EMQM7HTA,0.725851573161594
Stemness_Brain_Tumor,BS_ENEYB4TG,0.805039648203284
Stemness_Brain_Tumor,BS_EXPJQZTH,0.759076221008088
Stemness_Brain_Tumor,BS_EZ3147MX,0.722874045134716
Stemness_Brain_Tumor,BS_F0JB4EAK,0.760289186555975
Stemness_Brain_Tumor,BS_F21R36MM,0.753420302768117
Stemness_Brain_Tumor,BS_F65GWS21,0.776621160122888
Stemness_Brain_Tumor,BS_F6V1Y4QS,0.699711623591588
Stemness_Brain_Tumor,BS_F9Y4Z92G,0.738203055136386
Stemness_Brain_Tumor,BS_FCDAH728,0.754673305822241
Stemness_Brain_Tumor,BS_FEV5A0HN,0.727357999383472
Stemness_Brain_Tumor,BS_FGJH1X0S,0.666338237043522
Stemness_Brain_Tumor,BS_FKASA3MN,0.73283450770216
Stemness_Brain_Tumor,BS_FN07P04C,0.745254290659406
Stemness_Brain_Tumor,BS_FX2P2WEG,0.770844978609475
Stemness_Brain_Tumor,BS_FXJY0MNH,0.754940620931624
Stemness_Brain_Tumor,BS_FYP2B298,0.721053929123316
Stemness_Brain_Tumor,BS_G19QZG4S,0.768337389287497
Stemness_Brain_Tumor,BS_G1E5DATJ,0.795105756929856
Stemness_Brain_Tumor,BS_G257VSS9,0.72581299578806
Stemness_Brain_Tumor,BS_G3NN392N,0.729751181352991
Stemness_Brain_Tumor,BS_G3RJTBZD,0.746060937846276
Stemness_Brain_Tumor,BS_G5NHSFD4,0.732387909595737
Stemness_Brain_Tumor,BS_G8TXTX0H,0.813294735269604
Stemness_Brain_Tumor,BS_GG9W3J9Y,0.722049932158013
Stemness_Brain_Tumor,BS_GW0GKWMS,0.782066325231493
Stemness_Brain_Tumor,BS_GWHYM3R4,0.712029792133275
Stemness_Brain_Tumor,BS_GWSJ4Z9H,0.774862949290333
Stemness_Brain_Tumor,BS_H5VQJR7X,0.758204425496273
Stemness_Brain_Tumor,BS_H97S5SQN,0.766886627216401
Stemness_Brain_Tumor,BS_H9JYKFTV,0.702922791237137
Stemness_Brain_Tumor,BS_HDHXX8Q7,0.783962644523458
Stemness_Brain_Tumor,BS_HDPCQETG,0.735319193013341
Stemness_Brain_Tumor,BS_HJRTC9JQ,0.772658103904635
Stemness_Brain_Tumor,BS_HJV0J603,0.593000772081741
Stemness_Brain_Tumor,BS_HRJ9145M,0.712384077834826
Stemness_Brain_Tumor,BS_HWGWYCY7,0.620894078805034
Stemness_Brain_Tumor,BS_HZ9AYDCQ,0.826579876285622
Stemness_Brain_Tumor,BS_J4JY2F3H,0.752596535316752
Stemness_Brain_Tumor,BS_J6212Y48,0.743353351905636
Stemness_Brain_Tumor,BS_J6W1RB7A,0.755470853791354
Stemness_Brain_Tumor,BS_J9CBGP57,0.788112519024634
Stemness_Brain_Tumor,BS_JB43XBCQ,0.748114461526675
Stemness_Brain_Tumor,BS_JDSNFYQ0,0.684062606936738
Stemness_Brain_Tumor,BS_JJVH7WR0,0.728174739773332
Stemness_Brain_Tumor,BS_JMD386Z2,0.732978027307901
Stemness_Brain_Tumor,BS_JP95KMRD,0.791746782122955
Stemness_Brain_Tumor,BS_JQGJQ2QZ,0.814077894987787
Stemness_Brain_Tumor,BS_JQVAWTTM,0.765168201547065
Stemness_Brain_Tumor,BS_JQXHHK0K,0.738614126899274
Stemness_Brain_Tumor,BS_JRYJGYC4,0.708611244010029
Stemness_Brain_Tumor,BS_JS95PE0J,0.636099503349784
Stemness_Brain_Tumor,BS_JTWNJ8T7,0.702398155872809
Stemness_Brain_Tumor,BS_JVW2JJ39,0.739879577537464
Stemness_Brain_Tumor,BS_K0X3PZGN,0.658373578456729
Stemness_Brain_Tumor,BS_K17VQECG,0.772516197819494
Stemness_Brain_Tumor,BS_K2PCC777,0.790903582299978
Stemness_Brain_Tumor,BS_K74N1BXQ,0.807942512910198
Stemness_Brain_Tumor,BS_K81PZXP2,0.736331981838494
Stemness_Brain_Tumor,BS_K88T8SW7,0.623550159054512
Stemness_Brain_Tumor,BS_KABQQA0T,0.808446802547869
Stemness_Brain_Tumor,BS_KBEX4RT2,0.776732269020051
Stemness_Brain_Tumor,BS_KFD5128N,0.745931084504797
Stemness_Brain_Tumor,BS_KKDTW11T,0.584540282775413
Stemness_Brain_Tumor,BS_KP735TJ6,0.68535660606586
Stemness_Brain_Tumor,BS_KQ6ZW085,0.712444807335913
Stemness_Brain_Tumor,BS_KRS4EV4X,0.785786456235815
Stemness_Brain_Tumor,BS_KS8HMGA6,0.780730104869671
Stemness_Brain_Tumor,BS_KVPWHDR4,0.796808821557168
Stemness_Brain_Tumor,BS_M0FA190Y,0.817432033589221
Stemness_Brain_Tumor,BS_M0XGZ53Z,0.75199833039311
Stemness_Brain_Tumor,BS_M1PVEHCM,0.649532073162344
Stemness_Brain_Tumor,BS_M54TWTH4,0.765283419411652
Stemness_Brain_Tumor,BS_M7XB258E,0.716424119182889
Stemness_Brain_Tumor,BS_M85CXHDV,0.763622864560894
Stemness_Brain_Tumor,BS_MB7WN0ZB,0.825408617991649
Stemness_Brain_Tumor,BS_MD0937XT,0.797984952210111
Stemness_Brain_Tumor,BS_MDBT7S5Z,0.778114306626674
Stemness_Brain_Tumor,BS_ME6VQGG4,0.772398701733989
Stemness_Brain_Tumor,BS_MFGZH8FK,0.786070204679644
Stemness_Brain_Tumor,BS_MG78HQDM,0.721906187647339
Stemness_Brain_Tumor,BS_MWWZBQ60,0.771532949805201
Stemness_Brain_Tumor,BS_N6TQBQ8M,0.737832044652664
Stemness_Brain_Tumor,BS_N7SW36FD,0.739654815079155
Stemness_Brain_Tumor,BS_N7VQ1GQB,0.710800809924918
Stemness_Brain_Tumor,BS_NB9XXBW6,0.785219319991976
Stemness_Brain_Tumor,BS_NEFAASTR,0.793925094565807
Stemness_Brain_Tumor,BS_NEVYM2FP,0.768285960826102
Stemness_Brain_Tumor,BS_NFKKDYSV,0.788035840172004
Stemness_Brain_Tumor,BS_NGSG2KB6,0.765186526266425
Stemness_Brain_Tumor,BS_NNYXMSTX,0.781226382857294
Stemness_Brain_Tumor,BS_NPA6CZQF,0.773929080888221
Stemness_Brain_Tumor,BS_NQ54ST98,0.746371141067759
Stemness_Brain_Tumor,BS_NR3P3GN2,0.773891096882931
Stemness_Brain_Tumor,BS_NX1R0BC3,0.744173676097398
Stemness_Brain_Tumor,BS_P0QF87WC,0.702737190901848
Stemness_Brain_Tumor,BS_P4PMWFMV,0.772252238268
Stemness_Brain_Tumor,BS_P7W3AYKV,0.762951953383094
Stemness_Brain_Tumor,BS_PENM28KT,0.714462538118355
Stemness_Brain_Tumor,BS_PJC6FH4Y,0.726471937662688
Stemness_Brain_Tumor,BS_PS0P3QJ3,0.71190399166922
Stemness_Brain_Tumor,BS_PXCPK5XS,0.742237045241728
Stemness_Brain_Tumor,BS_PZVHMSYN,0.739949335840326
Stemness_Brain_Tumor,BS_Q06J3RYW,0.761616897223458
Stemness_Brain_Tumor,BS_Q35GFYDR,0.731802980152656
Stemness_Brain_Tumor,BS_Q9N5PRD5,0.75148002197004
Stemness_Brain_Tumor,BS_QB84TBA3,0.762179414238995
Stemness_Brain_Tumor,BS_QGKEP3KB,0.774921980531194
Stemness_Brain_Tumor,BS_QH0VYVJK,0.722083126783172
Stemness_Brain_Tumor,BS_QHY302E8,0.747691248262623
Stemness_Brain_Tumor,BS_QMBS32Y2,0.721980331468314
Stemness_Brain_Tumor,BS_QNNX91SM,0.762396570216911
Stemness_Brain_Tumor,BS_QY2G1JZJ,0.796840304999964
Stemness_Brain_Tumor,BS_QYA4TQXX,0.744679464265929
Stemness_Brain_Tumor,BS_R5JQE0VJ,0.70648009554371
Stemness_Brain_Tumor,BS_R5SNFB5B,0.600776795586794
Stemness_Brain_Tumor,BS_R9B92M75,0.763798926184414
Stemness_Brain_Tumor,BS_RHAWQJ48,0.793507628065897
Stemness_Brain_Tumor,BS_RHM60031,0.693380029376306
Stemness_Brain_Tumor,BS_RJC3WDD6,0.733468947151539
Stemness_Brain_Tumor,BS_RN0VAY51,0.804075985122855
Stemness_Brain_Tumor,BS_RX1YTZ7F,0.779344614296324
Stemness_Brain_Tumor,BS_RZBFH1QF,0.757942785728023
Stemness_Brain_Tumor,BS_S2TA8R29,0.751318817578329
Stemness_Brain_Tumor,BS_S3C2PZAH,0.736772847597803
Stemness_Brain_Tumor,BS_S3MET0JZ,0.727832969239034
Stemness_Brain_Tumor,BS_S4V9E1XJ,0.725596428909884
Stemness_Brain_Tumor,BS_S5P8VTN5,0.779891909435722
Stemness_Brain_Tumor,BS_S6B9DVNS,0.700910948230616
Stemness_Brain_Tumor,BS_S6S7SK3P,0.731226453449273
Stemness_Brain_Tumor,BS_S8K878T3,0.692650398166044
Stemness_Brain_Tumor,BS_SBMAM00V,0.762589059619326
Stemness_Brain_Tumor,BS_SBMCD7XZ,0.763794469947878
Stemness_Brain_Tumor,BS_SD0EMK7Y,0.785402508938226
Stemness_Brain_Tumor,BS_SD8YBRBR,0.695059285615269
Stemness_Brain_Tumor,BS_SERDGASJ,0.808270534457182
Stemness_Brain_Tumor,BS_SJVTZ5TH,0.749979662392409
Stemness_Brain_Tumor,BS_SMWQR2F1,0.741985991824976
Stemness_Brain_Tumor,BS_SNVM7CZT,0.750879694750161
Stemness_Brain_Tumor,BS_SR2RGDXJ,0.756399905141384
Stemness_Brain_Tumor,BS_SW9Z10F9,0.760594015291184
Stemness_Brain_Tumor,BS_SY3J3XR9,0.809522066806965
Stemness_Brain_Tumor,BS_T1YHK6B7,0.766522639936539
Stemness_Brain_Tumor,BS_T2F48Z4E,0.717154741762511
Stemness_Brain_Tumor,BS_T9A8JJW5,0.71625540347142
Stemness_Brain_Tumor,BS_TASG32Z2,0.770566076272319
Stemness_Brain_Tumor,BS_TGS109T3,0.759693348796116
Stemness_Brain_Tumor,BS_TM9MH0RP,0.769499877204504
Stemness_Brain_Tumor,BS_TR2P8KRF,0.785886139600397
Stemness_Brain_Tumor,BS_TRKH2SPE,0.752955917770391
Stemness_Brain_Tumor,BS_TRPXB3AV,0.701395693033332
Stemness_Brain_Tumor,BS_TTDNZTZ0,0.717365176037982
Stemness_Brain_Tumor,BS_TTE04ZP8,0.78589981190555
Stemness_Brain_Tumor,BS_TV5B86ZD,0.720594876167365
Stemness_Brain_Tumor,BS_TVH33J9Q,0.792803411396728
Stemness_Brain_Tumor,BS_TXZ7KHTQ,0.738615028979466
Stemness_Brain_Tumor,BS_V0DQFC75,0.706040492836374
Stemness_Brain_Tumor,BS_V3Z3DB4N,0.796715188222114
Stemness_Brain_Tumor,BS_V558NW3Q,0.761808386795167
Stemness_Brain_Tumor,BS_V6RSB5HQ,0.700605479631286
Stemness_Brain_Tumor,BS_V8QWBVS3,0.580676063475682
Stemness_Brain_Tumor,BS_VBMRQK4F,0.781032644572573
Stemness_Brain_Tumor,BS_VDFXXMEX,0.761610783303761
Stemness_Brain_Tumor,BS_VF3NVT4G,0.786915062189198
Stemness_Brain_Tumor,BS_VKH87DD2,0.759097155386612
Stemness_Brain_Tumor,BS_VKHJG2B8,0.802778101593529
Stemness_Brain_Tumor,BS_VKYEM67A,0.7003797066636
Stemness_Brain_Tumor,BS_VMQMGSJY,0.754032565257562
Stemness_Brain_Tumor,BS_VVTHDRBD,0.736069199142017
Stemness_Brain_Tumor,BS_W1385R8Y,0.742305854969925
Stemness_Brain_Tumor,BS_W4DB5RP1,0.777225482526988
Stemness_Brain_Tumor,BS_W7MFJZ5A,0.741440142122369
Stemness_Brain_Tumor,BS_WBVSK3MP,0.742670770505601
Stemness_Brain_Tumor,BS_WEKK6SHP,0.758694855220752
Stemness_Brain_Tumor,BS_WHBEXD5H,0.744763339110994
Stemness_Brain_Tumor,BS_WQ1YRTAT,0.651173236415137
Stemness_Brain_Tumor,BS_WTJEDTZC,0.732399017167426
Stemness_Brain_Tumor,BS_WVRX4C9Z,0.778088649227665
Stemness_Brain_Tumor,BS_X0XXN9BK,0.634191227672378
Stemness_Brain_Tumor,BS_X1G0TKP4,0.737460627561343
Stemness_Brain_Tumor,BS_X20JCR4H,0.784160154864856
Stemness_Brain_Tumor,BS_X23724NJ,0.67829550354343
Stemness_Brain_Tumor,BS_X3HR4Z21,0.776212627739651
Stemness_Brain_Tumor,BS_X4DD4KSZ,0.763079218310293
Stemness_Brain_Tumor,BS_X4X1SFSE,0.742344422493592
Stemness_Brain_Tumor,BS_XG0DBWVT,0.778680953899884
Stemness_Brain_Tumor,BS_XGDPK33A,0.7561991584778
Stemness_Brain_Tumor,BS_XM1AHBDJ,0.753064115940503
Stemness_Brain_Tumor,BS_XQ5SFW35,0.768559030563471
Stemness_Brain_Tumor,BS_XQXXBWPD,0.71488854824186
Stemness_Brain_Tumor,BS_XYVCMF4A,0.721576661487567
Stemness_Brain_Tumor,BS_XZM79E42,0.72716636164727
Stemness_Brain_Tumor,BS_YA0KMBRT,0.732870348753645
Stemness_Brain_Tumor,BS_YDEVMD24,0.77408317306659
Stemness_Brain_Tumor,BS_YMKQT5V0,0.752309314504335
Stemness_Brain_Tumor,BS_YR12D1ZY,0.788157345432045
Stemness_Brain_Tumor,BS_YSZRQ95C,0.718663293269037
Stemness_Brain_Tumor,BS_YTWEM5SG,0.79758972163509
Stemness_Brain_Tumor,BS_YZ2QFDAN,0.754506891792891
Stemness_Brain_Tumor,BS_Z0ZPD9S9,0.740002953107592
Stemness_Brain_Tumor,BS_Z3RCA1T9,0.748791924328864
Stemness_Brain_Tumor,BS_Z8F3GM85,0.698422854541632
Stemness_Brain_Tumor,BS_ZD5HN296,0.734474453439464
Stemness_Brain_Tumor,BS_ZF6BSFNF,0.764701786659422
Stemness_Brain_Tumor,BS_ZM97KKXE,0.759958617280037
Stemness_Brain_Tumor,BS_ZV1P6W9C,0.697966635782802
Stemness_Brain_Tumor,BS_ZVM8CAB0,0.709219281511877
Stemness_Brain_Tumor,BS_ZZWMD6FA,0.76722100330358
Stemness_Brain_Tumor,BS_06AMMCXR,0.69803133930749
Stemness_Brain_Tumor,BS_08TWG4K0,0.707324386621995
Stemness_Brain_Tumor,BS_1DECYC4K,0.725987173598862
Stemness_Brain_Tumor,BS_2A5R9D97,0.709766097617812
Stemness_Brain_Tumor,BS_3VJ0CA6A,0.732123338081115
Stemness_Brain_Tumor,BS_3XYJBBHQ,0.646917549697325
Stemness_Brain_Tumor,BS_4C4MZ4NT,0.715173626596815
Stemness_Brain_Tumor,BS_4PPHAQXF,0.715503868098946
Stemness_Brain_Tumor,BS_4SMPV083,0.702652292624059
Stemness_Brain_Tumor,BS_A76PNWQS,0.626185771887122
Stemness_Brain_Tumor,BS_BZCTXEPJ,0.707259323840394
Stemness_Brain_Tumor,BS_CB6VK7PB,0.708711647609141
Stemness_Brain_Tumor,BS_ED8G98XT,0.771745140753406
Stemness_Brain_Tumor,BS_FCX6DZ0J,0.684023333943764
Stemness_Brain_Tumor,BS_FYRDYBMZ,0.735960653642917
Stemness_Brain_Tumor,BS_H1XPVS9A,0.748354522771956
Stemness_Brain_Tumor,BS_QRNSKFMS,0.72447105414021
Stemness_Brain_Tumor,BS_R13X6TMW,0.677714318064568
Stemness_Brain_Tumor,BS_RJMJ935A,0.70024284468123
Stemness_Brain_Tumor,BS_RWJZFTP9,0.740979309286218
Stemness_Brain_Tumor,BS_S20SP0WW,0.75650613603751
Stemness_Brain_Tumor,BS_SB12W1XT,0.73536237741827
Stemness_Brain_Tumor,BS_T0MXH2CA,0.689124343658666
Stemness_Brain_Tumor,BS_T1W4JA94,0.742607244206048
Stemness_Brain_Tumor,BS_T289QKBV,0.795917546117372
Stemness_Brain_Tumor,BS_T3H5AY8A,0.77146322539251
Stemness_Brain_Tumor,BS_TVV122JG,0.708164545189492
Stemness_Brain_Tumor,BS_VW85Q4XJ,0.723953397956474
Stemness_Brain_Tumor,BS_W97QQYKQ,0.74543822369952
Stemness_Brain_Tumor,BS_WYMX429C,0.72660865475578
Stemness_Brain_Tumor,BS_YR1XY6SF,0.755649772832668
Stemness_Brain_Tumor,BS_014EVM2D,0.734082680486866
Stemness_Brain_Tumor,BS_044XZ8ST,0.748747243928652
Stemness_Brain_Tumor,BS_063ERW0R,0.752020163858098
Stemness_Brain_Tumor,BS_0D5VRAKC,0.7208271731897
Stemness_Brain_Tumor,BS_0J9SHHSC,0.748068993318554
Stemness_Brain_Tumor,BS_0SCXXM6N,0.745763658982886
Stemness_Brain_Tumor,BS_0TDWG2CV,0.732531910620531
Stemness_Brain_Tumor,BS_0WVJYM9R,0.749958086781238
Stemness_Brain_Tumor,BS_0X9EGHY2,0.720201589627164
Stemness_Brain_Tumor,BS_0Y5J2AQ4,0.730907438886557
Stemness_Brain_Tumor,BS_13CGKADW,0.757321754615176
Stemness_Brain_Tumor,BS_166N7SZQ,0.707362565550587
Stemness_Brain_Tumor,BS_17WYVEEC,0.732703213221155
Stemness_Brain_Tumor,BS_1G3WYEN3,0.743307979697134
Stemness_Brain_Tumor,BS_1HYS8CSC,0.717367048513871
Stemness_Brain_Tumor,BS_1JDG6JV5,0.708467063992698
Stemness_Brain_Tumor,BS_1KYGSMA7,0.749538067985443
Stemness_Brain_Tumor,BS_1N76FQZY,0.745667827173747
Stemness_Brain_Tumor,BS_1NPD7PVG,0.716651146272997
Stemness_Brain_Tumor,BS_1Z9AX9JS,0.74550795519365
Stemness_Brain_Tumor,BS_1ZVXF5FE,0.734329970465611
Stemness_Brain_Tumor,BS_21RE8W46,0.750520933729104
Stemness_Brain_Tumor,BS_24AHZ9ZW,0.724873248764761
Stemness_Brain_Tumor,BS_2720P44V,0.770548610751247
Stemness_Brain_Tumor,BS_27FYYPJG,0.720748520394159
Stemness_Brain_Tumor,BS_29TRQXWM,0.713190716379756
Stemness_Brain_Tumor,BS_2ADZNNV4,0.733927638283896
Stemness_Brain_Tumor,BS_2EMW8ZG3,0.760141352367893
Stemness_Brain_Tumor,BS_2K3FVT86,0.660884223875958
Stemness_Brain_Tumor,BS_2KJ2YAZR,0.732731156374967
Stemness_Brain_Tumor,BS_2QCQYY6M,0.714481304411267
Stemness_Brain_Tumor,BS_2WPQ8YCW,0.759684880818911
Stemness_Brain_Tumor,BS_2XM08BFY,0.723244246268458
Stemness_Brain_Tumor,BS_2YCJV2VV,0.731417091968383
Stemness_Brain_Tumor,BS_304SPN6B,0.717081410144574
Stemness_Brain_Tumor,BS_33AQSPRP,0.712631274009528
Stemness_Brain_Tumor,BS_3G3KWY18,0.744568282868083
Stemness_Brain_Tumor,BS_3GAN6Q43,0.721813622779408
Stemness_Brain_Tumor,BS_3P20Q2C3,0.730250437595312
Stemness_Brain_Tumor,BS_3PYESPHA,0.728668824886059
Stemness_Brain_Tumor,BS_3Q0GTSYH,0.732332813314884
Stemness_Brain_Tumor,BS_3TJHY996,0.712881333352561
Stemness_Brain_Tumor,BS_3XY76V8T,0.7291842640233
Stemness_Brain_Tumor,BS_3Y2X2RBJ,0.732424608878229
Stemness_Brain_Tumor,BS_401R3KV0,0.738468540716337
Stemness_Brain_Tumor,BS_42DY6WS7,0.720429558804876
Stemness_Brain_Tumor,BS_42Y3YANN,0.76732067156298
Stemness_Brain_Tumor,BS_470DYRJQ,0.761062096107897
Stemness_Brain_Tumor,BS_47SJZ3PH,0.743979275995691
Stemness_Brain_Tumor,BS_49852ZBH,0.757165128576447
Stemness_Brain_Tumor,BS_4A45GGSW,0.73208906383951
Stemness_Brain_Tumor,BS_4BWB0FA0,0.739700230883868
Stemness_Brain_Tumor,BS_4CXE5XEP,0.71123354989393
Stemness_Brain_Tumor,BS_4HQ3T2NC,0.749237554753927
Stemness_Brain_Tumor,BS_4N1GNHX4,0.706096014893292
Stemness_Brain_Tumor,BS_4NF35AF6,0.747462456849832
Stemness_Brain_Tumor,BS_4TZQY7TT,0.715134800443861
Stemness_Brain_Tumor,BS_4Y6BCYK5,0.720165344760419
Stemness_Brain_Tumor,BS_4Z2F4P9N,0.727649723591082
Stemness_Brain_Tumor,BS_503DZ8BN,0.753658010315403
Stemness_Brain_Tumor,BS_52426AMF,0.756241344741853
Stemness_Brain_Tumor,BS_52DAPP1Y,0.719902903345628
Stemness_Brain_Tumor,BS_534XRSNB,0.712019765907789
Stemness_Brain_Tumor,BS_53GQKVEX,0.711203295147883
Stemness_Brain_Tumor,BS_54H90JW2,0.683938277894746
Stemness_Brain_Tumor,BS_55P8HPYD,0.739195868414657
Stemness_Brain_Tumor,BS_55X1W2MR,0.716895570623684
Stemness_Brain_Tumor,BS_57NMZPS0,0.782889394819635
Stemness_Brain_Tumor,BS_593HEWBF,0.742213625547676
Stemness_Brain_Tumor,BS_5J5D3QTD,0.726222126236645
Stemness_Brain_Tumor,BS_5K3R0F5D,0.715738714037952
Stemness_Brain_Tumor,BS_5NWDARXG,0.75386323089311
Stemness_Brain_Tumor,BS_5PEFNDCY,0.738622157331641
Stemness_Brain_Tumor,BS_5PV5N4HQ,0.743267353755971
Stemness_Brain_Tumor,BS_5YJEPPTP,0.743347516835515
Stemness_Brain_Tumor,BS_5YYCP891,0.71022240472813
Stemness_Brain_Tumor,BS_66ABA973,0.727224244746256
Stemness_Brain_Tumor,BS_66HQ3E4Z,0.74040810108777
Stemness_Brain_Tumor,BS_680K119G,0.744769183425911
Stemness_Brain_Tumor,BS_68BW2163,0.76696888776088
Stemness_Brain_Tumor,BS_699TN5RN,0.717419986516499
Stemness_Brain_Tumor,BS_6HXD39AM,0.715387181246337
Stemness_Brain_Tumor,BS_6N3AFF66,0.729093579997216
Stemness_Brain_Tumor,BS_6TSAVMT9,0.721630430691687
Stemness_Brain_Tumor,BS_6VF6VPCG,0.724309617855104
Stemness_Brain_Tumor,BS_769BDPDB,0.69386496205848
Stemness_Brain_Tumor,BS_76DRXZRJ,0.746970673437865
Stemness_Brain_Tumor,BS_775HDFNY,0.747373785348133
Stemness_Brain_Tumor,BS_7H4RFCW9,0.702952947789003
Stemness_Brain_Tumor,BS_7M3FNSYK,0.706765307021918
Stemness_Brain_Tumor,BS_7MGXMG6S,0.777054291069343
Stemness_Brain_Tumor,BS_7N0B2CY1,0.706969266640827
Stemness_Brain_Tumor,BS_7P83Z28P,0.706410825828078
Stemness_Brain_Tumor,BS_7Z93ZYMS,0.746266437573644
Stemness_Brain_Tumor,BS_880ESDFZ,0.720340098505338
Stemness_Brain_Tumor,BS_8BF616QR,0.7480121333864
Stemness_Brain_Tumor,BS_8J3B6ZB6,0.728171253854701
Stemness_Brain_Tumor,BS_8QJ43WKW,0.69664283858127
Stemness_Brain_Tumor,BS_8RCR7Y4B,0.714946610849534
Stemness_Brain_Tumor,BS_8VAZSJEN,0.729944341847687
Stemness_Brain_Tumor,BS_92HCM7BN,0.734951607794636
Stemness_Brain_Tumor,BS_94MT16N2,0.719405798824181
Stemness_Brain_Tumor,BS_9BJARSX3,0.750736191117642
Stemness_Brain_Tumor,BS_9F09XV62,0.768157130493225
Stemness_Brain_Tumor,BS_9HSGV9TJ,0.773384572807512
Stemness_Brain_Tumor,BS_9JBX2E8G,0.716834668781731
Stemness_Brain_Tumor,BS_9P9MB8X8,0.730724045295592
Stemness_Brain_Tumor,BS_9Q6Z6VJC,0.730752898349735
Stemness_Brain_Tumor,BS_9S7AG4EN,0.730092041962084
Stemness_Brain_Tumor,BS_9SJWWYQ4,0.750697829626441
Stemness_Brain_Tumor,BS_9YXH2CZ0,0.71421689347818
Stemness_Brain_Tumor,BS_A13BMEF5,0.749609133843076
Stemness_Brain_Tumor,BS_A1VEGWTR,0.729651775131042
Stemness_Brain_Tumor,BS_A46RDWGM,0.758101137973086
Stemness_Brain_Tumor,BS_A96FKXN5,0.69746940671152
Stemness_Brain_Tumor,BS_AGVWD5K8,0.736844851392776
Stemness_Brain_Tumor,BS_AM0BZ61K,0.726838736990497
Stemness_Brain_Tumor,BS_AP0SZ364,0.73279072228106
Stemness_Brain_Tumor,BS_ATHSTZ5R,0.746271807426008
Stemness_Brain_Tumor,BS_AW7J9F9R,0.728062652358029
Stemness_Brain_Tumor,BS_B0SVFK4P,0.708238837424877
Stemness_Brain_Tumor,BS_B3M5SGPA,0.741853405794238
Stemness_Brain_Tumor,BS_B5JM6T8K,0.713731291836351
Stemness_Brain_Tumor,BS_B6JKQFKA,0.734444071182015
Stemness_Brain_Tumor,BS_B7GEH89C,0.724989743878025
Stemness_Brain_Tumor,BS_B7X8VXQ3,0.735113727645874
Stemness_Brain_Tumor,BS_BANCTAV6,0.759945477240305
Stemness_Brain_Tumor,BS_BC936YNZ,0.739560378123273
Stemness_Brain_Tumor,BS_BGRPWBNG,0.676711123991895
Stemness_Brain_Tumor,BS_BJBM0BN7,0.721052957935379
Stemness_Brain_Tumor,BS_BKQZ550R,0.741592080392346
Stemness_Brain_Tumor,BS_BN986DF6,0.734651734529627
Stemness_Brain_Tumor,BS_BNECCX4D,0.743426239021101
Stemness_Brain_Tumor,BS_BPSTSCBJ,0.733327845562643
Stemness_Brain_Tumor,BS_BW79W2PD,0.796381417033328
Stemness_Brain_Tumor,BS_C0NEVC2B,0.718692301218273
Stemness_Brain_Tumor,BS_C51RB0YR,0.767104623717933
Stemness_Brain_Tumor,BS_C6SKJG3N,0.729588664764025
Stemness_Brain_Tumor,BS_CC6RREE4,0.707809164685299
Stemness_Brain_Tumor,BS_CGB2WS2A,0.754943849020344
Stemness_Brain_Tumor,BS_CKX8RW1J,0.704566607434648
Stemness_Brain_Tumor,BS_CMDJJQ7K,0.718262148677999
Stemness_Brain_Tumor,BS_CTR5X93B,0.741632244603687
Stemness_Brain_Tumor,BS_CVGFNCBJ,0.72829331164482
Stemness_Brain_Tumor,BS_D3YBV7KB,0.717435342593318
Stemness_Brain_Tumor,BS_DEHJF4C7,0.72022139659575
Stemness_Brain_Tumor,BS_DMJHAG9X,0.709725749566361
Stemness_Brain_Tumor,BS_DMZP9G1H,0.722634522792221
Stemness_Brain_Tumor,BS_DPF1CX0G,0.723545426160949
Stemness_Brain_Tumor,BS_DSS3S5XD,0.705381139973157
Stemness_Brain_Tumor,BS_DV86M0Y7,0.750139224870776
Stemness_Brain_Tumor,BS_E2DEWCSK,0.716649931225256
Stemness_Brain_Tumor,BS_E3EJHXQV,0.733285396253768
Stemness_Brain_Tumor,BS_E4GC9EXR,0.731930091559828
Stemness_Brain_Tumor,BS_E94QRJDW,0.708533939433015
Stemness_Brain_Tumor,BS_EBMCTR80,0.751681011815331
Stemness_Brain_Tumor,BS_EFEZB0ZH,0.759602354390396
Stemness_Brain_Tumor,BS_EHVYJAVA,0.77331924206332
Stemness_Brain_Tumor,BS_EMAJ7P3P,0.721646022425358
Stemness_Brain_Tumor,BS_ET8CJXSF,0.770359939003886
Stemness_Brain_Tumor,BS_EXGBH3TD,0.739970710546937
Stemness_Brain_Tumor,BS_EYSS0ZDS,0.730859575037065
Stemness_Brain_Tumor,BS_F1K9QTBS,0.718680946567651
Stemness_Brain_Tumor,BS_F77MGAQT,0.735805672141547
Stemness_Brain_Tumor,BS_F8N6CFQE,0.772450041884568
Stemness_Brain_Tumor,BS_FAQQ0GCQ,0.751163503100253
Stemness_Brain_Tumor,BS_FJWZ3M7V,0.717732004202786
Stemness_Brain_Tumor,BS_FJZPQZ2C,0.732369877504333
Stemness_Brain_Tumor,BS_FR42HY0Z,0.719321886494237
Stemness_Brain_Tumor,BS_FX4WKR2R,0.693769578092717
Stemness_Brain_Tumor,BS_FZ62GZGV,0.782820867510101
Stemness_Brain_Tumor,BS_G1DAGKSY,0.754639332481643
Stemness_Brain_Tumor,BS_G5QBBHDV,0.724700092396945
Stemness_Brain_Tumor,BS_G7AGNB5G,0.756051630020892
Stemness_Brain_Tumor,BS_G9XE3N9T,0.73940784764037
Stemness_Brain_Tumor,BS_GCA4GET3,0.744513334877977
Stemness_Brain_Tumor,BS_GHNJ4CYC,0.732334726272304
Stemness_Brain_Tumor,BS_GPEGRCCT,0.729032553160216
Stemness_Brain_Tumor,BS_GTZCFGRZ,0.73842327337801
Stemness_Brain_Tumor,BS_GYA4V1RD,0.756021320352494
Stemness_Brain_Tumor,BS_GYXSDZ56,0.735394745114937
Stemness_Brain_Tumor,BS_H08FEN68,0.789053708550471
Stemness_Brain_Tumor,BS_H0WF1WHE,0.777396338553729
Stemness_Brain_Tumor,BS_H3FE3TH9,0.745945846502457
Stemness_Brain_Tumor,BS_H8A9PSYA,0.774010143969981
Stemness_Brain_Tumor,BS_H9EX5WX3,0.71008596196316
Stemness_Brain_Tumor,BS_HC5M8JTC,0.732930163117586
Stemness_Brain_Tumor,BS_HM0R6SXQ,0.69671357577365
Stemness_Brain_Tumor,BS_HNMQ7488,0.726493191098772
Stemness_Brain_Tumor,BS_HQ5BJ6MW,0.734719803446239
Stemness_Brain_Tumor,BS_HQDXQ5Y4,0.749465724760788
Stemness_Brain_Tumor,BS_HSHN8PBB,0.736466835332849
Stemness_Brain_Tumor,BS_HSTNFPKW,0.704429754681517
Stemness_Brain_Tumor,BS_HV8PFRBR,0.723113143814432
Stemness_Brain_Tumor,BS_J5H5VXWY,0.719703960619432
Stemness_Brain_Tumor,BS_J9M83K8T,0.722641479165012
Stemness_Brain_Tumor,BS_JFVB9KXB,0.536924606721298
Stemness_Brain_Tumor,BS_JGKZ54SA,0.722011487796759
Stemness_Brain_Tumor,BS_JH29M4KG,0.722802698546981
Stemness_Brain_Tumor,BS_JKXA3FQC,0.736528990389403
Stemness_Brain_Tumor,BS_JMHG7GCN,0.721991050993703
Stemness_Brain_Tumor,BS_JVA2NQFF,0.730802259396652
Stemness_Brain_Tumor,BS_JWSR581E,0.747361594377942
Stemness_Brain_Tumor,BS_K57A4A9D,0.643010172170864
Stemness_Brain_Tumor,BS_K5802F84,0.70112233567745
Stemness_Brain_Tumor,BS_K7MVS0Z7,0.73182931614836
Stemness_Brain_Tumor,BS_K838XW6V,0.707288131574014
Stemness_Brain_Tumor,BS_M4NVX721,0.689712241001229
Stemness_Brain_Tumor,BS_M4TTKPNR,0.737311721377307
Stemness_Brain_Tumor,BS_M8M56Z4Y,0.763305804969446
Stemness_Brain_Tumor,BS_M8WP5T16,0.701054245145313
Stemness_Brain_Tumor,BS_MBSTWZA6,0.72878307097914
Stemness_Brain_Tumor,BS_MF9X3PKH,0.725955026468871
Stemness_Brain_Tumor,BS_MH8RAG4A,0.595528533665325
Stemness_Brain_Tumor,BS_MX92FD6D,0.724711579324708
Stemness_Brain_Tumor,BS_MY9D8XZ1,0.752873639916304
Stemness_Brain_Tumor,BS_N1E0H8YQ,0.743866371790617
Stemness_Brain_Tumor,BS_N210XMKR,0.718953179061844
Stemness_Brain_Tumor,BS_N6NE6B3W,0.670545886686834
Stemness_Brain_Tumor,BS_N87X1T8T,0.724094610415971
Stemness_Brain_Tumor,BS_NB5XWMJT,0.738366220501279
Stemness_Brain_Tumor,BS_NBZNAG7Q,0.769050542437567
Stemness_Brain_Tumor,BS_NG9X6SJA,0.71680208035299
Stemness_Brain_Tumor,BS_NKEAAFMW,0.508292685772125
Stemness_Brain_Tumor,BS_NPQJ20KX,0.724621881337565
Stemness_Brain_Tumor,BS_NQB91P48,0.729621716841177
Stemness_Brain_Tumor,BS_NRFQEQKP,0.741078691236295
Stemness_Brain_Tumor,BS_NRPG5K4K,0.740242195248255
Stemness_Brain_Tumor,BS_NS7GSHB9,0.729975574307976
Stemness_Brain_Tumor,BS_NT9NZYFD,0.734004580607843
Stemness_Brain_Tumor,BS_NY5T05AK,0.717325835319572
Stemness_Brain_Tumor,BS_P2Y2NANM,0.734353353573285
Stemness_Brain_Tumor,BS_PDVD0GCM,0.7072762161164
Stemness_Brain_Tumor,BS_PEP9NZXN,0.743468008303647
Stemness_Brain_Tumor,BS_PQ7CQFYR,0.733383296458598
Stemness_Brain_Tumor,BS_PRCG6W20,0.702759557955968
Stemness_Brain_Tumor,BS_Q2PBFNDF,0.726387097217462
Stemness_Brain_Tumor,BS_Q3TBCK4V,0.71200302497928
Stemness_Brain_Tumor,BS_Q6VH5GJ8,0.724437295628489
Stemness_Brain_Tumor,BS_Q79NP5YY,0.744309630040761
Stemness_Brain_Tumor,BS_QBMW69AM,0.698647743764375
Stemness_Brain_Tumor,BS_QH82PBMB,0.751883329047327
Stemness_Brain_Tumor,BS_QTSXW7DA,0.751255944243933
Stemness_Brain_Tumor,BS_QV51J756,0.714406358180448
Stemness_Brain_Tumor,BS_R244Z0WX,0.720777713111681
Stemness_Brain_Tumor,BS_R3AJB6VS,0.702516492757933
Stemness_Brain_Tumor,BS_R7V8BC98,0.726257978941606
Stemness_Brain_Tumor,BS_R9CKW9DY,0.70067275344342
Stemness_Brain_Tumor,BS_RAQFEB0S,0.739507718266739
Stemness_Brain_Tumor,BS_RARBBY7C,0.70845937294486
Stemness_Brain_Tumor,BS_RGSMX7QD,0.722045781166718
Stemness_Brain_Tumor,BS_RMT7ABN6,0.703849023335054
Stemness_Brain_Tumor,BS_RNANA568,0.713143726472415
Stemness_Brain_Tumor,BS_RPJ1EPHA,0.705001516945432
Stemness_Brain_Tumor,BS_RRAEQZ97,0.767399421347487
Stemness_Brain_Tumor,BS_RVSEDNJ4,0.735461378432164
Stemness_Brain_Tumor,BS_S1KK7XRH,0.735479385984204
Stemness_Brain_Tumor,BS_S458NMKH,0.742842070461084
Stemness_Brain_Tumor,BS_S50KQEXV,0.744473424780649
Stemness_Brain_Tumor,BS_SDA4RMMG,0.773844017306137
Stemness_Brain_Tumor,BS_SDZY6RZ3,0.743754344972617
Stemness_Brain_Tumor,BS_SFKZSJN1,0.753231364008534
Stemness_Brain_Tumor,BS_SH2S6SFN,0.746286238676406
Stemness_Brain_Tumor,BS_SHMC4902,0.75555573630563
Stemness_Brain_Tumor,BS_SJ0HXCD0,0.722854874432582
Stemness_Brain_Tumor,BS_SQX5E15Z,0.691506121434275
Stemness_Brain_Tumor,BS_SW8C9Y5Y,0.683050774949182
Stemness_Brain_Tumor,BS_SXRS2P6T,0.710266113200703
Stemness_Brain_Tumor,BS_T0RKFEKR,0.759587558902148
Stemness_Brain_Tumor,BS_T2QPMZCM,0.751509749591879
Stemness_Brain_Tumor,BS_T4JFN54G,0.744840988349547
Stemness_Brain_Tumor,BS_T5P5ME9M,0.712031579418482
Stemness_Brain_Tumor,BS_TDJXQBVY,0.708954740442648
Stemness_Brain_Tumor,BS_TG93XC55,0.659005443634686
Stemness_Brain_Tumor,BS_TRZZRYKF,0.717614939111737
Stemness_Brain_Tumor,BS_TV80600R,0.690576364560506
Stemness_Brain_Tumor,BS_TWFDEMBZ,0.719104709981555
Stemness_Brain_Tumor,BS_V2G1YE8R,0.714759066623103
Stemness_Brain_Tumor,BS_V33RCK1Y,0.726296692051899
Stemness_Brain_Tumor,BS_V3REENH9,0.731391959087491
Stemness_Brain_Tumor,BS_V72GX2AZ,0.730462576439285
Stemness_Brain_Tumor,BS_V7BZ049H,0.704854156446087
Stemness_Brain_Tumor,BS_V89HGTET,0.731585945100301
Stemness_Brain_Tumor,BS_VARR255N,0.727213090933276
Stemness_Brain_Tumor,BS_VMMJYN8Z,0.745341656610554
Stemness_Brain_Tumor,BS_VTYNWK05,0.718448106519473
Stemness_Brain_Tumor,BS_VZWXGYT2,0.702089812000244
Stemness_Brain_Tumor,BS_WRQHPSXQ,0.753199888196519
Stemness_Brain_Tumor,BS_WVS02TZK,0.750183748340742
Stemness_Brain_Tumor,BS_X16PENSA,0.732382538882497
Stemness_Brain_Tumor,BS_X2EDW2ZB,0.693816879554573
Stemness_Brain_Tumor,BS_X5DFR216,0.721281983570819
Stemness_Brain_Tumor,BS_X6GFVDVA,0.717118516033704
Stemness_Brain_Tumor,BS_X91K8KMG,0.730595522724837
Stemness_Brain_Tumor,BS_XGSA3GQE,0.749235361495826
Stemness_Brain_Tumor,BS_XKKB4MZV,0.739049607899134
Stemness_Brain_Tumor,BS_Y0PCBNJV,0.734963564203699
Stemness_Brain_Tumor,BS_Y274AC0H,0.752676663437718
Stemness_Brain_Tumor,BS_Y7H24JZG,0.708314713118084
Stemness_Brain_Tumor,BS_Y7W8BR6B,0.7160534847314
Stemness_Brain_Tumor,BS_YASWHXJC,0.672381370674465
Stemness_Brain_Tumor,BS_YB2RXRHT,0.711827570589476
Stemness_Brain_Tumor,BS_YCREDZTJ,0.748576755244307
Stemness_Brain_Tumor,BS_YEQVW4ND,0.731154656357486
Stemness_Brain_Tumor,BS_YMAJC22S,0.704349297832448
Stemness_Brain_Tumor,BS_YVEEXAAT,0.724411092216774
Stemness_Brain_Tumor,BS_YVMEEBKC,0.730473029784208
Stemness_Brain_Tumor,BS_YWJKHMXV,0.726462089524025
Stemness_Brain_Tumor,BS_YY5B2XDD,0.691809794371501
Stemness_Brain_Tumor,BS_YZ2Z1Q6Y,0.727744863158023
Stemness_Brain_Tumor,BS_Z0AVVB1V,0.725241950258203
Stemness_Brain_Tumor,BS_Z1A875MW,0.709563877597417
Stemness_Brain_Tumor,BS_Z6BWR941,0.747335659233094
Stemness_Brain_Tumor,BS_Z7Y2466H,0.738302582592132
Stemness_Brain_Tumor,BS_ZHHAM3AN,0.62723639169632
Stemness_Brain_Tumor,BS_ZHRGDRBW,0.713643798964577
Stemness_Brain_Tumor,BS_ZJY7Y34M,0.696025501568832
Stemness_Brain_Tumor,BS_ZN2P8BKH,0.681570826920996
Stemness_Brain_Tumor,BS_ZTWGFWTX,0.729624299058232
Stemness_Brain_Tumor,BS_ZV9Z3SY6,0.731629714078489
Stemness_Brain_Tumor,BS_ZVX2GRD6,0.748022831829594
Stemness_Brain_Tumor,BS_ZZMYDZJW,0.741539819336062
