Kids_First_Biospecimen_ID	Bagaev_Angiogenesis	Bagaev_Antitumor_cytokines	Bagaev_B_cells	Bagaev_Checkpoint_inhibitor	Bagaev_Coactivation	Bagaev_Effector_cell_traffic	Bagaev_Effector_cells	Bagaev_Granulocyte_traffic	Bagaev_Immune_Suppression_Myeloid	Bagaev_M1_signature	Bagaev_MHC_I	Bagaev_MHC_II	Bagaev_Macrophage_DC_traffic	Bagaev_Myeloid_cells_traffic	Bagaev_NK_cells	Bagaev_Neutrophil_signature	Bagaev_Protumor_cytokines	Bagaev_TAMs	Bagaev_T_cells	Bagaev_Th1_signature	Bagaev_Th2_signature	Bagaev_Treg	Bagaev_Treg_Th2_traffic	Bagaev_Tumor_proliferation	TIS_Danaher18
BS_00FD2KMP	0.3078468217457744	0.0006567666844998485	0.01495811051925514	0.20157253568716085	0.12423614863393527	0.07492350536812274	0.03897150827459688	0.18220499746046614	0.17859882115382988	0.15655541042711316	0.4204706157780257	0.3887207593535917	-0.15584084290628808	0.14074904353461906	0.1282305478535096	0.04236042419679967	0.18031836938303925	0.22175563813317167	0.1292255555515491	0.06393848588432074	0.09106903322235578	0.1932896558306157	-0.04752670226441602	0.3384931782560514	0.2189136217312869
BS_028YFYJ6	0.3489329551904788	-0.0554957652865616	0.04710082682535273	0.1814073075854717	0.07038139706746314	0.09756701453117787	-0.05186472913060464	0.17098405328387026	0.1899517112153558	0.1076550008697736	0.45377254509726866	0.48977964072933766	-0.05226703580456918	0.1839952239350847	0.05167821407433545	0.23900198426336136	0.15255482344334725	0.35277231590191027	0.13649501011708481	0.029526974910178385	-0.08022846753307436	0.1851803633763389	-0.29157943903609684	0.33986620216208907	0.24061440051951422
BS_052PZFMK	0.3522021239269496	-0.050488682572692255	0.04858699006652041	0.13879766339231467	0.0725177301970343	0.08860080711111767	0.008404701904749285	0.13204306155956913	0.1408441471681451	0.13449111938685177	0.4689817815216057	0.3900412357391859	-0.02313350320025836	0.08758843361787821	-0.037038864548517986	0.12980860064956481	0.18274351891721155	0.19364217735969252	0.11874237973403987	0.057210805994744894	-0.13706467740742387	0.19518397008242794	-0.3592527685601026	0.4719589613732604	0.23875043840596819
BS_056Q8577	0.32286512774874826	0.16182082759183086	0.047847422139514074	0.20528211001507324	0.1372687316716347	0.26451592010937724	0.11864264532133519	0.20575007374172288	0.24046649390622757	0.2904252291569691	0.4495443231881859	0.41019336735160067	0.03217061398790035	0.05453203371364635	0.12658039024733947	0.09633722637052139	0.2535088684354559	0.2927223859547316	0.06693690757558927	0.19004097716849594	0.1049229450104275	0.307011221249982	-0.12797009428999714	0.43080959293652227	0.24406489347312887
BS_08ST21QE	0.37432309748078185	0.0021019964192834036	0.1878700880684965	0.2479860766505622	0.1403154752761494	0.16483892814873158	-0.15970128035706943	0.20016407725131224	0.11749675799771772	0.08261289431750318	0.4583550267992417	0.4972557480207415	0.09989824157668543	0.30125367954622084	0.07506008109491848	0.11704824013845987	0.1915032930835178	0.4068255972428738	0.1708325621061208	-0.030295095881652582	0.008255435197252595	0.11503897043174088	-0.27883424433542664	0.29211228542112777	0.2585453152070636
BS_0C7VZC0A	0.4089473453791839	-0.10710510116908413	-0.01195890346556757	0.19083327881510304	0.10235574052318751	0.022810343562965657	0.030665577845538562	0.12318433697190033	0.18146152112824765	0.1377689607507116	0.46512977016686996	0.4827115387975697	-0.03317297954668193	0.26651637516793675	0.06096322768040255	0.19806756042443985	0.15892216017535613	0.2876494727326142	0.16318194624093005	0.020275800526954806	-0.009033492694811952	0.24069315489509563	-0.10772833969130016	0.214450916569699	0.2359318363106553
BS_0S8E7590	0.4057914120591065	0.19413372787411864	0.1393290871488232	0.2669230348490829	0.24443232820051503	0.32206750867181877	0.22036883394058338	0.36019768192982343	0.3071048225470103	0.2689415579477937	0.48433086369970796	0.48055611245288293	0.029216396164099073	0.3062027656063429	0.23750140397314232	0.31837531068508734	0.2681427734490027	0.3330772990019245	0.25059700284080605	0.2586446072168888	0.1812575781680641	0.3122199453335599	0.026896776727322307	0.3800103012398137	0.34431335494279003
BS_0VXZCRJS	0.38936908897031275	0.014667837360019698	0.038624814852119944	0.18565509480925402	0.12483572048463752	0.15025935493090112	0.07094379237677155	0.1932120019303018	0.2235189283114362	0.1819310644853553	0.4633908316800015	0.47722083670977633	-0.10797898453484094	0.18457929245311752	0.12646974616195433	0.16187979447248607	0.17036158000416501	0.1565046753828524	0.14048278017834082	0.10470085772970993	0.0028909693941376376	0.22076769188342263	-0.31154823874688287	0.3801669491050841	0.2804862968579342
BS_0XEBS3PG	0.35524400325339905	-0.08214544166212719	0.001744307260870146	0.133986284455263	0.010503949693743188	0.026680003364424432	0.0006205906627595623	0.16321455111226463	0.14616033175018783	0.056762138826112855	0.4118753912777448	0.31873708291374264	0.06526835618522549	0.2089315243298982	0.0038655117907689584	0.09188577049067366	0.0832799667724623	0.15202586994675632	0.16162018917106422	0.05868887690910979	0.001207677915125768	0.1720104983379663	-0.005852020439673835	0.2216847583809184	0.20915526373425336
BS_0ZA67BBC	0.33637316847070337	-0.1622962640696191	0.12886979301463516	0.181620477553858	0.10566386316444042	-0.1511204846637053	-0.04141965301589388	0.21562570342402207	0.17333101873862622	0.1460453380268401	0.4372943724440556	0.3710462275045761	-0.024014746482396963	0.21978464722379562	0.02673727904875511	0.22868098907018272	0.21896205575149885	0.1692359041401445	0.09505302299846913	0.009787396504647335	0.11187360110152214	0.1699480632741691	-0.09697789659136026	0.28734551760180527	0.19727469414102086
BS_12G04QJM	0.36778749931379684	0.02116992342305068	-0.3987123315536936	0.049841700063635044	-0.03318742122886753	0.15472701263164768	-0.3050477187470485	-0.1013534205955195	0.08928678435921594	0.0559979815280753	0.46310573378281134	0.3985627089861198	-0.114424083718377	0.10627004327635216	-0.023590903473706418	-0.016070989955731377	0.1756446267249223	0.22265276767559783	-0.1474861411175759	-0.007959065612622204	0.06376362227503177	0.14868484466054172	-0.42748811441321477	0.4651355817759174	0.14372000091180895
BS_17ZSMXFH	0.40005382536938827	0.0016192090014597877	0.2023218852720235	0.01354983967008174	0.11255886694955196	0.16648741429469532	0.046756965162235556	0.1285361834888398	0.18442144160731008	0.15509012511591896	0.4531357353104019	0.3360006962119815	-0.04674269284517944	0.008235037681104082	0.05420139840754855	0.16262274355990064	0.1112068153987991	0.19662852402917083	0.16225926114752565	-0.010810771527390907	0.03134137074776283	0.18202695208599812	-0.2039122886480821	0.35834163152081056	0.2225649239748343
BS_1A6MQ9ZA	0.3504561139412912	0.02378264361246662	-0.08864877832827936	0.10376823014999711	0.025675249355256488	0.11204545583835693	-0.19209333484992988	0.26771636457529835	0.22947928892280564	0.2256655647078004	0.46507194145502123	0.45118410382607593	0.042929840719869786	0.22495612268958634	0.02672195797013743	0.258108493737544	0.1207031958070858	0.28386928096371683	-0.0041475045537808525	0.007096911001505196	-0.17247294324066817	0.2015961631377027	-0.4812508984720164	0.41310018506996765	0.26538420560625336
BS_1D93Z575	0.3892276551648331	0.02359270938337658	0.08840451138605614	0.038446279811264944	0.08088464722411179	0.09750122326354656	0.08374293024639753	0.26368265654318723	0.1656446204755594	0.13655457465354456	0.4760539237618466	0.4700160267463674	-0.0041998241456706175	0.17138987617603776	0.06819571270839488	0.23149318645543657	0.19684614479941634	0.30237455902536753	0.11690023210086145	0.04946439494443937	-0.04308974202370777	0.1516506263168133	-0.2797034327352773	0.3964393195976762	0.21435546957871165
BS_1EN5V3XW	0.3310946212858465	-0.05883427987474376	-0.03181047962963118	0.16333315320438235	0.02681273731481789	0.06896165483665938	-0.006318367350875704	0.10285606063023066	0.05212020821209381	0.11043567333389984	0.4678586609253121	0.44809258943871555	-0.02914125529172991	0.13679716944065803	-0.07523291549022088	0.030928553617531288	0.16673204473196648	0.22215501168605198	0.07489534734327818	-0.035604864360847296	0.017446081069149282	0.18578457218847721	-0.10309260055134936	0.415777741183384	0.24158264312666508
BS_223BM91B	0.4182086738406575	0.05736470366441218	0.14323521178300122	0.2471847262281301	0.18314019013222607	0.20782574197833942	0.15852027617295725	0.31161040042667515	0.26115597754548653	0.25500271173244443	0.4727105168787089	0.5057101177653598	0.16441455051419768	0.28665973850254073	0.22172156778676516	0.2329516578378034	0.27762182645064787	0.2838077840763519	0.2641263241275948	0.06870034121761767	0.159117264775832	0.27130823218531913	-0.18659419769516258	0.36906285512943704	0.3157754221914659
BS_25HNKZ79	0.43979779206714026	0.0838334874882889	0.23932783496699803	0.2342048002299883	0.21152167045661419	0.21831086193685256	0.1876101578790136	0.1800330788320531	0.2716147930770928	0.22520679121610127	0.47753168564631654	0.49222632242461134	0.1054327232746188	0.20748823412848122	0.18497150977497365	0.3179369622341931	0.25090434680138896	0.29798871590238907	0.2121964891765134	0.1680297336104131	0.04885388604091902	0.2841121151404146	-0.2862915836717227	0.38802239143673545	0.32974208118378234
BS_2853394H	0.31367128903499253	-0.19196097620325123	-0.04349941526727557	0.06312071891165223	-0.17761377637440065	-0.26237675796418236	-0.1999745838987195	0.1431635161376599	0.11920813384092557	0.01523196548155772	0.42945674942863393	0.3601889998556793	-0.14814624239625315	0.11540952589602294	-0.08639060101597665	0.10346454459221384	0.14285134992981763	0.09770519888680804	0.03871345344081577	0.04022975800364465	0.14199986250160598	0.18524809526729677	-0.3059392784686286	0.39239810882386794	0.11797909680591155
BS_297H8BT4	0.3805638027216447	0.07502008464982808	-0.013692211117224731	0.03978174581433679	0.14774365897448868	0.18304612701112535	-0.08074333853700047	0.173767116595604	0.1763165324132194	0.2720373695996221	0.46697327054732984	0.46645096334042596	0.0990762801818374	0.25032166557143976	0.16668127155494913	0.11584381202948164	0.1547768525050239	0.25684094323448714	0.11853706481110589	0.04826627023325557	-0.025106456327450316	0.21656180393485772	0.04263361156878493	0.38240963099656317	0.23400248396234513
BS_29X4ZX6Q	0.3492889976576657	-0.052168344616544085	0.021655136338560897	0.15834358286044295	0.0995855657751161	0.09419175935669181	0.08993624592593605	-0.0527151873182785	0.15305609632772485	0.0996492418886877	0.47256005476827123	0.40919940451713216	-0.03690756492786576	0.1817180947418161	0.07086775752780351	0.12125261999020516	0.2175613965383634	0.2374138921997696	0.13508064370358527	0.08727696425377715	0.07110716583576528	0.2492056649676828	-0.22666101273084524	0.4075002905325939	0.24358453475899236
BS_2A5R9MEJ	0.31759515702701957	-0.040762591764630124	0.007584761309644573	0.13974614863759027	0.0659171367244788	0.057876436689837635	0.06525857752434022	0.15402747644162662	0.1525183799625859	0.12241912241082455	0.4720923582647904	0.44358793255755335	-0.07526531908618458	0.1256705373631843	0.06377198661365355	0.14599773796212573	0.07177316043532081	0.17385285536627734	0.10067797462026618	0.07244041625736274	0.0018430358630517904	0.16775096110349427	-0.23292188532086713	0.3910083999104485	0.2163699911143687
BS_2ARXK0TD	0.4176387415682612	0.07584951721413002	0.18409030317320652	0.24904251030324576	0.21889561560315507	0.23984073380105567	0.1833819776394867	0.31868837685376084	0.25360227751300574	0.22314135154650058	0.4616354591142527	0.4606899625495893	0.13742656645922885	0.2543740560710873	0.18770277882441855	0.2963119997522995	0.237323485769529	0.27906740301916916	0.2365537057612825	0.1755357757404102	0.12085388246575784	0.2998837393042215	0.12717108266585073	0.4056577382954297	0.3100323441923346
BS_2AV1H5TV	0.39276149025912144	-0.14880087309846837	-0.2766908939352201	0.06616579484755702	-0.13442192307491027	-0.09591510383574078	-0.013909969883499435	0.09911070053620696	0.0975696348248107	-0.07617666025504354	0.4297588314538672	0.4553827276681694	-0.08105569152687597	0.15194345779760346	0.017147141130284253	0.15885381084895456	0.0815455550362837	0.102671467477275	-0.10658847805774366	0.07834496802068669	-0.10296095948529536	0.12744923701875538	-0.4175042051604064	0.3975972193041556	0.174043909755882
BS_2DMBCHNF	0.3907414634911459	0.14587422937252353	0.0486400345885899	0.24760909096518133	0.21503759026408592	0.28442499994689063	0.2586606885323452	0.288840792277652	0.20229743144754453	0.2699700091702607	0.4812008598693447	0.48194387838248537	0.2852149605340788	0.3753183566547273	0.29811197796271116	0.24016769090248705	0.2998957752055554	0.4026826906055586	0.2558496773032931	0.17319765418585928	0.046836712028003075	0.298451883165927	-0.46589212898225585	0.4487607421896832	0.3405059845978876
BS_2EN3X6HB	0.36631242072648884	0.015489819820795288	0.09172297104721379	0.15253878033105414	0.10354146879957127	0.1929410701042557	0.0818278075584834	0.16562705122429797	0.19994401916288837	0.17949414363874333	0.47107048990837846	0.49006118758822137	0.003835635215378433	0.1914747632526208	0.178309006033409	0.12845948637194085	0.185829158186424	0.2703248334313812	0.21618674808049448	0.01669738990179547	0.021569249101206524	0.2251745078474153	-0.056629935097952326	0.4367402065677688	0.30409045796038275
BS_2FEZWH1F	0.37025323162869445	0.0993799856495553	0.17430025413247918	0.24848264466486777	0.2041552719278157	0.28534224626967286	0.19824146040975285	0.27216850892830685	0.26154766803452517	0.24370322452725568	0.4908941736802369	0.5079874226408269	0.2336777653829124	0.31815615581547074	0.22785141889485663	0.27393082384114414	0.24593077835396845	0.41808913418949467	0.2789150268746844	0.14616290295115456	0.05991657554453424	0.2634810182701787	-0.06089808560395498	0.38566627945801196	0.34771686361423626
BS_2HNXVFAS	0.39580640368456665	-0.03765184333611237	0.13925542727366774	0.1590727754035733	0.10828659372440198	0.13539493218050527	0.06446965293890161	0.14867735709199417	0.1487160623152136	0.11718266593744943	0.48677324091119045	0.4511637648716194	0.013927738785055058	0.20049250588642054	0.09400261652568506	0.1624696867604439	0.19313083933086767	0.3143898974183162	0.18175662283308694	0.07137052121407067	0.12141446634068416	0.2689387469047489	-0.05756328800548059	0.41950584796278023	0.24913559894671533
BS_2JH1QMT1	0.3260949046302299	-0.023302577087663395	0.0973407765705556	0.21862349972348316	0.05177648376999437	0.06212223781859935	-0.07991794164495007	0.15436206736982538	0.15618754196892248	0.11805006702446007	0.47124419419811087	0.45900261094839223	-0.03840345429994871	0.21462845019528914	0.01448797484987902	0.06548237908347398	0.20338476674269304	0.19305938645836723	0.08270710969450651	-0.04472112178501615	-0.014529220533219657	0.19364754285809238	-0.10553143285601668	0.3553699321224367	0.23081885853189077
BS_2JP7RBMB	0.41656092533886163	0.04570649399868581	0.17028087803286693	0.1756932758024315	0.13200560580990786	0.16835080223028195	0.14053515028597285	0.1630284659371921	0.16687390921400191	0.18939691977400536	0.4305843878705023	0.43390093920933315	0.016314792061173165	0.1720003983277965	0.17400838092274618	0.20567612140368258	0.2279146324907941	0.1782272651302191	0.14877917976187885	0.08931496060510904	0.13526774551944376	0.2215176998967203	-0.059607158240130576	0.36391693695874733	0.2530296675256149
BS_2K01T8K6	0.4113815228743862	0.06898572678630348	0.22601315674132594	0.2501289637211421	0.17149036691833447	0.2454467379299672	0.18150820959257913	0.2625072927852482	0.24720707318402235	0.23279863909859233	0.47931355570437456	0.42405583714069933	0.08858160497884465	0.2451355461696346	0.23565195663892052	0.2918652965343633	0.1814181240954803	0.35087039988724117	0.22397450595278495	0.15341741517077087	0.10050138776291914	0.3025570046676207	0.022057222055637895	0.47537032526262574	0.30395888913051283
BS_2PDS3MSS	0.3672469629448378	0.13341883320704004	0.12414396372458479	0.2459673338186129	0.05851192291195389	0.24097909006490537	0.20680861275048043	0.1596597613181793	0.2529405895051012	0.2277619427487602	0.4828740975762459	0.49558332443887826	0.08792446434126076	0.23920698471716076	0.10279785297564982	0.24441357523519414	0.126434047453769	0.3292804290558713	0.2848827267319653	0.14749791125559839	-0.0011000799822288808	0.2589805552493454	-0.08775782553655988	0.4269542628266844	0.3145102899711577
BS_2T5PJAW8	0.37082675934887976	0.0901316307990399	0.13426362787450308	0.1684588559802575	0.07918644544951728	0.13599185734234792	-0.021308367890387363	0.2777641372220125	0.2040255063555437	0.25101769634612786	0.4543567754301018	0.46457756477351625	-0.09401951764967788	0.18311542575551373	0.05126027254531843	0.2983937482262098	0.15169852767961378	0.21703093836139672	0.23134159961261666	0.04297339438491226	-0.1198097028264165	0.21007229778047912	-0.12612752869175098	0.2584928577114153	0.29270974492325147
BS_2WANPFBJ	0.36299553879584484	0.01853055537268872	-0.04697646009391514	0.1967840014534964	0.14404430557710893	0.13143583626455124	0.0968077911749277	0.18656535315427064	0.16177594722176725	0.13542843169811028	0.4810973889720911	0.4959565309492819	0.0733834425050017	0.28740089412780156	0.18436441533159378	0.18562837344712055	0.19022598944837382	0.3433494283649457	0.16942315291697396	0.10290143940500256	-0.11358336153573252	0.2604646728839043	-0.12684881290283337	0.41705112468800626	0.3038402738615931
BS_30F3Z9FS	0.33943535492077453	0.061723711331582	0.12808441590415057	0.1957212692117583	0.10643711059488845	0.2162360139548483	0.12713519801344272	0.2115203772769159	0.14823990556459551	0.22325392461767377	0.47468003268445247	0.4612822421283928	0.0727815923517519	0.16194110133885845	0.1729124528393738	0.06761185303197002	0.212303767732222	0.2999038733551387	0.20312087804781015	0.14348482848558497	0.15505449287384618	0.2774181516295997	0.03685647013610925	0.4283659742269965	0.2681752387135448
BS_30VC3R2Q	0.43470162585065575	-0.01669599002348974	0.07364984058454355	0.16260200724704899	0.10789889002248922	0.11998411090837123	0.07229018345865858	0.21516097939125944	0.1802496306745412	0.1529906998960674	0.46018469161391257	0.42944734791068506	-0.05159029419163163	0.176609463277605	0.1345299266420406	0.14868171701445299	0.17897191571412002	0.26896824055182117	0.1593639882334481	0.03748046376870702	0.008464055620896428	0.21866797480545436	-0.11428116152409709	0.3228359812130057	0.24069367002255768
BS_30YWQ3FY	0.37655174042289047	-0.00042439353635008366	0.2633542307015543	0.12849116174504127	0.20030813983841245	0.14055840616278878	0.1478537458106611	0.33729222768767475	0.21104928730019537	0.14261190767543439	0.4122129425762533	0.4327987441256551	-0.040993868787031484	0.06333810363658648	0.050330610583707164	0.2827511082796527	0.15686273625419897	0.27476155156089516	0.1541396526307459	0.13576018409725962	-0.02546617353873645	0.22692782025462796	-0.08531068487273402	0.4279727135063504	0.22666657288689215
BS_31MBRWC4	0.41380049643502614	0.10437615840009605	0.12501124593985433	0.2559021259892781	0.20175067811626968	0.2519581598870817	0.22114677203374897	0.24468382390625615	0.2253015137616985	0.21790959964237241	0.45650616097027846	0.44979133623504763	0.01656689991937545	0.22524244409470798	0.13727184909607176	0.25115152541271224	0.24429562379029965	0.27957180012674215	0.23985538866764378	0.17672786229286597	0.16338281860778747	0.33270558531553673	-0.008873931847187282	0.3892253121488634	0.3176290407369804
BS_333KCNDP	0.4023918151914204	0.15804884024995414	0.24950280756672502	0.2771435974464319	0.23174059886380532	0.2720917192724054	0.23668910764786713	0.3813191394374351	0.2592860218615315	0.2623516451505371	0.4678701993717173	0.4940818486532262	0.2231390109850137	0.3490635725523026	0.24061685706331254	0.3172819234756983	0.28767796147758357	0.4170544759684714	0.26534912275204475	0.24527595726803866	0.15315901923692846	0.33888502707647106	0.20291182483893955	0.3952432785883192	0.344274420645132
BS_399RPKC9	0.4105798281503633	-0.047980634088478594	0.08408133926743734	0.16962759281771433	0.05502349197733702	0.12349546773190914	-0.0027330097030698153	0.2130035732192307	0.16636660417478352	0.18312792575871836	0.47784390375046987	0.4167078688967133	0.019465334945667625	0.2444549584112799	0.09118203779044996	0.1476225710169464	0.1861365824433336	0.2665924977129429	0.11417913150673774	0.033776497639851154	0.010301419609587076	0.1887426651919542	-0.15849524972235668	0.3297398479464477	0.23445553291161983
BS_3AC3SRWH	0.3134839954795016	-0.19103060610018546	-0.03637631192130771	0.12648726361592694	-0.08188854973769615	-0.1373407570386022	-0.31695841252361884	0.18774015699157492	0.10823753120309539	0.012364783731725858	0.39241537733466975	0.3902236535504605	-0.06403469228114723	0.10920312458927602	-0.28095159442580386	0.142590545778058	0.11770472763253145	0.1397051990664421	-0.08667868033115919	-0.033935453741610125	-0.07747460683864851	0.20173697526339301	-0.15814123312242565	0.09088466891606801	0.1526997884812241
BS_3MS8WVNR	0.3385821657755005	-0.015858943545219266	0.037172243198586884	0.16872880194018905	0.015045794187192218	0.10563303722919734	-0.007309136759686105	0.06705340986685182	0.11070658828880968	0.14253042419259046	0.46383735661940373	0.3906517465551849	-0.08679813852500896	0.20478883381194102	0.025098328749152538	-0.0039026369240736983	0.20361864671272087	0.1634695987041246	0.023640203839596072	0.06721788787365918	0.028686923294260185	0.22227042481212828	-0.11841177479123144	0.4628822275561891	0.24214226182790838
BS_3ZPJAK9A	0.3392045945763891	-0.16805523076520135	0.07123486420755186	0.03909118457162653	0.016097004401483123	-0.10477891756753163	-0.03921748174512411	0.24848087538055696	0.09785315101467952	0.07630860441889192	0.4439951295681324	0.38732241815247126	-0.12561763341410337	0.1728809796457735	0.054138387667569024	0.23956382265854909	0.06905395664501478	0.18427034359617114	0.07565967709574936	-0.00824234518543227	0.06951542917334858	0.12565610818648132	-0.2758493179132523	0.281669247606264	0.12432832040786042
BS_45J79YTF	0.31443429736672224	-0.05863950634832349	-0.1316427082412879	0.12672721806888246	0.04506687959497007	0.013506462598279293	0.034875681427114114	0.00883145901835413	0.15154999604888048	0.09187940956944356	0.408349402364444	0.37904164695357384	-0.10360435103475185	0.1176556088659438	0.024135771062943207	0.028904981381460467	0.15306092461783588	0.14326842130735726	0.08204142036266907	0.037871932572779585	0.005928611915070107	0.1901020959884292	-0.3360181551787265	0.4625239760187151	0.20809297747968566
BS_49BQS7Z6	0.35164353792160835	-0.05158010944542881	-0.012150721981953938	0.2224593117811004	0.05102211188579994	0.11486057048110387	0.008631060937321862	0.1390400605518373	0.16169271432445706	0.13419173667749099	0.47009789990288064	0.4736936338498679	-0.07484253714096283	0.18713413280960634	0.07258778429064278	0.1552659454197878	0.23995212842253522	0.19589898080754728	0.14183170804208772	0.0056020014214403354	0.07125476363753751	0.2418323604657517	-0.10184946541738298	0.2870438996562711	0.2631978556668319
BS_49CJNZ06	0.3852865857247251	-0.025997515803444317	0.03169262294373102	0.20661492085363492	0.10442745142753226	0.06796646572369758	-0.11518951133480468	0.16902930743758865	0.19967774496629517	0.16823881151139528	0.45079534569038227	0.38182688201046533	0.07613205888246491	0.2126749240387371	0.09503188143471546	0.14438775300043044	0.2103769016791366	0.26160374984467033	0.08793719036047842	0.07829026149457853	0.055331779449839164	0.1898438220479513	-0.1466958254011979	0.3281319231720778	0.24376380211294735
BS_4B0BAVTX	0.3690158487889162	-0.007931898089159376	0.1294073174777519	0.20382206255806995	0.1136824301082751	0.17947309392135707	0.055761183160032236	0.20412039399172485	0.2446341090038528	0.22338445110134358	0.4717793227796994	0.4798303374521285	0.0410664825440494	0.19769559391955757	0.09875901499131809	0.24410768737718336	0.19763530794104617	0.3050031235055525	0.1922238206351634	0.06372930699124352	0.06954515938979418	0.2574828155597829	-0.04573774599310027	0.42973945264858116	0.2773354916255308
BS_4BM3F6XJ	0.3643953035689947	0.05361436475548434	0.0069973486558467055	0.18593071962817037	0.13301920294531586	0.24444816691389473	0.13975201037279794	0.14733084576509023	0.2269330396662516	0.20339316498110865	0.46416514102316453	0.44155964338948284	0.05450078963963217	0.247992105153472	0.05927510489300609	0.05657382169493687	0.20165808016334727	0.2226075538200124	0.1757097334757841	0.007452559257814625	0.018904378658069088	0.20824120758307585	-0.17895289982872933	0.32523281882035837	0.29863576875481346
BS_4C6B11E4	0.40293461448746176	-0.017720179068065327	0.14044220170574517	0.2036694258226189	0.17258346900379912	0.17994193536005015	0.04816733759946613	0.33978850415762196	0.2056246711944676	0.17872884402566475	0.4908312171351985	0.4497361694298313	0.16775019785604728	0.34538595263810545	0.1606333877966694	0.3228120934899413	0.24803030800236708	0.4448563555466281	0.1860859801893625	0.07199645127983578	0.09061622305965464	0.262672068033571	-0.17410955975617662	0.3318753456071252	0.28825201261641076
BS_4GNN7J8E	0.3938654996670024	0.20702685320201425	0.21850302038450375	0.2884213177292755	0.2503822889265663	0.2941695703882254	0.24408635739551499	0.22537315788983256	0.3025850861869802	0.31145616069006554	0.49241811172318306	0.5161896429672403	0.03660291892454764	0.1948270906527606	0.23353425980468295	0.2977494657581201	0.18652616481577727	0.270082412899035	0.27664016793091123	0.26863403690710674	0.0528950142894835	0.31683149970695723	0.031954280036913675	0.30718649739213183	0.36482478192346135
BS_4KNBXM3C	0.37417138176205583	0.04208474156906756	0.29846222609957557	0.18312647524230788	0.1376421656322797	0.13164099586321593	0.08453756691915247	0.31877224925883674	0.19122254652014134	0.18291947293662206	0.48284716281766865	0.47882694327303243	0.24377548317115683	0.3179133678008273	0.2621211945436762	0.3364534547155886	0.23524333735193506	0.4287888441239796	0.24986161030561582	0.08444810485192156	0.13971915158866102	0.20253766801536321	-0.02625584421134261	0.3651630201339449	0.2576228924973096
BS_4Q3KRCZT	0.4317747231185712	0.11268726219454735	0.15027596689037964	0.2834855053412196	0.18085847667696342	0.18289809362097598	0.09155924557172473	0.24863479414818654	0.28110638822604295	0.23478157316900383	0.46374940544209187	0.48952653341307534	-0.056603971084223804	0.179797527642488	0.15951980203984945	0.3031957749840864	0.16425444354831542	0.32338182290374545	0.1547619691509519	0.19775274250255337	0.04650728939734529	0.33638172365303265	0.05638336129511439	0.3124680022348341	0.29793183107107807
BS_4QW2S1Q8	0.35477378900418777	0.12025164545863193	0.19804873388691244	0.22804602349995973	0.15908550198017635	0.31267952327747567	0.14542155480383892	0.18416949110920416	0.28157878222195365	0.2948154324655744	0.49718954821208017	0.4684992666860732	0.01177299576527093	0.19284113738823744	0.1272867159455201	0.25156789920040284	0.2036457972952992	0.2614211965683037	0.2227278272483392	0.11493671594367194	0.050784019135952436	0.22214047274129767	-0.07996290481921914	0.40606849859087546	0.32348167575980047
BS_4T0HQ9QF	0.3762184430099729	-0.038606670205282266	0.08246883164309818	0.2058425287741887	-0.003257094165652635	0.09967008879894514	0.06280636552199621	0.21231556565773696	0.1751925468225649	0.15923065574374365	0.4844953985922101	0.45919886336843224	-0.18355471335945966	0.16121176379625388	0.09242226694642622	0.15790976056475295	0.18968557240607978	0.18713292301104095	0.10200160851616362	0.02881243156782296	0.06767887332086056	0.21729688248577173	-0.29822549505775914	0.37111552576476387	0.27395669708751835
BS_4V42BXBT	0.3420716304291773	0.0466487798176279	0.06226439784770113	0.19827597709588493	0.12334235319646945	0.18696265449530805	0.09927721731524543	0.14828478000627882	0.15920021940558648	0.1614179455833192	0.4435240845959443	0.4835160771452066	-0.013273033411792043	0.17809124444234375	0.06592648247497453	0.20075559835665757	0.11823500331160154	0.24414876192886015	0.17465984866073628	0.13795919469588538	0.0025288311888270886	0.24814948847011725	-0.07341505647276074	0.4061598662663283	0.2773982520483871
BS_51RA1PGE	0.40299062376089967	0.012642997370812394	0.08130330162265892	0.09841978573721061	0.1457721968637274	0.2024621811240496	0.1293623628785905	0.18233357543648288	0.18281746248105496	0.18408406766148203	0.4873992259458145	0.48848674199154835	0.13351680951347886	0.2943855482487425	0.12447469403334488	0.17767508374333432	0.20629428466611163	0.32976672296439336	0.156823009468265	0.06401838963403468	-0.013780877224571813	0.2014360154879341	-0.2645230719750255	0.3440433061117034	0.2783404973217412
BS_52C576HH	0.34690875124351084	-0.024405215681190955	-0.00491145193545267	0.10888908012241098	0.058885986341190036	0.1506635742105299	0.03063660586941387	0.1323327370095297	0.16272613726535176	0.12939536365259927	0.47979021743380335	0.4651656726311797	-0.022473247699583008	0.178645026731304	0.002260293667037218	0.14650618381410238	0.17186576210894225	0.29274964088591926	0.16554086000117899	-0.024036578278408098	0.033444649283152154	0.22102849105196415	-0.0989489878350797	0.3828247171295342	0.2662221546550272
BS_5965SFPZ	0.33310600805960183	-0.04752455675673353	-0.09177396519391894	0.1270599185891856	0.0467837038787949	0.10924774626745186	-0.03708589479163424	0.18515284461528564	0.15511202250053713	0.12166323615750353	0.4725426871828878	0.42469964392818743	-0.035086073430068386	0.17307669069055062	-0.004131026435464705	0.08235189155631557	0.1707823219113809	0.15634877160386698	0.09158668666116627	0.027022928853838897	-0.00032650427715081426	0.16096799037984447	-0.17744858501428198	0.3396525073978459	0.23469709561919158
BS_5EFYPZT0	0.375482062090835	-0.09433868759475639	0.01977200683329122	0.150701807666981	0.12475811044454686	0.1257395412675586	0.10324166999283754	0.1885023724448194	0.13375789458995008	0.049272664867480026	0.4678439836020922	0.39201047966691743	0.2184919114720998	0.31446134092213374	-0.0034070637737041148	0.15093637287093117	0.26511731554439805	0.39188917086942204	0.19393266461038663	0.07814615313979395	0.10609237011108218	0.20144314487636544	-0.32122822802435297	0.46999656422095365	0.24504801739134802
BS_5G5BD2MD	0.4166316314567928	0.15924366408767884	0.12193979049559557	0.2747712965723429	0.22082622869607815	0.27314544783049577	0.20794270684176713	0.17385502811546302	0.201829938373021	0.2543729203022012	0.4682390547234496	0.5025082107221532	0.277836341413252	0.31860452506593634	0.23650782343528534	0.24473334209045025	0.18043744984406412	0.39718268309912863	0.28186474914710485	0.17145027824750259	0.05044277833300456	0.2464247844851623	0.007222187932969753	0.3434076154622793	0.34635902355799997
BS_5K95FX4C	0.3833507612573443	0.1309458348833656	0.2650022975866926	0.29992403951510077	0.2508500896678519	0.275412762663916	0.253642252802294	0.2516416735062739	0.29489842527400767	0.2682014146687306	0.4826113293565861	0.5060458104710568	0.08268941720895973	0.23343544219680998	0.24176068494159783	0.312668236219038	0.2299386184893155	0.3842704534801933	0.29965126628537225	0.2246696641770747	0.14387813117046128	0.3252476047369153	0.22748216282250056	0.3120706506068508	0.35621589904863155
BS_5KBXD2GQ	0.40617096261914376	-0.15054853924263237	-0.22902542230830222	0.11589305928111909	0.036707078695549726	-0.07595765544893214	-0.043599793078682475	0.25052792856779016	0.2093099026960993	0.0211093104872407	0.4734021248233828	0.4679218362381647	0.05239543205639411	0.28008992938835575	-0.021494972055812023	0.22048759101600457	0.1513091620803375	0.25868245276460256	0.1384699309577122	-0.11957941812053807	0.035808644800225414	0.20232792210082928	-0.29812310483383275	0.25661618423932764	0.22284061698105953
BS_5PXZ8F7W	0.3153862365133538	0.009715167714921449	0.06208113398260191	0.1881179523946466	0.0920832176482017	0.22354672864429184	0.14001286510563196	-0.022546492137555735	0.1985852039671006	0.13964632328044227	0.47907792164824275	0.460720851937098	-0.20838520286030204	0.14520763345909732	-0.03958462643456915	0.08036582620045446	0.022228947294230982	0.1556816122705442	0.28211717400390934	0.1758662623261305	-0.030366439855313343	0.19961416516800964	-0.054180867552622435	0.44403623043374524	0.3281220446764493
BS_5VPM0F36	0.3831350910633646	0.15976455088689956	0.1989140912623093	0.26689269123719334	0.220845749723234	0.2766200783346924	0.22260365994684156	0.37252705734822633	0.2757820230220613	0.3158980176887279	0.48928696510269715	0.5113006416162706	0.1537683563274441	0.333792358861343	0.18705832393593386	0.30579515130055673	0.20654070735100385	0.33672919085753517	0.26925861459217953	0.16781235226166946	0.07841373284806628	0.2776094028470687	0.09784435067197399	0.18976183751277362	0.33852125537588207
BS_62SW4CC5	0.36281889086015096	0.2125787400991087	0.1407041006734938	0.29602787899599114	0.2671493931527137	0.3805400523684064	0.27852762639849354	0.3260628931306332	0.29938740965794347	0.29539570461437376	0.49224184488177897	0.4799641887604382	0.2500055977709032	0.36088485893269817	0.19432182334767115	0.3159545150005253	0.24216464294067017	0.3862584681528193	0.3027456839853935	0.2815339488572104	0.08050642809857743	0.3293572109556952	0.21489403675356003	0.4695890975067027	0.372966015871261
BS_65WPD3DA	0.3397579017573512	0.013285074673833382	0.09544771665888178	0.2513421294266929	0.17646927338297533	0.1636223763879734	0.045619481295069014	0.12346866562186226	0.21179444845525758	0.19950998042545803	0.42349404775907834	0.3837304879174719	0.024968251649576986	0.11881916075744761	0.15215326916076025	0.17936118788167218	0.20074393296049242	0.17336469540211577	0.11475156424467081	0.10463986910546018	0.1455843368379869	0.24243829253443877	0.039445814798287605	0.3804050860842437	0.2652186223323813
BS_68KX6A42	0.33696498726992613	0.1330396775315327	0.11635092503343229	0.24611101982412872	0.16257489637000966	0.3189206260253786	0.18308628138410504	0.12677367736902947	0.22752645142345734	0.28547454158705354	0.4921649539793228	0.4943026159877404	0.15780661407087312	0.25394130302696605	0.18431824156000398	0.1938915772688963	0.2584446502399268	0.2766667461678713	0.2570753501330726	0.1411297668130743	0.13907745568416496	0.2558896065794102	-0.007429699775511267	0.4437933228886283	0.33548908987280274
BS_6DCSD5Y6	0.3188200551293704	-0.13694951055200158	0.0011002828589688873	0.16351666072586052	0.04605004459216107	-0.011034857018846407	-0.11133812718035664	0.09404243824746839	0.15090172526801018	0.06372507154257102	0.46414418801257906	0.43760833027958906	-0.14167078840332165	0.1394438156394548	0.04864054675152825	0.11344213264033833	0.23338825284539055	0.2593603058547519	0.03771304559185752	0.029735319942199405	0.11379617842823075	0.18117158646433498	-0.19000938402997566	0.2868871064973269	0.1902315591538263
BS_6H4Q24WA	0.3864833482903649	0.15326985296462128	0.06745703760555778	0.25681967576998177	0.2351524676960518	0.27062562154381076	0.21165208305431166	0.24351334193357116	0.2332036799829944	0.24411045557499073	0.4831984912077726	0.49319823856231004	0.09011796608918123	0.16224186457656312	0.22273924607431933	0.22388508852091304	0.2399260945365181	0.3536763740987044	0.2467152964559059	0.2539661945487001	0.17007580140348524	0.3064875942676174	0.00604629429295301	0.428171090605302	0.33344847233736985
BS_6M2053M0	0.3477493432436522	0.05577149012711698	0.18093552365489884	0.1623292594253213	0.04767022732522334	0.18637382247579193	0.08578578634647697	0.20600686947024682	0.21281484157934624	0.2573446426753342	0.47184237866774636	0.47638696856215373	-0.10896029821770964	0.19645428213798366	0.18389518339680752	0.1250854761697213	0.1911777305308841	0.23233715990390905	0.19178592194694621	0.08536667150499777	0.041287863184099834	0.2016675988631884	-0.19992731997744623	0.37962215377390196	0.2800445662123025
BS_6SY64H5J	0.3746941058128426	0.17217886562839785	0.265866569015525	0.3094224173614498	0.25999916381063304	0.26604281290407605	0.23235357482404817	0.3406361913144536	0.29054650482299504	0.29056590213616545	0.46217205717601645	0.48451848843693796	0.1751077374626783	0.27574208868093203	0.23145490999352036	0.31023858249869996	0.28973657137923375	0.3189815826201145	0.27041640609181183	0.25310573961674626	0.2151660905300516	0.318846135484818	0.18610905937598177	0.23897383483110912	0.3395420756282044
BS_6VRG1XFB	0.35881882136776677	0.0659640053197586	-0.11904851174981564	0.07255314356309137	-0.05421462760743295	0.08529737179417601	0.020632513944155054	0.04957682796627784	0.14112005186477464	0.16487521169075525	0.45748327343055356	0.44665579313261006	-0.0165747772554852	0.14166535092618462	-0.021050545587096275	0.0004969017643437882	0.13281820251774362	0.23975450658258612	0.08638939617298179	0.08787357679691897	-0.14433155837846265	0.19974317039183345	-0.14872838593384943	0.47556584361836934	0.25470173061376133
BS_6WP1FHTE	0.3369068361099555	0.06652821421107832	0.11148099795807524	0.2358602363709262	0.13275829686211615	0.2902819708116303	0.1310799014450252	0.21669223443518112	0.21046909335394887	0.2518799067839811	0.4867484195843598	0.5034498577642091	0.08098794156860588	0.3047677600722125	0.15716952575757667	0.13388066777297933	0.1681958757085462	0.2984569898572724	0.23957973266396676	0.10207238211450133	-0.02606836433195375	0.2417266049927321	-0.0020765901850763107	0.379913226130696	0.328046500001699
BS_7327SDAQ	0.3617421490770865	-0.03258754581962048	0.0017121553252655668	0.16482909684110963	0.09330306673158556	0.14970075486266768	0.06578751431363465	0.02789650528920999	0.12692519522070256	0.1422266654820354	0.4540916685495168	0.47164946621838943	-0.07908635638014008	0.14807071178745781	0.09982409240689434	0.11972360726261772	0.1943616358526371	0.16892645832274172	0.15658009253865626	0.00544877774320655	-0.004394087234284559	0.23690747072429522	-0.10490407079402547	0.43074939432637593	0.2701554399205469
BS_75YRDXET	0.36440575246309526	0.23740674574843654	0.33208721510516426	0.2998744428566452	0.28674439017997966	0.3171828143141953	0.3361291189701826	0.3357837500277039	0.24767112454583232	0.32672951261814964	0.4821150134635456	0.49092372105472576	0.11068955945993525	0.23644391702649756	0.2997084205757824	0.3469801729873273	0.2206249015141195	0.3747991687079217	0.32382823875001204	0.27548700965001516	0.11500320873485254	0.2970810455067778	-0.1027139868304384	0.3195943248085598	0.3650055878851048
BS_77SBTNPN	0.3600802901743547	0.00992524517377194	0.08529693923372607	0.1990831617272752	0.059510037287559	0.14032105093340308	0.10510114453598578	0.1703083729957903	0.13930436098209967	0.1325608462695528	0.47028455406769254	0.46054596324610086	-0.12905531066953377	0.16651882265082316	0.05081336099818166	0.06470475286392967	0.18926934492293554	0.25769235745050106	0.15050520406994747	0.07684909450051752	-0.07466458683502784	0.23625319022106614	-0.10263962434181491	0.46788345385263147	0.23495622963413745
BS_7AEF4D4G	0.35749615020989545	0.09433078320767813	0.02927216497063112	0.23764462422613009	0.10821824361712053	0.2633748835015833	0.22681157713609487	0.1727766531585624	0.2666698477065318	0.2308987254472529	0.4832719334088631	0.4861185048579142	0.11648099451282126	0.25342127466439196	0.1882315685205605	0.17982193249839123	0.1477215684684788	0.2812039185591394	0.25210769552694917	0.1698703187965778	-0.023086231797225586	0.21473620387004874	-0.28936115309238714	0.41089934694361313	0.32357493264833515
BS_7APCGCVF	0.39381992013772293	0.06630674799450553	-0.11045956266256034	0.21857444767760975	0.02737820165846544	0.17107019865234924	-0.01839175523859747	0.1985670817410961	0.15222405098560174	0.17322019237956202	0.4664085537216582	0.4439117642447766	0.01071993018679447	0.17786991780082934	0.05288124009185481	0.18915688834169106	0.23907083686276523	0.23427543202534248	0.05032722766182166	-0.04497558540716507	0.04074528375329744	0.20590112621751644	-0.2886797705364024	0.3439207459906989	0.20150578836303343
BS_7GJT4A6A	0.34956199345329275	-0.0654876279006266	0.07535982278782766	0.13788751183916775	0.04148694064478561	0.007535460719461457	-0.031357336131643494	0.1681772997896529	0.1566094593348358	0.08200211066635252	0.4694154353874447	0.4356585331263507	0.03236649913878104	0.20346890668384446	0.07988192797612254	0.09651776100251014	0.1691765586971233	0.38498336681699646	0.07790282464847054	0.09463523719397901	0.05731365124169973	0.18751849097628245	-0.26341817783978577	0.4182668983681312	0.20933481253126152
BS_7GKWKGPH	0.3445283160743317	0.07564514584945914	-0.037687638780051554	0.2572717398552231	0.1698603412765371	0.30219621000621305	0.10769921538041162	0.2660752487592201	0.17575174552300896	0.21958097151100045	0.48256824000562243	0.4970096145346152	0.1544463645003494	0.27962381629732824	0.07236838433300116	0.14840576799228172	0.22039895838188403	0.364302096229595	0.21547665166484323	0.09233807362522739	-0.0038332697850065964	0.277814832873518	-0.038224159090850696	0.2572111423455535	0.33544693745517745
BS_7PVJ6Q3D	0.3324166557968478	-0.059718951314289226	0.08950820613940341	0.14212943152526364	0.08264660560998459	-0.044817381839805354	0.006029563518192447	0.15627633056723553	0.12597613910950575	0.10797621298623718	0.4366218247787426	0.4293456834141582	-0.08098070731362868	0.1478658608886773	0.011133599769638543	0.11447915801710568	0.09513265523728698	0.1518133637175504	0.17857350054484203	0.0143331156369262	-0.0995785812798373	0.12923902238996565	-0.1371241549862097	0.3089078711423571	0.20814393061846637
BS_7WKNNRHK	0.3484363441299425	-0.04223781734926423	0.06958740596040978	0.15706058247133023	0.11360455352026136	0.1063726978379214	-0.1280223567951903	0.31888568723749866	0.21650240155674833	0.15922460199123425	0.47985753607770376	0.3876199726332808	0.0994074996449437	0.26851987071897554	-0.08410380860137158	0.2789140780059847	0.18960320943905434	0.34046243438162244	-0.04004731306279148	-0.04987072496297946	0.022608466147437493	0.23952192105551023	-0.29879441616474245	0.3999262850576772	0.26201317930845547
BS_84VZX732	0.3985106527953922	-0.0765261984238815	-0.11681110097041342	-0.003747205875383133	-0.02393608378322719	0.030225545286736502	0.08102110801392416	0.261830415538522	0.24377713085997893	0.11040908614113262	0.4781459288061853	0.4670244567520319	-0.17777346896394658	0.17029715532361236	-0.017522537960055585	0.1749758344501309	0.13964830374164794	0.37301497383067067	0.1867325652247193	-0.013367704026324976	-0.08186586458296954	0.11042139652794038	-0.2702437914396258	0.28284355970033714	0.2281154761222194
BS_84XCR9GG	0.37706296705203896	0.027406614734851016	0.10108285163154203	0.16967678746666948	0.1296257729017563	0.1851564195772692	0.016880318902598092	0.15610198639705372	0.19389161961294915	0.20032314340840016	0.48071085776350786	0.4220556376224824	0.009800074850864642	0.24422314449040494	-0.03963467402084281	0.16962615597790556	0.1938765094771847	0.25137900222904297	0.126171996806113	0.046116536588408544	-0.02437036994951168	0.22493353775119615	-0.1386975757304106	0.4613459104979732	0.2367832357518547
BS_8E8JKP01	0.3099843870815555	-0.04175257410994829	-0.19722335684142928	0.16182713389632286	-0.05215746990182638	0.10617965744269546	-0.19784236810812317	0.03264280952445569	0.16065909237439088	0.14037195555279147	0.4766750628332304	0.41473106305914503	-0.24837854567807527	0.11041540591105758	0.07060587177084461	0.013650771378815265	0.11351417633727351	0.12528861242215703	-0.038866027123756995	0.03053370636560752	0.0007109169550361578	0.19131858320247713	-0.2291824850452623	0.459586563825634	0.20965850141092437
BS_8ERBDF7D	0.3409328787257678	0.04103427355480594	-0.11523677056194342	0.1729102398945803	0.08390903376977991	0.17799962963132138	0.03386806450462495	0.11913907283328265	0.15755228754922898	0.155891647074238	0.4691200460020725	0.44898297688777955	-0.05997441920098552	0.11074264058144621	0.1274996856430947	0.05088533462949477	0.17118987246996895	0.11096653757036742	0.13567872872469988	0.09426010372295673	0.024707697635309153	0.1897303541656202	-0.23744248449620892	0.4230619092981742	0.26712247873459555
BS_8JK9TXH2	0.35019230346300506	0.02959939293903482	-0.04785088148350554	0.24710211557074943	0.1433912025771927	0.2141168821205348	0.18821912896154772	0.12717814552142007	0.15073183023197195	0.19163106179580572	0.4671888664751208	0.47519938914634885	-0.07679026923263271	0.18480876617265685	0.011395035380769603	0.144262649729623	0.21774913439473112	0.2384537860976723	0.2760561334815576	0.031965866539628386	0.05143007072016451	0.25283070521821965	-0.2913457342006321	0.2878276813434352	0.3110456268926253
BS_8VD670NP	0.3768972011991832	-0.05932292982016145	0.15601126338255938	0.13991344421553484	0.08906892292696202	-0.017292224521959238	0.03850985604694811	0.2571470818104792	0.20233263424980383	0.12508219138475843	0.45498736028659253	0.40812317108819807	-0.035885715298594044	0.1299757534032437	0.15996925322827485	0.2667200316989611	0.16093988193292227	0.2148247764548815	0.1743317754265167	0.03533081164255561	0.0435338175055128	0.15302708754877242	-0.297419968622697	0.4761048365735834	0.2654384420638466
BS_8YWYN7VH	0.34418028343438034	0.1796391374109961	-0.22136390620125126	0.17054846403813922	0.11506447583723187	0.28585349902952045	0.20256266167187467	0.13793193851407742	0.15901681093485287	0.24342487662424972	0.47656573818535186	0.4810746923869684	0.015016910794209361	0.173041876672791	0.14738653182579484	0.0016105783762493436	0.12948109961884782	0.1955967193453254	0.2472767002902626	0.19344767610901306	-0.04096241054844586	0.14011169268744608	-0.2802504191409909	0.4649147875661529	0.32684951079634633
BS_8ZE4Z9G5	0.36249717504564694	0.13983956466376865	0.07190455223329016	0.21423480802817343	0.14400161999232508	0.14663050545704137	0.15109158543182635	0.20402650546203008	0.2364649177361009	0.26175662189818955	0.49265748780915297	0.3982772937396185	-0.01142498547461103	0.13304677023908393	0.06959334172997432	0.08870194409508242	0.24264642009048895	0.245328310507318	0.14927035853908513	0.12910143911225436	0.15392593396252113	0.2702135468008718	-0.14352837489688078	0.45959528278318107	0.2655292559082249
BS_8ZY4GST0	0.31511901901708883	-0.03497553931217084	0.08925846193367527	0.13331255082214777	0.057664607479744744	-0.02544665727800963	-0.10481826167279763	0.19211338632952132	0.18798866411654805	0.1862844988493903	0.4330385219424471	0.39116227536019776	0.008146271145723737	0.19547518092251845	0.08463088177266438	0.14417358762929097	0.16806256326963884	0.1530600169691624	0.09209482814298271	0.009900303688542635	0.057746137970553536	0.15753017711357348	-0.09081610709781547	0.29839475174752833	0.21885596136393004
BS_91VYM11A	0.34387451319535745	-0.015966101681018387	0.22878706167497304	0.19670676110493288	0.12345129062632258	0.17281397726171793	0.0959088813221739	0.22804063693571316	0.15436186239915406	0.16348962131955408	0.4649069461912173	0.47805426029728454	0.026328607861876102	0.2549163054815595	0.1391426377664331	0.21424576259373698	0.0971691900161057	0.27555977929786046	0.27294315001146435	0.05922811933444619	-0.011545053360436526	0.20888777732906455	-0.18676873214140494	0.3622663581780929	0.31096587341550047
BS_956G6QPJ	0.40490155942640643	0.04634266010796167	0.14213057582410676	0.18963909700110845	0.15503432831086422	0.20862476852707829	0.14414248055031859	0.10545998257759642	0.19733917200277654	0.1844270644665794	0.4524562005959422	0.4761796023288961	0.04018086293212573	0.1611571225718018	0.18376823127808464	0.09275478450908992	0.16240304339324113	0.20274571099034885	0.19938005378002033	0.0865812818752518	0.09315659648518158	0.24624784670919683	-0.17401109537747364	0.4154131175338921	0.3018195205757893
BS_97M1E2DW	0.40034946929630205	-0.10009392152327758	0.04172268795395072	0.12253855627987938	0.08964033557177113	0.03387973915099108	-0.038067509602880495	0.1894977348026722	0.13902779673538748	0.078656364674015	0.4745329581995349	0.42749221499365	-0.178223834564783	0.17952116332015874	0.07257532460353402	0.15259667584451347	0.18077571134002002	0.17261109653226392	0.06067406430956811	0.02650100716225758	0.04076170218893661	0.19076582417663554	-0.16514219099323474	0.40558937072706847	0.20750462325507896
BS_9A1YTHFF	0.3652560838655917	0.11230817116312766	0.1532408901510157	0.2815567758934747	0.21636544692849136	0.2750927761061527	0.2106352942384	0.21049564853751165	0.23076132079902886	0.24865507397244851	0.4696078503167577	0.4719521233221599	0.06973093218189112	0.23309688941452936	0.21949781640663635	0.20131201926721576	0.2564713725458191	0.3409749601745133	0.24234509002088647	0.20200180188786096	0.1755982266467682	0.3118701278987637	-3.9549389897007404e-05	0.39332320217257366	0.31856375030520845
BS_9B0A62MT	0.34005986104496644	0.03704876038926744	0.06566295340502894	0.17940291666728125	0.19485278207457174	0.15468517880553828	0.0696598450558261	0.28911414973812544	0.179508322887027	0.1862260062709103	0.46745199119410136	0.4371272193964509	0.16246094649038043	0.24253497889176312	0.04974547058384792	0.3220605578927019	0.23655847453332116	0.37509146994726406	0.09101631110977443	0.04431503594518678	0.13880287784880174	0.1800501948246326	-0.27886144092188	0.33250160411607266	0.24886189556906418
BS_9CA93S6D	0.2758797110684904	-0.08714176180568634	-0.05556030877108155	0.13110263068732056	-0.01947196590101133	0.044350236482880896	-0.24325132488225001	0.0957423954515695	0.11673427492713001	0.0933606414264708	0.4407699747622657	0.3154719674028731	-0.1611610354256405	0.1141397458949032	-0.029768197172807424	0.124518998526111	0.17570612781069903	0.17471521440428653	-0.011751867267285583	0.015122822075776216	0.11335755753702685	0.16704126701114064	-0.13879282179443955	0.3334982055167718	0.16365060312761123
BS_9FHEFJNP	0.30693799605004013	0.054444894983375944	-0.15326853545738964	0.2725801600009504	-0.04010830251960099	0.11902758271201318	-0.04270998158396219	0.041166831454396376	0.05607655540616574	0.1682132126483334	0.47999012370673355	0.4648910277184082	0.0973901912102535	0.16461977665832025	-0.08350436495961513	0.10174471767253107	0.11544737205202003	0.1385254022242271	-0.08753969131345597	0.025065753819150986	-0.038642806047659885	0.16506580591940287	-0.2894772553856094	0.46236776058637086	0.21331165647134392
BS_9FX3YREK	0.28833045180662586	-0.056907287927088546	0.046505213613048796	0.13337444358410502	0.00678523551367503	0.016915825924044496	-0.17255757275412176	0.18621392336396014	0.17425925470390954	0.13322445256585766	0.44232736332159756	0.37215115822178313	0.02039264197572819	0.23526902916796003	0.04216367832418763	0.2020716492856789	0.1317882979706543	0.19513980721521879	0.03236565630043329	0.02960357450952186	0.04231224093462932	0.17930497524603714	-0.03978990219136965	0.3351395955523874	0.1946809767314487
BS_9GJ3DB1H	0.3740346128156787	0.10474619005819609	0.22727497777356268	0.2420567144092587	0.20105544498565625	0.2329535148519511	0.20881020665473896	0.2947639622080902	0.2348253553774942	0.21716343134567598	0.45016001707161885	0.4407845510375251	0.16855421159368347	0.23114391918103927	0.193768310645617	0.28303840773118005	0.19382586756959302	0.32253098389446055	0.22596016950616418	0.18551883376759817	0.11525919871931178	0.2983489199999483	0.1334399806604037	0.4001629968283849	0.2869677906263564
BS_9JPQZQNG	0.3554173044267296	0.021239830773188688	0.059773725878196425	0.2473467891497063	0.08004430840005933	0.09179278590366304	0.09109904154785026	0.14866636492815918	0.1504009921266232	0.14113428299423916	0.447978990577263	0.41645258685748754	-0.10953805662003457	0.12947990232872503	0.08626075967287469	0.059010525916726966	0.11793787844357881	0.2712443433160091	0.10671537889619886	0.001852992333558801	0.02124869143535959	0.2083610990445035	-0.30267944483266623	0.4433434645794777	0.2776840699326572
BS_9TXEDSWB	0.35675051520145845	0.005574025901877498	0.14023130297841993	0.20204237494853589	0.07075319643965633	0.19808056795272128	0.062188552293287035	0.2624535595634791	0.13597318763365507	0.1988736524385626	0.5096107102893138	0.41177265474346564	0.09129991699228088	0.26530565829147873	0.046562932210532586	0.23847820728367342	0.22279817250714665	0.32851701171080555	0.15154111726087852	0.11070811425735813	0.09640026598574848	0.2176827321900215	-0.23151164124883153	0.35494804946446795	0.25802882758461365
BS_9XVACXP0	0.35278833837647683	-0.06193956949020488	0.05142471951901876	0.12043343061259745	0.04426196993724405	0.07772084960613468	-0.09506477371491417	0.16316235979929972	0.15127581754577957	0.1292687294234543	0.4536347678825746	0.3641144332207225	-0.09527812852347887	0.1601158547114039	-0.05604601314964846	0.17268011780404643	0.15253210985438265	0.28649260239890434	-0.04266233152636428	0.0038525876316895568	0.008476217838691236	0.21429597893698443	-0.10421672500474313	0.40777017892841255	0.20332513459239665
BS_9Y1K14Q5	0.37550383414239674	0.03221565560432037	0.15525626759588665	0.09253877230805548	0.14130500598972526	0.09601884563615687	0.06398705763110428	0.14201500110932094	0.16799241009478022	0.20041311450906388	0.4877765002392333	0.3196189011180672	0.03555539582123661	0.1322610026004295	-0.1128618238215673	0.11983850040531788	0.165748830795664	0.27394876885401537	-0.08431405569115734	-0.04482688309632769	-0.13805573023404727	0.15854391148444735	-0.44201489146524126	0.4401279785160383	0.25989286482165436
BS_9ZJT0CP0	0.3423441723675033	0.0378376382162939	-0.022866632164896324	0.18298885577819182	0.12001444120119127	0.22210445348956745	0.08003050859378147	0.25253108079024095	0.18949321916133255	0.18152967354857152	0.48143209933223097	0.45749738013105934	0.044866537876016625	0.14929019667004034	0.0610700160922971	0.22780539610502717	0.18233413079932267	0.3584251659108034	0.1728914185193421	0.10764820027856513	0.049301070576167096	0.24630959804827882	-0.21700895648626803	0.3359161399336788	0.28935796502262423
BS_A4PF49V0	0.3793050945972354	-0.190174709803343	-0.14603966322459846	0.08292334101504631	0.02560893086891418	-0.12635483079100182	0.010625731114902242	0.11283069618710966	0.07932271880884127	0.0668910484290879	0.4565287745725962	0.4310123448350888	-0.09959856836952707	0.13980044261831695	0.09455824171671928	0.10623841052786723	0.07815710838820039	0.17480878809442327	-0.10095324941858531	0.047077437647275594	0.00907190662947167	0.10215569262425375	-0.15611302852448047	0.41951012209082245	0.17255671755415042
BS_A6NXR7RC	0.346841533503474	-0.022884708938406	0.14650698591267913	0.17788664082104547	0.1288445750995313	0.147658502807168	-0.011230069156362169	0.28462966140946366	0.19662536414955886	0.17245202646813818	0.4704118787479033	0.443812844136416	0.21195418120807208	0.3503424862501927	0.09004371537904653	0.21284064244011827	0.1972468314928684	0.36972693503884035	0.14200348701300866	0.030521660728174995	0.04032920896928726	0.25147154035888525	-0.029899557575830005	0.2868279433992669	0.2443268881996266
BS_A7Q8G0Y1	0.35121654367841487	-0.0355310375376316	0.007799332679049697	0.20003068386118805	0.0751687845774617	0.0998199976588254	0.09183571454389726	0.2715435323149466	0.1920121767118182	0.10486164072606623	0.47879610038930004	0.4915925505394656	-0.11783964064823287	0.21572846286804703	0.14267911068207992	0.3525700960261658	0.2053843011160276	0.28381639324703484	0.13522490985630364	0.09751090005366693	0.12396523588471073	0.19737230346620008	-0.10637533110716595	0.3712213033379043	0.2560108392918069
BS_A8XW5S0W	0.38144168915323956	0.11820825404499419	0.11801296948580016	0.24185018681227696	0.21394533920966122	0.23220920569821107	0.19915331340814724	0.21140399244012012	0.23427799479270126	0.2287450561268144	0.4469734051340768	0.42356590620916773	-0.08099922792788353	0.10895535998772055	0.18465973593466617	0.19511332943199886	0.14355239644223147	0.2429247688669381	0.22740815443025458	0.17498303205285687	0.057299013783872504	0.30513705200435387	0.14850977094601459	0.4266853719937145	0.2946245965910212
BS_AWH9757B	0.3674963545243167	-0.040771576423300475	0.0450109947065236	0.1275766762389814	0.08232041232097861	0.11672731352529343	0.02828349909528184	0.14105305982766458	0.14198757506714552	0.14239450201411957	0.40588116068808877	0.39179724476017186	-0.09858716932399006	0.19243578143143572	-0.03498520018512063	0.22840282430233688	0.13713684941153237	0.1985829084437974	0.08120042413153467	0.0658461605007734	-0.015181862602739033	0.20310886563538746	-0.12044662384382804	0.4153268318756714	0.21925677671922233
BS_AYSXRQWY	0.3566974637200731	-0.050610692555011945	0.23784089726837018	0.25324944028958635	0.12421035944178839	0.052407220541038996	0.21488501235315666	0.17059996206012984	0.20023867065435083	0.0917753301730939	0.46960420564751704	0.47143882082057614	0.13803233353881772	0.27590737760683015	0.16603544862496397	0.16853413511908294	0.18728662998652906	0.3687099181451367	0.27235652864225596	0.07661330859046012	0.02831001627960433	0.2619826326626237	-0.1644044448794874	0.4173741939099829	0.316938978857253
BS_AZQM1JJH	0.3798841896911504	0.04811555904599112	0.2087554977669406	0.2631660010577945	0.20984131932458439	0.23793855442488754	0.1681692502475326	0.2508509844126142	0.21987905366337177	0.23025037282501393	0.457705612756649	0.4677724863889152	0.1536606311459795	0.2415710749256068	0.22776196134823726	0.27303093008361545	0.18618940991908098	0.2934577476381091	0.24430560008447635	0.136346424209885	0.11244259469708842	0.30624675532264267	0.11299006144902207	0.4028046801608599	0.30336849437112917
BS_B1C6GZ84	0.3572457601813121	-0.045784323091991534	-0.008303542509119136	0.11659163480509836	0.05138109314938127	0.09472170021022641	-0.02676366279627602	0.16979484133626824	0.14837519922698592	0.14476874667209827	0.48048300417647055	0.4237584914901992	-0.03600836723831429	0.16965786243072775	0.10024790193950113	0.087402075817283	0.16652265329249663	0.18010827023549114	0.03430071792036323	0.04757176647822204	0.01938463018421484	0.16303910912236427	-0.2725155445298918	0.47202623511122493	0.19832148938772293
BS_B3MQFFYP	0.42074837784389063	0.09450146240954499	0.13925483024953778	0.22882532124087646	0.22595405795775003	0.24550625587068808	0.2293745326073013	0.344156984920172	0.2495698124366591	0.25069444650205724	0.47470524100660144	0.49191423968163633	0.11870763740494322	0.2965856781690798	0.1499959069844431	0.31682190779556124	0.22373574748675545	0.43560314046397464	0.27167589416298943	0.1648168105874737	0.040670587099597255	0.2614161083027166	-0.17235538387360672	0.3335655972956329	0.346327976220907
BS_B4R7X1KE	0.307431362455509	0.017412114050826207	-0.06069809075153947	0.20891052377702943	0.09361318174269555	0.11154181183573539	-0.009987111012955477	0.08159684285903777	0.14568678698712534	0.15869847888172062	0.49329357474887153	0.4286105225493599	0.0485343510575162	0.14055190480003094	-0.018210082746522752	0.041495545141833116	0.16886790322451803	0.2703425692564796	0.0667637357886546	0.08438670114349814	0.04531616100389552	0.1944962942240122	0.02187207814589384	0.3788341396937607	0.26215099049472834
BS_B57327NA	0.3315419256091392	0.013589263163767205	0.028561251014380343	0.23958164779952618	0.09637715968976311	0.11918623443413985	-0.16077428200721838	0.37119910632670466	0.13639301003988433	0.1455513027510534	0.46809459774555084	0.43903070231778685	0.03676849690732654	0.2123856457936633	0.11607305880583108	0.18380605501968955	0.18862749198321654	0.1851148138417491	0.2103128375747306	0.02538996830354544	0.006469388214503799	0.19035884994015126	-0.023102052801685247	0.3324136136356949	0.26434309943445305
BS_BBAEMXRD	0.27962590564058054	-0.01521458173287193	0.077594203690291	0.18516343698899881	0.08491137532489543	0.14449905535077076	0.020628409468988314	0.05193689062860326	0.09918026129218224	0.13163220395113154	0.4751722872187839	0.4599944383052462	-0.11328397417757971	0.1504490604269317	0.05880178771579183	0.03248774254327647	0.17050514822901564	0.1296537729866536	0.13878077471039493	0.0516087817379413	0.017548975081568666	0.1845519346926774	-0.24886994003385474	0.41335686297158136	0.24940726554501857
BS_BBQ6BHGN	0.32719768922261416	-0.05747070911613712	0.003041790955516461	0.10193748456769723	0.08278707772761949	-0.010321202691783722	0.021359180335413522	0.13928871754427308	0.1213063771498205	0.0819372339432567	0.4461024586314881	0.45167184910319047	-0.04212099708868615	0.18122346186217672	0.0572852092308428	0.04149305126575206	0.10936297785331484	0.09653969702302176	0.09485831527403725	0.06382384570040506	-0.06776048669817815	0.12986067316456087	-0.2867039820977497	0.4157231269735115	0.25767252341839236
BS_BK0HGRXM	0.3828132991260492	0.10404195607427115	0.19068297107831395	0.24017764855903292	0.19670296216742386	0.2535299094544492	0.21926090982355861	0.22548276796512792	0.2048915411033533	0.21388582045007035	0.46615636159039014	0.46167505893085997	-0.05817001987118574	0.15726728211612523	0.2312948423974736	0.23232956173337174	0.22162639740479642	0.3530073894111213	0.2505156732779815	0.1956606785374816	0.17036524533234995	0.28202778069174034	0.1712614200742553	0.3617565793923802	0.3079435375743905
BS_BMMY0H73	0.4006864261831329	-0.010532066796895575	-0.012310324498920975	0.18942723583608584	0.09738830844286067	0.1611389607980924	0.08781486312118364	0.18909751827751775	0.19953418632356976	0.1929848518915949	0.47746755451273926	0.47209622149852937	0.039381975705341014	0.1905446109001216	0.14266357691143977	0.15017416491832922	0.2111943799846671	0.23882711217260247	0.1851147228323131	0.07685030223383761	0.08226402927100682	0.24293369892564176	-0.21590194067852334	0.2830423721257013	0.27953773960122363
BS_C6ZZ3FY5	0.3670073804495112	0.01562283785428554	-0.07861052361972458	0.1960524705064911	0.11756507574664837	0.16339620959949547	0.055126528224086827	0.1889685871720937	0.18508804097607154	0.15325504512465501	0.4518838947320878	0.4780227829337994	0.05691135013454515	0.2043309728355537	0.11744138651470722	0.08767026856007169	0.17635219388857792	0.24216393712875714	0.10482939398870239	0.10367801666996061	0.007068456203526851	0.24502736034182904	-0.0740795053141174	0.3946261929196965	0.2737942026343007
BS_C83TK159	0.38099519337874677	0.0610902145780238	0.052293484998228695	0.17578570620780296	0.14215112286436074	0.1301118968567225	0.09714312172925471	0.271389481248481	0.2114677346493608	0.22774784547690494	0.45477316011560703	0.45699071589736806	0.0017333296702198406	0.20493079149861218	0.12172937645228372	0.14313634098834568	0.19240625619296983	0.12632858423223078	0.15330919711995294	0.12676411190681455	0.0431429452395255	0.22364383892799655	-0.11121564740296609	0.31253358368830875	0.26275258734363816
BS_CBDQZ8PP	0.27345386469967564	-0.04037565056662063	-0.018950560575591774	0.12070909103053025	-0.01661826842317553	0.04186576251405724	-0.136194083113953	0.04470202407369157	0.11622906090907947	0.08730556608795988	0.4239575858174045	0.30464102359002476	-0.15576888141392792	0.0952285394508035	-0.018222952626659072	-0.023347589700454863	0.13207708755607006	0.056894718714748625	0.05193860855996572	-0.032963546063338886	0.03630198421140984	0.13295697963217967	-0.33856477609155633	0.4123762213567765	0.20938365644956913
BS_CF63VG3S	0.3783947659430948	-0.06476966139085927	0.12469431849064017	0.24771534435308662	0.2131203522497965	0.003779521006335195	0.1459295680691032	0.20239546548004922	0.13045502289385985	0.06555002992275558	0.43416139102636503	0.41894824527332486	-0.10329223137801596	0.11175342682308603	0.20867797303859967	0.05247686232387711	0.19682542814488888	0.2981530705086432	0.21934102063021216	0.13339812387228397	0.1559265429601036	0.286287962256136	0.0036393697398253047	0.40165704925120854	0.2547641454043279
BS_CFD3WHAY	0.36643838782960714	0.08033782313087683	-0.06297722747845026	0.178822081242686	0.17319530909308897	0.13313936195224302	0.028482736026078117	0.0724530557625699	0.1581820745028751	0.22172794471678337	0.46272616444957765	0.4796116072734921	-0.092511678569349	0.19345620732383056	0.020301399586946142	0.0926866493472888	0.1345701431568892	0.1997513600305079	0.17154296600084654	0.037770197217701515	-0.07840182528329409	0.2020800337913059	-0.1683925986267542	0.2830495183728534	0.2647775827480299
BS_CG1RG607	0.3501312188022611	0.12198833106906931	0.05071882154559175	0.2784224956759634	0.2540894509646885	0.23880967996599292	0.20485714215581827	0.2735069822249536	0.26399332533626263	0.26341889109730393	0.4714942088976455	0.4937787002610053	-0.04801196360322109	0.25719555433719615	0.1125386924149474	0.26561291661584785	0.27536324577849713	0.407421130360262	0.24561789257136477	0.18453334197685728	0.08672908295777816	0.25046583215292206	-0.26226485623109236	0.24629111588780697	0.3370291737443719
BS_CVEDJGHZ	0.374219307543533	0.13858821745898428	0.25584710366494623	0.2991089065258612	0.2441614029733367	0.2635225555930468	0.25692796106672616	0.2617641770219646	0.2737564680601375	0.24639518173065933	0.486798634466677	0.4995007620632612	0.1712917841362022	0.2718848977855907	0.2171934950752083	0.31793551194758224	0.235983627698295	0.2719438225061152	0.286901196967909	0.23927498121666133	0.18595194770293372	0.32053266445217526	0.17805657516793635	0.2799340026990602	0.33092532599002467
BS_CXAQDK7S	0.3499160618854983	0.1811441624567886	0.17843889529600185	0.2849593330304597	0.20175032519646155	0.3270841294192033	0.22003184527765196	0.2527275674972487	0.24412070379512973	0.31854912892721937	0.48991740681739976	0.49675184829935115	0.027479973774461045	0.22808560145697832	0.23088899767758542	0.2574979240627247	0.2255582277232196	0.2529822335294195	0.3060582249808564	0.17538040449401263	0.06853479264739637	0.27545888609843927	-0.14829016765019076	0.33992848035178647	0.3577449374777619
BS_CZPQ493E	0.34187680140235277	0.07733652847590979	0.24252121422797188	0.1744381419350067	0.18774352144429907	0.2107519788506515	0.16943107597148166	0.27634627451207916	0.22267537421266376	0.20513113307417888	0.44092751634954364	0.4716829398018101	0.07777295480241667	0.18265915034760663	0.1427184194918857	0.19768321232866382	0.20882340531115232	0.24647274748817183	0.28090176298175396	0.19165294087501294	0.1263050820849671	0.27769507629648627	0.026587460445758316	0.3618397851157696	0.3093669875037696
BS_D29RPBSZ	0.32758257037605243	-0.004875682721420508	0.19103523455113214	0.1768689348526583	0.11926852708208585	0.15756649090591635	0.10227360308405112	0.17759815187500533	0.20058015904538018	0.16372538088601118	0.4880595990858112	0.473102126548972	0.06965343042612537	0.2305879046203116	0.1401947706370504	0.15278892902477373	0.19705885369162418	0.31097333251533144	0.16591860699289934	0.111742385972659	0.04296303704693811	0.22833703833276284	0.0005352734137357929	0.3391812245348851	0.277132012726504
BS_D4VNDNQA	0.35486178977534905	0.04034759393084198	0.05227189647885383	0.16869574063910903	0.10719003871301634	0.11834476059578825	0.1695125489918808	0.1468772290630177	0.11634749735397575	0.10995274050702947	0.4281182005473447	0.4013650554940453	-0.04659301085227793	0.12538763048504084	0.16430796459222177	0.21274805668995098	0.15547242470989883	0.22771565179204423	0.1638735401418757	0.10332550902801156	-0.07672279812474156	0.18193910729423324	-0.19310488287990335	0.2160769089129228	0.24479849721291555
BS_D6J2BGDJ	0.27664422864217797	-0.13097946949209954	-0.07063522119538584	0.17127752466493884	0.044694061870197734	-0.022982618910482793	-0.1703747733557587	0.024368903804616458	0.11696772082444616	0.0662599226009073	0.458424217060169	0.46582761472359124	-0.09636400640303296	0.1143011849523867	0.050678795276426596	-0.008920147789458887	0.13705330950601724	0.22360033794988549	0.10905334662283771	0.023060454513785546	0.016031978044957877	0.2029331697368978	-0.21196593744870582	0.3366772582467796	0.2297819904637813
BS_DFGS950G	0.3243184713075161	-0.1169442108702235	-0.16355128392351784	0.08601023839991478	-0.025897834685538204	0.013980755038041144	-0.25314312229293345	0.03434634694171612	0.07233211182255712	0.07936733502227349	0.4675739778515344	0.3237441433813827	-0.10563405553676045	0.07523564989190563	-0.04442663855577318	0.10587076853122077	0.057354382108220206	0.24733209358367916	-0.152212295117517	0.016626643873834324	-0.12392122530339708	0.1262843327462299	-0.34626541129321087	0.47135793028867484	0.193312679883582
BS_DNZVP92S	0.375554197058652	-0.06177397679686499	-0.006101901023803874	0.0604073573500656	0.1867650353239732	-0.12250978620518269	-0.3854960038457807	-0.19318214856029214	0.07307084210479013	0.12438760668739723	0.4729071549341564	0.39155659278190563	-0.08642316047781153	0.021415805639540424	-0.11473285774994534	-0.0733978518301726	0.09087035862942817	-0.10615661543109454	0.013594640204152264	0.06256954099259968	-0.00032650219531139976	0.14715593198702542	-0.24452255326599487	0.4631001199145452	0.11907273582015272
BS_DR079H0D	0.3518995808106877	-0.0072328594314618935	0.0010230058642641182	0.07587356706641439	0.017102649834174394	0.1434332502250413	-0.016577205789567874	0.22035539553662284	0.12301136126511786	0.12659065272093092	0.41943664296124245	0.34161821229331263	-0.09142033787848174	0.1520096373420583	0.07090464699001747	0.12529176453316476	0.18767885339379697	0.19723659444494177	-0.10368774593838019	0.03394085235870441	0.06612619675975141	0.15775911020371375	-0.17270945677453658	0.38362566045584484	0.12353233632705883
BS_DS438CXE	0.3596680864073117	-0.20592899800800615	0.0076981987528816345	0.007928020791560738	0.05570250535373147	-0.07132365134331099	-0.12101622856139517	-0.050903123621594194	0.11244166349382936	-0.006840797760873593	0.4363779241033827	0.2528535296542751	-0.15358294177807416	0.04845983032029053	-0.16632552739739484	-0.014255246677919992	0.15858567915298633	0.1957001798040441	-0.1828851472222121	0.028350462661907334	0.036366367303224116	0.030249824149604036	-0.2278626794065679	0.3789085759579463	0.08958601984908211
BS_DSPVSM7D	0.3859639047996108	-0.042396733165723156	-0.024231615516169046	0.12708124319125969	0.07161397133449107	0.1274671147663208	-0.08556745457578947	0.2438230830365672	0.13946934143530743	0.13666860609932657	0.4569206766040927	0.40383373617074014	-0.07215774776565333	0.11743707467277738	0.10041912071871407	0.18395285072315762	0.18156090434828828	0.213660528961302	0.02180560688096571	0.03813434627847013	0.02404009505316908	0.08869555777106594	-0.3238807198333819	0.3562580899687113	0.11400188256338435
BS_DZNXFPH1	0.4085808515732978	0.015316578587099377	0.23336600488684114	0.27985883837185943	0.22474693739135393	0.29393432562046357	0.18682983904175487	0.320388800454539	0.22397076558271398	0.2257860065755353	0.4891693560910728	0.47910273000139403	0.1036382002882557	0.20115148832705676	0.17197356653477344	0.17535174808973716	0.21452860881010366	0.30239721192552144	0.29673862895416786	0.1391960389103162	0.0761483292833365	0.32137793293395994	0.18500135594986664	0.4332960489319047	0.3516819317027022
BS_E7NVYA6G	0.3773236424245089	0.04671614035414864	0.18208247396485822	0.22006612520758345	0.1728877497948121	0.22685423691560708	0.17522238794857056	0.3118377375537603	0.27556443669465014	0.2417421350451987	0.47267998391540716	0.4823025452551498	0.26915165359331567	0.3196621794638809	0.20635766882875636	0.3284300620666182	0.3464379219575257	0.4192477522682746	0.2667482295067243	0.14463862989151002	0.21621925607274636	0.29743924117941783	0.13088564157292007	0.36368726369638743	0.31202686892207376
BS_E9CYN4NP	0.33099599122075196	-0.0023104490056487684	-0.07829160075316317	0.15071801603549245	-0.1081670282978884	0.04911735475588266	-0.25981533465919643	0.11670055693669622	0.14501068261800015	0.11957512489559027	0.39593378627643927	0.3740452935008776	-0.059591685791697435	0.12599871613917282	-0.048557104750669086	0.07960302852489268	0.09508042147508744	0.1458623354184857	-0.03721913420117673	-0.008573155206905872	-0.028708960596977737	0.12759380778494175	-0.30039630353880536	0.3940904892587125	0.17870681245783548
BS_EB0XRBT9	0.3947468397849705	0.09021672811839232	0.15676508957799962	0.27843294148947506	0.22807246550391594	0.2360887916205281	0.16300266072700806	0.2487959848630711	0.2616413735438455	0.27593809772819505	0.47287077724631954	0.48844893692795055	-0.036678178478873086	0.20297764248490333	0.16671589198845088	0.29356757923619897	0.2556099130041935	0.2791101232597516	0.24666256262882083	0.1456500479792734	0.1417980553834472	0.26273402415873615	0.18305398599940143	0.35919551423290197	0.32583427498127016
BS_EDJ5TV0P	0.3396583592941516	0.021937856706092104	-0.23730594310343384	0.05363844391249458	-0.03249013559965145	0.06543369244145632	-0.2433879020241414	0.12149717196575793	0.1532012966897752	0.17596392355111254	0.4177381695429522	0.3718310116066026	-0.13050831933392187	0.07933976704415549	-0.0777446406955996	0.18088426205847585	0.1128959882832878	0.12277213523785414	-0.09192240460604019	-0.06769014904909354	0.009154662735593233	0.16728288424460055	-0.4624885235551622	0.3000314157707703	0.2100700643232392
BS_EMQM7HTA	0.4084190165646512	0.15590018432090252	0.005953860712994261	0.19892852469988292	0.12181767363991373	0.21204936716821318	0.12019338315689071	0.06453410291434462	0.17790892393138022	0.20795900735487668	0.465967816714121	0.4457124299327827	-5.451547152033185e-05	0.12591484397680286	0.11908859661757064	0.026696744385937027	0.2346778487176034	0.09270075284457602	0.1909554163469748	0.17958966756097078	0.17423840152113268	0.22796380689636897	-0.021726413807665913	0.39192428185741124	0.28810330515854493
BS_ENEYB4TG	0.37007229850615686	0.12837476909920104	0.26222087747174894	0.2677442431181315	0.18286808364444643	0.20751769310763582	0.20589034822076843	0.2836912260373095	0.21536800405333076	0.22745603511762236	0.45830457309082173	0.4660580403768058	-0.05603870820304543	0.17872640345336532	0.18999481352418857	0.34098235644535546	0.1623691117032471	0.29868668289246597	0.23493730224674939	0.20380080848959048	0.09902002585478313	0.2948142933586368	0.04539594485199923	0.33679311511770404	0.2754229849983911
BS_EXPJQZTH	0.3706830824260784	0.06404124073484527	0.1886487198082266	0.23144005165787063	0.16898658652392576	0.24619894010290141	0.14116536006027755	0.2769450938113388	0.20056726987772577	0.21724237203816094	0.49930459076921146	0.5097843444174684	0.1852448923512636	0.33851178975840707	0.15477676460976728	0.20074124548222194	0.24085704022443466	0.39533363837129964	0.20443463393630573	0.09749408933329771	0.01840532437811877	0.25483090565017297	-0.21134496291407048	0.4026936841548883	0.3050323299050056
BS_EZ3147MX	0.36360350282149784	0.06251328214632146	0.11862388781821556	0.19691445455767698	0.08906636535655302	0.17463349009341403	0.11470584212562512	0.1652848456373317	0.16134403971953734	0.2006995941405709	0.4918266364176842	0.4474072461572154	-0.010744762929894725	0.18595861491699608	0.15854235480072557	0.1922862586497613	0.1412400971658517	0.20032089577597198	0.11869782650247382	0.14290470931948107	0.06815281069936313	0.21117845680860448	-0.08616812120011899	0.37717804868641097	0.2713006994303303
BS_F0JB4EAK	0.3281227479360458	-0.013167739590038455	0.03133124106617319	0.17206932908618175	0.04178359771924985	-0.04537920896483555	-0.08194532812062696	0.24961737953821483	0.16866490766944023	0.1966734964897952	0.43179993525795535	0.3649458897350012	-0.07727580028532446	0.2196233384898837	0.009636747188208642	0.1483275139460991	0.18093791290617417	0.20108976880354065	0.0673658128110325	-0.0024474017337517686	-0.02216044120820427	0.21865214566435964	-0.13528655043864177	0.2861293227811452	0.20330895218306907
BS_F21R36MM	0.35613882108056405	0.03177840262422736	0.08175453376431663	0.06196839670435049	0.07805961627998903	0.10385440328000985	-0.11103613751518109	0.27366076312870585	0.23408618741066037	0.20120269361054252	0.4590374576176667	0.3904205947320333	0.14707733268876752	0.2400209171280275	0.06821910635237988	0.17834325535379877	0.2345798847419464	0.3366746275601227	0.03186566411028465	0.056641109187687944	0.12691732310124326	0.23283362731928064	-0.1601415199222227	0.38673436674699563	0.21298607644190165
BS_F65GWS21	0.3495752459463956	-0.04101045885087227	-0.12493352405220103	0.15076830154121837	0.05547662028222472	0.0829981613243829	-0.10551644216604113	0.070611145788606	0.07135158981740032	0.013987956178314444	0.47497063634266556	0.39862952006736835	-0.03307321187744332	0.12029882892629463	0.06322249672465995	0.05793450031203091	0.18795103286725048	0.2349149103930667	0.04825945847760545	0.02502914656308381	0.07724988385788942	0.13327025285796182	-0.45308133633305586	0.4547974365226969	0.16758000254234715
BS_F6V1Y4QS	0.3963717103263423	-0.025831916065687043	0.09798715953931461	0.10657004547547667	0.1070875078241364	0.10726491385950039	-0.053213168192878565	0.13394693869331226	0.15405397540787277	0.1824294364906138	0.48156095578045893	0.38073846253570953	0.05879201938267609	0.3144051935882148	-0.0005422330497207823	0.14158131103818325	0.21719369564198795	0.2906113274794168	0.0235511431531754	0.03172289799601562	0.019036600338238355	0.24332753825538755	-0.22127392369432416	0.4317135675212631	0.23256670293723888
BS_F9Y4Z92G	0.30369704478034554	-0.08985965919746207	0.04408970071403174	0.13237726198357927	0.05691324465387415	0.06824796921129647	-0.07984285675423433	0.12845270391988187	0.12339382421544755	0.10244040430691255	0.41858475736305106	0.41088703584806874	-0.08476174672873896	0.15664915483674016	0.036399033509719896	0.1429779171377474	0.13010514181892635	0.24612412426979188	0.10436043019618813	0.05051233515483116	0.0011099820315341189	0.15939772492410165	-0.1355270104965304	0.27427059614503924	0.21485617779010996
BS_FCDAH728	0.3342741593842155	0.03565868053771885	0.008803285271357568	0.17764566828655967	0.09570659048431095	0.13950989841682498	0.06792729810091802	0.23772094370207986	0.18822584838494022	0.22626647654057427	0.467360211769074	0.4285930824577022	-0.00288651217736026	0.1984961370882862	0.11901655765367337	0.1773801234067343	0.2380501354682789	0.12790675899971637	0.12053524393805748	0.12223138535745853	0.09098243046148251	0.15861861237150915	-0.24964193300718174	0.4186314138496161	0.24891929495298987
BS_FEV5A0HN	0.3045055072472079	-0.11859792309217206	-0.13436253306136456	0.00730809637800623	-0.02097822567395423	-0.012685553087865661	-0.02739217250351049	-0.01753586761946013	0.09977890721775924	0.04461227052367173	0.39298455571973057	0.34614195813161175	-0.19294614896170947	0.08645168029975889	0.1432254997534535	0.06749045422569352	0.09409478470228622	0.11197799947915754	-0.05553722754655693	-0.00643994288735735	-0.019197372264615837	0.05570809932144945	-0.1558698792868884	0.42738497511130014	0.17376031897112787
BS_FGJH1X0S	0.4037733722878264	-0.04894710392248512	0.03283858774435624	0.179364449189976	0.12389338690739549	0.0904367477320473	-0.009628479659029163	0.29107462188707955	0.216952051005201	0.12754222302373225	0.4669351940293629	0.3410682604080168	0.052621347991655645	0.1919009182144653	0.0005685954342711811	0.21201030744839877	0.2161675464076632	0.318536858986412	0.09978697793677914	0.04593622915314832	0.09029428130482534	0.25014484562878625	-0.17145214548076249	0.35550269011089025	0.24436488265238268
BS_FKASA3MN	0.2917218469844536	-0.08448521312310912	-0.04387346907235012	0.08586418716433158	0.037165330717312865	-0.01272451267571676	-0.18651499684396514	0.024003187639205493	0.061105074874910945	0.04942556276200479	0.4111771558572149	0.328354502768584	-0.03935642088818622	0.09761830430806406	0.03824806600917717	-0.16799256364620602	0.1122360095070518	0.055850971284514245	0.014952552619415827	-0.03291513687418838	-0.001037152297824478	0.18763295955082882	-0.11424423681775545	0.4662244744361998	0.16575691185773642
BS_FN07P04C	0.3022147683857603	-0.0622952443812397	-0.12810833397162075	0.1422221274639186	0.1246750178871381	-0.042371038817456956	-0.1164541349491561	0.08027189099058134	0.1310144091683427	0.11634052166379695	0.4671602401994898	0.3294562583893252	-0.0678104951109255	0.10536662671255341	-0.053020602736651025	0.1521303861084475	0.19258037096605543	0.1466160943890874	0.06789351011498765	-0.022195121174419723	0.09854564906406504	0.169931444441554	-0.24412164980364917	0.4107178090008383	0.15647929460282536
BS_FX2P2WEG	0.31812418986244645	0.10290302456726821	0.2370317032547879	0.2644236424476034	0.15778661015599152	0.3352558226367696	0.22976602488168033	0.12781961659505947	0.18419482856905234	0.17821343829384778	0.5075858027281107	0.5031309752541677	0.07248070653262506	0.21702513266128523	0.21542761541598546	0.23582191412304268	0.1551801478012635	0.2950489422751719	0.3204862265061083	0.17728177455819824	0.06201626626244237	0.27385461677775036	0.07397264008980678	0.41312179448827774	0.36932644431449163
BS_FXJY0MNH	0.39215878845437524	0.04916384246008945	0.19915012839071053	0.2156679209908712	0.201877829552853	0.1844537813224761	0.17508742989159026	0.2490906572737897	0.20683411119540754	0.22475241904526916	0.4759962361129461	0.47876100279594175	-0.09657048468727791	0.2001875540760245	0.18877118806596918	0.2979322889580211	0.1512831363948601	0.20425655677858665	0.2642683839170455	0.15562953603416144	0.07963199234383209	0.24816673434954498	-0.048261683170164944	0.17215400743966391	0.29636049439737655
BS_FYP2B298	0.3148461929319332	-0.0342446297939655	-0.1880109782117167	0.13844567649731127	0.009008520537351263	0.10054368217369772	-0.13030743248474239	0.0946830544037531	0.12419830453469723	0.16729694415077112	0.4755594005193763	0.42768340486090045	-0.11253160030139847	0.1913045344157433	-0.006255986446103093	0.08357401592232377	0.1916666372268398	0.0918512742172949	0.028983068647607836	0.026597117815518476	0.004534033023579378	0.15807946578552468	-0.32536105202589444	0.35492491285208116	0.2293233123452368
BS_G19QZG4S	0.3601513051189891	-0.007440004722758616	0.1008533193125421	0.18657537929204426	0.026749784953071825	0.08579965647793451	-0.013055205890096457	0.2296272571141291	0.18848779140479616	0.19101922701003177	0.4490638639107353	0.48821763100785603	-0.11358438189419226	0.19963017903887922	0.0207018637720259	0.09942423212753886	0.14275784614980194	0.21065502544141584	0.17443585422414437	0.020323400363581445	0.04983640279010467	0.1904602830311345	0.015558033445807957	0.38882852395023293	0.28303324998445745
BS_G1E5DATJ	0.36184350308380336	0.06299002132189115	0.21273325235605872	0.2464259851567065	0.12554596762095532	0.18365910468467617	0.07666021576431997	0.23530030925602577	0.23768369664410724	0.20364774827763385	0.4694163971947005	0.3810823223357302	0.12597081668735596	0.21430218438290138	0.19303082515059045	0.2870773147002924	0.21983616567449654	0.2815434272846496	0.12387557400467579	0.13377414154710088	0.10963115257819837	0.2575546090193959	0.12295284192237098	0.3760356410375203	0.27650950099723853
BS_G257VSS9	0.36270521316860876	-0.02973798592790096	-0.022268221622716	0.1305213101430645	0.05133150832327009	0.05267923427667282	0.08254699840535744	0.18087480397828418	0.17060316617078947	0.12881609848137693	0.46558913807266383	0.4003117117410553	0.06873588299187967	0.2081682483990307	0.08954454284487769	0.088534340844746	0.15595019918199424	0.12777376469936622	0.08097342278521216	0.053188568901806475	0.06351891945611705	0.2148394046695313	-0.1324101663840658	0.4288601519404388	0.23564724448086874
BS_G3NN392N	0.29110180517389844	0.07773699380267057	0.07083411098304758	0.19187848572019378	0.13415334631855824	0.19087475953093444	0.08739446748391526	0.14422601701086663	0.1601869697098033	0.23479176936831536	0.47444199395406744	0.4707754037975997	0.07376014918874106	0.23937234084209288	0.15187004198158316	0.16313700593797523	0.22342871295663602	0.27242900379981705	0.17392677512263205	0.10257508306612033	-0.07278386367715317	0.22171117880558447	-0.1747302809235405	0.30868365545877785	0.2794837957485824
BS_G3RJTBZD	0.3170736100463692	-0.1159961058262231	-0.08476282552841931	0.15219963106031023	0.011369803629404372	0.013659828154436357	-0.07325381849348762	0.11891006300769985	0.1541053959946035	0.07103682813428472	0.47331240184951723	0.42375983689442354	-0.10687477604271535	0.1556214204696887	-0.02630962476393748	0.14616349537826	0.15921110424821816	0.24165924965583835	0.053213877303602226	-0.0024570687582389557	0.04352891599997369	0.1755638670515296	-0.12230661590844824	0.28677726292523253	0.21018407615696671
BS_G5NHSFD4	0.3084811780135108	-0.07569009406473708	0.049714720043681424	0.20059810677504766	0.0274863273051811	0.09441596076367723	-0.030771349497233823	0.15574721118829662	0.11647673265389265	0.11527038576702561	0.4337233497006489	0.43168215306453495	0.07922799218845253	0.23114447564371673	0.02126450074450657	0.0861301132221378	0.16967110932727578	0.2210019852545076	0.10243170725279277	0.048602224396020736	-0.050960010860293954	0.20121536267199264	-0.08572488907669185	0.4385778698749813	0.25662224160409786
BS_G8TXTX0H	0.32355412884853246	0.00937401153662204	-0.04835302489078067	0.21838777355440786	0.05307911998110813	0.09184732881898786	-0.017750933477279636	0.1931083866990535	0.20253187542644716	0.15855868556929656	0.4327928861565192	0.4638879967451798	-0.04360470765456062	0.17127373196839568	0.06789940500530038	0.039954304779558115	0.17984842741054535	0.2299680252767902	0.18504995637193453	0.04789625696222318	0.05633835380550689	0.17940305327833259	-0.1701800151672643	0.4539127343049594	0.26951091329640925
BS_GG9W3J9Y	0.36628056464356745	-0.08304468080515658	0.17075257014478507	0.2204002307610549	0.11741026051828897	0.06606493343219405	-0.1327106481454701	0.16455310773324822	0.12210054586561855	0.055932343573724126	0.4564413684542269	0.4236710349478912	-0.07540181668413923	0.16450533460319505	0.0715560269045141	0.1561345567464315	0.10779174039995236	0.2546923431899194	0.15612534111386422	0.011473430763237405	-0.0031425326090252113	0.25833505455253436	-0.17969817721914827	0.4352297900104393	0.24063821624441104
BS_GW0GKWMS	0.36476033644357747	-0.08532589058869057	-0.04878138322189926	0.1559553585270019	0.10586833965319581	0.07028879485351203	0.022687708135930268	0.1272438830192983	0.17720245746378901	0.11681293682802955	0.4716559149671571	0.482695683900003	-0.0639265756565679	0.18454885388867226	0.15031730615131175	0.13730453907726087	0.1557395777433736	0.19714994862807952	0.10106138494683337	0.05676290692861211	-0.018599262648354806	0.23246114975647414	-0.051794980594988896	0.38951077901093606	0.2424716071181705
BS_GWHYM3R4	0.4158516793582384	-0.07765467826872648	0.16636184690477535	0.1030438159956304	0.10823665951409914	-0.08805791157217707	-0.2481367404704268	0.29147466740053424	0.13167301276177368	0.14406192738125034	0.4486759215287102	0.41633987342384793	0.07173783517242677	0.16647844092302458	-0.021698653167842363	0.19718257789251573	0.07362218827030485	0.11141829139970406	0.025314582172583085	0.043309265861264525	-0.10305837674911664	0.14703964859861002	-0.429946273888338	0.40519132696414817	0.16476827177399464
BS_GWSJ4Z9H	0.3706402770701612	0.1355544785635121	0.22175768805563173	0.2077603281695822	0.15142480132106093	0.2580913139486813	0.15405544412918898	0.276268157540505	0.24166336512549685	0.2899442045940223	0.4790352784693298	0.48498682472054705	-0.01845845263070436	0.20767020322641672	0.17821168911450058	0.2833707758067163	0.229392538091174	0.2637044799153287	0.2189650291240516	0.15745109863153026	0.061934511066540285	0.2155216926615442	-0.04339707013139405	0.4420843587287782	0.3137929800445969
BS_H5VQJR7X	0.3160533966736096	0.06681246195721818	0.05430262400925392	0.27223341617784497	0.1493254268181083	0.1269433720415837	0.1754711223552551	0.012162612654534307	0.2158972965221585	0.1887183188089144	0.47733092191996246	0.49395391827329166	-0.07653589435961372	0.1802757950270181	0.04015593464663322	0.04103145458058122	0.12583386792371828	0.37915556558255564	0.2763620979558092	0.09286687638618135	-0.040884109683682106	0.19313498378023286	-0.13078082329030208	0.3476182857980518	0.3245990865928343
BS_H97S5SQN	0.3304330210266095	0.0529087585467597	0.15868448201719565	0.1897826646896467	0.10726300804662886	0.16888030501696952	0.07536501820806864	0.23251435288594138	0.21397985052937196	0.22224863111246237	0.44888671748824793	0.4702788659364433	-0.0011051327887157036	0.2179550291969056	0.12073413432005518	0.19378009578374303	0.20220930005322718	0.2196904555891405	0.17191566930611882	0.12014988110618484	0.06708953677738254	0.21375835901112186	-0.0010038934644735454	0.3853047900653912	0.271899641131401
BS_H9JYKFTV	0.4081474389674753	0.006444361024421911	0.01899714125137775	0.12487132501421587	0.1421040284428115	0.16316563147621074	-0.024065761509221958	0.34760282128647924	0.2365652742279837	0.23204040555733574	0.4649931037400838	0.40294066671541107	0.18997479866481448	0.32129416630782737	0.023376695434040428	0.21435355288004188	0.22135426230379945	0.3558309553716635	0.09218590478920748	0.023815632476353932	0.07333793336277741	0.24470337480892623	-0.18761511154529759	0.39174918902118006	0.2497588480149561
BS_HDHXX8Q7	0.3486409520597749	0.05144209289372183	-0.06318170912016531	0.21598214704372773	0.12657592255341774	0.20977822882541872	0.1924762191399037	0.16699949715248633	0.17175745386954325	0.1815035434808043	0.4843237575452646	0.456459643413113	-0.015044971840837529	0.15925764652725932	0.21263628726287087	0.04708269083390826	0.18607741052747043	0.17517046069351017	0.2357963366730549	0.16552539243409564	0.1254104776125235	0.1912958750457163	-0.03956479318299701	0.4106594791435673	0.311025611795666
BS_HDPCQETG	0.37164722946162737	0.06248094752999086	0.20970992094029256	0.2657707238297772	0.22148080466735676	0.301763999878573	0.21671143093708423	0.1587571843957283	0.15428423104006106	0.22485864521199062	0.4896460442705942	0.4906095269636133	0.1668910555394078	0.2065217722290898	0.20276978580338595	0.1704716857901024	0.24511914976206117	0.38964739510944296	0.29267523080768654	0.10415314600100732	0.0055892747957367326	0.2695837410219681	-0.1624764825096024	0.4608347749488886	0.349487537778149
BS_HJRTC9JQ	0.3776205545793351	0.05466837277728714	0.10616317790450688	0.26037439997833645	0.20205008756210688	0.26895958378138984	0.1700665469667395	0.2082615956445072	0.19105374657249644	0.18049319747163153	0.49986276124418577	0.49979839833147244	0.22942654658069545	0.3410055860888107	0.17781706416591977	0.2832734049537815	0.2261726598119107	0.49163326752272846	0.25491847129492595	0.11611634669669883	0.11610145607684651	0.2802266642823083	-0.01372599937375695	0.3837121105036553	0.34641773816345944
BS_HJV0J603	0.3031228423386775	0.1575154796255406	0.340098085260659	0.3336219428122095	0.29968080509386313	0.2437517308435273	0.3014326955251757	0.38976969520074206	0.2564116271255427	0.25088472428913233	0.49300751100270884	0.396180651601961	0.09279739741186631	0.332352119600631	0.2585568427434092	0.45062167362179895	0.24072247795458024	0.2719695523318111	0.34559219589749124	0.2796115079471764	0.20229931846913124	0.33293164157880917	0.07549609088121675	0.4050403258843545	0.3075134333344743
BS_HRJ9145M	0.383625521271338	0.06994357788345434	0.30730598003930326	0.27307962336096325	0.24003689533600275	0.2538161967006132	0.19400765568898468	0.4092379957164233	0.318443197486607	0.24457474295983042	0.4802566517939757	0.47835630239072713	0.3016395564330692	0.4084378952051713	0.18759020539976623	0.33085028911227937	0.21692074421657645	0.47543730126316097	0.30024580542359847	0.15819898495652354	0.13550893813381956	0.35159888413304785	0.1651505682630593	0.35268256536633025	0.338545616042655
BS_HWGWYCY7	0.331669592042095	0.10425886324047591	0.23788571437360645	0.27904238871397374	0.24791465865049228	0.31775194566648	0.22160520312214654	0.1919882953319689	0.2577576426674766	0.2296508382999133	0.4884746716216368	0.4962723736438974	0.23788910383178152	0.2896709925940183	0.2343222977450506	0.2850625226449076	0.18080458983108794	0.4170744198839332	0.30644214797415004	0.17877394515466377	0.10750159434022032	0.29291858659619197	0.11155990357592674	0.45575696514715164	0.36560915569305685
BS_HZ9AYDCQ	0.34740242645400093	0.08521764219270757	0.14787927733568748	0.24830569150681547	0.14761569059398383	0.13226661625243055	0.12096630162268088	0.17292691291658627	0.23083379846814095	0.26176903493350623	0.47602494296871845	0.42468437294040834	-0.06453943593147934	0.17122877083884502	0.1982314415444035	0.16233306864001001	0.23946017965114144	0.21964240775517274	0.13939964224806284	0.07396363744339807	0.14093321671749176	0.28310909640444654	-0.14547034242833118	0.3450059220821998	0.2933619400694343
BS_J4JY2F3H	0.33554039154270765	0.1168814025183449	0.17006330420750013	0.25195427866895787	0.19464907769148124	0.317431299770601	0.26066239170466793	0.11671066353696521	0.21715045789386334	0.21489983115759798	0.47088728875426894	0.5033766991506851	0.14464995472989509	0.1988874970588784	0.17953584739529418	0.04342772810662709	0.1970050603822612	0.3098746962031633	0.320193470993586	0.16139300526336856	0.09492530855327445	0.2446280221551987	0.11097001120460226	0.43183521120358814	0.34739497938686464
BS_J6212Y48	0.35047002863730015	0.0687006376256074	0.030666140153939685	0.1935628159472528	0.056312613972066314	0.12322297644759844	0.15684753325116996	0.17574813950766585	0.15932796547385952	0.16174371809180538	0.4742446399384353	0.4652090890226866	-0.041969324189728825	0.17665397581210648	0.1683051421140223	0.19611937947379926	0.1531311877268475	0.2835416272285322	0.18532268540906177	0.06492314836268395	-0.0057407181959150035	0.2017864641906764	-0.16134703626257058	0.4314138559038949	0.28603831518954764
BS_J6W1RB7A	0.4588411091807649	0.06385668309540643	0.14875092166238923	0.09211662233393737	0.09882178641593357	0.1539243791198336	-0.04020492831708396	0.3474670271396138	0.22665029728521324	0.21337921381820404	0.441777940703661	0.4185166524282575	0.0800248401537726	0.2608680198336746	0.14341459837571263	0.27564573963360667	0.2333488446428396	0.33468709548490944	0.18825882005421687	0.01677958578083751	-0.03883713546585419	0.21724372032176137	-0.3003483166195057	0.4112758499966686	0.25591820367058926
BS_J9CBGP57	0.32085858544800533	-0.03230112957479269	0.09100049435572771	0.18182466844726014	0.10889762159842441	0.14423908588310494	0.021441464859113926	0.15482823848355773	0.1429900221344455	0.16219326114969215	0.47165169379601324	0.47832100972225605	0.02800262209613391	0.23975931204018497	0.11166996103238537	0.1752169774178145	0.1419896918382995	0.19637208887363927	0.1645664664406307	0.03798422444653763	0.07249514124260475	0.2006279845588848	-0.03303352379217771	0.31127096536055865	0.27308527669524113
BS_JB43XBCQ	0.3470119985408012	0.10136295942813832	0.35955446120724616	0.2700927593817346	0.21306731488536695	0.2730816931347357	0.21607204700618426	0.35466500118104544	0.23048554385759068	0.2787343093081979	0.4784554159087062	0.49314822927438356	0.06517352399664826	0.20842727406561065	0.25176253762438716	0.3224288813523754	0.2842079762249277	0.27332298126741766	0.3163025866980437	0.173227017323056	0.18263648653185033	0.25973724280913557	-0.06092323620432911	0.35399715671288257	0.3400902555430651
BS_JDSNFYQ0	0.3786388133771876	0.0031671596426612976	0.05535055057548528	0.18177323041079688	0.061482993644595516	0.09887506512088391	0.09910867991606909	0.19347120733225479	0.16737214876192574	0.16338422695778432	0.44930938534329123	0.47628213476982556	0.0726195805734941	0.18354141862967757	0.04968349606238775	0.18181807684481865	0.1679037703912833	0.3017719671135363	0.25471500643327566	0.05862256010539459	0.15045258683864415	0.23226699599990655	-0.14189575228422946	0.20618022752515475	0.3059772754630854
BS_JJVH7WR0	0.2748415536067348	-0.04421387068488164	-0.10199332304773191	0.1055918173528476	-0.02807628853111801	0.09936711014966017	-0.053924048436964335	0.04802483999571033	0.1443983193733618	0.13218898499505558	0.4790111289134303	0.35985157842829923	-0.10574156199040384	0.10531895276206896	-0.022787522981107398	-0.05294988563244138	0.15114965727396976	0.18662880735768578	0.006096104727899012	0.05367952721023425	0.020597154735895403	0.19544825938885016	-0.2349632155708943	0.43772230351191477	0.18158824624564912
BS_JMD386Z2	0.3496686854930305	0.05285352766481867	-0.1861375144130829	0.2261153345882986	0.09943302448203599	0.17457978401013866	0.05304246921391396	0.1906238033750239	0.18730399225724031	0.17248398626047454	0.4809802088390209	0.4627318573671571	0.01222801989463406	0.23303859779937344	0.0485412524128616	0.13800942170213976	0.16303546894584522	0.3879508093898447	0.15310512552563038	0.10862973778850277	0.028905201223892462	0.2516505949325353	-0.21836631243911317	0.4457913608435763	0.2656244569583253
BS_JP95KMRD	0.39174405187898576	0.0625255693209136	0.13872968545307238	0.24146439546502202	0.2214698542095714	0.23471466675420133	0.16932734849407277	0.2648712720510456	0.20699939298162354	0.2300461996378675	0.47339332858231736	0.4693136865319043	0.15138621866835444	0.2339217598763583	0.22638737587888538	0.1567346230182057	0.17617207673804403	0.3441895206768506	0.2436880952567716	0.1573962933167622	0.08750313204408085	0.2963480416214204	0.020393226971548297	0.41838408421103124	0.31949077697436395
BS_JQGJQ2QZ	0.35364565084729976	0.038981843123470535	0.1458480163168729	0.1870718347270913	0.20893009734726783	0.20424162835136783	0.1669967717543902	0.22509623548759986	0.16565435332434533	0.20690255402378843	0.44972064492309816	0.44161576088914056	-0.07703115543339835	0.13638084013787202	0.21135190817542157	0.25023687125024857	0.21608599915724958	0.31248633594845693	0.15704280246721503	0.14564552297229405	0.16388534235054497	0.30385621017904435	0.157506467750802	0.42518630642832467	0.28336796307671863
BS_JQVAWTTM	0.32313642283511407	0.061906284252899936	0.1434787120453838	0.18818607972314652	0.15060900435418687	0.17122592611793178	0.12608037888185086	0.23229715800629455	0.23789620100315295	0.18918026641021715	0.445627038040485	0.4781525746504648	0.05628264827841054	0.25473143446125185	0.13906271187408778	0.1941231532780513	0.21971185715788963	0.2096262658777615	0.22076921491361884	0.13186966775372738	0.0182093072461612	0.24163334617021132	-0.07128151048055024	0.33186251197697936	0.2979698188103846
BS_JQXHHK0K	0.3059371616225427	-0.04543987149685922	0.04670415008569665	0.1459775232274438	0.053927701620605284	0.14380845326188782	0.030844973508290772	0.08939553083697022	0.11308531798906789	0.12469705878467786	0.4803508489607224	0.3796111448939529	0.008122048326459177	0.1546191257178477	-0.01579222197117015	0.13057548583615053	0.12623814954980508	0.2229158817534825	0.12511362292123754	0.03920447041257025	0.08241051016105871	0.17161192835480593	-0.24734241837942464	0.41770448159260654	0.229681307978514
BS_JRYJGYC4	0.32373000944542596	-0.08379924248534971	0.2532210482387954	0.21235801654007302	0.14441087101085914	0.11817581116418208	0.09364498888666813	0.2228999420890921	0.1808886467432596	0.1427762966927479	0.47197559668594125	0.4833312429011251	0.14955388727639815	0.30661270799748314	0.07426346020338767	0.22606394393175355	0.19383793231200105	0.3633141959519325	0.21397182183855662	0.054847060684934626	0.04543139621399985	0.24404021203614176	-0.22417423429044167	0.28333309130008716	0.2881892308127294
BS_JS95PE0J	0.36184476918842656	-0.048788913323268776	0.07973620067944784	0.15163026627254092	0.1410554888667213	0.14114150357159816	-0.03194225980179078	0.22530148876333336	0.23789876736958632	0.18273214803148488	0.4649969609903339	0.4278536353646087	0.10132037781222776	0.2882782737494133	0.08155444740225905	0.22767961245124338	0.2770161115351733	0.37913312538035054	0.11441058662136853	0.03880500186316839	0.026209552933119152	0.24385003286644588	-0.28103925138763003	0.28225794729164927	0.26172818181379925
BS_JTWNJ8T7	0.29199539612062037	-0.11979263416804678	-0.07405555083487811	0.1343481658093137	0.023336660731716086	0.017517932151381824	-0.04658602771277443	0.07940788820526783	0.129577689930261	0.08500274887799807	0.3889914496566795	0.34453768044664473	0.028709250534056572	0.16405412641238395	-0.09929139799047348	0.06203041565870438	0.09874385908242111	0.2751290226172961	0.09755859271841864	-0.022550730100232563	-0.014550375929551978	0.13540188060281805	-0.01695749880424173	0.2559537723277653	0.19641083872304477
BS_JVW2JJ39	0.29779022669322586	-0.1669013993579148	0.17326873433552178	0.12836713302251054	0.03635555265240172	-0.01985063501495173	0.018328285798601306	0.15810088293759267	0.1555532188799026	0.0746559325697392	0.4344053419169998	0.36531850609892363	-0.1877864676738126	0.07693460782706493	-0.05094878382609517	0.18748628570017883	0.19090747478447523	0.20738450839345823	0.09843820065067939	0.015456501179172001	0.08490787277800127	0.19404348101086677	-0.17076012759423306	0.4545722662497243	0.20640917750153617
BS_K0X3PZGN	0.3543834092419625	0.1897923869196193	0.32306910116556065	0.34994879735242135	0.2888954356692931	0.3995028240797871	0.28752426144679294	0.28880230175918314	0.30473029089460574	0.3217422707109367	0.5047095813847235	0.4887898804692319	0.31074770941306906	0.2785532992599098	0.3052321272122373	0.31564487921370166	0.25486910553030934	0.43266349268432586	0.36613587301716605	0.2554255680391226	0.2050210515611206	0.35858237557270245	0.2537903186423948	0.4459888498961222	0.4049180709642186
BS_K17VQECG	0.33233209862516366	0.07182194369272235	0.10543750441011586	0.23244348503340173	0.14595502969793406	0.30053311146638406	0.15884918965498807	0.18586091039323308	0.15823787623098207	0.20534370284721865	0.49790104603449964	0.48942598935796594	0.11416346171793142	0.22840975507229133	0.19762445805685364	0.05082061437798325	0.1704669138002814	0.315131607610711	0.27318916969188417	0.15212930580446346	0.023255980751956774	0.2297419846010603	0.020478676602405196	0.4597089158400185	0.32644577669310304
BS_K2PCC777	0.33728050736413956	0.12473288286626058	0.3501827418461197	0.2941709559955233	0.2537012871985137	0.31594636958555566	0.26727323754964794	0.30635227751433286	0.2853097168831695	0.2648510395901509	0.485828671959631	0.4973119476230036	0.023633007913669936	0.17230862857912932	0.27689062224918704	0.3503438945577802	0.17638122119612804	0.268680842688963	0.3218136126130813	0.22744121636997044	0.0807950330124245	0.31993699174070184	0.16838953547694882	0.35979147300296077	0.35512445558715866
BS_K74N1BXQ	0.3363546483150863	-0.01250739769609154	0.2591258215530608	0.23466359059281078	0.156876346616082	0.0958437853221805	0.0235946239101593	0.23809904282448874	0.1726022541196071	0.16211490345910767	0.44037071670256167	0.39628267806404793	-0.08497636793842672	0.1488401806499747	0.19591927331058195	0.2733797209953645	0.20267371734994108	0.29078405639067284	0.13809163694399218	0.14285143564111058	0.1381623760727389	0.21706031491150898	0.03415522140233185	0.4116600781175329	0.22559392796104627
BS_K81PZXP2	0.3866868181141512	0.06347094342234175	0.20228979498407984	0.23816049092941577	0.14799056087330692	0.1856363296359419	0.06973599492083463	0.24236002132990345	0.25233101510239314	0.25453205546218083	0.4852003543105264	0.45420855672484384	0.07759382836182518	0.2744291457288075	0.12244548531082727	0.16778551975614114	0.1731968663497638	0.34242817008103366	0.12978010376389332	0.03625479872948768	-0.012159125729105413	0.20420840105504406	-0.1812746243228483	0.40648928951733726	0.29480256107391706
BS_K88T8SW7	0.345606608748012	0.2729535146601845	0.3957329006764132	0.3600837072329683	0.34093354501139633	0.41626187218314975	0.3779032587657371	0.17547003064692915	0.30255145873973843	0.31028882904832916	0.5136140308968545	0.5187491015279836	0.14542694418452887	0.22271970929895665	0.28192959322410166	0.3138264060901216	0.17684820734873563	0.3625101771525976	0.38520674064837884	0.33790212151105203	0.11927453287129286	0.38733800060318296	0.2812734895279365	0.4642879675181876	0.42488379624866873
BS_KABQQA0T	0.37109131771054654	-0.12869477760402748	0.03946681220093319	0.1624046579042994	0.05848053692193579	-0.0111167250235888	-0.020182308247741195	0.15001314984522823	0.16987404780763468	0.08816147346754934	0.4186880952691327	0.3836319397920469	-0.12857162876678785	0.15956196733094652	0.1251482136568422	0.04959893407832027	0.15133920506930604	0.23102668548720118	0.07851011130297825	0.0446952417932255	0.006806566220740183	0.19245346589037365	-0.2148332834230016	0.41069630362349224	0.19840775071988626
BS_KBEX4RT2	0.4114335991728627	0.09660583576707302	0.07601311884620719	0.13355865346176046	0.0905772663874659	0.17338623602000877	-0.0668998141813589	0.13940831593225894	0.2350614485078134	0.2302818507531035	0.42562969530018085	0.4273928174858068	-0.0936215096027225	0.1867994951225929	0.12127133870364311	0.11605306345995468	0.14549160712718823	0.23099474532297617	0.04900881887364889	0.14623955162514307	0.020144335190645773	0.23883458458781592	-0.47949709623111114	0.4253329191316206	0.25343715842156356
BS_KFD5128N	0.35951186714712885	0.05246558266213048	0.10933824235352299	0.19307030875557596	-0.035018664749965865	0.07446055767235076	0.0709345469914626	0.23247394285346468	0.15612901177408828	0.1378067664979891	0.4533221625637989	0.42317420593665683	-0.12194887800628745	0.1450150095023781	0.12716552722973543	0.17939472201908668	0.012075544295205255	0.26461825901559016	0.1583541026117556	0.04515989272434362	0.015294440218614569	0.23836285062525173	-0.19474754620587878	0.30352282221473814	0.23085275910246847
BS_KKDTW11T	0.36214117758621217	-0.06396020179133732	0.3077943043715207	0.1299575072005349	0.10892325543492773	-0.0530901590417683	0.17500518249338315	0.12791735255101533	0.20699928792198877	0.13089842001792534	0.43172844220802115	0.33740488111840394	0.15601028641655423	0.27969646815497373	0.24793836523900867	0.2419370374279653	0.20699171388670415	0.3127093252710714	0.20195115538281988	0.12241456498986644	0.13195876451190436	0.2326577807893319	-0.06363895350985624	0.27486246742793297	0.22704763251911067
BS_KP735TJ6	0.3700997178661606	-0.04114735288724891	0.04626417334870575	0.05640995950919902	0.06678329660778165	0.06777148003348486	-0.03238053420178068	0.25127380339296157	0.14573813135697455	0.11131944981340215	0.4424743372834563	0.34423734133452666	-0.12906733687994787	0.1467212758054747	-0.18466461581031252	0.2054128439777374	0.15904063130337773	0.17946231587095318	-0.03029429776709707	-0.00042716545523979136	-0.01602600041832776	0.13874516235003886	-0.33828278481386315	0.28649759975228833	0.1835105339175501
BS_KQ6ZW085	0.33358975339327146	-0.06320068186884828	0.10920355235871086	0.18602148212974612	0.1276898810827537	0.12963398712608348	0.09950054604284966	0.1423841786842831	0.16253127681079166	0.12392387568357119	0.45352706797668707	0.4907598382710162	0.004862192065806678	0.19559334649681212	0.06997186344811644	0.1652057102276859	0.18189343022143645	0.18619096551276063	0.21577966873741744	0.08971189669230445	0.03182395799539618	0.22491216576230252	-0.2706182211001905	0.20856250486013453	0.27663068479984687
BS_KRS4EV4X	0.35883113211730894	-0.015207304610108888	0.09128594619326122	0.16100324655286977	0.06299012953135187	0.2115569227388423	0.1340245534333946	0.1655965719625875	0.18586592315035858	0.1362955103354121	0.47842184182344255	0.41121135731886516	-0.03062582131987607	0.11554688997818584	0.0878815026423717	0.07757917824432033	0.11266721576924837	0.24314036340909065	0.23197543981965782	0.14565358652012583	-0.037540007823664005	0.26799454509080695	-0.07882590998148908	0.3941876649359439	0.29583334697511715
BS_KS8HMGA6	0.4131249248238528	0.0459988637090014	0.26127826198184523	0.2571784680246693	0.1895599377424883	0.23123089023700777	0.1671649019578651	0.2960330859641222	0.27137523289764076	0.23163257202767132	0.47606012540173287	0.494559163743731	0.10122466367335986	0.2790548913384593	0.22189357105323534	0.24420776573313988	0.2657024733552313	0.3773832963164561	0.24394496211012756	0.14626811374059545	0.16218132899678958	0.3202875931863098	0.043106085498769105	0.38568921338436585	0.32422454099086223
BS_KVPWHDR4	0.3471669564802213	0.05002352677222002	-0.045715278888521685	0.04899933231796778	0.0877922839519551	0.12974863412517756	0.1010773618129528	0.12128627993078175	0.13984758618033089	0.21158786576920782	0.4728447439146808	0.44723894256683083	-0.10880562771632683	0.1640628222545216	0.10664934789392572	0.059576311342829306	0.14564072999972424	0.2183166400818601	0.1339515341293733	-0.00952045705430457	-0.05537007307258135	0.08476910170192001	-0.28391501529507274	0.48711548522798426	0.27414664229598107
BS_M0FA190Y	0.33618892348998125	-0.008534482967008872	0.1350056106884219	0.2489174976459097	0.15490707396800463	0.09818567128798768	0.11068944166495456	0.24955259424878312	0.24793515142627964	0.24856124433783197	0.4592920788552757	0.4279644541416818	-0.056859056951247725	0.17321795531715015	0.11947701762515628	0.25779935490942985	0.2020177307869981	0.20864807756433648	0.22395751091457805	0.13223745673857815	0.07758754236675264	0.2816881245759048	-0.26727556775511224	0.37990136419186216	0.26100169524244965
BS_M0XGZ53Z	0.3381741931163497	-0.15930624022186918	-0.014542483482890013	0.16877180155503382	-0.04448513592799165	-0.18538403865279818	-0.19190847359529223	-0.09979843987048612	-0.05308742632922381	0.024310917014303015	0.45675195805390745	0.32711007381981766	-0.19416687993675721	0.09048138867999957	-0.07706493663411808	-0.08191020335044155	-0.005931510544424063	0.06779352633328865	-0.3222458908095181	0.0023262835012853025	0.08076290260407526	0.16291838120236302	-0.1724196548100008	0.42071518949269415	0.03597765109315701
BS_M1PVEHCM	0.3337858326395234	-0.1246871115215546	-0.06191694572087964	0.03365479949135494	-0.008995461134253764	0.003589636837772831	-0.18948415000176871	0.13524872813414385	0.15762263837352425	0.10292297892373793	0.4119661591127921	0.3503990870237355	-0.14398835085051317	0.14190657481905514	-0.08879932290395706	0.1768596074758433	0.13230359512818313	0.17463081115810927	-0.027440778398945865	0.06183117224111572	-0.002295641925318999	0.11132396822779293	-0.3663963813489193	0.12522824758954004	0.11535976681626121
BS_M54TWTH4	0.33056111357026446	0.038671771198810045	0.12730668157677502	0.24793731341464278	0.03416931808506021	0.05805360261692621	-0.021243231169390885	0.15277783386773242	0.2445905093910784	0.17141756792252943	0.4246179495451866	0.4504474066379691	0.007945157122800958	0.22652647593328284	0.1063944255698032	0.2378520752838683	0.1440385173324358	0.26482561937222343	0.11498539355046593	0.03512018842318366	0.11790756532435227	0.27514489572750905	0.019971249033786727	0.430874012454524	0.30424276926153815
BS_M7XB258E	0.4087017204239239	0.15661793670159752	0.22185413005027368	0.2529370183849954	0.23153481683919713	0.2896690956623328	0.2684119389993802	0.3847692351849613	0.25536711750138535	0.272234041162402	0.4756512509011041	0.5014294827287896	0.11826912269644616	0.295052870137907	0.26544183792884785	0.3246237959659762	0.23279641639296397	0.3933867199843342	0.28652391994040094	0.19409670304042043	0.04083382400289468	0.2602844429508464	-0.1542565003212742	0.3430900246561257	0.34542681052795543
BS_M85CXHDV	0.37870797588296956	0.10275971410070323	0.22037429330698274	0.25188546767368974	0.21375093826071204	0.29981384288303187	0.17961343041079583	0.19513580572262626	0.12773268169015212	0.19620944754371134	0.48455970659724057	0.5069361493501464	0.08087388279270791	0.26698463962560187	0.18109698186165804	0.24900758257263667	0.1834485265192161	0.411449801861453	0.2798290168691436	0.18264295054531807	0.037184964665639246	0.28454439942655585	0.08560509991147394	0.4051749153883312	0.3535542760199207
BS_MB7WN0ZB	0.36546715710180017	0.03217335560526016	0.058265252236382944	0.18040543185462837	0.15392491785954937	0.1961933559164974	0.1473478719074679	0.22664888426794538	0.12146958329499746	0.14092646684013646	0.44549307572586194	0.48507945167646527	0.15331614481682407	0.2727203316773144	0.1765699927274774	0.1650218550414491	0.1837196886097582	0.3525460451992011	0.22460023009178198	0.11802455533286231	0.03891458441342571	0.2560937923361222	-0.07776602982157314	0.4563750174001564	0.2973323315881666
BS_MD0937XT	0.3167526863834356	-0.06059492952295777	-0.15677026316102194	0.08849295367006156	-0.0013001870628252933	0.005485158745625455	-0.3035079485939923	0.19278433067162593	0.055080789407432836	0.04903126391882437	0.43863885838228234	0.3416062232596554	-0.031289240669581324	0.1895780157779337	-0.012088842604064273	0.11620331768578945	0.1742831172394997	0.28840996731686463	-0.14306465921675857	-0.009272991138431119	0.01238505019894418	0.1397300281568883	0.0500762110570881	0.45089203565858504	0.1765393159306423
BS_MDBT7S5Z	0.33086713084481545	-0.04609024704270552	-0.12853621192149886	0.1413976244733328	0.07610834881107015	0.06052617747394378	0.004933146266435441	0.1088072954491908	0.12939035182565256	0.08772594970125276	0.42290071739057367	0.4220192951805717	-0.16894465322402202	0.11751817454181476	-0.04874977716261843	0.0920089335230295	0.13817593623394184	0.28386988048299583	0.06883476670399834	0.06555340521083632	-0.0065688677187534465	0.18282501973132986	-0.25961200983161753	0.4432718311841536	0.2318062869406646
BS_ME6VQGG4	0.3519461236979025	-0.07363276299545549	0.006274356462986054	0.17349108951101255	0.08129666998132519	0.17458490136077148	0.061209944672194504	0.1763323302337477	0.20130634454413526	0.1130785809204658	0.49861488615157906	0.45655433151655284	0.0027661586234826465	0.1730275188088281	0.05465424501464845	0.21936436542746338	0.18268380678283794	0.3087617837252	0.11228311789988431	0.04829292671373525	0.091863276185353	0.20743351252225586	-0.09261570721507247	0.40243276574011744	0.2646531025183987
BS_MFGZH8FK	0.3110198975549251	0.07899606119546883	0.21961144227492355	0.19915696535014968	0.1315433586101246	0.09067220951581004	0.14957350062551777	0.30506619490423525	0.1651358496748277	0.18214355645746663	0.457764532315665	0.41868411240318404	-0.0392731677247544	0.11425067337009698	0.16281558847707928	0.2457536751699506	0.2244379204331056	0.1961711405177346	0.22048513519191937	0.06868400101568845	0.13924129465170654	0.15592407894423344	-0.18221974217758458	0.2827978611319686	0.2734640544545205
BS_MG78HQDM	0.2994797394449549	-0.1258618651712899	-0.3460150816796222	0.021958796536553683	-0.055844048219904824	-0.0982326194411145	-0.17842202165081208	-0.013058195728624895	-0.03536726844521208	-0.04871084382082699	0.35134241946340566	0.2719492946466149	-0.2754178225071648	0.041438020363663904	-0.12365825777760542	-0.004843585388540681	-0.03069748420161771	0.07716294554406278	-0.13101621264408603	-0.019714631937794887	-0.06029712438255827	0.08576489621023345	-0.21946205603565389	0.4463604982125822	0.06214637134646948
BS_MWWZBQ60	0.3492982675087221	-0.12228397927138696	0.06783157805713967	0.16288271487472233	0.10910904164171108	-0.05951429317400029	-0.0029180597565427614	0.21837193159145385	0.16213296219275894	0.13559397365199718	0.4825756012063245	0.4786401654120306	-0.06807766156116715	0.18943675205673963	0.10819046752742609	0.23809332480246484	0.21053342973509748	0.20023521156702476	0.16437757473226772	0.07988914980003006	0.015798130768100084	0.19186446536561813	-0.14710794669796198	0.3544809495774056	0.23680832213891118
BS_N6TQBQ8M	0.350533624205776	0.0630814117465549	0.003909790207270836	0.09490632367268907	0.06614886892786408	0.17779029782409075	0.18453495712588194	0.0346959651012488	0.08463943437826332	0.12016279271275201	0.48235335819602937	0.4030341361831021	-0.13314058243960886	0.08601276237024073	0.16250963089653625	-0.0236076587618797	0.1539296153174131	0.17236630315897433	0.20948780710475326	0.1113328880240332	-0.004858585910513247	0.11695021791684339	-0.29648335585582336	0.4825458121533377	0.19920056856134735
BS_N7SW36FD	0.3596527950442931	0.07621003239160636	0.020010188438786863	0.18904841444711748	0.08017426870770455	0.2452498983150154	-0.0358933894138602	0.1511431228969223	0.18908504282990068	0.23723684271365097	0.4718448913593659	0.49026693278388245	0.048936915778211715	0.19523763058851182	0.0957485958702435	0.14103357573047054	0.22137116208937	0.3543276590323404	0.20993077395956353	0.043982052679803055	-0.05916072948950073	0.24295557085643218	-0.28318707190278236	0.2672833654836938	0.2723929476884005
BS_N7VQ1GQB	0.3764096462091268	0.03269455801858807	-0.021980643638219874	0.1129781523447196	0.14381307040722244	0.2084313406324797	0.16482614637253729	-0.10239926447333872	0.22276666921286192	0.1886387565336537	0.461053455475913	0.4962109070995635	-0.05907603908894691	0.1986977019699226	0.06417418319565726	0.10791333780562683	0.12324608508816684	0.27293114955485803	0.24514504872835108	0.10013802717825836	-0.06003836846822848	0.2176296402703997	-0.10954990542569105	0.2587004655546377	0.28260952537879935
BS_NB9XXBW6	0.3443265324588619	-0.02502893260613442	0.17144862552220227	0.18363940603507117	0.07806002658244615	0.08895768634927902	0.03530757062544409	0.3049865505208284	0.20239764379035466	0.18630471335686447	0.46247914495483466	0.4288461199912467	-0.08534971043050514	0.19944052031723278	0.14436068020983864	0.28811335568058727	0.20037741934766998	0.18822505697300748	0.13937256062751927	0.055384087525146	0.04013664344643443	0.20894667071663905	-0.05860056886450553	0.23889980078869752	0.2356008833898843
BS_NEFAASTR	0.3617051015921923	0.07753754860077351	0.2552498709529777	0.27742339298206237	0.23161813356506264	0.156838121808378	0.21183380858799494	0.2396543737218458	0.29296888246237013	0.1762362189392175	0.44973142381407166	0.4814545857982882	0.10610479446034908	0.13707588830136133	0.16665410833998676	0.20089019887248474	0.1562970079881548	0.33458452682791784	0.24725139650577965	0.2401424202801914	0.14246689688374095	0.28853966645104956	-0.12522193531026934	0.3434518132365313	0.32514840337093937
BS_NEVYM2FP	0.33146642993067466	-0.019309127978972333	0.1214349443244198	0.21805279747594397	0.11304884462785668	0.09919754352341817	0.061729350449380466	0.2562803630281504	0.20776214686531108	0.19798494836315841	0.44578941003478295	0.44657150638004406	-0.04237503295974527	0.21185920780119874	0.0694379149887739	0.25626637378060446	0.19554189815270748	0.18291040970482073	0.17050758229867624	0.07919262437148127	0.07166427826863733	0.18679300213186842	-0.051904247696723985	0.419469205225753	0.2593748836644029
BS_NFKKDYSV	0.38973421307037576	0.07327218383991943	0.14144462692312673	0.23814289913453382	0.17442186182994568	0.2703770588461565	0.1710214367391223	0.29362455062113096	0.22353100238248108	0.2279809289613837	0.47791769625744296	0.4886443510530661	0.24813666036522794	0.3607007065653606	0.17724398097632388	0.2788981490643747	0.16141348051182655	0.3658773440390438	0.24611132803461372	0.1089409481167443	-0.029225999714305388	0.2916335414508332	-0.11534688857111548	0.45190162794232375	0.32667102321376335
BS_NGSG2KB6	0.3543990956783985	0.11508799855240728	0.20031919586807406	0.255012842636189	0.1649824182609608	0.2565037678236958	0.17394153548955954	0.32511600914141725	0.22539549291292812	0.2948537138690212	0.4640303100032629	0.4719175377936514	0.14706060124088935	0.3167322123830309	0.20816625168720265	0.2873140653126954	0.2386490582176433	0.25506382960523427	0.2446787282712748	0.1568120190330031	0.04117641535019141	0.24983929733044916	0.029688444820766643	0.36454684910613766	0.32072706239562854
BS_NNYXMSTX	0.31018956064851794	0.05996338897554675	0.21141448035380608	0.2733329821388993	0.20792263384881407	0.25470890212390573	0.15803654663608743	0.14992588413230423	0.15212791904272055	0.21047541660246954	0.45656761190491324	0.4965213304237432	0.023355950163560735	0.21315760519750968	0.145768617739231	0.16085753944380726	0.1425033618690857	0.3206752025121373	0.2536105378511709	0.10825007545796428	0.026006118250899986	0.2516072977885922	-0.17041372911548977	0.44776515964938174	0.34183268410969286
BS_NPA6CZQF	0.3466021637086835	-0.03959767978955735	0.10130591598064106	0.1508069661094598	0.010332231179792217	-3.952117681809975e-05	-0.06080098052769167	0.10666365524096943	0.16387393978294454	0.15963688085571617	0.44393447497224436	0.4290533964238562	-0.16148302525666436	0.15948764072222144	0.016711156968847292	0.06914174108696806	0.19371411830978974	0.18322869701027894	0.020210912456430884	-0.010573762403594287	-0.03877398346876758	0.23038689809453577	-0.16343369867698015	0.40386000970041847	0.24831456828595067
BS_NQ54ST98	0.33167683839904066	0.007256674386239246	0.31137407844714693	0.2246139297235227	0.1868122987395737	0.1873755658357467	0.19501687735233839	0.261179370359145	0.1817307298790417	0.19210180847501337	0.4600942290140878	0.47525116894992586	0.12259377385268219	0.19515578661298064	0.24819110373436934	0.2583026838259891	0.24004628468340514	0.21704113188072166	0.2942531489735191	0.12429357474966185	0.17491088789519407	0.21829965042488073	0.08834678722258885	0.40589121265207184	0.31321053825064016
BS_NR3P3GN2	0.4504382248390011	0.06716058126975866	0.1676161347317265	0.16707798420371622	0.1687007023071671	0.21883321130458355	0.1118781784120602	0.24990230301851493	0.2072083222885108	0.18890276741092724	0.4689174404817343	0.48698647679820295	0.019896917204902716	0.19230347953739962	0.12007783737549692	0.24999062012018303	0.2281026504251862	0.29321814693246157	0.19322784510640462	0.10708764557784048	0.05327863045598973	0.2860897953729863	0.02274081088736969	0.4438694250573968	0.2922315261241346
BS_NX1R0BC3	0.3903857137243428	0.06710198216566254	0.15902803806413895	0.18649675766488796	0.17311952724308813	0.22686903745264528	0.16414460243796797	0.30508299366818603	0.2399655908015785	0.2377292578497897	0.4625783940702567	0.42080614447256365	0.19357355924501285	0.35588657942681345	0.1863246033833287	0.3037032863217289	0.20102422555763505	0.3559941491462551	0.1773128942775575	0.13230855428123045	0.05558939350232833	0.2609584908149481	-0.07495897049846117	0.44003674001295434	0.3018230329328632
BS_P0QF87WC	0.39046172567029913	0.01001501826143454	0.21537646332456836	0.20937712665267122	0.15667818694927946	0.16020921000602464	0.09902943474037876	0.3349440018127148	0.21730537816342113	0.18911065587525827	0.4834353171332979	0.42911254691687334	0.11290375547696796	0.3541786595207111	0.10765133741114956	0.2921456852169723	0.17643441154620368	0.35382174089632007	0.1919839450352348	0.0801046126009572	-0.004754647562105998	0.2580259431649336	-0.10740405283690568	0.3406706433862567	0.26829690594047456
BS_P4PMWFMV	0.39292274867677124	0.02115361121866368	-0.04677336101507211	0.1989829575870827	0.02261837820794941	0.09039423764225321	0.003633674072324266	0.2129687116623115	0.12959743851737376	0.14957389718186986	0.45501308690961406	0.4449644280863495	-0.03714668931860355	0.14770445650568315	0.10400347226377792	0.12478219384484582	0.10416966004405734	0.21256485904730016	0.11364626571799707	-0.04694084253364346	0.06787609279673602	0.2182340937069954	-0.013656483986812656	0.3838039902637796	0.2474423969750028
BS_P7W3AYKV	0.3503696758416117	0.09616448323631446	0.27652899480968346	0.2508081920787607	0.22900263992608164	0.26881115519743687	0.23244008938789032	0.1992797242481504	0.2227288679527919	0.15852459047967327	0.42841845480840085	0.4214243905743459	0.09596405345809297	0.12603306897499209	0.18837374444015284	0.25653136046943964	0.22666982921239398	0.3589398207802576	0.27031054942895516	0.20135290330578315	0.16836314892012066	0.2865583262259478	0.04503027313788115	0.32575294304399527	0.3197523907080642
BS_PENM28KT	0.387658933641826	-0.023668562219782308	0.061127951969185274	0.1865875868814809	0.12349163281816719	0.10179663833577056	0.0025063731830574994	0.1703359386729357	0.2117076440064121	0.14396518217141224	0.48105820008621586	0.46357858736359653	-0.1176444868797409	0.16635467700508513	0.056743373879580984	0.1543892243786427	0.17322306342804622	0.2706101119929911	0.136875718097069	0.008664633025929302	0.045997925499249435	0.28360794778330595	0.0340752233216128	0.3735273130099243	0.24297128876076557
BS_PJC6FH4Y	0.39913830931835487	0.06318184146647553	0.23871662527132642	0.2558607022203428	0.16187538463872883	0.2473796023965188	0.15844943629314856	0.23200784014204315	0.22895783020201155	0.24366670404610666	0.494709705485624	0.5009570997828109	0.204149395120926	0.2799220070473552	0.17769556415916843	0.23106860688280212	0.2144372895723386	0.4159152954645062	0.2683896985840119	0.16015986566356846	0.05858761942848283	0.3089850609097465	0.049505785166780863	0.37577581453107256	0.3322861449830248
BS_PS0P3QJ3	0.35413161819067823	-0.021750197293981748	0.01509793545731139	0.11953918466963637	0.07601095452435755	0.10898587313440658	-0.06615397087041458	0.13682698460578463	0.12436338023196707	0.16884860240787253	0.46393278766709967	0.4221034997098547	0.04630666378088324	0.24595752394015313	0.0470054588994731	0.09799527507121991	0.16681495785050976	0.2844468210682527	0.09838814269120062	0.03175343186093694	-0.01142027641299034	0.19624249527257664	-0.06984914934638502	0.41739892846697113	0.26531710005048026
BS_PXCPK5XS	0.3927536577085768	0.09511976330805089	0.17480779025104248	0.20391862166571426	0.16328939515750096	0.26014104938435245	0.15863219498591988	0.15197435508085297	0.21212996863673092	0.1852108742505469	0.47987790692573457	0.43849120539863573	0.01741203416716978	0.14204393885091687	0.0976154559152666	0.09270037703719922	0.17965656432044289	0.2665922740970394	0.2363393361755277	0.18580994610665585	0.08451400405386168	0.2934923630898759	0.03217699634211173	0.4604353162500904	0.30804587686029783
BS_PZVHMSYN	0.3461918675569222	-0.03831246343465862	0.08953822614452285	0.20278479922971948	0.12239313385801394	0.09075487628859555	0.11529099154533332	0.20182707136556322	0.183213001814479	0.12044335020620842	0.45933203895988056	0.45303038590107286	0.0449015795436128	0.21462518130784872	0.08918422675898675	0.14445803672184981	0.22630637075560406	0.301475788415348	0.15970891676216734	0.08696985117828426	0.09464780186515666	0.21298641006221466	-0.14846839129093806	0.2830966260027412	0.2477509349490051
BS_Q06J3RYW	0.35489994389511753	0.1174836005631883	0.25429060995142166	0.19736563104506602	0.22916741928326018	0.26810896165772	0.13088789865912945	0.14615534048763165	0.15187356390137013	0.23604455131746246	0.47192409564427407	0.49314590940879177	-0.04550362358168271	0.1430215225602261	0.19772423083225552	0.25904679339542497	0.22059471957234	0.21392495919048748	0.28706954318472305	0.1240645999617272	0.14316871766216774	0.27314701460500285	0.19506093361196275	0.35862759759967683	0.3005162360715178
BS_Q35GFYDR	0.318902698516891	0.07003939011843022	0.03049040710915621	0.1439295621289883	0.1606953312540118	0.09210785226271667	0.1412042745455113	-0.011286599348916921	0.132759189820771	0.1758579079297129	0.4698147995158901	0.4318906081806952	-0.0013989823769150148	0.10473137808484588	0.1404257349891067	0.06217998185969056	0.16147472582834557	0.2162712192513023	0.19996305037095238	0.08953845821744218	0.009864327383751955	0.16818985017320742	-0.12166721579673286	0.4593690784400387	0.2716753145730109
BS_Q9N5PRD5	0.37332827668516855	0.011535027105835215	0.15284438771850578	0.14604275784008947	0.17096027471876257	0.10538760732291545	0.07137338598481108	0.2601402593522483	0.22027232540512043	0.18253977314717623	0.4486774234599191	0.4241232949733617	0.13245957503968997	0.2412272542044485	0.095245315621894	0.11061175174648896	0.1552438497910101	0.29616749708505724	0.12147894456612962	0.008305955341834249	-0.03889383614548104	0.22523794887369675	-0.45896673738407207	0.3583890862499694	0.2625281912366923
BS_QB84TBA3	0.3111530837845139	-0.025174837505069925	-0.12732042455795756	0.1367453431235397	0.017395151466744235	0.04380897566304977	-0.047226822786935636	0.1796871504814944	0.13526119935223882	0.11774283750659431	0.4397148094842478	0.42868572080312595	-0.1618938380601056	0.194575295439649	0.09236547682065772	0.03152566856984394	0.18217227798057853	0.24917819493868487	0.04810288958205831	0.07994081621666256	0.07253949751443865	0.13803607858113934	-0.2731913956141103	0.36654278913560917	0.2020175535778443
BS_QGKEP3KB	0.2926831521786061	0.14152423936338895	0.24650069719235335	0.2851724360903685	0.19083877155147452	0.33321275556598773	0.24345309667920853	0.08818942028121328	0.21623775243235213	0.2399232377651271	0.49688630024275526	0.4932539077844647	0.1718040943822408	0.18875899921850842	0.13450683965337598	0.18642759547450422	0.14196018640198033	0.3722140596099523	0.28951634319247965	0.1828858013179895	0.010136664412720415	0.24666505658174867	-0.15463056669693823	0.43038349287117406	0.3655574470425866
BS_QH0VYVJK	0.37618001722479943	0.08128900212606938	0.1348487836722747	0.24546521022952625	0.1587535736475773	0.21701987683844437	0.1822333548893591	0.15923236807503158	0.14539577645773472	0.21285513418189939	0.4848040210753684	0.4654220447869708	0.08406957884850283	0.18298987729167446	0.07984577423111976	0.18153293235785634	0.29703184073057	0.265193470704661	0.20888249128440534	0.13520940039035362	0.20616373692328768	0.29703307253497335	0.02455613385618574	0.321767248059828	0.31566930305757324
BS_QHY302E8	0.39679640619658163	0.046059757530584056	0.17512348634824487	0.12589940688987225	0.18161916017390545	0.12708482559054374	0.11896979271869766	0.3007658087667092	0.18156961910040836	0.21950879342997584	0.45978559097809013	0.45144269234285556	0.11781532840048764	0.28031324853644857	0.11723435445077822	0.19992356745402676	0.22843017114650874	0.3737184526909864	0.17073359440669716	0.07296651298927613	-0.02659017517052456	0.17475607316164166	-0.2568698637161682	0.4708234807186818	0.26549461053575124
BS_QMBS32Y2	0.37655955627490445	0.030361004838778568	-0.22544791693063915	0.1400199464589072	0.07244300418715859	0.0970341123456248	-0.024967857954887995	0.21211181963892098	0.14155895223604753	0.19841421855437955	0.41526343924010234	0.41708250482201203	-0.03384457596710104	0.12000100725788264	0.00871475627337857	0.22163706092716967	0.23117128577563661	0.2166331116432446	0.11396955894411942	0.028586785941405023	0.1150716954383658	0.19853467825715115	-0.15228220384742988	0.4425353403657796	0.262478052609783
BS_QNNX91SM	0.32770236049756996	0.09144424898286543	0.08152505606601958	0.18590204542317373	0.12836685468656397	0.17612534983186615	0.04917040549865699	0.21338700471908983	0.2043981626946842	0.24575530711532842	0.45622460406354237	0.4318966805646651	0.010214439175256239	0.18252110867499968	0.1412004513202231	0.15621589522155574	0.16577632631805816	0.21871906547753833	0.13596090800163788	0.1391021614304546	0.05486545207273727	0.2104461972728397	-0.24384305687524757	0.455967989319368	0.2638781395279906
BS_QY2G1JZJ	0.33952996044457057	0.012048968385867425	0.1945501942015761	0.25141205274406425	0.20395340730163988	0.10591939272502862	0.14399064440972884	0.2171539111428609	0.1473214353757026	0.1931929830099511	0.4493594996560669	0.4775531818726852	0.003805402329760522	0.15884117596979622	0.16869050064134772	0.24814170066553912	0.22116839858182652	0.23952833056369857	0.14797920889538063	0.1397751516284509	0.13932300750844914	0.2384923550333749	-0.09777770004332265	0.3882989515162809	0.24466821410202386
BS_QYA4TQXX	0.3680300785290898	-0.16566998036336744	0.0020481620417023725	0.08076415281854842	-0.04196642022685308	-0.12013779406785957	-0.22435629153064438	0.17554083947222496	0.0016590060723692633	0.03122830519150387	0.43808344543373196	0.36920463457785996	-0.10086773485407866	0.10389099340612543	-0.24638033162734693	0.023288091601921794	0.0685543180212821	0.22579013165690423	-0.17213646404195881	-0.12061551128024935	-0.06073082380018873	0.1723829788979879	-0.42830592516166927	0.417350103291862	0.1350199046948144
BS_R5JQE0VJ	0.37899301563725746	0.009680913881918326	0.26253600948824624	0.15602068111037495	0.011173694224151369	0.17436113583821372	0.13345190970217438	0.2608491102608021	0.17728912806990366	0.17511728399787652	0.3977907985653361	0.3945570645944857	-0.08560749797836391	0.11730183246830522	0.15358146566312617	0.2565949987127117	0.17906426292540759	0.3072970915259293	0.2513415736480099	0.06507999564820119	-0.013140341558975895	0.16242334175657178	-0.2966468735390963	0.4848507171847771	0.2828493392639729
BS_R5SNFB5B	0.31025386150034856	-0.05669763964535575	0.048489525350774464	0.13223401562934248	0.08741441171982194	0.07659714777669552	0.021310788315890564	-0.1381691443318811	0.1754443234086765	0.07908700364052611	0.4087998498705275	0.33550191374798316	-0.03676408959488658	0.14906013063256407	-0.065959897297822	0.06559226707191891	0.1678910376145786	0.23897656398008482	0.07679899783901911	-0.007673300936003358	0.0645584317983011	0.16943478598779355	0.04495300812124684	0.47414540098538455	0.2123392841397823
BS_R9B92M75	0.3681719091520909	0.0207221102763917	0.2073345801362566	0.2078676506677694	0.1589493367694063	0.10679623501731612	0.14389962298139355	0.3111013394016754	0.19707717026660204	0.2253614053026825	0.4322231384812284	0.42143068150668506	0.015612414502041169	0.21062024858187983	0.12619237661321014	0.2933748889256927	0.18962505850870676	0.23486911086320827	0.1963380371694621	0.10393275865468107	0.07412017315191091	0.2241120290487847	-0.22831998491497338	0.33761265987488914	0.26047419348243883
BS_RHAWQJ48	0.3595736430642116	0.024418939583682568	0.2170688231526555	0.2938357204415966	0.2322806324541654	0.2342326901874255	0.1883268444752224	0.32371282727199346	0.21857829442423266	0.23633914760182848	0.4632948435174385	0.49557805092148577	0.08085259476520021	0.24659789666594473	0.16495022431405704	0.27131872222876136	0.24170845574915054	0.3738853613955996	0.26237602530604087	0.14371582697892038	0.1204116152135015	0.31818578065766856	0.05052789438215743	0.3950109574282496	0.33125266142650533
BS_RHM60031	0.3723493249120059	0.018328498170684385	-0.007668599725084263	0.20506334353385416	0.1747152917206967	0.18758989031223203	0.07334244581482548	0.14262571431375673	0.19600692453511853	0.19338637456708463	0.47532831340840276	0.4877496013620314	0.032967669412346766	0.25863276079577885	0.1420128289978326	0.13834014939001651	0.15701459001292856	0.30659967367980084	0.19428489956395756	0.08438815474289894	0.004990987080651202	0.22711221101447115	-0.18508000284448337	0.41685964920090035	0.2797521464544191
BS_RJC3WDD6	0.2390821066876377	-0.1898717163809958	-0.005489357885026837	0.09289760419846317	0.0021709873860851934	-0.09609178922101272	-0.10847248256523573	0.09474404845760274	0.10535074225779666	-0.00468985996823649	0.4298967070147262	0.34220075684651535	-0.14744623077917404	0.07494728756658635	-0.03246611304880143	0.11137816550034735	0.10747982641995935	0.11372388888527774	-0.0491935387974358	-0.0021929220369696968	0.028491839054777465	0.16661160572598277	-0.1685754002347148	0.3417355310259443	0.15803655217282164
BS_RN0VAY51	0.37343598562837244	0.035094852845064965	0.14152065315956952	0.18787400177458072	0.15317293251512118	0.1895803858156713	0.1709460629664279	0.2261148045664413	0.23472837946631356	0.2086459209648684	0.46902668841736483	0.42378858935482755	-0.07892432805024634	0.052554519026386685	0.16852067053314496	-0.06774256176489003	0.20782632660056846	0.24169754475184396	0.09065644445208937	0.14406389657800409	0.1502073179144591	0.19379795765602648	-0.1249555676656994	0.4023248569580815	0.2603358203361344
BS_RX1YTZ7F	0.40431347995352157	-0.027614797778332863	0.13215751024763056	0.18131761020663398	0.1747443866587356	0.1287094365658227	0.1067536043401409	0.19252179714113676	0.20536265813782664	0.13852704326584975	0.48069867197349336	0.4860127408808311	-0.038640460625042845	0.16391244926124426	0.12662619845427917	0.1558867953368675	0.21228192368180965	0.22357110504078134	0.19614185547285604	0.079610578177675	0.10415394091704927	0.23900156241748358	-0.22448879047518347	0.35703262571666167	0.27382487122898463
BS_RZBFH1QF	0.3122338428451468	-0.14019576595330577	-0.007029058511041053	0.13139255943887126	-0.0001593485446923259	-0.03634619642486751	-0.19395839620044503	0.21758114120880417	0.06911235822841298	0.029203252417428615	0.4440819080813628	0.35631407350358213	-0.18576013439580163	0.07609435551185666	0.051917028681148045	-0.00555337313733262	0.11224141275073775	0.21625286360294832	-0.07333743038738885	0.03671941019071226	-0.038646724604075616	0.08961278545050638	-0.2229475857525123	0.43728161681697525	0.1303896864868005
BS_S2TA8R29	0.32673099992466625	0.017792114010382738	0.1057917630048043	0.20562256346235652	0.1389726269785249	0.15454727001180626	0.10417942734251259	0.16457029053248953	0.17960528496635103	0.20147563890207587	0.47934511980972944	0.4991796473022388	0.0870986079347235	0.32448042192207155	0.08600588475194214	0.08861242383852679	0.22531431843746483	0.23417049183712382	0.24821250908541778	0.10545081332326063	0.06978682663623263	0.22543463966125482	0.006248812739699068	0.22395247872796706	0.29763840425198573
BS_S3C2PZAH	0.356347142023383	0.06002642310402616	-0.05071855041761624	0.16070213408243086	0.1334291973806113	0.13318820969689896	0.044894789262321884	0.2805843050619981	0.2312991147377606	0.21775783306860083	0.46976962019522295	0.47499871650760983	-0.08390208330971503	0.19129438717853903	0.06570340072844204	0.17382978371245153	0.16755430704349059	0.354139224929866	0.2504144294741448	0.030117109200222907	-0.11993155700494999	0.24619400018815074	-0.29455275713551565	0.363552438899314	0.30910294686906664
BS_S3MET0JZ	0.3009147626897514	-0.005739406105605161	0.2983112025822018	0.21535541607192646	0.12417851525543248	0.15722189042376322	0.10029824832060792	0.19016343543738629	0.06613612542177812	0.10180938623089215	0.4830052312972894	0.4980682538776046	-0.0026254387952242475	0.1932370188335989	0.15799488789667485	0.2479299812007656	0.17665278874412263	0.20800147671516686	0.280580970346906	0.11840076190458716	0.08012975919999739	0.24095938430394143	0.06945478030349023	0.21717991656647104	0.2664912548302096
BS_S4V9E1XJ	0.346647787710283	0.036371226244916295	0.061214303702855896	0.2162131765966095	0.16689852928980772	0.20300505453709558	0.18898705765912446	0.1715766064953719	0.18446112442851198	0.22165982231701892	0.47213996884468284	0.5050772777466958	0.06566934733517647	0.23054762352236263	0.16101345751779045	0.2213319829836933	0.2332778418239423	0.33442634490796724	0.261736705125979	0.1344993460727884	0.08133784916273369	0.2626149721181276	-0.024109934597859012	0.2799619070602318	0.31225615602041035
BS_S5P8VTN5	0.35584358137805755	-0.00969804515646869	0.08713592613581961	0.20894425419065266	0.14192443263796295	0.1848640467636682	0.12986542339423737	0.17994748584250694	0.1960590905787262	0.16963871756193716	0.47199060617369853	0.5008877731022578	0.014771362301347497	0.2538690354923157	0.14177540958070434	0.13841109191634574	0.2818681713507385	0.2899822077476222	0.22025586298409647	0.09234619038774078	0.14077773358706702	0.25017351121533066	0.004738736081154918	0.4100165669631859	0.29999126194653725
BS_S6B9DVNS	0.3635292686459839	-0.10841248309759313	-0.05906135459277415	0.07250660446578543	0.03259804205681673	-0.1026831156510022	-0.08690908387997882	0.22871362397573258	0.1143132152161847	0.10246988947040157	0.37952904666868703	0.29440339663711046	-0.17042811349407486	0.08060019965031254	-0.13109304876715563	0.11583234143469023	0.16376971586026262	0.15645007422303164	-0.0343146188639244	0.010225248132768828	0.007203471911254951	0.12759856443137985	-0.47654257763120345	0.4404265277340191	0.16093660870602294
BS_S6S7SK3P	0.3362727378650945	-0.09410130455830784	-0.10651906334536719	0.14462462749850452	0.019472334166790457	0.020279251647821902	-0.17489005614589218	0.15750600623073907	0.17228614769438447	0.1290477941478583	0.431222532209379	0.3604571464313125	-0.05121490833507225	0.193122571812005	-0.014111607269307852	0.1740945482037961	0.22520915772372263	0.16930971817714935	-0.019625456290812433	-0.04879820440150257	0.12994749973818204	0.16174224439880863	-0.13597453857073374	0.4402248486166518	0.19164847515247324
BS_S8K878T3	0.37868207682321037	0.1633562388379323	0.1910974672332997	0.2925351284217871	0.25460590307287567	0.3267613913465971	0.25486398171499114	0.2812314909374984	0.31051491507906626	0.29681874924878865	0.5022684396946235	0.4625116565337068	0.208249621492687	0.2827973192937749	0.2336269335581833	0.3157577062274087	0.2530040072727803	0.39784606527105204	0.28199135990899626	0.21655309445245266	0.07232914858632161	0.3336531264311489	0.19989692279238458	0.4715616132378154	0.36072945393813194
BS_SBMAM00V	0.330100980584701	0.010649634818878038	0.03556904084127554	0.1480953152791537	0.08301453092166693	0.18733810106284554	0.019348392040684403	0.13321907079487713	0.14376076072694646	0.13466297621749054	0.44606622613865776	0.4542335918410609	-0.006452424318285024	0.11396625588849647	0.11811446165058145	0.14356496400620994	0.09507171155491548	0.2434770319369788	0.19212753554988013	0.10864748788631151	0.006486020538435306	0.2161161244933845	-0.1542030350244993	0.4531152485728897	0.2405967550149239
BS_SBMCD7XZ	0.33616866912370036	0.09220635156342516	-0.21222989249865182	0.1773440394591599	0.1288584437700231	0.16984066685749327	0.006479248503716803	0.130163254147246	0.16451279421274023	0.24220557131652234	0.46153169332885685	0.47476024532951816	0.076670031161087	0.21339776119388149	-0.012154557853221724	0.06298305619003115	0.15675916284863745	0.20186039125274755	0.18505414935950726	0.02625091489737065	-0.12150617425736872	0.15723748116986805	-0.28172602401323216	0.24546528124800576	0.2925244906254061
BS_SD0EMK7Y	0.3512885258948597	-0.007550081789331282	0.16898605358491078	0.2523314979221026	0.20858750334117884	0.10396157795179847	0.1463323631240674	0.28845824503747053	0.24486529895059783	0.23429009053488806	0.4466108999748591	0.4030985840934156	0.02948436164458687	0.17547531564180754	0.1621126776526728	0.2987266898725759	0.19745881146453767	0.2510434511313074	0.15903662025205229	0.11904583981384441	0.08347364554524624	0.29468443730663135	0.16906799158690963	0.2768944108516043	0.2502990411773954
BS_SD8YBRBR	0.2811377621986628	-0.18418396378331733	-0.14841979849043926	0.09715356170731654	-0.10240162656504417	-0.17411987151561442	-0.25009654965066525	0.14816904291982516	0.09596881446044324	0.06545521329101228	0.42880580523684575	0.32272903996292196	-0.02680600966581073	0.18476711210881205	-0.17959231287081898	0.1577056033368457	0.11184036392714088	0.1115190644889943	-0.06169081128893629	-0.033424020792517356	-0.0412721945717539	0.15975388143899508	-0.3590742983585588	0.40092068857901836	0.16908680230217832
BS_SERDGASJ	0.3732671451049702	0.07224427601139301	0.22044273795891725	0.2361303578458942	0.20586816680596187	0.23012845578373578	0.14615429374576147	0.2604608065370034	0.22803211900295475	0.24530263025895102	0.462374955756724	0.42620832704843165	-0.06079430432843742	0.07335413329149189	0.21509642302858895	0.20089603929568536	0.17643119118035147	0.3281638701248155	0.16847156296009227	0.14019889657700893	0.04545873965578738	0.23054847248755667	0.047034786115262	0.36202144982857054	0.3005098890094811
BS_SJVTZ5TH	0.33630478753025655	-0.05967149726499144	0.1997136021711087	0.16128094282790342	-0.01671301662199973	-0.0011711400658969266	-0.04857318967946422	0.2320487693020552	0.22578529183943383	0.1168710753538532	0.46012838308315296	0.44314492307086334	-0.18649014770987163	0.16255628600191285	0.061356976306789775	0.06124379775682422	0.17132014113630503	0.2023762964128364	0.07155034139727737	-0.06019018093453268	-0.03474729173869556	0.24407671390244576	-0.3033121359575836	0.36948473508601587	0.2577759544493434
BS_SMWQR2F1	0.39265013712706665	0.10850251289112677	0.19511937198289014	0.20640748790581534	0.050160580107813095	0.19634949820169656	0.15706726708083377	0.1379003842623346	0.21634394147757274	0.20927315441565522	0.48211093076889966	0.47349429015073985	0.09941887357081869	0.17109185777448974	0.19949997453174223	0.17666914726666452	0.18926577519066448	0.30426435924164846	0.2010965530461141	0.14582114739718363	0.08839927353270145	0.19735644970206334	-0.2075858451225367	0.4626145871761307	0.28644094225111083
BS_SNVM7CZT	0.3763537452142454	0.15508402623329506	0.10559888266350888	0.23181138741025104	0.1949483816396146	0.29053537081449127	0.15417648360212	0.1810926935998722	0.12422251351336745	0.25228819560116483	0.46761120381632554	0.49878313238969674	0.04669436493378182	0.24900119332733187	0.1800592660625202	0.18303429379205768	0.19892697435638138	0.22511183181093397	0.24375809704005671	0.15056591991597496	0.0662770515935251	0.26331592207579196	0.0890191394755526	0.35538172997672485	0.3215969426351194
BS_SR2RGDXJ	0.34758622676187284	0.07976650905829542	-0.04011703290676512	0.05718168671300926	0.009520121256436195	0.22079391972145218	-0.02437882953863687	0.08776488568575508	0.1589420757835296	0.22652896415568224	0.4587675406235584	0.47132550906801535	0.008551390333679089	0.18089841534626525	0.18570215819906333	0.02061909910832984	0.03112714023114204	0.16379579142459	0.07435721027428084	0.16461617328518494	-0.1264731609157649	0.11105405094357303	-0.1213193383752866	0.4416699688194225	0.30105234247039103
BS_SW9Z10F9	0.368608327932486	0.049661940109016256	0.1077578169085762	0.12472236360388451	0.09609251142059633	0.1402058851764914	-0.039038032581064086	0.15747794169713658	0.21934477194972998	0.23922186643764523	0.4740276765201832	0.4718712508541889	-0.14912570799170227	0.2001511589681457	0.0612256172328476	0.2375664317044706	0.16029048288176861	0.2711841018062918	0.18638173797472446	0.0591750049993249	-0.045461047912620574	0.20967659514929918	-0.2927325355200188	0.4168085014423925	0.313819417226197
BS_SY3J3XR9	0.29274470759504645	-0.13480060793516405	-0.01781500430628134	0.12924305079276202	0.01654643701362577	-0.04048029408215314	-0.06453736494046457	0.16666439694786836	0.10184060889874245	0.06706220366075613	0.47727915934445697	0.392822085980028	-0.09816097157510656	0.1535176712401463	0.004473483775136543	0.1644014417488533	0.1891796345364896	0.15587744833840525	0.06906511109646005	0.06320468048808209	0.0346536987257257	0.17474474974850496	-0.33508309732693714	0.29363697826534835	0.19249920075694554
BS_T1YHK6B7	0.3692515982822483	-0.03956829508588698	0.04133739043520061	0.16434172665666186	0.11328816738339363	0.16117782575879602	0.09427957282230598	0.23428072183902945	0.20250817012156797	0.14773283300460327	0.4796655971619116	0.48386138036121157	0.10431755651146378	0.25464420750169015	0.13189100617820868	0.14353172787351737	0.1559510671731492	0.33154044269654803	0.17485509119878645	0.06480926782618694	0.03646615374413571	0.21470862924913975	-0.17555105737367976	0.3888521022919279	0.2820148943642953
BS_T2F48Z4E	0.3400568056743801	0.11730338397775608	0.17359067790317023	0.23595968289471225	0.21277345224786975	0.27478636428398245	0.2231980734784798	0.3169015597056275	0.2058458079030073	0.2518771172717229	0.48210625770495275	0.3903686180380296	0.24799190205384988	0.27890657391237955	0.20837061663996412	0.2828136040033627	0.20377701287909125	0.3844164261002631	0.28118297634003964	0.2052851232428164	0.09488665236540748	0.2696769841802057	0.11519651332452192	0.45275370543217774	0.320415996574502
BS_T9A8JJW5	0.38819447822576786	-0.03176235830514643	-0.08327121026229978	0.1496891865507848	0.034840022333234674	0.13127149887988332	0.06368105203187725	0.1789288846231762	0.11782955210803352	0.13466581237535247	0.4785483306220377	0.447863543982272	-0.06522595360194136	0.18202098874638906	0.06137547617599417	0.10697894169318002	0.1620629551205204	0.19195626758438247	0.130871429436699	0.03843346946664409	-0.05025778983210644	0.2273254742051192	-0.34123279737411677	0.43501445502072683	0.2230074120907597
BS_TASG32Z2	0.3993182403822015	0.037767470782031444	-0.2118545336076896	0.2167093423185866	0.07196142986698963	0.08829803484419893	0.13556509075634066	0.037316416206965186	0.14123746637433565	0.16351799260121067	0.48751149109309017	0.4721525007118	-0.016786766025626867	0.15322477451426342	0.15802577050779198	0.12407178821760252	0.14938109874841227	0.15072426471489245	0.19432375114603065	0.07312767209212065	0.017662762653932147	0.1554376659159185	-0.15622978048375877	0.42257321344258136	0.28185152926625767
BS_TGS109T3	0.37095318105489294	-0.013314784485248466	-0.0857542735471814	0.16199452871820344	0.0743714340377656	0.14722244995829964	0.014550347452481285	-0.11445521864461464	0.14547823821721018	0.15027147149675535	0.48033602319399343	0.4533505281080733	-0.14127439622239918	0.15868918663345458	0.12134893097597191	0.03932128422167313	0.1814353815441846	0.18025851382755576	0.10766510819591138	0.04858022494510444	-1.480472729042265e-05	0.22008144222401546	-0.1340150668077004	0.42541286228227915	0.24243162671899418
BS_TM9MH0RP	0.33601961256309026	0.04374474401499369	0.1478083218386201	0.19866032046283025	0.11262579924663643	0.1890049466988765	0.105618873487822	0.2563794824410023	0.1719964549405995	0.1474795662190447	0.4681861520187003	0.476512582751431	0.03946572600402233	0.2757005359472668	0.08796373792197955	0.2813916659984648	0.23250285526263495	0.24775335835335877	0.2217212290343173	0.11297944557344756	0.05993043464626948	0.239167722652485	-0.10315676513150684	0.332878799643218	0.27983001470838653
BS_TR2P8KRF	0.368689105969329	0.027926365472456503	-0.025362911351411065	0.15311014725339053	0.09276343125433813	0.17311564243018898	0.13437698538290307	0.2662437477946033	0.19031409073009697	0.1609230066669502	0.48524055280519235	0.4629501368644749	0.10983351549408296	0.22177423894293607	0.15957956600112014	0.17633706520466266	0.21196449854836358	0.3165763382739658	0.16364897016064844	0.13137670447697472	0.09261660591278367	0.23069380098567752	-0.2206245014946588	0.44444386855402146	0.2726876828100169
BS_TRKH2SPE	0.35219394329271736	-0.10995132110559715	0.12585375678892038	0.13282092157130698	0.06432314230162559	0.035021326482410825	-0.0005493167643726826	0.21411734205378014	0.13230831175940183	0.043141402137981795	0.4644249863257592	0.48676652250502006	0.013441378647319719	0.220818584484348	0.06926767383533067	0.17991822232499735	0.14269692630364705	0.21261794756495248	0.10542650779695542	0.0022562337781750425	0.06568613970398918	0.23267096483825134	-0.09899373443860253	0.3520864380907485	0.24118284434010753
BS_TRPXB3AV	0.3762209244186619	0.0032526907260923806	0.033542646035654884	0.21277448351063724	0.05990822104518724	0.17120732900830976	-0.07497333624688866	0.11049318617579514	0.20094436558599305	0.19299863483907737	0.48018969168864956	0.38132401254415493	-0.06834758084376881	0.11053775998900459	0.03815647662371813	0.10014884215099971	0.137387834122056	0.25538865992394116	0.012375684728735254	0.059075413659892106	-0.02144919759205014	0.19859146436200836	-0.3105319532053665	0.4594929530702431	0.2905794906082096
BS_TTDNZTZ0	0.35807982592727433	0.1580334515029454	0.06391528787412842	0.2742623158766257	0.18505692046794012	0.309957386592424	0.14237249809554955	0.10364869518271602	0.1894776454475726	0.2730981222452211	0.4864270704005008	0.5060576025022009	0.09453115392518226	0.30065570464859975	0.2284564112161623	0.11424265175162919	0.20199632422907499	0.2715154423329925	0.22387126923548997	0.16822579016379186	0.018937902338984926	0.21370532754919247	-0.14243741577863075	0.4034016574198938	0.3323802153748006
BS_TTE04ZP8	0.381799281628481	0.010466318932822015	0.199510491981221	0.2520955536581499	0.22357260065113982	0.11989778928051932	0.14910422995431877	0.27866709083247015	0.24813652964938682	0.20667741329906245	0.46879067193878105	0.4639773019297246	0.001337716198531532	0.1591839018581976	0.1684478410407584	0.31136598927037973	0.21497770516485354	0.33931776503283456	0.23248971670567511	0.14582330114604436	0.13790755098172933	0.29422549422408706	0.03166768238979849	0.354416710584979	0.30237539916866063
BS_TV5B86ZD	0.357214384008525	0.004515661367379813	0.07817280217348223	0.08223104545815053	-0.05231482668958677	0.09568515511127518	0.02717206577396122	0.10966429533651072	0.1258638213814727	0.13748861618192798	0.44013283060317393	0.3569249906487283	-0.20266758183696076	0.04620173340861481	0.14915802972068085	0.04924990396482873	0.06792238385931901	0.20049566152846832	-0.14344911538336183	-0.04407372589960793	-0.027722533571991524	0.13779033720906	-0.3117761027302282	0.46222489546563567	0.2172084694222339
BS_TVH33J9Q	0.32078970168616233	0.0921080281727555	0.16354632965190288	0.20400967455656305	0.07114293812989844	0.24458020071448236	0.1258243973376894	0.13133396797519964	0.12095626244673297	0.16180359443813735	0.42145851317370114	0.44501427378863967	-0.007164917536847875	0.10568257431692486	0.10720294608241379	0.005758063863834114	0.12999489937660327	0.15767195193378022	0.20815651515760245	0.10694030590841311	0.06371303011885923	0.21290597555690935	0.05737981529357496	0.44272649393280883	0.2851623682262725
BS_TXZ7KHTQ	0.3554074176942301	0.005604774857218752	-0.1480785460397852	0.1905310686373882	0.15044363621534687	0.17403382445005378	0.08672411404863287	0.1522840822778975	0.11429156199599276	0.15523681174277215	0.4720487144411898	0.42192953627483554	-0.0672720980621818	0.13919396751263782	0.12305956062454772	0.09413824208817227	0.09510552691130088	0.24188382601376548	0.16207740887272618	0.0695872062451329	0.041654779268104895	0.19763131193021494	-0.06165284271544747	0.40626422550472974	0.2735922696923535
BS_V0DQFC75	0.39667733194381427	-0.0076213482713401726	-0.05134339708918446	0.1536586500971447	-0.01963983091203183	0.03724687065173964	-0.0018202025437269672	0.08777116295814678	0.24269642483732476	0.16853734148045224	0.46430045280599136	0.41791481956209564	-0.02194107352857328	0.15292851373556318	0.13507378325563985	0.20107644204237682	0.1762966287753467	0.2880822178840885	0.06717745066827162	0.048452580507491294	-0.02138380312069507	0.14556036166238023	-0.24659397379347303	0.4524638427255234	0.15539124050939895
BS_V3Z3DB4N	0.29984577453102845	-0.09569340511484795	0.047440876818616834	0.16751036355862162	0.0671658693856012	0.01247339677348465	-0.10413479481559507	0.14938455386647237	0.11988036559267684	0.13217831581401981	0.4404318472939051	0.4177746334803973	-0.11492462155728389	0.16952330294964138	0.006526862940795637	0.16601733757731024	0.1640026833336106	0.2228347568240638	0.018186848037822334	0.020863615600962438	0.03539112245304803	0.1696873625208653	-0.0980520866922476	0.41740009998077326	0.21209226513140086
BS_V558NW3Q	0.3693442743299765	0.1081606471625348	0.2792907025994169	0.2641532712524639	0.1997094690640446	0.2794378018829502	0.1844378382198919	0.3740924326628416	0.3035016446243274	0.289083313455858	0.4959111539338675	0.5147838048022964	0.2206209297408356	0.36448200545897996	0.23319161300519284	0.31231210157551675	0.23754133081785964	0.37579635595136546	0.2598198372915699	0.13480491343867548	0.08429514248484168	0.3119930624412515	0.0986255320294165	0.39261522747747524	0.3459091992969358
BS_V6RSB5HQ	0.3643425617286544	-0.017033817884871696	0.08255541946219705	0.14986293153372227	0.06972445950900935	0.05170841367049033	-0.0545467530633574	0.17832587511746179	0.13774651477136013	0.1074600655069956	0.4312269571194707	0.42661038256692113	-0.059728158847643334	0.15580646535095022	0.023501186712459536	0.1534840516344448	0.03138499566288907	0.23327622319381777	0.22086472521103276	-0.044690829072115766	-0.010627578374780993	0.2192359387769778	-0.1321831947845356	0.1395878209270405	0.21918392288029886
BS_V8QWBVS3	0.4071244063925861	0.2325856426858149	0.308452047482896	0.3201138902134427	0.2652007241732896	0.36527374198177753	0.34190159337538234	0.379682522764962	0.27645347748084753	0.2972917700910054	0.48233126930164727	0.5073511587119351	0.2815459123762267	0.39188052267039925	0.27969199669783695	0.39859212844458425	0.21431232515478454	0.47601609447783255	0.3758355173292239	0.23559775257078552	0.08875066245106886	0.33463610732880933	0.15924606779966846	0.29456634796400216	0.40544754602629923
BS_VBMRQK4F	0.39365239807777624	0.03902002194353888	0.21079403699201474	0.23652126344373245	0.18678535831930015	0.19576439126619558	0.07333587498988411	0.2493241573940957	0.22666701779852078	0.19283286881425232	0.4433743673147605	0.48809821062594855	-0.061233163254206996	0.14664432793704843	0.18603482545926192	0.2919838759745048	0.21138691076491373	0.2866184607894016	0.14683098405485337	0.11536871411080964	0.07024900147897997	0.24050031476255365	-0.002610209655005661	0.35991564367982626	0.2909016978376713
BS_VDFXXMEX	0.33647832957734664	-0.08052615627241066	0.07389880177111471	0.19269171984739447	0.08840661284668444	0.14147313934200365	0.03589832610863261	0.18267789654916033	0.08715729028103425	0.0809455696201891	0.441513366796033	0.414508857011484	-0.04203803379952628	0.21355687119651806	0.03692983305164995	0.1673087829330548	0.09803136138299365	0.09614420654370015	0.18280569956931395	0.007008714395339871	0.10732809550156235	0.20253041378901504	-0.1908542827152416	0.4566243727231965	0.2402300872543877
BS_VF3NVT4G	0.3692648062514299	0.0489941631071131	0.23067053564357165	0.2566245888725059	0.15450592302276003	0.20496371969076738	0.16741767038545635	0.2809793453202211	0.26185536504577506	0.2426315074698802	0.468144693980246	0.4458905760287164	0.014837742941925705	0.17174447359764528	0.22306797543235357	0.28410704423662897	0.23286640019535235	0.2979092334863988	0.2286756744954525	0.14423936101258686	0.06652636253935369	0.30013090349220345	0.04603753297091726	0.3831260237525374	0.2953405429727573
BS_VKH87DD2	0.38968258574522113	0.07550046560339091	0.27125648433518984	0.1828211004985264	0.20457539783996836	0.20919539447752059	0.17432444701082764	0.2122777334729723	0.17188001026547423	0.21795559226074615	0.4741093935155963	0.49258564542960714	0.10326117781628706	0.2771348479781609	0.16093604014330504	0.11579162203192435	0.17659540333215018	0.43541934746118677	0.2697142682439195	0.05229225173465326	-0.01608212570321747	0.20686550822057193	-0.44595740108495824	0.3913486576433967	0.33866466927399763
BS_VKHJG2B8	0.3837915862854029	0.04408154032169836	0.13801266264099962	0.23186860739260193	0.10170015959374533	0.19818077926421254	0.1529354433379628	0.2594371945894279	0.2426648943978645	0.2210039554431755	0.4592196942646984	0.3732979514995537	-0.015827071857604326	0.11685767788440256	0.2295646513835275	0.27064687158387934	0.13620602926673922	0.32648278810331327	0.07739052437271993	0.13474815880017565	0.0813645553202074	0.27429326415501665	0.021046147633668275	0.4674838701628501	0.2771050690866236
BS_VKYEM67A	0.4290464933439674	0.011465030465843224	0.18627532255994053	0.21413329649859703	0.15930513891295872	0.17741238228991088	0.07869299428148431	0.3159260841371073	0.22400376595232688	0.206731887991783	0.4881933027253381	0.498802831605181	0.16852377116058867	0.3441799505724033	0.10918799870377331	0.29945799179787885	0.2652642528942126	0.46123316576568374	0.1641264373196413	0.11016770845216514	0.11488440114402469	0.28455171190674505	0.021319348136436475	0.3708112218723705	0.2879513308675096
BS_VMQMGSJY	0.4205700600735274	-0.05691997619356986	0.1490858016543636	0.21725371129710877	0.16981990666363092	0.14247949913758623	0.07528784368636943	0.3973810258101656	0.26471814340683625	0.1863847808402427	0.4732481995888676	0.4775195495399036	0.24780333745162222	0.3500718508341365	0.1753357161829987	0.31798940592853053	0.292974271800443	0.4178536143229433	0.20930993005556403	0.06661959074612839	0.07865285554728853	0.28419784837739104	-0.0264400697336221	0.3225103293141924	0.29958785977467695
BS_VVTHDRBD	0.37395363707644447	-0.04186562462247381	-0.044504564187428985	0.20225763982018696	0.0724871991660448	0.09150237092297565	-0.09640401282191938	0.09967519091510282	0.18465718927318941	0.17462075601957577	0.4743079913703438	0.4360984087344237	0.02289434944100028	0.24100928081749445	-0.056918932145573656	0.14683266896735006	0.20106605421168705	0.21251967806982164	0.09152389351470813	0.020413685997338	-0.02847209776366089	0.25172620779029303	-0.030119237905155485	0.40127471397049486	0.2535042661567589
BS_W1385R8Y	0.3241159909860502	0.05176431499242992	0.12511098663508236	0.15657361417466892	0.13882649812864326	0.23106933674555472	0.08455266919570412	0.09965180477200561	0.1487885954990847	0.2084891055188433	0.48723168607921724	0.3581859940389554	0.10875306336589449	0.2641198151126527	-0.053270750092318415	0.1395182904109138	0.18584646923497	0.29192994447064596	0.18717953339206697	0.06846470383411223	0.03899649685252268	0.20040146995582453	-0.10659112121936155	0.4467377572131027	0.2597609508984511
BS_W4DB5RP1	0.33914203626207995	-0.13534688318373686	-0.08956129942025688	0.16948781468884644	0.021027807663649607	-0.04702912420186925	-0.04127902754874316	0.06777320459662009	0.12519754615418194	0.06679833384067731	0.46502249535520185	0.44332629819327923	-0.10670145094013377	0.17745452975178555	0.0235952831087717	0.004079081909192187	0.16358733692687283	0.16166416567763148	0.07117649310882443	0.09660901241018485	0.040152258306520264	0.20786247104927494	-0.3845219224211117	0.3880775587648385	0.20066949457598157
BS_W7MFJZ5A	0.3782854662708174	0.10389593455926383	0.22274167516049737	0.2838493554793978	0.1909430778105939	0.22829346742940382	0.1992060453036671	0.2823265942343382	0.30197173799037375	0.28370531444863073	0.4768653147725705	0.49991692374099167	0.11311706569048864	0.2786188583572846	0.1655389767490074	0.24161178962041263	0.28982939612659114	0.24945197703671093	0.2636976800962112	0.16093531303276956	0.15187311449134036	0.27358671050266237	-0.06625680957562632	0.31634319060354493	0.34036954298651245
BS_WBVSK3MP	0.3036444287295319	-0.06719622506685599	0.02221746044127091	-0.014313171608843855	0.05312020425458118	-0.034029376167273036	-0.09898029122694459	0.122120620443721	0.10335664606630825	0.058128305623219516	0.4321242418313543	0.31502550543286756	-0.20884124897287135	0.036951780637034394	-0.07567150937030069	-0.03348097774839503	0.13295183991862652	0.22365082446977894	-0.20005575465468375	-0.02869107653301364	-0.042659136263837265	0.0912915716654796	-0.3397193335509549	0.4342343646055578	0.1748495185776324
BS_WEKK6SHP	0.3370905821141143	-0.07406938475119512	-0.1423274754293449	0.08215952638592176	-0.037038247645555265	0.037593064297023436	0.031357523435466814	0.3383099936572989	0.24958689424190977	0.13347987209952808	0.48417468036431477	0.46887297551572044	0.18179953019913883	0.29293239680329564	0.1873364412618143	0.24341568836134087	0.18211061395745015	0.31025029742635224	0.08627707455886184	0.035619100580847274	-0.05926967107706067	0.1833842312587525	-0.05371027665584617	0.43228291870632296	0.2772852826087875
BS_WHBEXD5H	0.36184420280059004	0.0937606402591323	0.1101112577306389	0.26984411795970287	0.18205788110884824	0.2827552167590651	0.21686404495054984	0.10735578476814424	0.16715718465306162	0.2060401675233083	0.4891183333831657	0.4989932121195813	0.12956494446456493	0.17739115063181232	0.16488877988414471	0.13635629948522238	0.21033585696938809	0.33776212558529034	0.27199647693179135	0.16658005935481948	0.08443018968594238	0.28268446054845475	-0.11831946652523471	0.2957504932395967	0.34784791695790057
BS_WQ1YRTAT	0.2589852457800474	-0.14806685864318886	-0.02158102380717242	0.038893889333674395	-0.010035171920465397	-5.9594521837903156e-05	-0.1756926206485012	0.06571037535232793	0.031591505016144494	0.07433275921144224	0.3748507554548016	0.3195749220066994	-0.013030538210572196	0.09739002282957744	0.01897901514634214	0.07917093331015818	0.08578445431114863	0.1973214529045481	0.012960993671681504	-0.02261072357048358	-0.012700421132352906	0.08251581586834186	-0.10419842241239187	0.4117930671408543	0.15943394912078987
BS_WTJEDTZC	0.3336529831097794	0.06754721489418367	0.1843618175776061	0.1943661264006592	0.12574543376419287	0.2293715644323082	0.21742944155256258	0.2799303828216943	0.15559110118321717	0.15640030811570507	0.48090846417505184	0.42658922656245735	-0.019007107586987444	0.11194988927655078	0.2039381367845254	0.2725677631610185	0.13162805686866244	0.25293757287878366	0.25916161240282515	0.0863509862747134	0.015978015971275517	0.1504256619857063	-0.13694108596404783	0.4596665439428373	0.29314169046336797
BS_WVRX4C9Z	0.34940246262944813	0.12759458945392957	0.2612531030310358	0.2941684520031491	0.2156760705321029	0.27266912394861087	0.21822884368763262	0.22564822185238126	0.258799963290044	0.25425938406502846	0.4801530882481202	0.49530373830182406	0.10095588808056243	0.1870285382296337	0.22153735499932642	0.2811690772253447	0.23261897419291533	0.34169068651652484	0.25794527351968893	0.18222310217963153	0.1531061130661149	0.28661913220333934	0.1759438100474984	0.3690188190547495	0.33625200255471394
BS_X0XXN9BK	0.3412114662860651	0.09315061769240565	0.19288326182909613	0.23850444755368289	0.17815914286948362	0.2445027701434381	0.19205627397324304	0.2929832275036847	0.25494698508192937	0.22171066809040013	0.48385711344410937	0.4901103608857402	0.1722773226659333	0.2716065382101554	0.17553705585099977	0.27579540088515225	0.3035488481026654	0.3933419196189428	0.26089692009942483	0.1645107676660438	0.08246491035617692	0.2544051515031843	0.04004697166773096	0.4827769256260682	0.3306913602593503
BS_X1G0TKP4	0.3477065013468346	0.06597981730556124	0.09917179708872995	0.27078131016609885	0.15393664927747092	0.20916195239555324	0.10921762728694558	0.21972133906596517	0.13954487824038692	0.20545614185849967	0.46498145825521514	0.47877064377643547	0.00941846060110501	0.228712329262952	0.09616897528425883	0.11825898651643858	0.25057478514399595	0.1464155668722717	0.25091536418130683	0.15068446533845445	0.031473516076762055	0.22768760952328096	0.043548391012961214	0.3199347826662191	0.3205074841724552
BS_X20JCR4H	0.41255468282905966	0.09525516445504749	0.19126739426695044	0.24801860580594193	0.21739470650764317	0.22755205153456695	0.17320397120699008	0.29516574468776147	0.251243425939059	0.2139984602499716	0.4584066872748158	0.46262910735464685	0.1509106849171583	0.3007176751203825	0.21175822792182433	0.32131110376179456	0.318879065714128	0.34065291943089515	0.22902540720837933	0.20507272321200998	0.22463159957334525	0.3273195283667376	0.10052270488899048	0.4071344017937774	0.3052033724384445
BS_X23724NJ	0.357530531671305	-0.05396558028608463	0.07914722436401522	0.18566053807729238	0.17501492203815994	0.14393859715187335	0.06825828138156054	0.2509437336209065	0.19387472856577448	0.158911488794088	0.4783494816532665	0.41119554911216477	0.18306864298716374	0.27777569822529524	0.09222395044968147	0.26254877534232307	0.2564362136616867	0.40643111628569034	0.18043196578856044	0.037532349696907434	0.17151943275612133	0.2738809620779439	-0.14712824261943297	0.3853794362546144	0.27196915965092894
BS_X3HR4Z21	0.32632560090773977	0.08109282351905985	0.09103058596278564	0.17165514054224357	0.1651564091503716	0.2235093249604864	0.16431075362785716	0.14353500084968074	0.22255362064258588	0.1950818998320624	0.4364841426196825	0.47974725876232266	0.060500083907090677	0.182669003258803	0.1377521639105854	0.021624330370382472	0.1765404657493748	0.21972433714041362	0.20387315123852584	0.15562520644335287	-0.08189391024581125	0.23662340419269895	-0.07598959092087341	0.4220897088345374	0.308811368984951
BS_X4DD4KSZ	0.3543884756548822	0.19595525962323435	0.2556797912902625	0.2990988191672121	0.21343731730948212	0.35172010640424783	0.21191971092091266	0.2604061091174757	0.2466730636340167	0.30260648225743925	0.48476054036149896	0.4989214956463687	0.2110554577982592	0.29896028121092183	0.18937671051657093	0.26118646543953	0.27680210414781325	0.41882645720872314	0.29122303777384356	0.1878425848765304	0.15553054409544928	0.28248206656983904	0.06909847083883673	0.4394905945774769	0.3686502423929573
BS_X4X1SFSE	0.3534421213100669	-0.06574335615703901	-0.09331872662374248	0.17652093868899862	0.0863016506161682	0.008611499969869534	-0.041983115989172266	0.14230465063485037	0.1531943317543851	0.11548253103938601	0.4604176098568949	0.44909757593517863	-0.05451999636174756	0.18996812694632695	0.026434974867460513	0.04732146540843398	0.13430643763936892	0.16814633628257525	0.047265398199991385	0.017509541170611903	-0.018340548586030552	0.19531278032663055	-0.08045198874578992	0.37873578358946847	0.2460850066979713
BS_XG0DBWVT	0.3929430155648919	-0.05883484034386025	0.019083242161532617	0.11420504269874086	0.0770817718549108	0.017508767332536767	-0.0022065218135303827	0.18629055762606125	0.18072740222325165	0.1028260473512986	0.4503427152020544	0.44358939404077175	-0.1354169168288093	0.10961523369180162	0.08756279438716386	0.21301623469715866	0.14987117203042039	0.28283708371457916	0.056254465921885	0.05008615847844248	-0.01766524725636708	0.2144380879547691	-0.15598572373307878	0.42078165082648566	0.21904042727175035
BS_XGDPK33A	0.3119378219118458	0.04911451510610227	0.032454970716045965	0.21219089806737063	0.12174001429125512	0.12248534441101848	0.07946667031498128	0.21227403997194944	0.17684027025403903	0.20738333040919868	0.4551434180536448	0.4547790682069036	0.03894272962178339	0.21760002018195115	0.12519659828577456	0.11978581487364182	0.21769404000222195	0.24268425718768571	0.170971086267678	0.1283946654536176	0.14194670336570542	0.20283240039944345	-0.05646326991634587	0.42622878908742173	0.26477393638225316
BS_XM1AHBDJ	0.3346762525901882	-0.11012348047471682	0.14923916989306024	0.1499340957126286	0.06843954007384152	-0.15761029248151726	0.03565228491213265	-0.010151439825766531	0.13048722919792655	0.08150078439373493	0.45274114199730026	0.42204735703315166	-0.12241088245490833	0.17270648721990228	0.031731814888331114	-0.016514671774483142	0.1656508928222964	0.0989185018340795	0.12384746042885192	0.002228409135171999	0.020742170323453994	0.12555031502937905	-0.3141534516515709	0.24090345502267396	0.17277711043141605
BS_XQ5SFW35	0.3937403555939787	-0.030720307735872556	0.17028228244838162	0.20091153519612778	0.13732607870300756	0.17612096628229865	0.08004761850095803	0.24123666171239622	0.17954059836822922	0.15665040288170817	0.4807571651717549	0.49667850481258574	0.011710891385676624	0.19793631062535716	0.14327928879093071	0.3072382763209575	0.17378818847254873	0.2863650787265537	0.2222465881649465	0.05738451089904492	0.06306245357379908	0.2634721701472373	-0.21266711144078437	0.2659430651871928	0.28747034488490336
BS_XQXXBWPD	0.3411680711930347	0.044561018603130206	0.14657058267873377	0.25416281321397716	0.10753151354730682	0.25175486352452947	0.18656607992005614	0.17066801527254077	0.2091226215592402	0.21941124131522674	0.48409036862225713	0.4986282455712471	0.07812785593216226	0.22160986213888406	0.17872969332681263	0.15925456029134943	0.22816824961637733	0.17752990082212075	0.28479150078553583	0.13799338289844434	0.07438506978680905	0.256132865939511	0.0008785472907223801	0.3319297376080068	0.3387396159001601
BS_XYVCMF4A	0.3723036937295318	-0.05526189562084294	0.03919889536271345	0.07888046054460793	0.024374230913006084	-0.03190091559681682	-0.0888302019955975	0.2097967402761811	0.18688640576789115	0.16321924443478436	0.44848414811142423	0.4483145360428822	-0.21483982289981426	0.11383486212171286	0.16153503835639058	0.14107317246413273	0.10278127453463042	0.19873752973862693	0.08511266299168305	0.01166989418333991	-0.1201801720823774	0.12223692952765142	-0.4518948016633329	0.38038199660066957	0.2147463351386144
BS_XZM79E42	0.4118882240582225	0.03939054747469757	0.22196321208459707	0.26316724438602995	0.20269320100364016	0.1904031669629609	0.16997691954486369	0.31630343641956604	0.25006707667753747	0.19283063584503185	0.4734413597975479	0.495787290319514	0.0503404438883593	0.26629969604346404	0.1828460589467416	0.3358148809571893	0.22374379680916712	0.322400353275297	0.2543659570166316	0.12530194615665444	0.052730269686534305	0.2919038923041158	0.06575849744002162	0.33874943773735794	0.32307975652678644
BS_YA0KMBRT	0.41798744457341636	-0.008609822491452259	0.11436874124199416	0.15478546063515827	0.12136388140625871	0.1302122175592651	0.03442777050762174	0.13684456194989034	0.16561218545735507	0.16396045320349814	0.4832516285346978	0.3866260229117482	0.002572548720954288	0.1401544534587303	0.10003847380187703	0.15708612661862983	0.2387385257625196	0.2762447378135543	0.09837393257253146	0.06102354525564523	0.09350666849728774	0.23938579120322157	-0.04917742317897394	0.3460677877917471	0.24138121214138447
BS_YDEVMD24	0.3274562263389563	-0.1123399823809272	0.041375834780703794	0.17579034378292888	0.05803004983380105	-0.09657818124288728	-0.1506821154773605	0.22697649675390072	0.20151428494355766	0.14014454498919302	0.4456829854296256	0.4473482071512857	-0.06015126996048573	0.21676421071063282	0.11005083086507579	0.23433197244163845	0.1860347324341592	0.26036675205899246	0.13815143634952826	0.020403334976584624	0.02668554277475417	0.2130582810188885	0.07786863295026912	0.15866800538352843	0.2313513604583847
BS_YMKQT5V0	0.3895867958489152	0.10497333558753774	0.2841623854782802	0.27471610894910714	0.23535197420539733	0.2671494716412043	0.23707112047204115	0.2920938887318942	0.26358539174711115	0.24579747537056904	0.4710542334678326	0.483727480183547	0.09201985020743891	0.17454625831964035	0.19563802305572123	0.31265944317501104	0.18326655662602026	0.3214712670177271	0.27662590069330595	0.21411307322171996	0.06676050410821514	0.32156248639122276	0.15821229419222127	0.2751834396364671	0.33613697355071476
BS_YR12D1ZY	0.38711087260813226	0.09573226702955816	0.2340326914852064	0.23645255200591125	0.20045065663887351	0.17215629591302653	0.2046575935432252	0.275461300446507	0.25511313507746947	0.2515700357474558	0.4699005348137304	0.46700500527962213	0.07812757481968567	0.21006234549306682	0.1841541579471517	0.27800138783436446	0.2063924408109018	0.29567311862350404	0.2243504327983659	0.22164176801559846	0.14450093805423828	0.28443711292429813	0.02813136816632417	0.42501389466553974	0.2990147083020729
BS_YSZRQ95C	0.37854189815823286	-0.002343867434871915	0.12205317979082404	0.08238571511357956	0.20412431484377055	0.03947934244827358	-0.09236938171403168	0.20630058228110984	0.1412924300912008	0.1779666134351379	0.4558127634020452	0.39886244410775823	-0.06483961289853966	0.15715654996842493	0.055919130583077896	0.0740369454010677	0.1499762562894518	0.2215264863976382	-0.06746041315493236	-0.10770593471168706	-0.18401352758553632	0.10411279040434217	-0.4237299667541321	0.38271986705098776	0.23813105138062216
BS_YTWEM5SG	0.41259396271820953	0.12391820443105725	0.15261585900640198	0.27386016541192393	0.2270782627800107	0.2560097790256514	0.23097333068027398	0.2988055541552526	0.28219320578089413	0.2702395300456444	0.482365510404619	0.4760549089845487	0.0958975794492235	0.26176353817626774	0.2297389109034895	0.294964546608234	0.20608250038424344	0.3401219927426258	0.24444557177612977	0.21948381020713878	0.10510781667097313	0.3049615556311055	0.03660976451027078	0.4423245664749078	0.3257576463998623
BS_YZ2QFDAN	0.34176849758551553	0.07480911253121438	0.07726138368752815	0.20788627690959782	0.10334659356362477	0.1360990332427672	0.1654903861707098	0.15358563839121028	0.11744086552034229	0.20192507235653095	0.4922884364945248	0.4412617897264073	0.11638056984034845	0.19347580129825406	0.1814934613470458	0.07008880984592418	0.15675253863924232	0.2657733847351345	0.13709820897183153	0.0651243484844451	0.017248378264544773	0.23374036885658986	-0.19146823125433454	0.4254185078224619	0.27637586694248384
BS_Z0ZPD9S9	0.4086153163846754	0.03401384552309702	0.19877681077461432	0.13130575481536316	0.167652304711986	0.2355417537543317	0.17514287520682434	0.1356679228334828	0.16897851905271866	0.20359921858388125	0.4582794307091119	0.48583076405026215	0.0017215558358317528	0.17584970579460418	0.06272457916984502	0.10080746671858565	0.13945271738103374	0.2622426196580562	0.2342257530892309	0.1361178524818274	-0.02186455694868859	0.12625423412192047	-0.29590462110119103	0.4310490665055073	0.3220915657571145
BS_Z3RCA1T9	0.33105897909462884	0.13432771716508266	0.08234192205290922	0.22235869072868844	0.13369541136155613	0.23534424795751926	0.1498642026192465	0.26160045487615385	0.20123226751935297	0.26184924580018976	0.47631275249690164	0.4561112314731624	-0.0046698980579620575	0.21124641616691187	0.1954923403926279	0.23811284118016735	0.20052120284461813	0.24788872756746427	0.17995262167929915	0.1613896901567002	0.09322322537477187	0.19942880388005188	-0.01895072404383908	0.4604271105440118	0.30047415213355433
BS_Z8F3GM85	0.37253145816212746	0.02593624718761342	0.05095514023591505	0.22171805911653872	0.1376570060605317	0.2325643981237339	0.08921946077116048	0.0895323099087158	0.1538349972728146	0.2105781853786511	0.49144310221846577	0.4865511515716678	0.018049712820628488	0.1968758234657518	0.0854149918617162	0.21843433249670208	0.2600976245880968	0.3327939745940742	0.21385967275770826	0.05590587668599146	0.1704475214367654	0.2621739627542679	0.03864254018696827	0.44341629443372	0.3071138414717151
BS_ZD5HN296	0.35215599275011855	0.16365474111573214	0.20699649706507087	0.3032976726333997	0.24590620416551237	0.3109993585375775	0.24566770552610886	0.3021051288804252	0.2766830570219213	0.3089792044149172	0.4783962239993226	0.49923240496667487	0.07617829265938546	0.2915084976003592	0.20938548839689	0.2642083357776457	0.3369242588307571	0.3419131180352034	0.3258143915062887	0.19042364616669255	0.20077431964438464	0.2968283999896406	0.21562783460938617	0.35327372460088974	0.36524256775165714
BS_ZF6BSFNF	0.3476099373801523	0.012609120824101592	0.16976806294825666	0.21154066629886714	0.095890052337723	0.11442745930239782	0.09358222772292575	0.19106304734499585	0.20518938012966023	0.16430840938734773	0.45196725761720913	0.47605961342977526	-0.002868815000227426	0.19028620448379657	0.07647789602124286	0.21087449764829191	0.18042137294454538	0.18143738793969985	0.19647597250254212	0.09328659468406095	0.056341515414809425	0.2354778375926275	-0.0389938036586744	0.3388017812140555	0.2734343011451521
BS_ZM97KKXE	0.3523163509930396	0.12898834685551336	0.019460107136048385	0.23781371740658538	0.18687977588876606	0.2664254876144135	0.19274721833541247	0.18236946543283838	0.18560746510430925	0.21906907678547383	0.4829291272719039	0.4804494560807566	0.04902893603633441	0.18235738811873012	0.22988097610305494	0.16546277958867373	0.16002026068924044	0.275189126454133	0.2601663514913654	0.18394472424965505	0.11987795185072907	0.2523781903054699	0.07462817537988088	0.43127241212505313	0.3199110053489734
BS_ZV1P6W9C	0.35008585973077533	-0.10614467162520211	-0.061389413902417235	0.13777665209541148	0.010400966603329863	-0.038971183921955095	-0.21043941202691369	0.12182056390935925	0.14198385586369044	0.10917549147932488	0.45910423902706676	0.4602572979197258	-0.17532942514790814	0.18539999212408792	0.00025080160620340517	0.13843426058438751	0.14071680300110892	0.2794148042378672	-0.04845567417155088	-0.05581750602315434	-0.05196782203156141	0.21431015957811494	-0.3806003625077913	0.1920820308076934	0.1896808403757844
BS_ZVM8CAB0	0.38013700020656854	0.20707560461625457	0.1520651732825651	0.28032433204590707	0.23831791566914487	0.3526042595500274	0.2615244999140392	0.27453160876540134	0.24661101040438035	0.3387370576014146	0.5038326853864452	0.5031145709152843	0.04206105922994287	0.22647928655414537	0.2554759902944008	0.18847616789917296	0.18277465455119474	0.3740471209566958	0.3046962046573792	0.19957719992792736	-0.020585144213984566	0.32016533902914845	0.057350453630288366	0.3737866788717808	0.3867295937877911
BS_ZZWMD6FA	0.3652306651865428	0.07227044090374701	0.14224581650641982	0.19692443459770514	0.17849366400230537	0.23077221701058542	0.1577971348680276	0.05038527758400595	0.1637862782842013	0.1940827092465266	0.4721968039522847	0.5050791994233684	0.16584502475878385	0.30672207255621187	0.16119346325430123	0.18933570380995407	0.29095982487878674	0.27037135561311676	0.248393726108835	0.1759383797807237	0.13238145879353286	0.277092410749822	0.03842258542740729	0.27039787223933875	0.3185482936167311
