axis	method	sample	z	ecotype
CD8 T cell	LM22	BS_00FD2KMP	0.40590930809012554	Immune-desert
CD8 T cell	LM22	BS_028YFYJ6	-0.11731930248359106	Myeloid-dominant
CD8 T cell	LM22	BS_052PZFMK	0.08293898822322074	Immune-desert
CD8 T cell	LM22	BS_056Q8577	-0.8696252436864575	Lymphocyte-inflamed
CD8 T cell	LM22	BS_08ST21QE	0.13052579859377714	Lymphocyte-inflamed
CD8 T cell	LM22	BS_0C7VZC0A	-0.6157502140518956	Myeloid-dominant
CD8 T cell	LM22	BS_0S8E7590	0.4824512812198397	Lymphocyte-inflamed
CD8 T cell	LM22	BS_0VXZCRJS	0.3408693409322538	Myeloid-dominant
CD8 T cell	LM22	BS_0XEBS3PG	-0.44614087508650063	Immune-desert
CD8 T cell	LM22	BS_0ZA67BBC	-0.6886379628435625	Myeloid-dominant
CD8 T cell	LM22	BS_12G04QJM	0.6686457527862771	Myeloid-dominant
CD8 T cell	LM22	BS_17ZSMXFH	0.5243170028966875	Immune-desert
CD8 T cell	LM22	BS_1A6MQ9ZA	-0.5642966279762461	Myeloid-dominant
CD8 T cell	LM22	BS_1D93Z575	-0.3031186588241921	Myeloid-dominant
CD8 T cell	LM22	BS_1EN5V3XW	-0.6402791599386096	Immune-desert
CD8 T cell	LM22	BS_223BM91B	-0.8696252436864575	Lymphocyte-inflamed
CD8 T cell	LM22	BS_25HNKZ79	-0.6232303827287161	Lymphocyte-inflamed
CD8 T cell	LM22	BS_2853394H	1.031617896170173	Immune-desert
CD8 T cell	LM22	BS_297H8BT4	-0.40157837735081703	Myeloid-dominant
CD8 T cell	LM22	BS_29X4ZX6Q	1.078695781309422	Immune-desert
CD8 T cell	LM22	BS_2A5R9MEJ	-0.38265088239572115	Immune-desert
CD8 T cell	LM22	BS_2ARXK0TD	-0.8696252436864575	Lymphocyte-inflamed
CD8 T cell	LM22	BS_2AV1H5TV	-0.5588253655730367	Myeloid-dominant
CD8 T cell	LM22	BS_2DMBCHNF	-0.8696252436864575	Lymphocyte-inflamed
CD8 T cell	LM22	BS_2EN3X6HB	-0.03521127817234347	Myeloid-dominant
CD8 T cell	LM22	BS_2FEZWH1F	0.08993271584074725	Lymphocyte-inflamed
CD8 T cell	LM22	BS_2HNXVFAS	-0.4039725425335114	Myeloid-dominant
CD8 T cell	LM22	BS_2JH1QMT1	0.10798618678149638	Myeloid-dominant
CD8 T cell	LM22	BS_2JP7RBMB	-0.4745631410500985	Myeloid-dominant
CD8 T cell	LM22	BS_2K01T8K6	-0.35984571737231374	Lymphocyte-inflamed
CD8 T cell	LM22	BS_2PDS3MSS	2.083808959336505	Lymphocyte-inflamed
CD8 T cell	LM22	BS_2T5PJAW8	-0.8225392542525758	Myeloid-dominant
CD8 T cell	LM22	BS_2WANPFBJ	-0.8696252436864575	Lymphocyte-inflamed
CD8 T cell	LM22	BS_30F3Z9FS	-0.8696252436864575	Lymphocyte-inflamed
CD8 T cell	LM22	BS_30VC3R2Q	-0.05981799740208808	Myeloid-dominant
CD8 T cell	LM22	BS_30YWQ3FY	-0.8696252436864575	Lymphocyte-inflamed
CD8 T cell	LM22	BS_31MBRWC4	-0.20117716737659244	Lymphocyte-inflamed
CD8 T cell	LM22	BS_333KCNDP	0.15212630295950086	Lymphocyte-inflamed
CD8 T cell	LM22	BS_399RPKC9	-0.36103020614097664	Myeloid-dominant
CD8 T cell	LM22	BS_3AC3SRWH	-0.7940300329035044	Immune-desert
CD8 T cell	LM22	BS_3MS8WVNR	-0.8696252436864575	Immune-desert
CD8 T cell	LM22	BS_3ZPJAK9A	-0.6789081008886179	Myeloid-dominant
CD8 T cell	LM22	BS_45J79YTF	0.756334293594497	Immune-desert
CD8 T cell	LM22	BS_49BQS7Z6	-0.5109707986667004	Myeloid-dominant
CD8 T cell	LM22	BS_49CJNZ06	-0.5039501964597849	Myeloid-dominant
CD8 T cell	LM22	BS_4B0BAVTX	-0.7980559268720283	Myeloid-dominant
CD8 T cell	LM22	BS_4BM3F6XJ	1.3396706517264023	Myeloid-dominant
CD8 T cell	LM22	BS_4C6B11E4	-0.4552548363291354	Lymphocyte-inflamed
CD8 T cell	LM22	BS_4GNN7J8E	-0.5078546520824467	Lymphocyte-inflamed
CD8 T cell	LM22	BS_4KNBXM3C	-0.8696252436864575	Lymphocyte-inflamed
CD8 T cell	LM22	BS_4Q3KRCZT	-0.41104322151384953	Lymphocyte-inflamed
CD8 T cell	LM22	BS_4QW2S1Q8	0.034476090213850286	Lymphocyte-inflamed
CD8 T cell	LM22	BS_4T0HQ9QF	2.4791828341178648	Myeloid-dominant
CD8 T cell	LM22	BS_4V42BXBT	0.13238876743896402	Myeloid-dominant
CD8 T cell	LM22	BS_51RA1PGE	-0.2402743237758125	Myeloid-dominant
CD8 T cell	LM22	BS_52C576HH	-0.1923781714693196	Myeloid-dominant
CD8 T cell	LM22	BS_5965SFPZ	-0.07718205296304702	Immune-desert
CD8 T cell	LM22	BS_5EFYPZT0	-0.23177774436718077	Myeloid-dominant
CD8 T cell	LM22	BS_5G5BD2MD	-0.8478901110958259	Lymphocyte-inflamed
CD8 T cell	LM22	BS_5K95FX4C	0.31669011119629026	Lymphocyte-inflamed
CD8 T cell	LM22	BS_5KBXD2GQ	-0.06920261539183505	Myeloid-dominant
CD8 T cell	LM22	BS_5PXZ8F7W	2.5468786936979155	Myeloid-dominant
CD8 T cell	LM22	BS_5VPM0F36	-0.8696252436864575	Lymphocyte-inflamed
CD8 T cell	LM22	BS_62SW4CC5	-0.11758806693271717	Lymphocyte-inflamed
CD8 T cell	LM22	BS_65WPD3DA	-0.148624233249949	Myeloid-dominant
CD8 T cell	LM22	BS_68KX6A42	0.08921167300462612	Lymphocyte-inflamed
CD8 T cell	LM22	BS_6DCSD5Y6	-0.7368497259489959	Immune-desert
CD8 T cell	LM22	BS_6H4Q24WA	0.31828845472007034	Lymphocyte-inflamed
CD8 T cell	LM22	BS_6M2053M0	-0.7136204314273403	Myeloid-dominant
CD8 T cell	LM22	BS_6SY64H5J	0.34422713033069796	Lymphocyte-inflamed
CD8 T cell	LM22	BS_6VRG1XFB	1.7146213115459685	Myeloid-dominant
CD8 T cell	LM22	BS_6WP1FHTE	0.2907592534767035	Lymphocyte-inflamed
CD8 T cell	LM22	BS_7327SDAQ	-0.2416450654962558	Myeloid-dominant
CD8 T cell	LM22	BS_75YRDXET	0.20408928718158556	Lymphocyte-inflamed
CD8 T cell	LM22	BS_77SBTNPN	-0.8696252436864575	Myeloid-dominant
CD8 T cell	LM22	BS_7AEF4D4G	1.540927945667353	Lymphocyte-inflamed
CD8 T cell	LM22	BS_7APCGCVF	1.5839787696545764	Myeloid-dominant
CD8 T cell	LM22	BS_7GJT4A6A	-0.4601999082313829	Immune-desert
CD8 T cell	LM22	BS_7GKWKGPH	0.4232590217528602	Lymphocyte-inflamed
CD8 T cell	LM22	BS_7PVJ6Q3D	0.1013762184901606	Immune-desert
CD8 T cell	LM22	BS_7WKNNRHK	-0.8696252436864575	Myeloid-dominant
CD8 T cell	LM22	BS_84VZX732	-0.046770449103781996	Myeloid-dominant
CD8 T cell	LM22	BS_84XCR9GG	-0.8696252436864575	Myeloid-dominant
CD8 T cell	LM22	BS_8E8JKP01	-0.8696252436864575	Immune-desert
CD8 T cell	LM22	BS_8ERBDF7D	-0.8696252436864575	Immune-desert
CD8 T cell	LM22	BS_8JK9TXH2	0.46505853372896094	Myeloid-dominant
CD8 T cell	LM22	BS_8VD670NP	-0.2642289964556333	Myeloid-dominant
CD8 T cell	LM22	BS_8YWYN7VH	-0.6665984077263378	Lymphocyte-inflamed
CD8 T cell	LM22	BS_8ZE4Z9G5	-0.6207941061426497	Myeloid-dominant
CD8 T cell	LM22	BS_8ZY4GST0	-0.03390324645649657	Immune-desert
CD8 T cell	LM22	BS_91VYM11A	2.509373804994928	Myeloid-dominant
CD8 T cell	LM22	BS_956G6QPJ	4.419777606497677	Myeloid-dominant
CD8 T cell	LM22	BS_97M1E2DW	0.8121129329544663	Immune-desert
CD8 T cell	LM22	BS_9A1YTHFF	0.06574466479475205	Lymphocyte-inflamed
CD8 T cell	LM22	BS_9B0A62MT	0.7387915516345117	Lymphocyte-inflamed
CD8 T cell	LM22	BS_9CA93S6D	0.8702989255839341	Immune-desert
CD8 T cell	LM22	BS_9FHEFJNP	-0.8696252436864575	Myeloid-dominant
CD8 T cell	LM22	BS_9FX3YREK	-0.8696252436864575	Immune-desert
CD8 T cell	LM22	BS_9GJ3DB1H	-0.4860133720265558	Lymphocyte-inflamed
CD8 T cell	LM22	BS_9JPQZQNG	-0.8696252436864575	Myeloid-dominant
CD8 T cell	LM22	BS_9TXEDSWB	-0.4726438175556217	Myeloid-dominant
CD8 T cell	LM22	BS_9XVACXP0	-0.5191563777974185	Myeloid-dominant
CD8 T cell	LM22	BS_9Y1K14Q5	-0.8696252436864575	Myeloid-dominant
CD8 T cell	LM22	BS_9ZJT0CP0	0.912980308570097	Myeloid-dominant
CD8 T cell	LM22	BS_A4PF49V0	1.902666042832035	Immune-desert
CD8 T cell	LM22	BS_A6NXR7RC	-0.8696252436864575	Myeloid-dominant
CD8 T cell	LM22	BS_A7Q8G0Y1	-0.14231095781612169	Myeloid-dominant
CD8 T cell	LM22	BS_A8XW5S0W	0.3554908573475706	Myeloid-dominant
CD8 T cell	LM22	BS_AWH9757B	-0.8696252436864575	Immune-desert
CD8 T cell	LM22	BS_AYSXRQWY	0.6096990304463699	Myeloid-dominant
CD8 T cell	LM22	BS_AZQM1JJH	-0.3058478761219067	Lymphocyte-inflamed
CD8 T cell	LM22	BS_B1C6GZ84	0.32813937510090224	Immune-desert
CD8 T cell	LM22	BS_B3MQFFYP	-0.3220524205545476	Lymphocyte-inflamed
CD8 T cell	LM22	BS_B4R7X1KE	-0.6821281396823782	Immune-desert
CD8 T cell	LM22	BS_B57327NA	0.17951010834412082	Myeloid-dominant
CD8 T cell	LM22	BS_BBAEMXRD	-0.8696252436864575	Immune-desert
CD8 T cell	LM22	BS_BBQ6BHGN	-0.19512162525465465	Myeloid-dominant
CD8 T cell	LM22	BS_BK0HGRXM	1.553718831261752	Lymphocyte-inflamed
CD8 T cell	LM22	BS_BMMY0H73	-0.2623938597088186	Myeloid-dominant
CD8 T cell	LM22	BS_C6ZZ3FY5	-0.5420413501605916	Myeloid-dominant
CD8 T cell	LM22	BS_C83TK159	-0.3718606813474262	Myeloid-dominant
CD8 T cell	LM22	BS_CBDQZ8PP	0.5351990921685088	Immune-desert
CD8 T cell	LM22	BS_CF63VG3S	-0.41677303120524734	Myeloid-dominant
CD8 T cell	LM22	BS_CFD3WHAY	-0.8696252436864575	Myeloid-dominant
CD8 T cell	LM22	BS_CG1RG607	-0.07061226384160295	Lymphocyte-inflamed
CD8 T cell	LM22	BS_CVEDJGHZ	-0.7013513805465404	Lymphocyte-inflamed
CD8 T cell	LM22	BS_CXAQDK7S	-0.435205685328006	Lymphocyte-inflamed
CD8 T cell	LM22	BS_CZPQ493E	-0.15933103974787663	Myeloid-dominant
CD8 T cell	LM22	BS_D29RPBSZ	1.5184277877252408	Myeloid-dominant
CD8 T cell	LM22	BS_D4VNDNQA	1.1257809657841429	Immune-desert
CD8 T cell	LM22	BS_D6J2BGDJ	0.6556386474294337	Immune-desert
CD8 T cell	LM22	BS_DFGS950G	-0.8644155190562236	Immune-desert
CD8 T cell	LM22	BS_DNZVP92S	-0.8696252436864575	Myeloid-dominant
CD8 T cell	LM22	BS_DR079H0D	-0.8407587714031027	Immune-desert
CD8 T cell	LM22	BS_DS438CXE	-0.8696252436864575	Immune-desert
CD8 T cell	LM22	BS_DSPVSM7D	-0.8696252436864575	Myeloid-dominant
CD8 T cell	LM22	BS_DZNXFPH1	-0.45644386520171637	Lymphocyte-inflamed
CD8 T cell	LM22	BS_E7NVYA6G	-0.8696252436864575	Lymphocyte-inflamed
CD8 T cell	LM22	BS_E9CYN4NP	-0.07045230365928286	Immune-desert
CD8 T cell	LM22	BS_EB0XRBT9	0.022312864272909985	Lymphocyte-inflamed
CD8 T cell	LM22	BS_EDJ5TV0P	1.2327669595497404	Immune-desert
CD8 T cell	LM22	BS_EMQM7HTA	1.9416259637488889	Myeloid-dominant
CD8 T cell	LM22	BS_ENEYB4TG	-0.8412515676212455	Lymphocyte-inflamed
CD8 T cell	LM22	BS_EXPJQZTH	-0.8696252436864575	Lymphocyte-inflamed
CD8 T cell	LM22	BS_EZ3147MX	-0.0020361964369086513	Myeloid-dominant
CD8 T cell	LM22	BS_F0JB4EAK	-0.7344260048248279	Immune-desert
CD8 T cell	LM22	BS_F21R36MM	-0.8696252436864575	Myeloid-dominant
CD8 T cell	LM22	BS_F65GWS21	0.9093789227065682	Myeloid-dominant
CD8 T cell	LM22	BS_F6V1Y4QS	-0.7200352563326555	Myeloid-dominant
CD8 T cell	LM22	BS_F9Y4Z92G	0.0029038581600336847	Immune-desert
CD8 T cell	LM22	BS_FCDAH728	-0.6763881227419039	Myeloid-dominant
CD8 T cell	LM22	BS_FEV5A0HN	2.7133629842056015	Immune-desert
CD8 T cell	LM22	BS_FGJH1X0S	0.041917531243377416	Myeloid-dominant
CD8 T cell	LM22	BS_FKASA3MN	-0.8696252436864575	Immune-desert
CD8 T cell	LM22	BS_FN07P04C	0.8039143427076023	Immune-desert
CD8 T cell	LM22	BS_FX2P2WEG	5.775208849088731	Lymphocyte-inflamed
CD8 T cell	LM22	BS_FXJY0MNH	0.044275561144534174	Lymphocyte-inflamed
CD8 T cell	LM22	BS_FYP2B298	-0.8696252436864575	Immune-desert
CD8 T cell	LM22	BS_G19QZG4S	-0.47790003236463524	Myeloid-dominant
CD8 T cell	LM22	BS_G1E5DATJ	-0.8453405415783986	Myeloid-dominant
CD8 T cell	LM22	BS_G257VSS9	-0.8696252436864575	Immune-desert
CD8 T cell	LM22	BS_G3NN392N	-0.6484116833081847	Myeloid-dominant
CD8 T cell	LM22	BS_G3RJTBZD	-0.4189455821962344	Immune-desert
CD8 T cell	LM22	BS_G5NHSFD4	-0.44716077882826716	Immune-desert
CD8 T cell	LM22	BS_G8TXTX0H	1.5989186369643795	Myeloid-dominant
CD8 T cell	LM22	BS_GG9W3J9Y	0.02254480850354558	Immune-desert
CD8 T cell	LM22	BS_GW0GKWMS	-0.5260563461878531	Myeloid-dominant
CD8 T cell	LM22	BS_GWHYM3R4	-0.17286678908620287	Myeloid-dominant
CD8 T cell	LM22	BS_GWSJ4Z9H	0.05536713460235308	Lymphocyte-inflamed
CD8 T cell	LM22	BS_H5VQJR7X	-0.02010870179588922	Myeloid-dominant
CD8 T cell	LM22	BS_H97S5SQN	-0.1714026262795641	Myeloid-dominant
CD8 T cell	LM22	BS_H9JYKFTV	-0.458128764310222	Myeloid-dominant
CD8 T cell	LM22	BS_HDHXX8Q7	4.563994603232611	Myeloid-dominant
CD8 T cell	LM22	BS_HDPCQETG	-0.48205018670035493	Lymphocyte-inflamed
CD8 T cell	LM22	BS_HJRTC9JQ	-0.4556625923715327	Lymphocyte-inflamed
CD8 T cell	LM22	BS_HJV0J603	-0.10733297981295482	Lymphocyte-inflamed
CD8 T cell	LM22	BS_HRJ9145M	-0.8696252436864575	Lymphocyte-inflamed
CD8 T cell	LM22	BS_HWGWYCY7	0.3097837191519534	Lymphocyte-inflamed
CD8 T cell	LM22	BS_HZ9AYDCQ	-0.8696252436864575	Lymphocyte-inflamed
CD8 T cell	LM22	BS_J4JY2F3H	2.5099448951684975	Lymphocyte-inflamed
CD8 T cell	LM22	BS_J6212Y48	-0.052826004288527316	Myeloid-dominant
CD8 T cell	LM22	BS_J6W1RB7A	-0.1516374120746821	Myeloid-dominant
CD8 T cell	LM22	BS_J9CBGP57	-0.29592038570362467	Myeloid-dominant
CD8 T cell	LM22	BS_JB43XBCQ	0.4698780763117683	Lymphocyte-inflamed
CD8 T cell	LM22	BS_JDSNFYQ0	0.37609564362293446	Lymphocyte-inflamed
CD8 T cell	LM22	BS_JJVH7WR0	-0.8696252436864575	Immune-desert
CD8 T cell	LM22	BS_JMD386Z2	-0.09247527384282667	Myeloid-dominant
CD8 T cell	LM22	BS_JP95KMRD	0.10347097824103929	Lymphocyte-inflamed
CD8 T cell	LM22	BS_JQGJQ2QZ	-0.23805484181084977	Myeloid-dominant
CD8 T cell	LM22	BS_JQVAWTTM	-0.8519305051442206	Myeloid-dominant
CD8 T cell	LM22	BS_JQXHHK0K	-0.7784158844009309	Immune-desert
CD8 T cell	LM22	BS_JRYJGYC4	0.2251725931617629	Myeloid-dominant
CD8 T cell	LM22	BS_JS95PE0J	-0.8696252436864575	Myeloid-dominant
CD8 T cell	LM22	BS_JTWNJ8T7	0.17169151031754712	Immune-desert
CD8 T cell	LM22	BS_JVW2JJ39	0.5161813869864494	Immune-desert
CD8 T cell	LM22	BS_K0X3PZGN	-0.529983237522809	Lymphocyte-inflamed
CD8 T cell	LM22	BS_K17VQECG	0.5954094671328808	Lymphocyte-inflamed
CD8 T cell	LM22	BS_K2PCC777	0.5877440938492026	Lymphocyte-inflamed
CD8 T cell	LM22	BS_K74N1BXQ	-0.6833785441431808	Myeloid-dominant
CD8 T cell	LM22	BS_K81PZXP2	-0.8696252436864575	Lymphocyte-inflamed
CD8 T cell	LM22	BS_K88T8SW7	1.555898776659786	Lymphocyte-inflamed
CD8 T cell	LM22	BS_KABQQA0T	-0.24913586363603563	Immune-desert
CD8 T cell	LM22	BS_KBEX4RT2	-0.8696252436864575	Myeloid-dominant
CD8 T cell	LM22	BS_KFD5128N	0.2914957711471514	Myeloid-dominant
CD8 T cell	LM22	BS_KKDTW11T	-0.8696252436864575	Immune-desert
CD8 T cell	LM22	BS_KP735TJ6	-0.8696252436864575	Immune-desert
CD8 T cell	LM22	BS_KQ6ZW085	0.5912475545010855	Myeloid-dominant
CD8 T cell	LM22	BS_KRS4EV4X	0.06952619664341861	Myeloid-dominant
CD8 T cell	LM22	BS_KS8HMGA6	0.06184716285751331	Lymphocyte-inflamed
CD8 T cell	LM22	BS_KVPWHDR4	-0.4783206260395555	Myeloid-dominant
CD8 T cell	LM22	BS_M0FA190Y	-0.44777174598829494	Myeloid-dominant
CD8 T cell	LM22	BS_M0XGZ53Z	-0.6465247540590597	Immune-desert
CD8 T cell	LM22	BS_M1PVEHCM	1.1201535759400383	Immune-desert
CD8 T cell	LM22	BS_M54TWTH4	-0.8696252436864575	Myeloid-dominant
CD8 T cell	LM22	BS_M7XB258E	-0.5499656647516347	Lymphocyte-inflamed
CD8 T cell	LM22	BS_M85CXHDV	-0.3103761689377244	Lymphocyte-inflamed
CD8 T cell	LM22	BS_MB7WN0ZB	0.027060810149517417	Myeloid-dominant
CD8 T cell	LM22	BS_MD0937XT	-0.6218508641434984	Immune-desert
CD8 T cell	LM22	BS_MDBT7S5Z	-0.8696252436864575	Immune-desert
CD8 T cell	LM22	BS_ME6VQGG4	-0.5752819891425616	Myeloid-dominant
CD8 T cell	LM22	BS_MFGZH8FK	-0.15212355564128743	Myeloid-dominant
CD8 T cell	LM22	BS_MG78HQDM	4.900982594230691	Immune-desert
CD8 T cell	LM22	BS_MWWZBQ60	-0.4985266682625075	Myeloid-dominant
CD8 T cell	LM22	BS_N6TQBQ8M	1.7122032184126523	Myeloid-dominant
CD8 T cell	LM22	BS_N7SW36FD	-0.679768075443949	Lymphocyte-inflamed
CD8 T cell	LM22	BS_N7VQ1GQB	-0.08968253216765337	Lymphocyte-inflamed
CD8 T cell	LM22	BS_NB9XXBW6	-0.6677987522599609	Myeloid-dominant
CD8 T cell	LM22	BS_NEFAASTR	0.313178380354069	Lymphocyte-inflamed
CD8 T cell	LM22	BS_NEVYM2FP	-0.2798470482467039	Myeloid-dominant
CD8 T cell	LM22	BS_NFKKDYSV	-0.3482139897270098	Lymphocyte-inflamed
CD8 T cell	LM22	BS_NGSG2KB6	-0.2544547276880085	Lymphocyte-inflamed
CD8 T cell	LM22	BS_NNYXMSTX	-0.8696252436864575	Lymphocyte-inflamed
CD8 T cell	LM22	BS_NPA6CZQF	-0.5776018531177183	Immune-desert
CD8 T cell	LM22	BS_NQ54ST98	2.4661018982239407	Lymphocyte-inflamed
CD8 T cell	LM22	BS_NR3P3GN2	-0.32253934964093944	Myeloid-dominant
CD8 T cell	LM22	BS_NX1R0BC3	-0.7317760410866327	Lymphocyte-inflamed
CD8 T cell	LM22	BS_P0QF87WC	-0.41980274280637453	Myeloid-dominant
CD8 T cell	LM22	BS_P4PMWFMV	-0.8696252436864575	Myeloid-dominant
CD8 T cell	LM22	BS_P7W3AYKV	2.7179458995265806	Myeloid-dominant
CD8 T cell	LM22	BS_PENM28KT	-0.8696252436864575	Myeloid-dominant
CD8 T cell	LM22	BS_PJC6FH4Y	-0.4428493647308619	Lymphocyte-inflamed
CD8 T cell	LM22	BS_PS0P3QJ3	-0.8696252436864575	Myeloid-dominant
CD8 T cell	LM22	BS_PXCPK5XS	0.3490596847807296	Myeloid-dominant
CD8 T cell	LM22	BS_PZVHMSYN	1.287893254160268	Myeloid-dominant
CD8 T cell	LM22	BS_Q06J3RYW	1.329295256056184	Lymphocyte-inflamed
CD8 T cell	LM22	BS_Q35GFYDR	1.5326416162116228	Myeloid-dominant
CD8 T cell	LM22	BS_Q9N5PRD5	2.666701889639766	Myeloid-dominant
CD8 T cell	LM22	BS_QB84TBA3	0.3048167720842023	Immune-desert
CD8 T cell	LM22	BS_QGKEP3KB	0.11799544258950537	Lymphocyte-inflamed
CD8 T cell	LM22	BS_QH0VYVJK	0.27583598848445856	Myeloid-dominant
CD8 T cell	LM22	BS_QHY302E8	-0.4475504605916011	Lymphocyte-inflamed
CD8 T cell	LM22	BS_QMBS32Y2	1.6901483179464216	Myeloid-dominant
CD8 T cell	LM22	BS_QNNX91SM	-0.44828419109607287	Myeloid-dominant
CD8 T cell	LM22	BS_QY2G1JZJ	-0.6491520911899511	Myeloid-dominant
CD8 T cell	LM22	BS_QYA4TQXX	-0.8696252436864575	Immune-desert
CD8 T cell	LM22	BS_R5JQE0VJ	0.09251669880527041	Myeloid-dominant
CD8 T cell	LM22	BS_R5SNFB5B	2.1211393060397103	Immune-desert
CD8 T cell	LM22	BS_R9B92M75	-0.4122151730238065	Myeloid-dominant
CD8 T cell	LM22	BS_RHAWQJ48	1.0865547036367653	Lymphocyte-inflamed
CD8 T cell	LM22	BS_RHM60031	-0.09772958655897068	Myeloid-dominant
CD8 T cell	LM22	BS_RJC3WDD6	-0.8453113668228743	Immune-desert
CD8 T cell	LM22	BS_RN0VAY51	-0.5030789112815642	Myeloid-dominant
CD8 T cell	LM22	BS_RX1YTZ7F	0.6447461027806328	Myeloid-dominant
CD8 T cell	LM22	BS_RZBFH1QF	-0.4255256567659705	Immune-desert
CD8 T cell	LM22	BS_S2TA8R29	-0.8696252436864575	Myeloid-dominant
CD8 T cell	LM22	BS_S3C2PZAH	-0.4761367802540133	Myeloid-dominant
CD8 T cell	LM22	BS_S3MET0JZ	0.6975441266865832	Myeloid-dominant
CD8 T cell	LM22	BS_S4V9E1XJ	-0.3370286920463913	Lymphocyte-inflamed
CD8 T cell	LM22	BS_S5P8VTN5	0.26869799369042424	Myeloid-dominant
CD8 T cell	LM22	BS_S6B9DVNS	-0.59850003699504	Immune-desert
CD8 T cell	LM22	BS_S6S7SK3P	-0.5839667646590051	Immune-desert
CD8 T cell	LM22	BS_S8K878T3	1.694024095930556	Lymphocyte-inflamed
CD8 T cell	LM22	BS_SBMAM00V	-0.158909735038197	Myeloid-dominant
CD8 T cell	LM22	BS_SBMCD7XZ	-0.8696252436864575	Myeloid-dominant
CD8 T cell	LM22	BS_SD0EMK7Y	-0.8696252436864575	Lymphocyte-inflamed
CD8 T cell	LM22	BS_SD8YBRBR	-0.8557299969317201	Immune-desert
CD8 T cell	LM22	BS_SERDGASJ	0.4875758649673049	Lymphocyte-inflamed
CD8 T cell	LM22	BS_SJVTZ5TH	0.8390778003886578	Myeloid-dominant
CD8 T cell	LM22	BS_SMWQR2F1	1.257420780148457	Myeloid-dominant
CD8 T cell	LM22	BS_SNVM7CZT	0.37838238501867477	Myeloid-dominant
CD8 T cell	LM22	BS_SR2RGDXJ	-0.7972148223182779	Myeloid-dominant
CD8 T cell	LM22	BS_SW9Z10F9	-0.8425398543535138	Lymphocyte-inflamed
CD8 T cell	LM22	BS_SY3J3XR9	-0.3500983082304115	Immune-desert
CD8 T cell	LM22	BS_T1YHK6B7	0.2857932365445128	Myeloid-dominant
CD8 T cell	LM22	BS_T2F48Z4E	2.0979604145476327	Lymphocyte-inflamed
CD8 T cell	LM22	BS_T9A8JJW5	-0.8696252436864575	Myeloid-dominant
CD8 T cell	LM22	BS_TASG32Z2	2.0106744015947706	Myeloid-dominant
CD8 T cell	LM22	BS_TGS109T3	-0.2777581687655454	Immune-desert
CD8 T cell	LM22	BS_TM9MH0RP	0.19564708407987205	Myeloid-dominant
CD8 T cell	LM22	BS_TR2P8KRF	-0.20916499686690965	Myeloid-dominant
CD8 T cell	LM22	BS_TRKH2SPE	-0.4566004857552346	Myeloid-dominant
CD8 T cell	LM22	BS_TRPXB3AV	-0.8436946002749728	Myeloid-dominant
CD8 T cell	LM22	BS_TTDNZTZ0	-0.37540323190495134	Lymphocyte-inflamed
CD8 T cell	LM22	BS_TTE04ZP8	-0.8302037531308567	Lymphocyte-inflamed
CD8 T cell	LM22	BS_TV5B86ZD	-0.8696252436864575	Immune-desert
CD8 T cell	LM22	BS_TVH33J9Q	0.0555834126617288	Myeloid-dominant
CD8 T cell	LM22	BS_TXZ7KHTQ	-0.4156348636888488	Myeloid-dominant
CD8 T cell	LM22	BS_V0DQFC75	-0.8696252436864575	Myeloid-dominant
CD8 T cell	LM22	BS_V3Z3DB4N	-0.2697316309166554	Immune-desert
CD8 T cell	LM22	BS_V558NW3Q	-0.5358984381570001	Lymphocyte-inflamed
CD8 T cell	LM22	BS_V6RSB5HQ	0.6852018516405137	Myeloid-dominant
CD8 T cell	LM22	BS_V8QWBVS3	0.7871101131842551	Lymphocyte-inflamed
CD8 T cell	LM22	BS_VBMRQK4F	-0.7693209952011357	Myeloid-dominant
CD8 T cell	LM22	BS_VDFXXMEX	2.751071329050884	Immune-desert
CD8 T cell	LM22	BS_VF3NVT4G	-0.7236196252605347	Lymphocyte-inflamed
CD8 T cell	LM22	BS_VKH87DD2	0.5428449973473167	Lymphocyte-inflamed
CD8 T cell	LM22	BS_VKHJG2B8	0.01186673875495771	Myeloid-dominant
CD8 T cell	LM22	BS_VKYEM67A	-0.8232256795692275	Lymphocyte-inflamed
CD8 T cell	LM22	BS_VMQMGSJY	-0.7280942728801654	Lymphocyte-inflamed
CD8 T cell	LM22	BS_VVTHDRBD	0.010531081316279457	Myeloid-dominant
CD8 T cell	LM22	BS_W1385R8Y	1.666639344650247	Immune-desert
CD8 T cell	LM22	BS_W4DB5RP1	4.002942617583211	Immune-desert
CD8 T cell	LM22	BS_W7MFJZ5A	-0.5686966350022885	Lymphocyte-inflamed
CD8 T cell	LM22	BS_WBVSK3MP	-0.8696252436864575	Immune-desert
CD8 T cell	LM22	BS_WEKK6SHP	1.146804030054634	Myeloid-dominant
CD8 T cell	LM22	BS_WHBEXD5H	-0.6698701657810245	Lymphocyte-inflamed
CD8 T cell	LM22	BS_WQ1YRTAT	0.8406127129514132	Immune-desert
CD8 T cell	LM22	BS_WTJEDTZC	1.1816590699933094	Myeloid-dominant
CD8 T cell	LM22	BS_WVRX4C9Z	0.05985381108726466	Lymphocyte-inflamed
CD8 T cell	LM22	BS_X0XXN9BK	-0.5093680157239984	Lymphocyte-inflamed
CD8 T cell	LM22	BS_X1G0TKP4	-0.1551447645826675	Myeloid-dominant
CD8 T cell	LM22	BS_X20JCR4H	0.596529147218034	Lymphocyte-inflamed
CD8 T cell	LM22	BS_X23724NJ	-0.11415675702314015	Myeloid-dominant
CD8 T cell	LM22	BS_X3HR4Z21	-0.5644762460816598	Myeloid-dominant
CD8 T cell	LM22	BS_X4DD4KSZ	-0.2703173854104764	Lymphocyte-inflamed
CD8 T cell	LM22	BS_X4X1SFSE	-0.6336390013354077	Immune-desert
CD8 T cell	LM22	BS_XG0DBWVT	-0.5242115253297405	Immune-desert
CD8 T cell	LM22	BS_XGDPK33A	-0.43489683174894556	Myeloid-dominant
CD8 T cell	LM22	BS_XM1AHBDJ	0.61871918751473	Immune-desert
CD8 T cell	LM22	BS_XQ5SFW35	-0.18202977303904916	Myeloid-dominant
CD8 T cell	LM22	BS_XQXXBWPD	-0.09168202155598487	Lymphocyte-inflamed
CD8 T cell	LM22	BS_XYVCMF4A	0.3965934502379155	Myeloid-dominant
CD8 T cell	LM22	BS_XZM79E42	-0.25333213949764694	Lymphocyte-inflamed
CD8 T cell	LM22	BS_YA0KMBRT	-0.8696252436864575	Myeloid-dominant
CD8 T cell	LM22	BS_YDEVMD24	-0.523510256706085	Myeloid-dominant
CD8 T cell	LM22	BS_YMKQT5V0	-0.5180789601445838	Lymphocyte-inflamed
CD8 T cell	LM22	BS_YR12D1ZY	-0.4828210589416739	Lymphocyte-inflamed
CD8 T cell	LM22	BS_YSZRQ95C	-0.46506694467798676	Myeloid-dominant
CD8 T cell	LM22	BS_YTWEM5SG	-0.8482203368043726	Lymphocyte-inflamed
CD8 T cell	LM22	BS_YZ2QFDAN	-0.5873383767648953	Myeloid-dominant
CD8 T cell	LM22	BS_Z0ZPD9S9	-0.5272694209962694	Lymphocyte-inflamed
CD8 T cell	LM22	BS_Z3RCA1T9	-0.6390044861582227	Myeloid-dominant
CD8 T cell	LM22	BS_Z8F3GM85	-0.8696252436864575	Lymphocyte-inflamed
CD8 T cell	LM22	BS_ZD5HN296	0.09341911775172092	Lymphocyte-inflamed
CD8 T cell	LM22	BS_ZF6BSFNF	-0.40807140527968766	Myeloid-dominant
CD8 T cell	LM22	BS_ZM97KKXE	0.6649431155361765	Lymphocyte-inflamed
CD8 T cell	LM22	BS_ZV1P6W9C	-0.347163062603885	Immune-desert
CD8 T cell	LM22	BS_ZVM8CAB0	0.37506795943948457	Lymphocyte-inflamed
CD8 T cell	LM22	BS_ZZWMD6FA	0.499298063249564	Lymphocyte-inflamed
CD8 T cell	xCell	BS_00FD2KMP	-0.24476196180043555	Immune-desert
CD8 T cell	xCell	BS_028YFYJ6	-0.24476196180043572	Myeloid-dominant
CD8 T cell	xCell	BS_052PZFMK	-0.2330743231678928	Immune-desert
CD8 T cell	xCell	BS_056Q8577	-0.24476196180043572	Lymphocyte-inflamed
CD8 T cell	xCell	BS_08ST21QE	-0.24476196180043572	Lymphocyte-inflamed
CD8 T cell	xCell	BS_0C7VZC0A	-0.24476196180043572	Myeloid-dominant
CD8 T cell	xCell	BS_0S8E7590	-0.2447619618004355	Lymphocyte-inflamed
CD8 T cell	xCell	BS_0VXZCRJS	-0.24476196180043572	Myeloid-dominant
CD8 T cell	xCell	BS_0XEBS3PG	-0.24476196180043572	Immune-desert
CD8 T cell	xCell	BS_0ZA67BBC	-0.24476196180043544	Myeloid-dominant
CD8 T cell	xCell	BS_12G04QJM	0.04535310461119868	Myeloid-dominant
CD8 T cell	xCell	BS_17ZSMXFH	-0.24476196180043572	Immune-desert
CD8 T cell	xCell	BS_1A6MQ9ZA	-0.24476196180043572	Myeloid-dominant
CD8 T cell	xCell	BS_1D93Z575	-0.24476196180043572	Myeloid-dominant
CD8 T cell	xCell	BS_1EN5V3XW	-0.2447619618004356	Immune-desert
CD8 T cell	xCell	BS_223BM91B	-0.24476196180043439	Lymphocyte-inflamed
CD8 T cell	xCell	BS_25HNKZ79	-0.24476196180043455	Lymphocyte-inflamed
CD8 T cell	xCell	BS_2853394H	-0.024308618714557348	Immune-desert
CD8 T cell	xCell	BS_297H8BT4	-0.2447619618004355	Myeloid-dominant
CD8 T cell	xCell	BS_29X4ZX6Q	-0.24476196180043572	Immune-desert
CD8 T cell	xCell	BS_2A5R9MEJ	-0.24476196180043572	Immune-desert
CD8 T cell	xCell	BS_2ARXK0TD	-0.2447619618004355	Lymphocyte-inflamed
CD8 T cell	xCell	BS_2AV1H5TV	-0.24476196180043572	Myeloid-dominant
CD8 T cell	xCell	BS_2DMBCHNF	-0.2447619618004355	Lymphocyte-inflamed
CD8 T cell	xCell	BS_2EN3X6HB	-0.24476196180043572	Myeloid-dominant
CD8 T cell	xCell	BS_2FEZWH1F	-0.24476196180043572	Lymphocyte-inflamed
CD8 T cell	xCell	BS_2HNXVFAS	-0.24476196180043572	Myeloid-dominant
CD8 T cell	xCell	BS_2JH1QMT1	-0.24476196180043422	Myeloid-dominant
CD8 T cell	xCell	BS_2JP7RBMB	-0.24476196180043572	Myeloid-dominant
CD8 T cell	xCell	BS_2K01T8K6	-0.24476196180043572	Lymphocyte-inflamed
CD8 T cell	xCell	BS_2PDS3MSS	-0.24476196180043572	Lymphocyte-inflamed
CD8 T cell	xCell	BS_2T5PJAW8	-0.2447619618004348	Myeloid-dominant
CD8 T cell	xCell	BS_2WANPFBJ	-0.24476196180043572	Lymphocyte-inflamed
CD8 T cell	xCell	BS_30F3Z9FS	-0.2447619618004356	Lymphocyte-inflamed
CD8 T cell	xCell	BS_30VC3R2Q	-0.2447619618004355	Myeloid-dominant
CD8 T cell	xCell	BS_30YWQ3FY	-0.24476196180043572	Lymphocyte-inflamed
CD8 T cell	xCell	BS_31MBRWC4	3.139952938227825	Lymphocyte-inflamed
CD8 T cell	xCell	BS_333KCNDP	1.612233008803717	Lymphocyte-inflamed
CD8 T cell	xCell	BS_399RPKC9	-0.24476196180043572	Myeloid-dominant
CD8 T cell	xCell	BS_3AC3SRWH	-0.24476196180043572	Immune-desert
CD8 T cell	xCell	BS_3MS8WVNR	-0.24476196180043497	Immune-desert
CD8 T cell	xCell	BS_3ZPJAK9A	-0.2442496899456912	Myeloid-dominant
CD8 T cell	xCell	BS_45J79YTF	-0.24476196180043572	Immune-desert
CD8 T cell	xCell	BS_49BQS7Z6	-0.24476196180043572	Myeloid-dominant
CD8 T cell	xCell	BS_49CJNZ06	-0.2447619618004356	Myeloid-dominant
CD8 T cell	xCell	BS_4B0BAVTX	-0.24476196180043572	Myeloid-dominant
CD8 T cell	xCell	BS_4BM3F6XJ	-0.2447619618004347	Myeloid-dominant
CD8 T cell	xCell	BS_4C6B11E4	-0.2447619618004355	Lymphocyte-inflamed
CD8 T cell	xCell	BS_4GNN7J8E	-0.24476196180043572	Lymphocyte-inflamed
CD8 T cell	xCell	BS_4KNBXM3C	-0.24476196180043566	Lymphocyte-inflamed
CD8 T cell	xCell	BS_4Q3KRCZT	-0.24476196180043572	Lymphocyte-inflamed
CD8 T cell	xCell	BS_4QW2S1Q8	-0.24476196180043572	Lymphocyte-inflamed
CD8 T cell	xCell	BS_4T0HQ9QF	-0.24476196180043544	Myeloid-dominant
CD8 T cell	xCell	BS_4V42BXBT	-0.24476196180043475	Myeloid-dominant
CD8 T cell	xCell	BS_51RA1PGE	-0.24476196180043572	Myeloid-dominant
CD8 T cell	xCell	BS_52C576HH	-0.24476196180043572	Myeloid-dominant
CD8 T cell	xCell	BS_5965SFPZ	-0.24476196180043555	Immune-desert
CD8 T cell	xCell	BS_5EFYPZT0	-0.20555884658397297	Myeloid-dominant
CD8 T cell	xCell	BS_5G5BD2MD	-0.2447619618004345	Lymphocyte-inflamed
CD8 T cell	xCell	BS_5K95FX4C	-0.24476196180043572	Lymphocyte-inflamed
CD8 T cell	xCell	BS_5KBXD2GQ	-0.24476196180043572	Myeloid-dominant
CD8 T cell	xCell	BS_5PXZ8F7W	-0.24476196180043572	Myeloid-dominant
CD8 T cell	xCell	BS_5VPM0F36	-0.2447619618004356	Lymphocyte-inflamed
CD8 T cell	xCell	BS_62SW4CC5	-0.24476196180043572	Lymphocyte-inflamed
CD8 T cell	xCell	BS_65WPD3DA	-0.24476196180043572	Myeloid-dominant
CD8 T cell	xCell	BS_68KX6A42	-0.24476196180043572	Lymphocyte-inflamed
CD8 T cell	xCell	BS_6DCSD5Y6	-0.2447619618004356	Immune-desert
CD8 T cell	xCell	BS_6H4Q24WA	-0.24476196180043464	Lymphocyte-inflamed
CD8 T cell	xCell	BS_6M2053M0	-0.24476196180043572	Myeloid-dominant
CD8 T cell	xCell	BS_6SY64H5J	-0.2447619618004352	Lymphocyte-inflamed
CD8 T cell	xCell	BS_6VRG1XFB	-0.24476196180043572	Myeloid-dominant
CD8 T cell	xCell	BS_6WP1FHTE	-0.24476196180043572	Lymphocyte-inflamed
CD8 T cell	xCell	BS_7327SDAQ	-0.24476196180043544	Myeloid-dominant
CD8 T cell	xCell	BS_75YRDXET	-0.24476196180043572	Lymphocyte-inflamed
CD8 T cell	xCell	BS_77SBTNPN	-0.24476196180043486	Myeloid-dominant
CD8 T cell	xCell	BS_7AEF4D4G	-0.2447619618004354	Lymphocyte-inflamed
CD8 T cell	xCell	BS_7APCGCVF	-0.24476196180043572	Myeloid-dominant
CD8 T cell	xCell	BS_7GJT4A6A	-0.24476196180043572	Immune-desert
CD8 T cell	xCell	BS_7GKWKGPH	-0.24476196180043572	Lymphocyte-inflamed
CD8 T cell	xCell	BS_7PVJ6Q3D	-0.24476196180043544	Immune-desert
CD8 T cell	xCell	BS_7WKNNRHK	-0.24476196180043536	Myeloid-dominant
CD8 T cell	xCell	BS_84VZX732	-0.2447619618004353	Myeloid-dominant
CD8 T cell	xCell	BS_84XCR9GG	-0.24476196180043572	Myeloid-dominant
CD8 T cell	xCell	BS_8E8JKP01	-0.24476196180043555	Immune-desert
CD8 T cell	xCell	BS_8ERBDF7D	-0.24476196180043572	Immune-desert
CD8 T cell	xCell	BS_8JK9TXH2	-0.24476196180043572	Myeloid-dominant
CD8 T cell	xCell	BS_8VD670NP	-0.24476196180043389	Myeloid-dominant
CD8 T cell	xCell	BS_8YWYN7VH	-0.24476196180043572	Lymphocyte-inflamed
CD8 T cell	xCell	BS_8ZE4Z9G5	-0.011283084023418594	Myeloid-dominant
CD8 T cell	xCell	BS_8ZY4GST0	-0.24476196180043572	Immune-desert
CD8 T cell	xCell	BS_91VYM11A	-0.22097303168496693	Myeloid-dominant
CD8 T cell	xCell	BS_956G6QPJ	-0.24476196180043572	Myeloid-dominant
CD8 T cell	xCell	BS_97M1E2DW	-0.2447619618004352	Immune-desert
CD8 T cell	xCell	BS_9A1YTHFF	-0.2447619618004356	Lymphocyte-inflamed
CD8 T cell	xCell	BS_9B0A62MT	-0.2447619618004356	Lymphocyte-inflamed
CD8 T cell	xCell	BS_9CA93S6D	-0.24476196180043566	Immune-desert
CD8 T cell	xCell	BS_9FHEFJNP	-0.24476196180043297	Myeloid-dominant
CD8 T cell	xCell	BS_9FX3YREK	-0.2447619618004349	Immune-desert
CD8 T cell	xCell	BS_9GJ3DB1H	-0.24476196180043572	Lymphocyte-inflamed
CD8 T cell	xCell	BS_9JPQZQNG	-0.24476196180043475	Myeloid-dominant
CD8 T cell	xCell	BS_9TXEDSWB	-0.24476196180043508	Myeloid-dominant
CD8 T cell	xCell	BS_9XVACXP0	-0.24476196180043566	Myeloid-dominant
CD8 T cell	xCell	BS_9Y1K14Q5	-0.24476196180043433	Myeloid-dominant
CD8 T cell	xCell	BS_9ZJT0CP0	-0.2447619618004356	Myeloid-dominant
CD8 T cell	xCell	BS_A4PF49V0	-0.24476196180043572	Immune-desert
CD8 T cell	xCell	BS_A6NXR7RC	-0.24476196180043572	Myeloid-dominant
CD8 T cell	xCell	BS_A7Q8G0Y1	-0.24476196180043572	Myeloid-dominant
CD8 T cell	xCell	BS_A8XW5S0W	1.9550369030116317	Myeloid-dominant
CD8 T cell	xCell	BS_AWH9757B	-0.24476196180043572	Immune-desert
CD8 T cell	xCell	BS_AYSXRQWY	-0.24476196180043572	Myeloid-dominant
CD8 T cell	xCell	BS_AZQM1JJH	-0.24476196180043572	Lymphocyte-inflamed
CD8 T cell	xCell	BS_B1C6GZ84	-0.24476196180043572	Immune-desert
CD8 T cell	xCell	BS_B3MQFFYP	-0.24476196180043555	Lymphocyte-inflamed
CD8 T cell	xCell	BS_B4R7X1KE	-0.24476196180043572	Immune-desert
CD8 T cell	xCell	BS_B57327NA	-0.24476196180043572	Myeloid-dominant
CD8 T cell	xCell	BS_BBAEMXRD	0.05005674368611777	Immune-desert
CD8 T cell	xCell	BS_BBQ6BHGN	-0.24476196180043303	Myeloid-dominant
CD8 T cell	xCell	BS_BK0HGRXM	-0.24476196180043525	Lymphocyte-inflamed
CD8 T cell	xCell	BS_BMMY0H73	-0.2447619618004356	Myeloid-dominant
CD8 T cell	xCell	BS_C6ZZ3FY5	-0.24476196180043566	Myeloid-dominant
CD8 T cell	xCell	BS_C83TK159	-0.24476196180043508	Myeloid-dominant
CD8 T cell	xCell	BS_CBDQZ8PP	0.026924098663875663	Immune-desert
CD8 T cell	xCell	BS_CF63VG3S	-0.23093355693501078	Myeloid-dominant
CD8 T cell	xCell	BS_CFD3WHAY	-0.24476196180043486	Myeloid-dominant
CD8 T cell	xCell	BS_CG1RG607	-0.24476196180043555	Lymphocyte-inflamed
CD8 T cell	xCell	BS_CVEDJGHZ	0.4195557010645052	Lymphocyte-inflamed
CD8 T cell	xCell	BS_CXAQDK7S	-0.24476196180043572	Lymphocyte-inflamed
CD8 T cell	xCell	BS_CZPQ493E	-0.24476196180043572	Myeloid-dominant
CD8 T cell	xCell	BS_D29RPBSZ	-0.24476196180043572	Myeloid-dominant
CD8 T cell	xCell	BS_D4VNDNQA	-0.2447619618004353	Immune-desert
CD8 T cell	xCell	BS_D6J2BGDJ	-0.24476196180043572	Immune-desert
CD8 T cell	xCell	BS_DFGS950G	2.808055163497558	Immune-desert
CD8 T cell	xCell	BS_DNZVP92S	-0.24476196180043572	Myeloid-dominant
CD8 T cell	xCell	BS_DR079H0D	-0.24476196180043566	Immune-desert
CD8 T cell	xCell	BS_DS438CXE	-0.2447619618004353	Immune-desert
CD8 T cell	xCell	BS_DSPVSM7D	-0.24476196180043572	Myeloid-dominant
CD8 T cell	xCell	BS_DZNXFPH1	-0.2447619618004347	Lymphocyte-inflamed
CD8 T cell	xCell	BS_E7NVYA6G	-0.2447619618004355	Lymphocyte-inflamed
CD8 T cell	xCell	BS_E9CYN4NP	-0.24476196180043572	Immune-desert
CD8 T cell	xCell	BS_EB0XRBT9	-0.24476196180043572	Lymphocyte-inflamed
CD8 T cell	xCell	BS_EDJ5TV0P	4.933722134939612	Immune-desert
CD8 T cell	xCell	BS_EMQM7HTA	-0.24476196180043572	Myeloid-dominant
CD8 T cell	xCell	BS_ENEYB4TG	-0.2447619618004355	Lymphocyte-inflamed
CD8 T cell	xCell	BS_EXPJQZTH	1.972945298203086	Lymphocyte-inflamed
CD8 T cell	xCell	BS_EZ3147MX	-0.24476196180043572	Myeloid-dominant
CD8 T cell	xCell	BS_F0JB4EAK	-0.24476196180043555	Immune-desert
CD8 T cell	xCell	BS_F21R36MM	0.812150528333994	Myeloid-dominant
CD8 T cell	xCell	BS_F65GWS21	-0.24476196180043572	Myeloid-dominant
CD8 T cell	xCell	BS_F6V1Y4QS	-0.24476196180043566	Myeloid-dominant
CD8 T cell	xCell	BS_F9Y4Z92G	-0.24476196180043433	Immune-desert
CD8 T cell	xCell	BS_FCDAH728	-0.2447619618004353	Myeloid-dominant
CD8 T cell	xCell	BS_FEV5A0HN	2.5617445511506416	Immune-desert
CD8 T cell	xCell	BS_FGJH1X0S	2.0845238964723696	Myeloid-dominant
CD8 T cell	xCell	BS_FKASA3MN	1.266453383091478	Immune-desert
CD8 T cell	xCell	BS_FN07P04C	0.5331851525312793	Immune-desert
CD8 T cell	xCell	BS_FX2P2WEG	7.338653182109184	Lymphocyte-inflamed
CD8 T cell	xCell	BS_FXJY0MNH	-0.24476196180043364	Lymphocyte-inflamed
CD8 T cell	xCell	BS_FYP2B298	-0.24476196180043572	Immune-desert
CD8 T cell	xCell	BS_G19QZG4S	-0.24476196180043572	Myeloid-dominant
CD8 T cell	xCell	BS_G1E5DATJ	-0.2447619618004345	Myeloid-dominant
CD8 T cell	xCell	BS_G257VSS9	-0.24476196180043502	Immune-desert
CD8 T cell	xCell	BS_G3NN392N	-0.2447619618004356	Myeloid-dominant
CD8 T cell	xCell	BS_G3RJTBZD	-0.24476196180043572	Immune-desert
CD8 T cell	xCell	BS_G5NHSFD4	-0.24476196180043572	Immune-desert
CD8 T cell	xCell	BS_G8TXTX0H	-0.24476196180043566	Myeloid-dominant
CD8 T cell	xCell	BS_GG9W3J9Y	-0.24476196180043572	Immune-desert
CD8 T cell	xCell	BS_GW0GKWMS	-0.24476196180043572	Myeloid-dominant
CD8 T cell	xCell	BS_GWHYM3R4	-0.24476196180043572	Myeloid-dominant
CD8 T cell	xCell	BS_GWSJ4Z9H	-0.24476196180043566	Lymphocyte-inflamed
CD8 T cell	xCell	BS_H5VQJR7X	-0.24476196180043555	Myeloid-dominant
CD8 T cell	xCell	BS_H97S5SQN	-0.24476196180043536	Myeloid-dominant
CD8 T cell	xCell	BS_H9JYKFTV	-0.24476196180043572	Myeloid-dominant
CD8 T cell	xCell	BS_HDHXX8Q7	-0.24476196180043572	Myeloid-dominant
CD8 T cell	xCell	BS_HDPCQETG	-0.24476196180043147	Lymphocyte-inflamed
CD8 T cell	xCell	BS_HJRTC9JQ	-0.24476196180043572	Lymphocyte-inflamed
CD8 T cell	xCell	BS_HJV0J603	10.68013881537228	Lymphocyte-inflamed
CD8 T cell	xCell	BS_HRJ9145M	-0.24476196180043572	Lymphocyte-inflamed
CD8 T cell	xCell	BS_HWGWYCY7	-0.24476196180043142	Lymphocyte-inflamed
CD8 T cell	xCell	BS_HZ9AYDCQ	-0.24476196180043572	Lymphocyte-inflamed
CD8 T cell	xCell	BS_J4JY2F3H	-0.2447619618004354	Lymphocyte-inflamed
CD8 T cell	xCell	BS_J6212Y48	-0.24476196180043353	Myeloid-dominant
CD8 T cell	xCell	BS_J6W1RB7A	-0.24476196180043377	Myeloid-dominant
CD8 T cell	xCell	BS_J9CBGP57	-0.24476196180043572	Myeloid-dominant
CD8 T cell	xCell	BS_JB43XBCQ	-0.24476196180043566	Lymphocyte-inflamed
CD8 T cell	xCell	BS_JDSNFYQ0	-0.24476196180043508	Lymphocyte-inflamed
CD8 T cell	xCell	BS_JJVH7WR0	1.3992650402427362	Immune-desert
CD8 T cell	xCell	BS_JMD386Z2	-0.2447619618004353	Myeloid-dominant
CD8 T cell	xCell	BS_JP95KMRD	-0.24476196180043566	Lymphocyte-inflamed
CD8 T cell	xCell	BS_JQGJQ2QZ	-0.24476196180043572	Myeloid-dominant
CD8 T cell	xCell	BS_JQVAWTTM	-0.2447619618004354	Myeloid-dominant
CD8 T cell	xCell	BS_JQXHHK0K	2.18530906910207	Immune-desert
CD8 T cell	xCell	BS_JRYJGYC4	-0.24476196180043572	Myeloid-dominant
CD8 T cell	xCell	BS_JS95PE0J	-0.24476196180043572	Myeloid-dominant
CD8 T cell	xCell	BS_JTWNJ8T7	0.005936808186830596	Immune-desert
CD8 T cell	xCell	BS_JVW2JJ39	0.20617063851453987	Immune-desert
CD8 T cell	xCell	BS_K0X3PZGN	2.4314086516025806	Lymphocyte-inflamed
CD8 T cell	xCell	BS_K17VQECG	-0.24476196180043513	Lymphocyte-inflamed
CD8 T cell	xCell	BS_K2PCC777	-0.24476196180043572	Lymphocyte-inflamed
CD8 T cell	xCell	BS_K74N1BXQ	-0.24476196180043544	Myeloid-dominant
CD8 T cell	xCell	BS_K81PZXP2	-0.24476196180043497	Lymphocyte-inflamed
CD8 T cell	xCell	BS_K88T8SW7	4.323303842567519	Lymphocyte-inflamed
CD8 T cell	xCell	BS_KABQQA0T	-0.24476196180043464	Immune-desert
CD8 T cell	xCell	BS_KBEX4RT2	-0.24476196180043572	Myeloid-dominant
CD8 T cell	xCell	BS_KFD5128N	-0.24476196180043572	Myeloid-dominant
CD8 T cell	xCell	BS_KKDTW11T	-0.24476196180043572	Immune-desert
CD8 T cell	xCell	BS_KP735TJ6	-0.2447619618004355	Immune-desert
CD8 T cell	xCell	BS_KQ6ZW085	-0.24476196180043572	Myeloid-dominant
CD8 T cell	xCell	BS_KRS4EV4X	-0.24476196180043566	Myeloid-dominant
CD8 T cell	xCell	BS_KS8HMGA6	-0.24476196180043383	Lymphocyte-inflamed
CD8 T cell	xCell	BS_KVPWHDR4	-0.24476196180043572	Myeloid-dominant
CD8 T cell	xCell	BS_M0FA190Y	-0.24476196180043536	Myeloid-dominant
CD8 T cell	xCell	BS_M0XGZ53Z	2.7223368865584487	Immune-desert
CD8 T cell	xCell	BS_M1PVEHCM	0.6848366101258976	Immune-desert
CD8 T cell	xCell	BS_M54TWTH4	-0.24476196180043525	Myeloid-dominant
CD8 T cell	xCell	BS_M7XB258E	-0.2447619618004356	Lymphocyte-inflamed
CD8 T cell	xCell	BS_M85CXHDV	-0.24476196180043572	Lymphocyte-inflamed
CD8 T cell	xCell	BS_MB7WN0ZB	0.5660136804632724	Myeloid-dominant
CD8 T cell	xCell	BS_MD0937XT	-0.24476196180043572	Immune-desert
CD8 T cell	xCell	BS_MDBT7S5Z	-0.24476196180043433	Immune-desert
CD8 T cell	xCell	BS_ME6VQGG4	-0.24476196180043572	Myeloid-dominant
CD8 T cell	xCell	BS_MFGZH8FK	-0.24476196180043572	Myeloid-dominant
CD8 T cell	xCell	BS_MG78HQDM	4.361434949943178	Immune-desert
CD8 T cell	xCell	BS_MWWZBQ60	-0.2447619618004354	Myeloid-dominant
CD8 T cell	xCell	BS_N6TQBQ8M	-0.24476196180043572	Myeloid-dominant
CD8 T cell	xCell	BS_N7SW36FD	-0.24476196180043502	Lymphocyte-inflamed
CD8 T cell	xCell	BS_N7VQ1GQB	-0.24476196180043572	Lymphocyte-inflamed
CD8 T cell	xCell	BS_NB9XXBW6	-0.24476196180043502	Myeloid-dominant
CD8 T cell	xCell	BS_NEFAASTR	-0.24476196180043572	Lymphocyte-inflamed
CD8 T cell	xCell	BS_NEVYM2FP	-0.2447619618004353	Myeloid-dominant
CD8 T cell	xCell	BS_NFKKDYSV	-0.2447619618004347	Lymphocyte-inflamed
CD8 T cell	xCell	BS_NGSG2KB6	-0.24476196180043572	Lymphocyte-inflamed
CD8 T cell	xCell	BS_NNYXMSTX	-0.24476196180043572	Lymphocyte-inflamed
CD8 T cell	xCell	BS_NPA6CZQF	-0.24476196180043186	Immune-desert
CD8 T cell	xCell	BS_NQ54ST98	-0.2447619618004356	Lymphocyte-inflamed
CD8 T cell	xCell	BS_NR3P3GN2	-0.24476196180043416	Myeloid-dominant
CD8 T cell	xCell	BS_NX1R0BC3	-0.24476196180043572	Lymphocyte-inflamed
CD8 T cell	xCell	BS_P0QF87WC	-0.2447619618004337	Myeloid-dominant
CD8 T cell	xCell	BS_P4PMWFMV	-0.24476196180043572	Myeloid-dominant
CD8 T cell	xCell	BS_P7W3AYKV	1.739425109758287	Myeloid-dominant
CD8 T cell	xCell	BS_PENM28KT	2.0619696898786057	Myeloid-dominant
CD8 T cell	xCell	BS_PJC6FH4Y	-0.2447619618004347	Lymphocyte-inflamed
CD8 T cell	xCell	BS_PS0P3QJ3	-0.24476196180043486	Myeloid-dominant
CD8 T cell	xCell	BS_PXCPK5XS	-0.24476196180043572	Myeloid-dominant
CD8 T cell	xCell	BS_PZVHMSYN	-0.24476196180043572	Myeloid-dominant
CD8 T cell	xCell	BS_Q06J3RYW	-0.2447619618004356	Lymphocyte-inflamed
CD8 T cell	xCell	BS_Q35GFYDR	-0.21827365784128783	Myeloid-dominant
CD8 T cell	xCell	BS_Q9N5PRD5	-0.2447619618004347	Myeloid-dominant
CD8 T cell	xCell	BS_QB84TBA3	-0.24476196180043572	Immune-desert
CD8 T cell	xCell	BS_QGKEP3KB	-0.24476196180043572	Lymphocyte-inflamed
CD8 T cell	xCell	BS_QH0VYVJK	-0.24476196180043572	Myeloid-dominant
CD8 T cell	xCell	BS_QHY302E8	-0.24476196180043566	Lymphocyte-inflamed
CD8 T cell	xCell	BS_QMBS32Y2	-0.24476196180043303	Myeloid-dominant
CD8 T cell	xCell	BS_QNNX91SM	-0.24476196180043572	Myeloid-dominant
CD8 T cell	xCell	BS_QY2G1JZJ	-0.24476196180043572	Myeloid-dominant
CD8 T cell	xCell	BS_QYA4TQXX	-0.24476196180043572	Immune-desert
CD8 T cell	xCell	BS_R5JQE0VJ	-0.24476196180043555	Myeloid-dominant
CD8 T cell	xCell	BS_R5SNFB5B	-0.2447619618004355	Immune-desert
CD8 T cell	xCell	BS_R9B92M75	-0.24476196180043572	Myeloid-dominant
CD8 T cell	xCell	BS_RHAWQJ48	-0.24476196180043572	Lymphocyte-inflamed
CD8 T cell	xCell	BS_RHM60031	-0.24476196180043464	Myeloid-dominant
CD8 T cell	xCell	BS_RJC3WDD6	-0.24476196180043572	Immune-desert
CD8 T cell	xCell	BS_RN0VAY51	-0.24476196180043566	Myeloid-dominant
CD8 T cell	xCell	BS_RX1YTZ7F	-0.24476196180043572	Myeloid-dominant
CD8 T cell	xCell	BS_RZBFH1QF	-0.2447619618004355	Immune-desert
CD8 T cell	xCell	BS_S2TA8R29	-0.2447619618004353	Myeloid-dominant
CD8 T cell	xCell	BS_S3C2PZAH	-0.24476196180043572	Myeloid-dominant
CD8 T cell	xCell	BS_S3MET0JZ	-0.24476196180043572	Myeloid-dominant
CD8 T cell	xCell	BS_S4V9E1XJ	-0.2447619618004353	Lymphocyte-inflamed
CD8 T cell	xCell	BS_S5P8VTN5	-0.24476196180043536	Myeloid-dominant
CD8 T cell	xCell	BS_S6B9DVNS	1.2740564541667911	Immune-desert
CD8 T cell	xCell	BS_S6S7SK3P	-0.24476196180043572	Immune-desert
CD8 T cell	xCell	BS_S8K878T3	-0.24476196180043572	Lymphocyte-inflamed
CD8 T cell	xCell	BS_SBMAM00V	-0.24476196180043572	Myeloid-dominant
CD8 T cell	xCell	BS_SBMCD7XZ	-0.24476196180043364	Myeloid-dominant
CD8 T cell	xCell	BS_SD0EMK7Y	-0.2447619618004355	Lymphocyte-inflamed
CD8 T cell	xCell	BS_SD8YBRBR	-0.2447619618004356	Immune-desert
CD8 T cell	xCell	BS_SERDGASJ	-0.24476196180043555	Lymphocyte-inflamed
CD8 T cell	xCell	BS_SJVTZ5TH	-0.2447619618004356	Myeloid-dominant
CD8 T cell	xCell	BS_SMWQR2F1	-0.2447619618004349	Myeloid-dominant
CD8 T cell	xCell	BS_SNVM7CZT	-0.24476196180043272	Myeloid-dominant
CD8 T cell	xCell	BS_SR2RGDXJ	-0.2447619618004354	Myeloid-dominant
CD8 T cell	xCell	BS_SW9Z10F9	-0.24476196180043572	Lymphocyte-inflamed
CD8 T cell	xCell	BS_SY3J3XR9	-0.24476196180043394	Immune-desert
CD8 T cell	xCell	BS_T1YHK6B7	-0.24476196180043444	Myeloid-dominant
CD8 T cell	xCell	BS_T2F48Z4E	-0.24476196180043572	Lymphocyte-inflamed
CD8 T cell	xCell	BS_T9A8JJW5	-0.24476196180043572	Myeloid-dominant
CD8 T cell	xCell	BS_TASG32Z2	-0.24476196180043572	Myeloid-dominant
CD8 T cell	xCell	BS_TGS109T3	-0.24476196180043566	Immune-desert
CD8 T cell	xCell	BS_TM9MH0RP	-0.24476196180043572	Myeloid-dominant
CD8 T cell	xCell	BS_TR2P8KRF	-0.24476196180043572	Myeloid-dominant
CD8 T cell	xCell	BS_TRKH2SPE	-0.24476196180043572	Myeloid-dominant
CD8 T cell	xCell	BS_TRPXB3AV	-0.24476196180043572	Myeloid-dominant
CD8 T cell	xCell	BS_TTDNZTZ0	-0.2447619618004353	Lymphocyte-inflamed
CD8 T cell	xCell	BS_TTE04ZP8	-0.24476196180043536	Lymphocyte-inflamed
CD8 T cell	xCell	BS_TV5B86ZD	0.46421205222253625	Immune-desert
CD8 T cell	xCell	BS_TVH33J9Q	2.0927313009496022	Myeloid-dominant
CD8 T cell	xCell	BS_TXZ7KHTQ	-0.24476196180043572	Myeloid-dominant
CD8 T cell	xCell	BS_V0DQFC75	-0.2447619618004355	Myeloid-dominant
CD8 T cell	xCell	BS_V3Z3DB4N	-0.24476196180043572	Immune-desert
CD8 T cell	xCell	BS_V558NW3Q	-0.24476196180043572	Lymphocyte-inflamed
CD8 T cell	xCell	BS_V6RSB5HQ	-0.24476196180043544	Myeloid-dominant
CD8 T cell	xCell	BS_V8QWBVS3	1.1276325660030806	Lymphocyte-inflamed
CD8 T cell	xCell	BS_VBMRQK4F	-0.24476196180043572	Myeloid-dominant
CD8 T cell	xCell	BS_VDFXXMEX	-0.24476196180043572	Immune-desert
CD8 T cell	xCell	BS_VF3NVT4G	-0.24476196180043572	Lymphocyte-inflamed
CD8 T cell	xCell	BS_VKH87DD2	-0.24476196180043544	Lymphocyte-inflamed
CD8 T cell	xCell	BS_VKHJG2B8	-0.24476196180043572	Myeloid-dominant
CD8 T cell	xCell	BS_VKYEM67A	-0.24476196180043297	Lymphocyte-inflamed
CD8 T cell	xCell	BS_VMQMGSJY	-0.24476196180043572	Lymphocyte-inflamed
CD8 T cell	xCell	BS_VVTHDRBD	-0.2447619618004356	Myeloid-dominant
CD8 T cell	xCell	BS_W1385R8Y	-0.24476196180043572	Immune-desert
CD8 T cell	xCell	BS_W4DB5RP1	-0.24476196180043228	Immune-desert
CD8 T cell	xCell	BS_W7MFJZ5A	-0.24476196180043572	Lymphocyte-inflamed
CD8 T cell	xCell	BS_WBVSK3MP	1.944491288683041	Immune-desert
CD8 T cell	xCell	BS_WEKK6SHP	-0.2447619618004355	Myeloid-dominant
CD8 T cell	xCell	BS_WHBEXD5H	-0.24476196180043572	Lymphocyte-inflamed
CD8 T cell	xCell	BS_WQ1YRTAT	-0.18114553974930933	Immune-desert
CD8 T cell	xCell	BS_WTJEDTZC	-0.24476196180043572	Myeloid-dominant
CD8 T cell	xCell	BS_WVRX4C9Z	-0.24476196180043536	Lymphocyte-inflamed
CD8 T cell	xCell	BS_X0XXN9BK	-0.24476196180043572	Lymphocyte-inflamed
CD8 T cell	xCell	BS_X1G0TKP4	-0.2447619618004346	Myeloid-dominant
CD8 T cell	xCell	BS_X20JCR4H	-0.24476196180043502	Lymphocyte-inflamed
CD8 T cell	xCell	BS_X23724NJ	-0.24476196180043572	Myeloid-dominant
CD8 T cell	xCell	BS_X3HR4Z21	-0.2447619618004348	Myeloid-dominant
CD8 T cell	xCell	BS_X4DD4KSZ	-0.24476196180043572	Lymphocyte-inflamed
CD8 T cell	xCell	BS_X4X1SFSE	-0.2447619618004355	Immune-desert
CD8 T cell	xCell	BS_XG0DBWVT	-0.24476196180043572	Immune-desert
CD8 T cell	xCell	BS_XGDPK33A	-0.2447619618004352	Myeloid-dominant
CD8 T cell	xCell	BS_XM1AHBDJ	-0.24476196180043572	Immune-desert
CD8 T cell	xCell	BS_XQ5SFW35	-0.2447619618004348	Myeloid-dominant
CD8 T cell	xCell	BS_XQXXBWPD	-0.24476196180043572	Lymphocyte-inflamed
CD8 T cell	xCell	BS_XYVCMF4A	4.3909794550395125	Myeloid-dominant
CD8 T cell	xCell	BS_XZM79E42	-0.24476196180043572	Lymphocyte-inflamed
CD8 T cell	xCell	BS_YA0KMBRT	-0.24476196180043572	Myeloid-dominant
CD8 T cell	xCell	BS_YDEVMD24	-0.24476196180043508	Myeloid-dominant
CD8 T cell	xCell	BS_YMKQT5V0	-0.2447619618004355	Lymphocyte-inflamed
CD8 T cell	xCell	BS_YR12D1ZY	-0.24476196180043566	Lymphocyte-inflamed
CD8 T cell	xCell	BS_YSZRQ95C	-0.24476196180043572	Myeloid-dominant
CD8 T cell	xCell	BS_YTWEM5SG	-0.24476196180043572	Lymphocyte-inflamed
CD8 T cell	xCell	BS_YZ2QFDAN	-0.24476196180043572	Myeloid-dominant
CD8 T cell	xCell	BS_Z0ZPD9S9	-0.24476196180043572	Lymphocyte-inflamed
CD8 T cell	xCell	BS_Z3RCA1T9	-0.24476196180043572	Myeloid-dominant
CD8 T cell	xCell	BS_Z8F3GM85	-0.24476196180043475	Lymphocyte-inflamed
CD8 T cell	xCell	BS_ZD5HN296	-0.24476196180043536	Lymphocyte-inflamed
CD8 T cell	xCell	BS_ZF6BSFNF	-0.24476196180043508	Myeloid-dominant
CD8 T cell	xCell	BS_ZM97KKXE	-0.24476196180043497	Lymphocyte-inflamed
CD8 T cell	xCell	BS_ZV1P6W9C	-0.24476196180043572	Immune-desert
CD8 T cell	xCell	BS_ZVM8CAB0	-0.2447619618004354	Lymphocyte-inflamed
CD8 T cell	xCell	BS_ZZWMD6FA	-0.2447619618004349	Lymphocyte-inflamed
CD8 T cell	quanTIseq	BS_00FD2KMP	-0.21095384007525453	Immune-desert
CD8 T cell	quanTIseq	BS_028YFYJ6	-0.21095384007525453	Myeloid-dominant
CD8 T cell	quanTIseq	BS_052PZFMK	-0.21095384007525453	Immune-desert
CD8 T cell	quanTIseq	BS_056Q8577	-0.21095384007525453	Lymphocyte-inflamed
CD8 T cell	quanTIseq	BS_08ST21QE	-0.21095384007525453	Lymphocyte-inflamed
CD8 T cell	quanTIseq	BS_0C7VZC0A	-0.21095384007525453	Myeloid-dominant
CD8 T cell	quanTIseq	BS_0S8E7590	-0.21095384007525453	Lymphocyte-inflamed
CD8 T cell	quanTIseq	BS_0VXZCRJS	-0.21095384007525453	Myeloid-dominant
CD8 T cell	quanTIseq	BS_0XEBS3PG	-0.21095384007525453	Immune-desert
CD8 T cell	quanTIseq	BS_0ZA67BBC	-0.21095384007525453	Myeloid-dominant
CD8 T cell	quanTIseq	BS_12G04QJM	-0.21095384007525453	Myeloid-dominant
CD8 T cell	quanTIseq	BS_17ZSMXFH	-0.21095384007525453	Immune-desert
CD8 T cell	quanTIseq	BS_1A6MQ9ZA	-0.21095384007525453	Myeloid-dominant
CD8 T cell	quanTIseq	BS_1D93Z575	-0.21095384007525453	Myeloid-dominant
CD8 T cell	quanTIseq	BS_1EN5V3XW	-0.21095384007525453	Immune-desert
CD8 T cell	quanTIseq	BS_223BM91B	2.4288119609427943	Lymphocyte-inflamed
CD8 T cell	quanTIseq	BS_25HNKZ79	-0.21095384007525453	Lymphocyte-inflamed
CD8 T cell	quanTIseq	BS_2853394H	-0.21095384007525453	Immune-desert
CD8 T cell	quanTIseq	BS_297H8BT4	-0.21095384007525453	Myeloid-dominant
CD8 T cell	quanTIseq	BS_29X4ZX6Q	-0.21095384007525453	Immune-desert
CD8 T cell	quanTIseq	BS_2A5R9MEJ	-0.21095384007525453	Immune-desert
CD8 T cell	quanTIseq	BS_2ARXK0TD	-0.21095384007525453	Lymphocyte-inflamed
CD8 T cell	quanTIseq	BS_2AV1H5TV	-0.21095384007525453	Myeloid-dominant
CD8 T cell	quanTIseq	BS_2DMBCHNF	-0.21095384007525453	Lymphocyte-inflamed
CD8 T cell	quanTIseq	BS_2EN3X6HB	-0.21095384007525453	Myeloid-dominant
CD8 T cell	quanTIseq	BS_2FEZWH1F	-0.21095384007525453	Lymphocyte-inflamed
CD8 T cell	quanTIseq	BS_2HNXVFAS	-0.21095384007525453	Myeloid-dominant
CD8 T cell	quanTIseq	BS_2JH1QMT1	-0.21095384007525453	Myeloid-dominant
CD8 T cell	quanTIseq	BS_2JP7RBMB	-0.21095384007525453	Myeloid-dominant
CD8 T cell	quanTIseq	BS_2K01T8K6	-0.21095384007525453	Lymphocyte-inflamed
CD8 T cell	quanTIseq	BS_2PDS3MSS	7.086185266718374	Lymphocyte-inflamed
CD8 T cell	quanTIseq	BS_2T5PJAW8	-0.21095384007525453	Myeloid-dominant
CD8 T cell	quanTIseq	BS_2WANPFBJ	-0.21095384007525453	Lymphocyte-inflamed
CD8 T cell	quanTIseq	BS_30F3Z9FS	-0.21095384007525453	Lymphocyte-inflamed
CD8 T cell	quanTIseq	BS_30VC3R2Q	-0.21095384007525453	Myeloid-dominant
CD8 T cell	quanTIseq	BS_30YWQ3FY	-0.21095384007525453	Lymphocyte-inflamed
CD8 T cell	quanTIseq	BS_31MBRWC4	-0.21095384007525453	Lymphocyte-inflamed
CD8 T cell	quanTIseq	BS_333KCNDP	-0.21095384007525453	Lymphocyte-inflamed
CD8 T cell	quanTIseq	BS_399RPKC9	-0.21095384007525453	Myeloid-dominant
CD8 T cell	quanTIseq	BS_3AC3SRWH	-0.21095384007525453	Immune-desert
CD8 T cell	quanTIseq	BS_3MS8WVNR	-0.21095384007525453	Immune-desert
CD8 T cell	quanTIseq	BS_3ZPJAK9A	-0.21095384007525453	Myeloid-dominant
CD8 T cell	quanTIseq	BS_45J79YTF	-0.21095384007525453	Immune-desert
CD8 T cell	quanTIseq	BS_49BQS7Z6	-0.21095384007525453	Myeloid-dominant
CD8 T cell	quanTIseq	BS_49CJNZ06	-0.21095384007525453	Myeloid-dominant
CD8 T cell	quanTIseq	BS_4B0BAVTX	-0.21095384007525453	Myeloid-dominant
CD8 T cell	quanTIseq	BS_4BM3F6XJ	-0.21095384007525453	Myeloid-dominant
CD8 T cell	quanTIseq	BS_4C6B11E4	-0.21095384007525453	Lymphocyte-inflamed
CD8 T cell	quanTIseq	BS_4GNN7J8E	-0.21095384007525453	Lymphocyte-inflamed
CD8 T cell	quanTIseq	BS_4KNBXM3C	-0.21095384007525453	Lymphocyte-inflamed
CD8 T cell	quanTIseq	BS_4Q3KRCZT	-0.21095384007525453	Lymphocyte-inflamed
CD8 T cell	quanTIseq	BS_4QW2S1Q8	-0.21095384007525453	Lymphocyte-inflamed
CD8 T cell	quanTIseq	BS_4T0HQ9QF	-0.21095384007525453	Myeloid-dominant
CD8 T cell	quanTIseq	BS_4V42BXBT	-0.21095384007525453	Myeloid-dominant
CD8 T cell	quanTIseq	BS_51RA1PGE	-0.21095384007525453	Myeloid-dominant
CD8 T cell	quanTIseq	BS_52C576HH	-0.21095384007525453	Myeloid-dominant
CD8 T cell	quanTIseq	BS_5965SFPZ	-0.21095384007525453	Immune-desert
CD8 T cell	quanTIseq	BS_5EFYPZT0	-0.21095384007525453	Myeloid-dominant
CD8 T cell	quanTIseq	BS_5G5BD2MD	-0.21095384007525453	Lymphocyte-inflamed
CD8 T cell	quanTIseq	BS_5K95FX4C	-0.21095384007525453	Lymphocyte-inflamed
CD8 T cell	quanTIseq	BS_5KBXD2GQ	-0.21095384007525453	Myeloid-dominant
CD8 T cell	quanTIseq	BS_5PXZ8F7W	0.9966920480242305	Myeloid-dominant
CD8 T cell	quanTIseq	BS_5VPM0F36	-0.21095384007525453	Lymphocyte-inflamed
CD8 T cell	quanTIseq	BS_62SW4CC5	2.4491872233684333	Lymphocyte-inflamed
CD8 T cell	quanTIseq	BS_65WPD3DA	-0.21095384007525453	Myeloid-dominant
CD8 T cell	quanTIseq	BS_68KX6A42	-0.21095384007525453	Lymphocyte-inflamed
CD8 T cell	quanTIseq	BS_6DCSD5Y6	-0.21095384007525453	Immune-desert
CD8 T cell	quanTIseq	BS_6H4Q24WA	-0.21095384007525453	Lymphocyte-inflamed
CD8 T cell	quanTIseq	BS_6M2053M0	-0.21095384007525453	Myeloid-dominant
CD8 T cell	quanTIseq	BS_6SY64H5J	-0.21095384007525453	Lymphocyte-inflamed
CD8 T cell	quanTIseq	BS_6VRG1XFB	-0.21095384007525453	Myeloid-dominant
CD8 T cell	quanTIseq	BS_6WP1FHTE	-0.21095384007525453	Lymphocyte-inflamed
CD8 T cell	quanTIseq	BS_7327SDAQ	-0.21095384007525453	Myeloid-dominant
CD8 T cell	quanTIseq	BS_75YRDXET	-0.21095384007525453	Lymphocyte-inflamed
CD8 T cell	quanTIseq	BS_77SBTNPN	-0.21095384007525453	Myeloid-dominant
CD8 T cell	quanTIseq	BS_7AEF4D4G	4.00076124593567	Lymphocyte-inflamed
CD8 T cell	quanTIseq	BS_7APCGCVF	-0.21095384007525453	Myeloid-dominant
CD8 T cell	quanTIseq	BS_7GJT4A6A	-0.21095384007525453	Immune-desert
CD8 T cell	quanTIseq	BS_7GKWKGPH	-0.21095384007525453	Lymphocyte-inflamed
CD8 T cell	quanTIseq	BS_7PVJ6Q3D	-0.21095384007525453	Immune-desert
CD8 T cell	quanTIseq	BS_7WKNNRHK	-0.21095384007525453	Myeloid-dominant
CD8 T cell	quanTIseq	BS_84VZX732	-0.21095384007525453	Myeloid-dominant
CD8 T cell	quanTIseq	BS_84XCR9GG	-0.21095384007525453	Myeloid-dominant
CD8 T cell	quanTIseq	BS_8E8JKP01	-0.21095384007525453	Immune-desert
CD8 T cell	quanTIseq	BS_8ERBDF7D	-0.21095384007525453	Immune-desert
CD8 T cell	quanTIseq	BS_8JK9TXH2	-0.21095384007525453	Myeloid-dominant
CD8 T cell	quanTIseq	BS_8VD670NP	-0.21095384007525453	Myeloid-dominant
CD8 T cell	quanTIseq	BS_8YWYN7VH	-0.21095384007525453	Lymphocyte-inflamed
CD8 T cell	quanTIseq	BS_8ZE4Z9G5	-0.21095384007525453	Myeloid-dominant
CD8 T cell	quanTIseq	BS_8ZY4GST0	-0.21095384007525453	Immune-desert
CD8 T cell	quanTIseq	BS_91VYM11A	3.8838253705359995	Myeloid-dominant
CD8 T cell	quanTIseq	BS_956G6QPJ	-0.21095384007525453	Myeloid-dominant
CD8 T cell	quanTIseq	BS_97M1E2DW	-0.21095384007525453	Immune-desert
CD8 T cell	quanTIseq	BS_9A1YTHFF	-0.21095384007525453	Lymphocyte-inflamed
CD8 T cell	quanTIseq	BS_9B0A62MT	-0.21095384007525453	Lymphocyte-inflamed
CD8 T cell	quanTIseq	BS_9CA93S6D	-0.21095384007525453	Immune-desert
CD8 T cell	quanTIseq	BS_9FHEFJNP	-0.21095384007525453	Myeloid-dominant
CD8 T cell	quanTIseq	BS_9FX3YREK	-0.21095384007525453	Immune-desert
CD8 T cell	quanTIseq	BS_9GJ3DB1H	-0.21095384007525453	Lymphocyte-inflamed
CD8 T cell	quanTIseq	BS_9JPQZQNG	-0.21095384007525453	Myeloid-dominant
CD8 T cell	quanTIseq	BS_9TXEDSWB	-0.21095384007525453	Myeloid-dominant
CD8 T cell	quanTIseq	BS_9XVACXP0	-0.21095384007525453	Myeloid-dominant
CD8 T cell	quanTIseq	BS_9Y1K14Q5	-0.21095384007525453	Myeloid-dominant
CD8 T cell	quanTIseq	BS_9ZJT0CP0	-0.21095384007525453	Myeloid-dominant
CD8 T cell	quanTIseq	BS_A4PF49V0	5.8230902143193575	Immune-desert
CD8 T cell	quanTIseq	BS_A6NXR7RC	-0.21095384007525453	Myeloid-dominant
CD8 T cell	quanTIseq	BS_A7Q8G0Y1	-0.21095384007525453	Myeloid-dominant
CD8 T cell	quanTIseq	BS_A8XW5S0W	-0.21095384007525453	Myeloid-dominant
CD8 T cell	quanTIseq	BS_AWH9757B	-0.21095384007525453	Immune-desert
CD8 T cell	quanTIseq	BS_AYSXRQWY	-0.21095384007525453	Myeloid-dominant
CD8 T cell	quanTIseq	BS_AZQM1JJH	-0.21095384007525453	Lymphocyte-inflamed
CD8 T cell	quanTIseq	BS_B1C6GZ84	-0.21095384007525453	Immune-desert
CD8 T cell	quanTIseq	BS_B3MQFFYP	-0.21095384007525453	Lymphocyte-inflamed
CD8 T cell	quanTIseq	BS_B4R7X1KE	-0.21095384007525453	Immune-desert
CD8 T cell	quanTIseq	BS_B57327NA	-0.21095384007525453	Myeloid-dominant
CD8 T cell	quanTIseq	BS_BBAEMXRD	-0.21095384007525453	Immune-desert
CD8 T cell	quanTIseq	BS_BBQ6BHGN	-0.21095384007525453	Myeloid-dominant
CD8 T cell	quanTIseq	BS_BK0HGRXM	-0.21095384007525453	Lymphocyte-inflamed
CD8 T cell	quanTIseq	BS_BMMY0H73	-0.21095384007525453	Myeloid-dominant
CD8 T cell	quanTIseq	BS_C6ZZ3FY5	-0.21095384007525453	Myeloid-dominant
CD8 T cell	quanTIseq	BS_C83TK159	-0.21095384007525453	Myeloid-dominant
CD8 T cell	quanTIseq	BS_CBDQZ8PP	-0.21095384007525453	Immune-desert
CD8 T cell	quanTIseq	BS_CF63VG3S	-0.21095384007525453	Myeloid-dominant
CD8 T cell	quanTIseq	BS_CFD3WHAY	-0.21095384007525453	Myeloid-dominant
CD8 T cell	quanTIseq	BS_CG1RG607	-0.21095384007525453	Lymphocyte-inflamed
CD8 T cell	quanTIseq	BS_CVEDJGHZ	-0.21095384007525453	Lymphocyte-inflamed
CD8 T cell	quanTIseq	BS_CXAQDK7S	-0.21095384007525453	Lymphocyte-inflamed
CD8 T cell	quanTIseq	BS_CZPQ493E	-0.21095384007525453	Myeloid-dominant
CD8 T cell	quanTIseq	BS_D29RPBSZ	-0.21095384007525453	Myeloid-dominant
CD8 T cell	quanTIseq	BS_D4VNDNQA	-0.21095384007525453	Immune-desert
CD8 T cell	quanTIseq	BS_D6J2BGDJ	-0.21095384007525453	Immune-desert
CD8 T cell	quanTIseq	BS_DFGS950G	-0.21095384007525453	Immune-desert
CD8 T cell	quanTIseq	BS_DNZVP92S	-0.21095384007525453	Myeloid-dominant
CD8 T cell	quanTIseq	BS_DR079H0D	-0.21095384007525453	Immune-desert
CD8 T cell	quanTIseq	BS_DS438CXE	-0.21095384007525453	Immune-desert
CD8 T cell	quanTIseq	BS_DSPVSM7D	-0.21095384007525453	Myeloid-dominant
CD8 T cell	quanTIseq	BS_DZNXFPH1	-0.21095384007525453	Lymphocyte-inflamed
CD8 T cell	quanTIseq	BS_E7NVYA6G	-0.21095384007525453	Lymphocyte-inflamed
CD8 T cell	quanTIseq	BS_E9CYN4NP	-0.21095384007525453	Immune-desert
CD8 T cell	quanTIseq	BS_EB0XRBT9	-0.21095384007525453	Lymphocyte-inflamed
CD8 T cell	quanTIseq	BS_EDJ5TV0P	1.4491661854745441	Immune-desert
CD8 T cell	quanTIseq	BS_EMQM7HTA	-0.21095384007525453	Myeloid-dominant
CD8 T cell	quanTIseq	BS_ENEYB4TG	-0.21095384007525453	Lymphocyte-inflamed
CD8 T cell	quanTIseq	BS_EXPJQZTH	-0.21095384007525453	Lymphocyte-inflamed
CD8 T cell	quanTIseq	BS_EZ3147MX	-0.21095384007525453	Myeloid-dominant
CD8 T cell	quanTIseq	BS_F0JB4EAK	-0.21095384007525453	Immune-desert
CD8 T cell	quanTIseq	BS_F21R36MM	-0.21095384007525453	Myeloid-dominant
CD8 T cell	quanTIseq	BS_F65GWS21	-0.21095384007525453	Myeloid-dominant
CD8 T cell	quanTIseq	BS_F6V1Y4QS	-0.21095384007525453	Myeloid-dominant
CD8 T cell	quanTIseq	BS_F9Y4Z92G	-0.21095384007525453	Immune-desert
CD8 T cell	quanTIseq	BS_FCDAH728	-0.21095384007525453	Myeloid-dominant
CD8 T cell	quanTIseq	BS_FEV5A0HN	9.475338027918106	Immune-desert
CD8 T cell	quanTIseq	BS_FGJH1X0S	-0.21095384007525453	Myeloid-dominant
CD8 T cell	quanTIseq	BS_FKASA3MN	-0.21095384007525453	Immune-desert
CD8 T cell	quanTIseq	BS_FN07P04C	-0.21095384007525453	Immune-desert
CD8 T cell	quanTIseq	BS_FX2P2WEG	4.771849703380996	Lymphocyte-inflamed
CD8 T cell	quanTIseq	BS_FXJY0MNH	-0.21095384007525453	Lymphocyte-inflamed
CD8 T cell	quanTIseq	BS_FYP2B298	-0.21095384007525453	Immune-desert
CD8 T cell	quanTIseq	BS_G19QZG4S	-0.21095384007525453	Myeloid-dominant
CD8 T cell	quanTIseq	BS_G1E5DATJ	-0.21095384007525453	Myeloid-dominant
CD8 T cell	quanTIseq	BS_G257VSS9	-0.21095384007525453	Immune-desert
CD8 T cell	quanTIseq	BS_G3NN392N	-0.21095384007525453	Myeloid-dominant
CD8 T cell	quanTIseq	BS_G3RJTBZD	-0.21095384007525453	Immune-desert
CD8 T cell	quanTIseq	BS_G5NHSFD4	-0.21095384007525453	Immune-desert
CD8 T cell	quanTIseq	BS_G8TXTX0H	2.106394575435899	Myeloid-dominant
CD8 T cell	quanTIseq	BS_GG9W3J9Y	-0.21095384007525453	Immune-desert
CD8 T cell	quanTIseq	BS_GW0GKWMS	-0.21095384007525453	Myeloid-dominant
CD8 T cell	quanTIseq	BS_GWHYM3R4	-0.21095384007525453	Myeloid-dominant
CD8 T cell	quanTIseq	BS_GWSJ4Z9H	-0.21095384007525453	Lymphocyte-inflamed
CD8 T cell	quanTIseq	BS_H5VQJR7X	-0.21095384007525453	Myeloid-dominant
CD8 T cell	quanTIseq	BS_H97S5SQN	-0.21095384007525453	Myeloid-dominant
CD8 T cell	quanTIseq	BS_H9JYKFTV	-0.21095384007525453	Myeloid-dominant
CD8 T cell	quanTIseq	BS_HDHXX8Q7	-0.21095384007525453	Myeloid-dominant
CD8 T cell	quanTIseq	BS_HDPCQETG	-0.21095384007525453	Lymphocyte-inflamed
CD8 T cell	quanTIseq	BS_HJRTC9JQ	-0.21095384007525453	Lymphocyte-inflamed
CD8 T cell	quanTIseq	BS_HJV0J603	1.2528558491316035	Lymphocyte-inflamed
CD8 T cell	quanTIseq	BS_HRJ9145M	-0.21095384007525453	Lymphocyte-inflamed
CD8 T cell	quanTIseq	BS_HWGWYCY7	1.8888312027251095	Lymphocyte-inflamed
CD8 T cell	quanTIseq	BS_HZ9AYDCQ	-0.21095384007525453	Lymphocyte-inflamed
CD8 T cell	quanTIseq	BS_J4JY2F3H	1.144973339543241	Lymphocyte-inflamed
CD8 T cell	quanTIseq	BS_J6212Y48	-0.21095384007525453	Myeloid-dominant
CD8 T cell	quanTIseq	BS_J6W1RB7A	-0.21095384007525453	Myeloid-dominant
CD8 T cell	quanTIseq	BS_J9CBGP57	-0.21095384007525453	Myeloid-dominant
CD8 T cell	quanTIseq	BS_JB43XBCQ	0.8766458227280317	Lymphocyte-inflamed
CD8 T cell	quanTIseq	BS_JDSNFYQ0	0.943854970043377	Lymphocyte-inflamed
CD8 T cell	quanTIseq	BS_JJVH7WR0	-0.21095384007525453	Immune-desert
CD8 T cell	quanTIseq	BS_JMD386Z2	-0.21095384007525453	Myeloid-dominant
CD8 T cell	quanTIseq	BS_JP95KMRD	-0.21095384007525453	Lymphocyte-inflamed
CD8 T cell	quanTIseq	BS_JQGJQ2QZ	-0.21095384007525453	Myeloid-dominant
CD8 T cell	quanTIseq	BS_JQVAWTTM	-0.21095384007525453	Myeloid-dominant
CD8 T cell	quanTIseq	BS_JQXHHK0K	-0.21095384007525453	Immune-desert
CD8 T cell	quanTIseq	BS_JRYJGYC4	-0.21095384007525453	Myeloid-dominant
CD8 T cell	quanTIseq	BS_JS95PE0J	-0.21095384007525453	Myeloid-dominant
CD8 T cell	quanTIseq	BS_JTWNJ8T7	1.2653923531926352	Immune-desert
CD8 T cell	quanTIseq	BS_JVW2JJ39	-0.21095384007525453	Immune-desert
CD8 T cell	quanTIseq	BS_K0X3PZGN	4.062897231458267	Lymphocyte-inflamed
CD8 T cell	quanTIseq	BS_K17VQECG	-0.21095384007525453	Lymphocyte-inflamed
CD8 T cell	quanTIseq	BS_K2PCC777	-0.21095384007525453	Lymphocyte-inflamed
CD8 T cell	quanTIseq	BS_K74N1BXQ	-0.21095384007525453	Myeloid-dominant
CD8 T cell	quanTIseq	BS_K81PZXP2	-0.21095384007525453	Lymphocyte-inflamed
CD8 T cell	quanTIseq	BS_K88T8SW7	-0.21095384007525453	Lymphocyte-inflamed
CD8 T cell	quanTIseq	BS_KABQQA0T	-0.21095384007525453	Immune-desert
CD8 T cell	quanTIseq	BS_KBEX4RT2	-0.21095384007525453	Myeloid-dominant
CD8 T cell	quanTIseq	BS_KFD5128N	-0.21095384007525453	Myeloid-dominant
CD8 T cell	quanTIseq	BS_KKDTW11T	-0.21095384007525453	Immune-desert
CD8 T cell	quanTIseq	BS_KP735TJ6	-0.21095384007525453	Immune-desert
CD8 T cell	quanTIseq	BS_KQ6ZW085	-0.21095384007525453	Myeloid-dominant
CD8 T cell	quanTIseq	BS_KRS4EV4X	-0.21095384007525453	Myeloid-dominant
CD8 T cell	quanTIseq	BS_KS8HMGA6	-0.21095384007525453	Lymphocyte-inflamed
CD8 T cell	quanTIseq	BS_KVPWHDR4	-0.21095384007525453	Myeloid-dominant
CD8 T cell	quanTIseq	BS_M0FA190Y	-0.21095384007525453	Myeloid-dominant
CD8 T cell	quanTIseq	BS_M0XGZ53Z	-0.21095384007525453	Immune-desert
CD8 T cell	quanTIseq	BS_M1PVEHCM	-0.21095384007525453	Immune-desert
CD8 T cell	quanTIseq	BS_M54TWTH4	-0.21095384007525453	Myeloid-dominant
CD8 T cell	quanTIseq	BS_M7XB258E	-0.21095384007525453	Lymphocyte-inflamed
CD8 T cell	quanTIseq	BS_M85CXHDV	-0.21095384007525453	Lymphocyte-inflamed
CD8 T cell	quanTIseq	BS_MB7WN0ZB	-0.21095384007525453	Myeloid-dominant
CD8 T cell	quanTIseq	BS_MD0937XT	-0.21095384007525453	Immune-desert
CD8 T cell	quanTIseq	BS_MDBT7S5Z	-0.21095384007525453	Immune-desert
CD8 T cell	quanTIseq	BS_ME6VQGG4	-0.21095384007525453	Myeloid-dominant
CD8 T cell	quanTIseq	BS_MFGZH8FK	-0.21095384007525453	Myeloid-dominant
CD8 T cell	quanTIseq	BS_MG78HQDM	-0.21095384007525453	Immune-desert
CD8 T cell	quanTIseq	BS_MWWZBQ60	-0.21095384007525453	Myeloid-dominant
CD8 T cell	quanTIseq	BS_N6TQBQ8M	-0.21095384007525453	Myeloid-dominant
CD8 T cell	quanTIseq	BS_N7SW36FD	-0.21095384007525453	Lymphocyte-inflamed
CD8 T cell	quanTIseq	BS_N7VQ1GQB	-0.21095384007525453	Lymphocyte-inflamed
CD8 T cell	quanTIseq	BS_NB9XXBW6	-0.21095384007525453	Myeloid-dominant
CD8 T cell	quanTIseq	BS_NEFAASTR	-0.21095384007525453	Lymphocyte-inflamed
CD8 T cell	quanTIseq	BS_NEVYM2FP	-0.21095384007525453	Myeloid-dominant
CD8 T cell	quanTIseq	BS_NFKKDYSV	-0.14844098636987813	Lymphocyte-inflamed
CD8 T cell	quanTIseq	BS_NGSG2KB6	-0.21095384007525453	Lymphocyte-inflamed
CD8 T cell	quanTIseq	BS_NNYXMSTX	-0.21095384007525453	Lymphocyte-inflamed
CD8 T cell	quanTIseq	BS_NPA6CZQF	-0.21095384007525453	Immune-desert
CD8 T cell	quanTIseq	BS_NQ54ST98	0.7445074529640406	Lymphocyte-inflamed
CD8 T cell	quanTIseq	BS_NR3P3GN2	-0.21095384007525453	Myeloid-dominant
CD8 T cell	quanTIseq	BS_NX1R0BC3	-0.21095384007525453	Lymphocyte-inflamed
CD8 T cell	quanTIseq	BS_P0QF87WC	-0.21095384007525453	Myeloid-dominant
CD8 T cell	quanTIseq	BS_P4PMWFMV	-0.21095384007525453	Myeloid-dominant
CD8 T cell	quanTIseq	BS_P7W3AYKV	-0.004207383976620613	Myeloid-dominant
CD8 T cell	quanTIseq	BS_PENM28KT	-0.21095384007525453	Myeloid-dominant
CD8 T cell	quanTIseq	BS_PJC6FH4Y	-0.21095384007525453	Lymphocyte-inflamed
CD8 T cell	quanTIseq	BS_PS0P3QJ3	-0.21095384007525453	Myeloid-dominant
CD8 T cell	quanTIseq	BS_PXCPK5XS	-0.21095384007525453	Myeloid-dominant
CD8 T cell	quanTIseq	BS_PZVHMSYN	-0.21095384007525453	Myeloid-dominant
CD8 T cell	quanTIseq	BS_Q06J3RYW	-0.21095384007525453	Lymphocyte-inflamed
CD8 T cell	quanTIseq	BS_Q35GFYDR	-0.21095384007525453	Myeloid-dominant
CD8 T cell	quanTIseq	BS_Q9N5PRD5	-0.1419050543172413	Myeloid-dominant
CD8 T cell	quanTIseq	BS_QB84TBA3	-0.21095384007525453	Immune-desert
CD8 T cell	quanTIseq	BS_QGKEP3KB	-0.21095384007525453	Lymphocyte-inflamed
CD8 T cell	quanTIseq	BS_QH0VYVJK	-0.21095384007525453	Myeloid-dominant
CD8 T cell	quanTIseq	BS_QHY302E8	-0.21095384007525453	Lymphocyte-inflamed
CD8 T cell	quanTIseq	BS_QMBS32Y2	-0.21095384007525453	Myeloid-dominant
CD8 T cell	quanTIseq	BS_QNNX91SM	-0.21095384007525453	Myeloid-dominant
CD8 T cell	quanTIseq	BS_QY2G1JZJ	-0.21095384007525453	Myeloid-dominant
CD8 T cell	quanTIseq	BS_QYA4TQXX	-0.21095384007525453	Immune-desert
CD8 T cell	quanTIseq	BS_R5JQE0VJ	-0.21095384007525453	Myeloid-dominant
CD8 T cell	quanTIseq	BS_R5SNFB5B	-0.21095384007525453	Immune-desert
CD8 T cell	quanTIseq	BS_R9B92M75	-0.21095384007525453	Myeloid-dominant
CD8 T cell	quanTIseq	BS_RHAWQJ48	-0.21095384007525453	Lymphocyte-inflamed
CD8 T cell	quanTIseq	BS_RHM60031	-0.21095384007525453	Myeloid-dominant
CD8 T cell	quanTIseq	BS_RJC3WDD6	-0.21095384007525453	Immune-desert
CD8 T cell	quanTIseq	BS_RN0VAY51	-0.21095384007525453	Myeloid-dominant
CD8 T cell	quanTIseq	BS_RX1YTZ7F	-0.21095384007525453	Myeloid-dominant
CD8 T cell	quanTIseq	BS_RZBFH1QF	-0.21095384007525453	Immune-desert
CD8 T cell	quanTIseq	BS_S2TA8R29	-0.21095384007525453	Myeloid-dominant
CD8 T cell	quanTIseq	BS_S3C2PZAH	-0.21095384007525453	Myeloid-dominant
CD8 T cell	quanTIseq	BS_S3MET0JZ	-0.21095384007525453	Myeloid-dominant
CD8 T cell	quanTIseq	BS_S4V9E1XJ	-0.21095384007525453	Lymphocyte-inflamed
CD8 T cell	quanTIseq	BS_S5P8VTN5	-0.21095384007525453	Myeloid-dominant
CD8 T cell	quanTIseq	BS_S6B9DVNS	-0.21095384007525453	Immune-desert
CD8 T cell	quanTIseq	BS_S6S7SK3P	-0.21095384007525453	Immune-desert
CD8 T cell	quanTIseq	BS_S8K878T3	-0.21095384007525453	Lymphocyte-inflamed
CD8 T cell	quanTIseq	BS_SBMAM00V	-0.21095384007525453	Myeloid-dominant
CD8 T cell	quanTIseq	BS_SBMCD7XZ	-0.21095384007525453	Myeloid-dominant
CD8 T cell	quanTIseq	BS_SD0EMK7Y	-0.21095384007525453	Lymphocyte-inflamed
CD8 T cell	quanTIseq	BS_SD8YBRBR	-0.21095384007525453	Immune-desert
CD8 T cell	quanTIseq	BS_SERDGASJ	-0.21095384007525453	Lymphocyte-inflamed
CD8 T cell	quanTIseq	BS_SJVTZ5TH	-0.21095384007525453	Myeloid-dominant
CD8 T cell	quanTIseq	BS_SMWQR2F1	-0.14758317082487274	Myeloid-dominant
CD8 T cell	quanTIseq	BS_SNVM7CZT	-0.21095384007525453	Myeloid-dominant
CD8 T cell	quanTIseq	BS_SR2RGDXJ	-0.21095384007525453	Myeloid-dominant
CD8 T cell	quanTIseq	BS_SW9Z10F9	-0.21095384007525453	Lymphocyte-inflamed
CD8 T cell	quanTIseq	BS_SY3J3XR9	-0.21095384007525453	Immune-desert
CD8 T cell	quanTIseq	BS_T1YHK6B7	-0.21095384007525453	Myeloid-dominant
CD8 T cell	quanTIseq	BS_T2F48Z4E	0.11396154540317109	Lymphocyte-inflamed
CD8 T cell	quanTIseq	BS_T9A8JJW5	-0.21095384007525453	Myeloid-dominant
CD8 T cell	quanTIseq	BS_TASG32Z2	0.36551365743950426	Myeloid-dominant
CD8 T cell	quanTIseq	BS_TGS109T3	-0.21095384007525453	Immune-desert
CD8 T cell	quanTIseq	BS_TM9MH0RP	-0.21095384007525453	Myeloid-dominant
CD8 T cell	quanTIseq	BS_TR2P8KRF	-0.21095384007525453	Myeloid-dominant
CD8 T cell	quanTIseq	BS_TRKH2SPE	-0.21095384007525453	Myeloid-dominant
CD8 T cell	quanTIseq	BS_TRPXB3AV	-0.21095384007525453	Myeloid-dominant
CD8 T cell	quanTIseq	BS_TTDNZTZ0	-0.21095384007525453	Lymphocyte-inflamed
CD8 T cell	quanTIseq	BS_TTE04ZP8	-0.21095384007525453	Lymphocyte-inflamed
CD8 T cell	quanTIseq	BS_TV5B86ZD	-0.1787108635571608	Immune-desert
CD8 T cell	quanTIseq	BS_TVH33J9Q	-0.21095384007525453	Myeloid-dominant
CD8 T cell	quanTIseq	BS_TXZ7KHTQ	-0.21095384007525453	Myeloid-dominant
CD8 T cell	quanTIseq	BS_V0DQFC75	-0.21095384007525453	Myeloid-dominant
CD8 T cell	quanTIseq	BS_V3Z3DB4N	-0.21095384007525453	Immune-desert
CD8 T cell	quanTIseq	BS_V558NW3Q	-0.21095384007525453	Lymphocyte-inflamed
CD8 T cell	quanTIseq	BS_V6RSB5HQ	-0.21095384007525453	Myeloid-dominant
CD8 T cell	quanTIseq	BS_V8QWBVS3	7.180521891550071	Lymphocyte-inflamed
CD8 T cell	quanTIseq	BS_VBMRQK4F	-0.21095384007525453	Myeloid-dominant
CD8 T cell	quanTIseq	BS_VDFXXMEX	-0.21095384007525453	Immune-desert
CD8 T cell	quanTIseq	BS_VF3NVT4G	-0.21095384007525453	Lymphocyte-inflamed
CD8 T cell	quanTIseq	BS_VKH87DD2	-0.21095384007525453	Lymphocyte-inflamed
CD8 T cell	quanTIseq	BS_VKHJG2B8	-0.21095384007525453	Myeloid-dominant
CD8 T cell	quanTIseq	BS_VKYEM67A	-0.21095384007525453	Lymphocyte-inflamed
CD8 T cell	quanTIseq	BS_VMQMGSJY	-0.21095384007525453	Lymphocyte-inflamed
CD8 T cell	quanTIseq	BS_VVTHDRBD	-0.21095384007525453	Myeloid-dominant
CD8 T cell	quanTIseq	BS_W1385R8Y	2.8340160163744175	Immune-desert
CD8 T cell	quanTIseq	BS_W4DB5RP1	-0.21095384007525453	Immune-desert
CD8 T cell	quanTIseq	BS_W7MFJZ5A	-0.21095384007525453	Lymphocyte-inflamed
CD8 T cell	quanTIseq	BS_WBVSK3MP	-0.21095384007525453	Immune-desert
CD8 T cell	quanTIseq	BS_WEKK6SHP	-0.21095384007525453	Myeloid-dominant
CD8 T cell	quanTIseq	BS_WHBEXD5H	-0.21095384007525453	Lymphocyte-inflamed
CD8 T cell	quanTIseq	BS_WQ1YRTAT	-0.21095384007525453	Immune-desert
CD8 T cell	quanTIseq	BS_WTJEDTZC	-0.21095384007525453	Myeloid-dominant
CD8 T cell	quanTIseq	BS_WVRX4C9Z	-0.21095384007525453	Lymphocyte-inflamed
CD8 T cell	quanTIseq	BS_X0XXN9BK	-0.21095384007525453	Lymphocyte-inflamed
CD8 T cell	quanTIseq	BS_X1G0TKP4	-0.21095384007525453	Myeloid-dominant
CD8 T cell	quanTIseq	BS_X20JCR4H	-0.21095384007525453	Lymphocyte-inflamed
CD8 T cell	quanTIseq	BS_X23724NJ	-0.21095384007525453	Myeloid-dominant
CD8 T cell	quanTIseq	BS_X3HR4Z21	-0.21095384007525453	Myeloid-dominant
CD8 T cell	quanTIseq	BS_X4DD4KSZ	-0.21095384007525453	Lymphocyte-inflamed
CD8 T cell	quanTIseq	BS_X4X1SFSE	-0.21095384007525453	Immune-desert
CD8 T cell	quanTIseq	BS_XG0DBWVT	-0.21095384007525453	Immune-desert
CD8 T cell	quanTIseq	BS_XGDPK33A	-0.21095384007525453	Myeloid-dominant
CD8 T cell	quanTIseq	BS_XM1AHBDJ	-0.21095384007525453	Immune-desert
CD8 T cell	quanTIseq	BS_XQ5SFW35	-0.21095384007525453	Myeloid-dominant
CD8 T cell	quanTIseq	BS_XQXXBWPD	-0.21095384007525453	Lymphocyte-inflamed
CD8 T cell	quanTIseq	BS_XYVCMF4A	-0.21095384007525453	Myeloid-dominant
CD8 T cell	quanTIseq	BS_XZM79E42	-0.21095384007525453	Lymphocyte-inflamed
CD8 T cell	quanTIseq	BS_YA0KMBRT	-0.21095384007525453	Myeloid-dominant
CD8 T cell	quanTIseq	BS_YDEVMD24	-0.21095384007525453	Myeloid-dominant
CD8 T cell	quanTIseq	BS_YMKQT5V0	-0.21095384007525453	Lymphocyte-inflamed
CD8 T cell	quanTIseq	BS_YR12D1ZY	-0.21095384007525453	Lymphocyte-inflamed
CD8 T cell	quanTIseq	BS_YSZRQ95C	-0.21095384007525453	Myeloid-dominant
CD8 T cell	quanTIseq	BS_YTWEM5SG	-0.21095384007525453	Lymphocyte-inflamed
CD8 T cell	quanTIseq	BS_YZ2QFDAN	-0.21095384007525453	Myeloid-dominant
CD8 T cell	quanTIseq	BS_Z0ZPD9S9	-0.21095384007525453	Lymphocyte-inflamed
CD8 T cell	quanTIseq	BS_Z3RCA1T9	-0.21095384007525453	Myeloid-dominant
CD8 T cell	quanTIseq	BS_Z8F3GM85	-0.21095384007525453	Lymphocyte-inflamed
CD8 T cell	quanTIseq	BS_ZD5HN296	-0.21095384007525453	Lymphocyte-inflamed
CD8 T cell	quanTIseq	BS_ZF6BSFNF	-0.21095384007525453	Myeloid-dominant
CD8 T cell	quanTIseq	BS_ZM97KKXE	0.9808031285193461	Lymphocyte-inflamed
CD8 T cell	quanTIseq	BS_ZV1P6W9C	-0.21095384007525453	Immune-desert
CD8 T cell	quanTIseq	BS_ZVM8CAB0	-0.21095384007525453	Lymphocyte-inflamed
CD8 T cell	quanTIseq	BS_ZZWMD6FA	-0.21095384007525453	Lymphocyte-inflamed
CD8 T cell	MCP	BS_00FD2KMP	-0.6551512595086885	Immune-desert
CD8 T cell	MCP	BS_028YFYJ6	-0.16294575914391463	Myeloid-dominant
CD8 T cell	MCP	BS_052PZFMK	-0.7071656136482046	Immune-desert
CD8 T cell	MCP	BS_056Q8577	-0.7335603296131036	Lymphocyte-inflamed
CD8 T cell	MCP	BS_08ST21QE	-0.6041372436739136	Lymphocyte-inflamed
CD8 T cell	MCP	BS_0C7VZC0A	-0.6041372436739136	Myeloid-dominant
CD8 T cell	MCP	BS_0S8E7590	-0.5540858141032307	Lymphocyte-inflamed
CD8 T cell	MCP	BS_0VXZCRJS	-0.3170847956426923	Myeloid-dominant
CD8 T cell	MCP	BS_0XEBS3PG	-0.4329393247948189	Immune-desert
CD8 T cell	MCP	BS_0ZA67BBC	0.3771304125576189	Myeloid-dominant
CD8 T cell	MCP	BS_12G04QJM	-0.6295216198558264	Myeloid-dominant
CD8 T cell	MCP	BS_17ZSMXFH	-0.7071656136482046	Immune-desert
CD8 T cell	MCP	BS_1A6MQ9ZA	-0.7335603296131036	Myeloid-dominant
CD8 T cell	MCP	BS_1D93Z575	0.23370915657135244	Myeloid-dominant
CD8 T cell	MCP	BS_1EN5V3XW	-0.7071656136482046	Immune-desert
CD8 T cell	MCP	BS_223BM91B	3.4329446855423478	Lymphocyte-inflamed
CD8 T cell	MCP	BS_25HNKZ79	-0.09953284933884751	Lymphocyte-inflamed
CD8 T cell	MCP	BS_2853394H	-0.4329393247948189	Immune-desert
CD8 T cell	MCP	BS_297H8BT4	-0.7071656136482046	Myeloid-dominant
CD8 T cell	MCP	BS_29X4ZX6Q	-0.4093600844894156	Immune-desert
CD8 T cell	MCP	BS_2A5R9MEJ	-0.6810309483739863	Immune-desert
CD8 T cell	MCP	BS_2ARXK0TD	0.2702979720859064	Lymphocyte-inflamed
CD8 T cell	MCP	BS_2AV1H5TV	-0.7335603296131036	Myeloid-dominant
CD8 T cell	MCP	BS_2DMBCHNF	-0.09953284933884751	Lymphocyte-inflamed
CD8 T cell	MCP	BS_2EN3X6HB	-0.1844248001277655	Myeloid-dominant
CD8 T cell	MCP	BS_2FEZWH1F	1.2471392651228248	Lymphocyte-inflamed
CD8 T cell	MCP	BS_2HNXVFAS	0.30638896512210156	Myeloid-dominant
CD8 T cell	MCP	BS_2JH1QMT1	-0.6810309483739863	Myeloid-dominant
CD8 T cell	MCP	BS_2JP7RBMB	0.04278886380549554	Myeloid-dominant
CD8 T cell	MCP	BS_2K01T8K6	-0.22791179156521954	Lymphocyte-inflamed
CD8 T cell	MCP	BS_2PDS3MSS	5.682102076902229	Lymphocyte-inflamed
CD8 T cell	MCP	BS_2T5PJAW8	0.34199550065203416	Myeloid-dominant
CD8 T cell	MCP	BS_2WANPFBJ	-0.6295216198558264	Lymphocyte-inflamed
CD8 T cell	MCP	BS_30F3Z9FS	-0.5049613163383142	Lymphocyte-inflamed
CD8 T cell	MCP	BS_30VC3R2Q	-0.5294098494806522	Myeloid-dominant
CD8 T cell	MCP	BS_30YWQ3FY	-0.7071656136482046	Lymphocyte-inflamed
CD8 T cell	MCP	BS_31MBRWC4	0.10152145644949284	Lymphocyte-inflamed
CD8 T cell	MCP	BS_333KCNDP	0.17786189238790576	Lymphocyte-inflamed
CD8 T cell	MCP	BS_399RPKC9	-0.45673004092990305	Myeloid-dominant
CD8 T cell	MCP	BS_3AC3SRWH	-0.7335603296131036	Immune-desert
CD8 T cell	MCP	BS_3MS8WVNR	-0.7335603296131036	Immune-desert
CD8 T cell	MCP	BS_3ZPJAK9A	-0.7335603296131036	Myeloid-dominant
CD8 T cell	MCP	BS_45J79YTF	-0.29450893964707675	Immune-desert
CD8 T cell	MCP	BS_49BQS7Z6	-0.7071656136482046	Myeloid-dominant
CD8 T cell	MCP	BS_49CJNZ06	-0.3170847956426923	Myeloid-dominant
CD8 T cell	MCP	BS_4B0BAVTX	-0.4093600844894156	Myeloid-dominant
CD8 T cell	MCP	BS_4BM3F6XJ	-0.4329393247948189	Myeloid-dominant
CD8 T cell	MCP	BS_4C6B11E4	0.0820880576780185	Lymphocyte-inflamed
CD8 T cell	MCP	BS_4GNN7J8E	-0.7071656136482046	Lymphocyte-inflamed
CD8 T cell	MCP	BS_4KNBXM3C	-0.45673004092990305	Lymphocyte-inflamed
CD8 T cell	MCP	BS_4Q3KRCZT	-0.7335603296131036	Lymphocyte-inflamed
CD8 T cell	MCP	BS_4QW2S1Q8	-0.22791179156521954	Lymphocyte-inflamed
CD8 T cell	MCP	BS_4T0HQ9QF	-0.16294575914391463	Myeloid-dominant
CD8 T cell	MCP	BS_4V42BXBT	-0.3170847956426923	Myeloid-dominant
CD8 T cell	MCP	BS_51RA1PGE	-0.6551512595086885	Myeloid-dominant
CD8 T cell	MCP	BS_52C576HH	-0.6295216198558264	Myeloid-dominant
CD8 T cell	MCP	BS_5965SFPZ	-0.6295216198558264	Immune-desert
CD8 T cell	MCP	BS_5EFYPZT0	-0.20607918216123092	Myeloid-dominant
CD8 T cell	MCP	BS_5G5BD2MD	0.5131934195311291	Lymphocyte-inflamed
CD8 T cell	MCP	BS_5K95FX4C	0.0625112376922576	Lymphocyte-inflamed
CD8 T cell	MCP	BS_5KBXD2GQ	-0.14163924244019374	Myeloid-dominant
CD8 T cell	MCP	BS_5PXZ8F7W	2.441520775711442	Myeloid-dominant
CD8 T cell	MCP	BS_5VPM0F36	0.969051499730529	Lymphocyte-inflamed
CD8 T cell	MCP	BS_62SW4CC5	0.7204123176669824	Lymphocyte-inflamed
CD8 T cell	MCP	BS_65WPD3DA	-0.7335603296131036	Myeloid-dominant
CD8 T cell	MCP	BS_68KX6A42	1.5441658966700715	Lymphocyte-inflamed
CD8 T cell	MCP	BS_6DCSD5Y6	-0.7335603296131036	Immune-desert
CD8 T cell	MCP	BS_6H4Q24WA	-0.16294575914391463	Lymphocyte-inflamed
CD8 T cell	MCP	BS_6M2053M0	0.0820880576780185	Myeloid-dominant
CD8 T cell	MCP	BS_6SY64H5J	-0.5540858141032307	Lymphocyte-inflamed
CD8 T cell	MCP	BS_6VRG1XFB	0.4629840896021636	Myeloid-dominant
CD8 T cell	MCP	BS_6WP1FHTE	-0.2499255865208756	Lymphocyte-inflamed
CD8 T cell	MCP	BS_7327SDAQ	-0.6551512595086885	Myeloid-dominant
CD8 T cell	MCP	BS_75YRDXET	0.04278886380549554	Lymphocyte-inflamed
CD8 T cell	MCP	BS_77SBTNPN	-0.6810309483739863	Myeloid-dominant
CD8 T cell	MCP	BS_7AEF4D4G	3.7643094434688726	Lymphocyte-inflamed
CD8 T cell	MCP	BS_7APCGCVF	-0.6041372436739136	Myeloid-dominant
CD8 T cell	MCP	BS_7GJT4A6A	-0.5789934813130341	Immune-desert
CD8 T cell	MCP	BS_7GKWKGPH	0.7204123176669824	Lymphocyte-inflamed
CD8 T cell	MCP	BS_7PVJ6Q3D	-0.12050250058168567	Immune-desert
CD8 T cell	MCP	BS_7WKNNRHK	-0.7071656136482046	Myeloid-dominant
CD8 T cell	MCP	BS_84VZX732	0.9268334138748705	Myeloid-dominant
CD8 T cell	MCP	BS_84XCR9GG	-0.7071656136482046	Myeloid-dominant
CD8 T cell	MCP	BS_8E8JKP01	-0.7335603296131036	Immune-desert
CD8 T cell	MCP	BS_8ERBDF7D	-0.4329393247948189	Immune-desert
CD8 T cell	MCP	BS_8JK9TXH2	2.821651024548783	Myeloid-dominant
CD8 T cell	MCP	BS_8VD670NP	-0.5789934813130341	Myeloid-dominant
CD8 T cell	MCP	BS_8YWYN7VH	-0.7071656136482046	Lymphocyte-inflamed
CD8 T cell	MCP	BS_8ZE4Z9G5	-0.7335603296131036	Myeloid-dominant
CD8 T cell	MCP	BS_8ZY4GST0	0.9126100711212232	Immune-desert
CD8 T cell	MCP	BS_91VYM11A	4.782464179338324	Myeloid-dominant
CD8 T cell	MCP	BS_956G6QPJ	-0.6295216198558264	Myeloid-dominant
CD8 T cell	MCP	BS_97M1E2DW	-0.5789934813130341	Immune-desert
CD8 T cell	MCP	BS_9A1YTHFF	-0.45673004092990305	Lymphocyte-inflamed
CD8 T cell	MCP	BS_9B0A62MT	-0.7335603296131036	Lymphocyte-inflamed
CD8 T cell	MCP	BS_9CA93S6D	-0.12050250058168567	Immune-desert
CD8 T cell	MCP	BS_9FHEFJNP	-0.7335603296131036	Myeloid-dominant
CD8 T cell	MCP	BS_9FX3YREK	-0.6295216198558264	Immune-desert
CD8 T cell	MCP	BS_9GJ3DB1H	-0.037600532682915695	Lymphocyte-inflamed
CD8 T cell	MCP	BS_9JPQZQNG	-0.5049613163383142	Myeloid-dominant
CD8 T cell	MCP	BS_9TXEDSWB	-0.6295216198558264	Myeloid-dominant
CD8 T cell	MCP	BS_9XVACXP0	-0.7335603296131036	Myeloid-dominant
CD8 T cell	MCP	BS_9Y1K14Q5	-0.7335603296131036	Myeloid-dominant
CD8 T cell	MCP	BS_9ZJT0CP0	-0.33985443817951766	Myeloid-dominant
CD8 T cell	MCP	BS_A4PF49V0	4.2721694423102585	Immune-desert
CD8 T cell	MCP	BS_A6NXR7RC	-0.38598859349438563	Myeloid-dominant
CD8 T cell	MCP	BS_A7Q8G0Y1	-0.6810309483739863	Myeloid-dominant
CD8 T cell	MCP	BS_A8XW5S0W	-0.29450893964707675	Myeloid-dominant
CD8 T cell	MCP	BS_AWH9757B	-0.7071656136482046	Immune-desert
CD8 T cell	MCP	BS_AYSXRQWY	0.44603421040931235	Myeloid-dominant
CD8 T cell	MCP	BS_AZQM1JJH	-0.09953284933884751	Lymphocyte-inflamed
CD8 T cell	MCP	BS_B1C6GZ84	-0.45673004092990305	Immune-desert
CD8 T cell	MCP	BS_B3MQFFYP	2.081578619314953	Lymphocyte-inflamed
CD8 T cell	MCP	BS_B4R7X1KE	-0.6810309483739863	Immune-desert
CD8 T cell	MCP	BS_B57327NA	-0.16294575914391463	Myeloid-dominant
CD8 T cell	MCP	BS_BBAEMXRD	-0.6041372436739136	Immune-desert
CD8 T cell	MCP	BS_BBQ6BHGN	2.2245167413288143	Myeloid-dominant
CD8 T cell	MCP	BS_BK0HGRXM	-0.20607918216123092	Lymphocyte-inflamed
CD8 T cell	MCP	BS_BMMY0H73	-0.4093600844894156	Myeloid-dominant
CD8 T cell	MCP	BS_C6ZZ3FY5	-0.7335603296131036	Myeloid-dominant
CD8 T cell	MCP	BS_C83TK159	2.465454595834278	Myeloid-dominant
CD8 T cell	MCP	BS_CBDQZ8PP	-0.6295216198558264	Immune-desert
CD8 T cell	MCP	BS_CF63VG3S	-0.4093600844894156	Myeloid-dominant
CD8 T cell	MCP	BS_CFD3WHAY	-0.7071656136482046	Myeloid-dominant
CD8 T cell	MCP	BS_CG1RG607	-0.7071656136482046	Lymphocyte-inflamed
CD8 T cell	MCP	BS_CVEDJGHZ	1.2471392651228248	Lymphocyte-inflamed
CD8 T cell	MCP	BS_CXAQDK7S	2.180670336969184	Lymphocyte-inflamed
CD8 T cell	MCP	BS_CZPQ493E	0.002898682503066499	Myeloid-dominant
CD8 T cell	MCP	BS_D29RPBSZ	-0.5049613163383142	Myeloid-dominant
CD8 T cell	MCP	BS_D4VNDNQA	-0.4329393247948189	Immune-desert
CD8 T cell	MCP	BS_D6J2BGDJ	-0.14163924244019374	Immune-desert
CD8 T cell	MCP	BS_DFGS950G	-0.7335603296131036	Immune-desert
CD8 T cell	MCP	BS_DNZVP92S	-0.7335603296131036	Myeloid-dominant
CD8 T cell	MCP	BS_DR079H0D	-0.7335603296131036	Immune-desert
CD8 T cell	MCP	BS_DS438CXE	-0.7335603296131036	Immune-desert
CD8 T cell	MCP	BS_DSPVSM7D	0.022918755404580913	Myeloid-dominant
CD8 T cell	MCP	BS_DZNXFPH1	-0.5540858141032307	Lymphocyte-inflamed
CD8 T cell	MCP	BS_E7NVYA6G	-0.4329393247948189	Lymphocyte-inflamed
CD8 T cell	MCP	BS_E9CYN4NP	-0.7071656136482046	Immune-desert
CD8 T cell	MCP	BS_EB0XRBT9	-0.45673004092990305	Lymphocyte-inflamed
CD8 T cell	MCP	BS_EDJ5TV0P	0.840326386974728	Immune-desert
CD8 T cell	MCP	BS_EMQM7HTA	-0.4329393247948189	Myeloid-dominant
CD8 T cell	MCP	BS_ENEYB4TG	-0.16294575914391463	Lymphocyte-inflamed
CD8 T cell	MCP	BS_EXPJQZTH	-0.45673004092990305	Lymphocyte-inflamed
CD8 T cell	MCP	BS_EZ3147MX	0.10152145644949284	Myeloid-dominant
CD8 T cell	MCP	BS_F0JB4EAK	0.42897532802899513	Immune-desert
CD8 T cell	MCP	BS_F21R36MM	-0.6041372436739136	Myeloid-dominant
CD8 T cell	MCP	BS_F65GWS21	-0.33985443817951766	Myeloid-dominant
CD8 T cell	MCP	BS_F6V1Y4QS	-0.7335603296131036	Myeloid-dominant
CD8 T cell	MCP	BS_F9Y4Z92G	-0.29450893964707675	Immune-desert
CD8 T cell	MCP	BS_FCDAH728	0.4629840896021636	Myeloid-dominant
CD8 T cell	MCP	BS_FEV5A0HN	1.183523576808447	Immune-desert
CD8 T cell	MCP	BS_FGJH1X0S	-0.5294098494806522	Myeloid-dominant
CD8 T cell	MCP	BS_FKASA3MN	-0.6551512595086885	Immune-desert
CD8 T cell	MCP	BS_FN07P04C	0.610847897402499	Immune-desert
CD8 T cell	MCP	BS_FX2P2WEG	2.2158052488747595	Lymphocyte-inflamed
CD8 T cell	MCP	BS_FXJY0MNH	2.3185011861061975	Lymphocyte-inflamed
CD8 T cell	MCP	BS_FYP2B298	-0.7335603296131036	Immune-desert
CD8 T cell	MCP	BS_G19QZG4S	-0.22791179156521954	Myeloid-dominant
CD8 T cell	MCP	BS_G1E5DATJ	-0.7335603296131036	Myeloid-dominant
CD8 T cell	MCP	BS_G257VSS9	-0.7335603296131036	Immune-desert
CD8 T cell	MCP	BS_G3NN392N	-0.33985443817951766	Myeloid-dominant
CD8 T cell	MCP	BS_G3RJTBZD	-0.1844248001277655	Immune-desert
CD8 T cell	MCP	BS_G5NHSFD4	-0.6551512595086885	Immune-desert
CD8 T cell	MCP	BS_G8TXTX0H	-0.6810309483739863	Myeloid-dominant
CD8 T cell	MCP	BS_GG9W3J9Y	-0.6041372436739136	Immune-desert
CD8 T cell	MCP	BS_GW0GKWMS	-0.6810309483739863	Myeloid-dominant
CD8 T cell	MCP	BS_GWHYM3R4	-0.7335603296131036	Myeloid-dominant
CD8 T cell	MCP	BS_GWSJ4Z9H	2.0446073299956686	Lymphocyte-inflamed
CD8 T cell	MCP	BS_H5VQJR7X	1.4873618616671656	Myeloid-dominant
CD8 T cell	MCP	BS_H97S5SQN	1.2091532164613208	Myeloid-dominant
CD8 T cell	MCP	BS_H9JYKFTV	-0.7071656136482046	Myeloid-dominant
CD8 T cell	MCP	BS_HDHXX8Q7	0.5461459807844857	Myeloid-dominant
CD8 T cell	MCP	BS_HDPCQETG	0.19660859280245205	Lymphocyte-inflamed
CD8 T cell	MCP	BS_HJRTC9JQ	-0.12050250058168567	Lymphocyte-inflamed
CD8 T cell	MCP	BS_HJV0J603	2.821651024548783	Lymphocyte-inflamed
CD8 T cell	MCP	BS_HRJ9145M	-0.38598859349438563	Lymphocyte-inflamed
CD8 T cell	MCP	BS_HWGWYCY7	1.4758536133861386	Lymphocyte-inflamed
CD8 T cell	MCP	BS_HZ9AYDCQ	-0.7335603296131036	Lymphocyte-inflamed
CD8 T cell	MCP	BS_J4JY2F3H	1.2091532164613208	Lymphocyte-inflamed
CD8 T cell	MCP	BS_J6212Y48	0.23370915657135244	Myeloid-dominant
CD8 T cell	MCP	BS_J6W1RB7A	-0.6041372436739136	Myeloid-dominant
CD8 T cell	MCP	BS_J9CBGP57	0.10152145644949284	Myeloid-dominant
CD8 T cell	MCP	BS_JB43XBCQ	2.8007364846562557	Lymphocyte-inflamed
CD8 T cell	MCP	BS_JDSNFYQ0	2.072383992888499	Lymphocyte-inflamed
CD8 T cell	MCP	BS_JJVH7WR0	-0.7071656136482046	Immune-desert
CD8 T cell	MCP	BS_JMD386Z2	-0.27212359947501963	Myeloid-dominant
CD8 T cell	MCP	BS_JP95KMRD	-0.27212359947501963	Lymphocyte-inflamed
CD8 T cell	MCP	BS_JQGJQ2QZ	-0.7335603296131036	Myeloid-dominant
CD8 T cell	MCP	BS_JQVAWTTM	-0.20607918216123092	Myeloid-dominant
CD8 T cell	MCP	BS_JQXHHK0K	-0.6041372436739136	Immune-desert
CD8 T cell	MCP	BS_JRYJGYC4	-0.36282122293100394	Myeloid-dominant
CD8 T cell	MCP	BS_JS95PE0J	-0.01727363576068231	Myeloid-dominant
CD8 T cell	MCP	BS_JTWNJ8T7	3.405226073159267	Immune-desert
CD8 T cell	MCP	BS_JVW2JJ39	-0.4093600844894156	Immune-desert
CD8 T cell	MCP	BS_K0X3PZGN	1.2218757687544746	Lymphocyte-inflamed
CD8 T cell	MCP	BS_K17VQECG	0.3771304125576189	Lymphocyte-inflamed
CD8 T cell	MCP	BS_K2PCC777	0.6267797595171317	Lymphocyte-inflamed
CD8 T cell	MCP	BS_K74N1BXQ	-0.7335603296131036	Myeloid-dominant
CD8 T cell	MCP	BS_K81PZXP2	-0.6295216198558264	Lymphocyte-inflamed
CD8 T cell	MCP	BS_K88T8SW7	0.4965623489521045	Lymphocyte-inflamed
CD8 T cell	MCP	BS_KABQQA0T	0.13996628977949874	Immune-desert
CD8 T cell	MCP	BS_KBEX4RT2	-0.45673004092990305	Myeloid-dominant
CD8 T cell	MCP	BS_KFD5128N	1.0106081783820455	Myeloid-dominant
CD8 T cell	MCP	BS_KKDTW11T	1.4988203981376302	Immune-desert
CD8 T cell	MCP	BS_KP735TJ6	-0.7335603296131036	Immune-desert
CD8 T cell	MCP	BS_KQ6ZW085	-0.33985443817951766	Myeloid-dominant
CD8 T cell	MCP	BS_KRS4EV4X	-0.6295216198558264	Myeloid-dominant
CD8 T cell	MCP	BS_KS8HMGA6	-0.6041372436739136	Lymphocyte-inflamed
CD8 T cell	MCP	BS_KVPWHDR4	-0.6810309483739863	Myeloid-dominant
CD8 T cell	MCP	BS_M0FA190Y	-0.6041372436739136	Myeloid-dominant
CD8 T cell	MCP	BS_M0XGZ53Z	-0.7335603296131036	Immune-desert
CD8 T cell	MCP	BS_M1PVEHCM	-0.5294098494806522	Immune-desert
CD8 T cell	MCP	BS_M54TWTH4	-0.7335603296131036	Myeloid-dominant
CD8 T cell	MCP	BS_M7XB258E	0.25206664899339404	Lymphocyte-inflamed
CD8 T cell	MCP	BS_M85CXHDV	-0.36282122293100394	Lymphocyte-inflamed
CD8 T cell	MCP	BS_MB7WN0ZB	-0.12050250058168567	Myeloid-dominant
CD8 T cell	MCP	BS_MD0937XT	-0.7335603296131036	Immune-desert
CD8 T cell	MCP	BS_MDBT7S5Z	-0.6810309483739863	Immune-desert
CD8 T cell	MCP	BS_ME6VQGG4	-0.7071656136482046	Myeloid-dominant
CD8 T cell	MCP	BS_MFGZH8FK	0.8549415593082789	Myeloid-dominant
CD8 T cell	MCP	BS_MG78HQDM	-0.7335603296131036	Immune-desert
CD8 T cell	MCP	BS_MWWZBQ60	-0.4093600844894156	Myeloid-dominant
CD8 T cell	MCP	BS_N6TQBQ8M	-0.7071656136482046	Myeloid-dominant
CD8 T cell	MCP	BS_N7SW36FD	-0.01727363576068231	Lymphocyte-inflamed
CD8 T cell	MCP	BS_N7VQ1GQB	-0.16294575914391463	Lymphocyte-inflamed
CD8 T cell	MCP	BS_NB9XXBW6	0.2884048483172807	Myeloid-dominant
CD8 T cell	MCP	BS_NEFAASTR	-0.5540858141032307	Lymphocyte-inflamed
CD8 T cell	MCP	BS_NEVYM2FP	1.920762893995152	Myeloid-dominant
CD8 T cell	MCP	BS_NFKKDYSV	0.04278886380549554	Lymphocyte-inflamed
CD8 T cell	MCP	BS_NGSG2KB6	1.4988203981376302	Lymphocyte-inflamed
CD8 T cell	MCP	BS_NNYXMSTX	-0.09953284933884751	Lymphocyte-inflamed
CD8 T cell	MCP	BS_NPA6CZQF	-0.7335603296131036	Immune-desert
CD8 T cell	MCP	BS_NQ54ST98	3.377214756184448	Lymphocyte-inflamed
CD8 T cell	MCP	BS_NR3P3GN2	-0.2499255865208756	Myeloid-dominant
CD8 T cell	MCP	BS_NX1R0BC3	-0.7335603296131036	Lymphocyte-inflamed
CD8 T cell	MCP	BS_P0QF87WC	0.4629840896021636	Myeloid-dominant
CD8 T cell	MCP	BS_P4PMWFMV	-0.48073606058916163	Myeloid-dominant
CD8 T cell	MCP	BS_P7W3AYKV	0.8549415593082789	Myeloid-dominant
CD8 T cell	MCP	BS_PENM28KT	-0.5049613163383142	Myeloid-dominant
CD8 T cell	MCP	BS_PJC6FH4Y	0.0820880576780185	Lymphocyte-inflamed
CD8 T cell	MCP	BS_PS0P3QJ3	-0.7335603296131036	Myeloid-dominant
CD8 T cell	MCP	BS_PXCPK5XS	0.42897532802899513	Myeloid-dominant
CD8 T cell	MCP	BS_PZVHMSYN	-0.16294575914391463	Myeloid-dominant
CD8 T cell	MCP	BS_Q06J3RYW	-0.5540858141032307	Lymphocyte-inflamed
CD8 T cell	MCP	BS_Q35GFYDR	0.10152145644949284	Myeloid-dominant
CD8 T cell	MCP	BS_Q9N5PRD5	0.5461459807844857	Myeloid-dominant
CD8 T cell	MCP	BS_QB84TBA3	-0.33985443817951766	Immune-desert
CD8 T cell	MCP	BS_QGKEP3KB	0.781046890618061	Lymphocyte-inflamed
CD8 T cell	MCP	BS_QH0VYVJK	-0.6295216198558264	Myeloid-dominant
CD8 T cell	MCP	BS_QHY302E8	-0.7335603296131036	Lymphocyte-inflamed
CD8 T cell	MCP	BS_QMBS32Y2	-0.5789934813130341	Myeloid-dominant
CD8 T cell	MCP	BS_QNNX91SM	0.411806031402033	Myeloid-dominant
CD8 T cell	MCP	BS_QY2G1JZJ	-0.7335603296131036	Myeloid-dominant
CD8 T cell	MCP	BS_QYA4TQXX	-0.7335603296131036	Immune-desert
CD8 T cell	MCP	BS_R5JQE0VJ	0.23370915657135244	Myeloid-dominant
CD8 T cell	MCP	BS_R5SNFB5B	-0.5294098494806522	Immune-desert
CD8 T cell	MCP	BS_R9B92M75	1.4175513309171683	Myeloid-dominant
CD8 T cell	MCP	BS_RHAWQJ48	-0.22791179156521954	Lymphocyte-inflamed
CD8 T cell	MCP	BS_RHM60031	-0.2499255865208756	Myeloid-dominant
CD8 T cell	MCP	BS_RJC3WDD6	-0.5789934813130341	Immune-desert
CD8 T cell	MCP	BS_RN0VAY51	-0.7335603296131036	Myeloid-dominant
CD8 T cell	MCP	BS_RX1YTZ7F	-0.07872766764178259	Myeloid-dominant
CD8 T cell	MCP	BS_RZBFH1QF	-0.6810309483739863	Immune-desert
CD8 T cell	MCP	BS_S2TA8R29	0.13996628977949874	Myeloid-dominant
CD8 T cell	MCP	BS_S3C2PZAH	0.4798263497890512	Myeloid-dominant
CD8 T cell	MCP	BS_S3MET0JZ	0.7204123176669824	Myeloid-dominant
CD8 T cell	MCP	BS_S4V9E1XJ	0.17786189238790576	Lymphocyte-inflamed
CD8 T cell	MCP	BS_S5P8VTN5	-0.16294575914391463	Myeloid-dominant
CD8 T cell	MCP	BS_S6B9DVNS	-0.7071656136482046	Immune-desert
CD8 T cell	MCP	BS_S6S7SK3P	-0.7071656136482046	Immune-desert
CD8 T cell	MCP	BS_S8K878T3	-0.48073606058916163	Lymphocyte-inflamed
CD8 T cell	MCP	BS_SBMAM00V	-0.5540858141032307	Myeloid-dominant
CD8 T cell	MCP	BS_SBMCD7XZ	-0.6551512595086885	Myeloid-dominant
CD8 T cell	MCP	BS_SD0EMK7Y	-0.7335603296131036	Lymphocyte-inflamed
CD8 T cell	MCP	BS_SD8YBRBR	-0.7335603296131036	Immune-desert
CD8 T cell	MCP	BS_SERDGASJ	-0.7335603296131036	Lymphocyte-inflamed
CD8 T cell	MCP	BS_SJVTZ5TH	-0.3170847956426923	Myeloid-dominant
CD8 T cell	MCP	BS_SMWQR2F1	1.2345375926432327	Myeloid-dominant
CD8 T cell	MCP	BS_SNVM7CZT	0.411806031402033	Myeloid-dominant
CD8 T cell	MCP	BS_SR2RGDXJ	-0.6041372436739136	Myeloid-dominant
CD8 T cell	MCP	BS_SW9Z10F9	-0.5540858141032307	Lymphocyte-inflamed
CD8 T cell	MCP	BS_SY3J3XR9	-0.6041372436739136	Immune-desert
CD8 T cell	MCP	BS_T1YHK6B7	1.4526862428227625	Myeloid-dominant
CD8 T cell	MCP	BS_T2F48Z4E	0.30638896512210156	Lymphocyte-inflamed
CD8 T cell	MCP	BS_T9A8JJW5	-0.48073606058916163	Myeloid-dominant
CD8 T cell	MCP	BS_TASG32Z2	1.2845890222139076	Myeloid-dominant
CD8 T cell	MCP	BS_TGS109T3	-0.6295216198558264	Immune-desert
CD8 T cell	MCP	BS_TM9MH0RP	-0.48073606058916163	Myeloid-dominant
CD8 T cell	MCP	BS_TR2P8KRF	-0.12050250058168567	Myeloid-dominant
CD8 T cell	MCP	BS_TRKH2SPE	-0.5540858141032307	Myeloid-dominant
CD8 T cell	MCP	BS_TRPXB3AV	-0.7335603296131036	Myeloid-dominant
CD8 T cell	MCP	BS_TTDNZTZ0	0.2152237363410264	Lymphocyte-inflamed
CD8 T cell	MCP	BS_TTE04ZP8	-0.4329393247948189	Lymphocyte-inflamed
CD8 T cell	MCP	BS_TV5B86ZD	-0.7335603296131036	Immune-desert
CD8 T cell	MCP	BS_TVH33J9Q	0.0820880576780185	Myeloid-dominant
CD8 T cell	MCP	BS_TXZ7KHTQ	-0.7071656136482046	Myeloid-dominant
CD8 T cell	MCP	BS_V0DQFC75	0.1589817623780909	Myeloid-dominant
CD8 T cell	MCP	BS_V3Z3DB4N	-0.7335603296131036	Immune-desert
CD8 T cell	MCP	BS_V558NW3Q	-0.45673004092990305	Lymphocyte-inflamed
CD8 T cell	MCP	BS_V6RSB5HQ	1.4410262369360223	Myeloid-dominant
CD8 T cell	MCP	BS_V8QWBVS3	2.7369848886121595	Lymphocyte-inflamed
CD8 T cell	MCP	BS_VBMRQK4F	-0.7335603296131036	Myeloid-dominant
CD8 T cell	MCP	BS_VDFXXMEX	0.5948197696759763	Immune-desert
CD8 T cell	MCP	BS_VF3NVT4G	-0.36282122293100394	Lymphocyte-inflamed
CD8 T cell	MCP	BS_VKH87DD2	0.23370915657135244	Lymphocyte-inflamed
CD8 T cell	MCP	BS_VKHJG2B8	-0.48073606058916163	Myeloid-dominant
CD8 T cell	MCP	BS_VKYEM67A	-0.1844248001277655	Lymphocyte-inflamed
CD8 T cell	MCP	BS_VMQMGSJY	-0.33985443817951766	Lymphocyte-inflamed
CD8 T cell	MCP	BS_VVTHDRBD	-0.5049613163383142	Myeloid-dominant
CD8 T cell	MCP	BS_W1385R8Y	1.3579387757279902	Immune-desert
CD8 T cell	MCP	BS_W4DB5RP1	-0.33985443817951766	Immune-desert
CD8 T cell	MCP	BS_W7MFJZ5A	0.9968281626233554	Lymphocyte-inflamed
CD8 T cell	MCP	BS_WBVSK3MP	-0.7335603296131036	Immune-desert
CD8 T cell	MCP	BS_WEKK6SHP	-0.16294575914391463	Myeloid-dominant
CD8 T cell	MCP	BS_WHBEXD5H	-0.3170847956426923	Lymphocyte-inflamed
CD8 T cell	MCP	BS_WQ1YRTAT	-0.27212359947501963	Immune-desert
CD8 T cell	MCP	BS_WTJEDTZC	1.0106081783820455	Myeloid-dominant
CD8 T cell	MCP	BS_WVRX4C9Z	-0.6295216198558264	Lymphocyte-inflamed
CD8 T cell	MCP	BS_X0XXN9BK	3.3489044867451194	Lymphocyte-inflamed
CD8 T cell	MCP	BS_X1G0TKP4	-0.36282122293100394	Myeloid-dominant
CD8 T cell	MCP	BS_X20JCR4H	-0.3170847956426923	Lymphocyte-inflamed
CD8 T cell	MCP	BS_X23724NJ	-0.6295216198558264	Myeloid-dominant
CD8 T cell	MCP	BS_X3HR4Z21	-0.5540858141032307	Myeloid-dominant
CD8 T cell	MCP	BS_X4DD4KSZ	1.3092649868364832	Lymphocyte-inflamed
CD8 T cell	MCP	BS_X4X1SFSE	-0.7335603296131036	Immune-desert
CD8 T cell	MCP	BS_XG0DBWVT	-0.6041372436739136	Immune-desert
CD8 T cell	MCP	BS_XGDPK33A	0.5131934195311291	Myeloid-dominant
CD8 T cell	MCP	BS_XM1AHBDJ	-0.7071656136482046	Immune-desert
CD8 T cell	MCP	BS_XQ5SFW35	0.13996628977949874	Myeloid-dominant
CD8 T cell	MCP	BS_XQXXBWPD	-0.07872766764178259	Lymphocyte-inflamed
CD8 T cell	MCP	BS_XYVCMF4A	0.1589817623780909	Myeloid-dominant
CD8 T cell	MCP	BS_XZM79E42	0.30638896512210156	Lymphocyte-inflamed
CD8 T cell	MCP	BS_YA0KMBRT	-0.6810309483739863	Myeloid-dominant
CD8 T cell	MCP	BS_YDEVMD24	1.5665512368421248	Myeloid-dominant
CD8 T cell	MCP	BS_YMKQT5V0	-0.3170847956426923	Lymphocyte-inflamed
CD8 T cell	MCP	BS_YR12D1ZY	-0.5049613163383142	Lymphocyte-inflamed
CD8 T cell	MCP	BS_YSZRQ95C	-0.7335603296131036	Myeloid-dominant
CD8 T cell	MCP	BS_YTWEM5SG	-0.27212359947501963	Lymphocyte-inflamed
CD8 T cell	MCP	BS_YZ2QFDAN	-0.5789934813130341	Myeloid-dominant
CD8 T cell	MCP	BS_Z0ZPD9S9	-0.6810309483739863	Lymphocyte-inflamed
CD8 T cell	MCP	BS_Z3RCA1T9	-0.14163924244019374	Myeloid-dominant
CD8 T cell	MCP	BS_Z8F3GM85	-0.4093600844894156	Lymphocyte-inflamed
CD8 T cell	MCP	BS_ZD5HN296	2.3435657543344695	Lymphocyte-inflamed
CD8 T cell	MCP	BS_ZF6BSFNF	0.1589817623780909	Myeloid-dominant
CD8 T cell	MCP	BS_ZM97KKXE	2.2245167413288143	Lymphocyte-inflamed
CD8 T cell	MCP	BS_ZV1P6W9C	-0.22791179156521954	Immune-desert
CD8 T cell	MCP	BS_ZVM8CAB0	0.6267797595171317	Lymphocyte-inflamed
CD8 T cell	MCP	BS_ZZWMD6FA	-0.45673004092990305	Lymphocyte-inflamed
CD8 T cell	EPIC	BS_00FD2KMP	-0.3378192693583071	Immune-desert
CD8 T cell	EPIC	BS_028YFYJ6	-0.6981660021059268	Myeloid-dominant
CD8 T cell	EPIC	BS_052PZFMK	0.6875523601693393	Immune-desert
CD8 T cell	EPIC	BS_056Q8577	-0.18552962068706233	Lymphocyte-inflamed
CD8 T cell	EPIC	BS_08ST21QE	1.6888984611003375	Lymphocyte-inflamed
CD8 T cell	EPIC	BS_0C7VZC0A	-0.7916465732303405	Myeloid-dominant
CD8 T cell	EPIC	BS_0S8E7590	-0.20257169753705762	Lymphocyte-inflamed
CD8 T cell	EPIC	BS_0VXZCRJS	0.22771959321314483	Myeloid-dominant
CD8 T cell	EPIC	BS_0XEBS3PG	1.717683470346011	Immune-desert
CD8 T cell	EPIC	BS_0ZA67BBC	-0.6639689444224434	Myeloid-dominant
CD8 T cell	EPIC	BS_12G04QJM	-1.1884966747583545	Myeloid-dominant
CD8 T cell	EPIC	BS_17ZSMXFH	-0.047468628395157406	Immune-desert
CD8 T cell	EPIC	BS_1A6MQ9ZA	-0.027301600961901606	Myeloid-dominant
CD8 T cell	EPIC	BS_1D93Z575	-0.04831330455884899	Myeloid-dominant
CD8 T cell	EPIC	BS_1EN5V3XW	-0.28208658585717017	Immune-desert
CD8 T cell	EPIC	BS_223BM91B	3.7194332949890887	Lymphocyte-inflamed
CD8 T cell	EPIC	BS_25HNKZ79	-0.918700821965761	Lymphocyte-inflamed
CD8 T cell	EPIC	BS_2853394H	-1.0933118767620449	Immune-desert
CD8 T cell	EPIC	BS_297H8BT4	0.11599721555032504	Myeloid-dominant
CD8 T cell	EPIC	BS_29X4ZX6Q	-0.8610172552957706	Immune-desert
CD8 T cell	EPIC	BS_2A5R9MEJ	-0.7268792444977181	Immune-desert
CD8 T cell	EPIC	BS_2ARXK0TD	0.9173625978833558	Lymphocyte-inflamed
CD8 T cell	EPIC	BS_2AV1H5TV	-0.22725142274790702	Myeloid-dominant
CD8 T cell	EPIC	BS_2DMBCHNF	0.0773235902434576	Lymphocyte-inflamed
CD8 T cell	EPIC	BS_2EN3X6HB	1.2724185799162446	Myeloid-dominant
CD8 T cell	EPIC	BS_2FEZWH1F	0.10317357030762074	Lymphocyte-inflamed
CD8 T cell	EPIC	BS_2HNXVFAS	-0.312644284953884	Myeloid-dominant
CD8 T cell	EPIC	BS_2JH1QMT1	-0.6248029139964433	Myeloid-dominant
CD8 T cell	EPIC	BS_2JP7RBMB	-0.12525366392379203	Myeloid-dominant
CD8 T cell	EPIC	BS_2K01T8K6	0.0981315523218477	Lymphocyte-inflamed
CD8 T cell	EPIC	BS_2PDS3MSS	2.1872664884228277	Lymphocyte-inflamed
CD8 T cell	EPIC	BS_2T5PJAW8	0.5196106242122626	Myeloid-dominant
CD8 T cell	EPIC	BS_2WANPFBJ	0.33240081843224517	Lymphocyte-inflamed
CD8 T cell	EPIC	BS_30F3Z9FS	-0.15685794462104824	Lymphocyte-inflamed
CD8 T cell	EPIC	BS_30VC3R2Q	-0.4665266308902594	Myeloid-dominant
CD8 T cell	EPIC	BS_30YWQ3FY	1.1761596724072454	Lymphocyte-inflamed
CD8 T cell	EPIC	BS_31MBRWC4	0.5693172703173441	Lymphocyte-inflamed
CD8 T cell	EPIC	BS_333KCNDP	-0.7942645016104832	Lymphocyte-inflamed
CD8 T cell	EPIC	BS_399RPKC9	-1.094651655303895	Myeloid-dominant
CD8 T cell	EPIC	BS_3AC3SRWH	-1.0268901917087836	Immune-desert
CD8 T cell	EPIC	BS_3MS8WVNR	-0.7110386335699342	Immune-desert
CD8 T cell	EPIC	BS_3ZPJAK9A	-1.0069120939975253	Myeloid-dominant
CD8 T cell	EPIC	BS_45J79YTF	-0.47174305057830634	Immune-desert
CD8 T cell	EPIC	BS_49BQS7Z6	-0.2146916619406863	Myeloid-dominant
CD8 T cell	EPIC	BS_49CJNZ06	-0.48860511003760365	Myeloid-dominant
CD8 T cell	EPIC	BS_4B0BAVTX	-1.0066976500915827	Myeloid-dominant
CD8 T cell	EPIC	BS_4BM3F6XJ	-0.4649331415741348	Myeloid-dominant
CD8 T cell	EPIC	BS_4C6B11E4	-0.8889478890856284	Lymphocyte-inflamed
CD8 T cell	EPIC	BS_4GNN7J8E	1.2274854828630988	Lymphocyte-inflamed
CD8 T cell	EPIC	BS_4KNBXM3C	0.20626955217166107	Lymphocyte-inflamed
CD8 T cell	EPIC	BS_4Q3KRCZT	-0.6389967610624587	Lymphocyte-inflamed
CD8 T cell	EPIC	BS_4QW2S1Q8	-0.900331877836752	Lymphocyte-inflamed
CD8 T cell	EPIC	BS_4T0HQ9QF	-0.9937363284695322	Myeloid-dominant
CD8 T cell	EPIC	BS_4V42BXBT	2.1014772888787627	Myeloid-dominant
CD8 T cell	EPIC	BS_51RA1PGE	-0.7766346377948142	Myeloid-dominant
CD8 T cell	EPIC	BS_52C576HH	-0.3287653175384691	Myeloid-dominant
CD8 T cell	EPIC	BS_5965SFPZ	-0.23581735422692654	Immune-desert
CD8 T cell	EPIC	BS_5EFYPZT0	-0.2788697068457876	Myeloid-dominant
CD8 T cell	EPIC	BS_5G5BD2MD	3.9846422884111083	Lymphocyte-inflamed
CD8 T cell	EPIC	BS_5K95FX4C	0.2549045088893697	Lymphocyte-inflamed
CD8 T cell	EPIC	BS_5KBXD2GQ	-0.47476256962984226	Myeloid-dominant
CD8 T cell	EPIC	BS_5PXZ8F7W	-0.8647848463475382	Myeloid-dominant
CD8 T cell	EPIC	BS_5VPM0F36	0.7167363203791538	Lymphocyte-inflamed
CD8 T cell	EPIC	BS_62SW4CC5	-0.2553151857778237	Lymphocyte-inflamed
CD8 T cell	EPIC	BS_65WPD3DA	0.08414711840494522	Myeloid-dominant
CD8 T cell	EPIC	BS_68KX6A42	0.8834955368951989	Lymphocyte-inflamed
CD8 T cell	EPIC	BS_6DCSD5Y6	1.2356714301890606	Immune-desert
CD8 T cell	EPIC	BS_6H4Q24WA	0.4248998051382529	Lymphocyte-inflamed
CD8 T cell	EPIC	BS_6M2053M0	-0.8975861811207768	Myeloid-dominant
CD8 T cell	EPIC	BS_6SY64H5J	-0.32569839551565516	Lymphocyte-inflamed
CD8 T cell	EPIC	BS_6VRG1XFB	-0.5302672216496713	Myeloid-dominant
CD8 T cell	EPIC	BS_6WP1FHTE	-0.7185780114378915	Lymphocyte-inflamed
CD8 T cell	EPIC	BS_7327SDAQ	-0.8377688212994551	Myeloid-dominant
CD8 T cell	EPIC	BS_75YRDXET	-0.23306398380394688	Lymphocyte-inflamed
CD8 T cell	EPIC	BS_77SBTNPN	-1.0291568674427145	Myeloid-dominant
CD8 T cell	EPIC	BS_7AEF4D4G	0.14416625705381325	Lymphocyte-inflamed
CD8 T cell	EPIC	BS_7APCGCVF	0.6451110508885577	Myeloid-dominant
CD8 T cell	EPIC	BS_7GJT4A6A	0.6298204675539282	Immune-desert
CD8 T cell	EPIC	BS_7GKWKGPH	0.9960636371636834	Lymphocyte-inflamed
CD8 T cell	EPIC	BS_7PVJ6Q3D	0.4905166060803824	Immune-desert
CD8 T cell	EPIC	BS_7WKNNRHK	-1.2073867328437975	Myeloid-dominant
CD8 T cell	EPIC	BS_84VZX732	1.4269960431086774	Myeloid-dominant
CD8 T cell	EPIC	BS_84XCR9GG	-1.086920720361789	Myeloid-dominant
CD8 T cell	EPIC	BS_8E8JKP01	-0.378315277948104	Immune-desert
CD8 T cell	EPIC	BS_8ERBDF7D	1.4845625524343788	Immune-desert
CD8 T cell	EPIC	BS_8JK9TXH2	0.21222521632440333	Myeloid-dominant
CD8 T cell	EPIC	BS_8VD670NP	-1.0542963544190158	Myeloid-dominant
CD8 T cell	EPIC	BS_8YWYN7VH	1.482607827867793	Lymphocyte-inflamed
CD8 T cell	EPIC	BS_8ZE4Z9G5	-1.3841620209563632	Myeloid-dominant
CD8 T cell	EPIC	BS_8ZY4GST0	-0.04883730807866543	Immune-desert
CD8 T cell	EPIC	BS_91VYM11A	1.4428583991882213	Myeloid-dominant
CD8 T cell	EPIC	BS_956G6QPJ	0.3917464453056872	Myeloid-dominant
CD8 T cell	EPIC	BS_97M1E2DW	-0.008648688150726514	Immune-desert
CD8 T cell	EPIC	BS_9A1YTHFF	0.43983609612730734	Lymphocyte-inflamed
CD8 T cell	EPIC	BS_9B0A62MT	-0.5224553676807777	Lymphocyte-inflamed
CD8 T cell	EPIC	BS_9CA93S6D	0.14974938424549336	Immune-desert
CD8 T cell	EPIC	BS_9FHEFJNP	0.10722036498407261	Myeloid-dominant
CD8 T cell	EPIC	BS_9FX3YREK	-0.6123492101469392	Immune-desert
CD8 T cell	EPIC	BS_9GJ3DB1H	0.5697432572650883	Lymphocyte-inflamed
CD8 T cell	EPIC	BS_9JPQZQNG	-1.4702508821980347	Myeloid-dominant
CD8 T cell	EPIC	BS_9TXEDSWB	-1.6171138751115228	Myeloid-dominant
CD8 T cell	EPIC	BS_9XVACXP0	-0.5875654717501784	Myeloid-dominant
CD8 T cell	EPIC	BS_9Y1K14Q5	-0.8636880651003203	Myeloid-dominant
CD8 T cell	EPIC	BS_9ZJT0CP0	0.28160722924295856	Myeloid-dominant
CD8 T cell	EPIC	BS_A4PF49V0	0.2424581029605631	Immune-desert
CD8 T cell	EPIC	BS_A6NXR7RC	0.8522442040718291	Myeloid-dominant
CD8 T cell	EPIC	BS_A7Q8G0Y1	0.04090562294198985	Myeloid-dominant
CD8 T cell	EPIC	BS_A8XW5S0W	0.5955068143411999	Myeloid-dominant
CD8 T cell	EPIC	BS_AWH9757B	-0.20459497198929122	Immune-desert
CD8 T cell	EPIC	BS_AYSXRQWY	-0.7143790857031267	Myeloid-dominant
CD8 T cell	EPIC	BS_AZQM1JJH	1.5848656949832733	Lymphocyte-inflamed
CD8 T cell	EPIC	BS_B1C6GZ84	-0.6750525047067413	Immune-desert
CD8 T cell	EPIC	BS_B3MQFFYP	0.9613175583948755	Lymphocyte-inflamed
CD8 T cell	EPIC	BS_B4R7X1KE	-0.2060429086210564	Immune-desert
CD8 T cell	EPIC	BS_B57327NA	0.40534311896007075	Myeloid-dominant
CD8 T cell	EPIC	BS_BBAEMXRD	-0.007279513556251496	Immune-desert
CD8 T cell	EPIC	BS_BBQ6BHGN	-0.23583983839495481	Myeloid-dominant
CD8 T cell	EPIC	BS_BK0HGRXM	0.49820721476284546	Lymphocyte-inflamed
CD8 T cell	EPIC	BS_BMMY0H73	-0.20503823332055263	Myeloid-dominant
CD8 T cell	EPIC	BS_C6ZZ3FY5	0.7529144875342075	Myeloid-dominant
CD8 T cell	EPIC	BS_C83TK159	1.0540927847465906	Myeloid-dominant
CD8 T cell	EPIC	BS_CBDQZ8PP	-0.4731612619134615	Immune-desert
CD8 T cell	EPIC	BS_CF63VG3S	1.6307491417257667	Myeloid-dominant
CD8 T cell	EPIC	BS_CFD3WHAY	-0.010972626651911722	Myeloid-dominant
CD8 T cell	EPIC	BS_CG1RG607	-0.2703187804742199	Lymphocyte-inflamed
CD8 T cell	EPIC	BS_CVEDJGHZ	2.6230149026668093	Lymphocyte-inflamed
CD8 T cell	EPIC	BS_CXAQDK7S	-1.0511476234939712	Lymphocyte-inflamed
CD8 T cell	EPIC	BS_CZPQ493E	-0.900966240186681	Myeloid-dominant
CD8 T cell	EPIC	BS_D29RPBSZ	-0.6428743790583424	Myeloid-dominant
CD8 T cell	EPIC	BS_D4VNDNQA	2.9043536749850247	Immune-desert
CD8 T cell	EPIC	BS_D6J2BGDJ	1.276285399408562	Immune-desert
CD8 T cell	EPIC	BS_DFGS950G	-0.31690526361437127	Immune-desert
CD8 T cell	EPIC	BS_DNZVP92S	-0.8486682152476999	Myeloid-dominant
CD8 T cell	EPIC	BS_DR079H0D	1.0815284813531179	Immune-desert
CD8 T cell	EPIC	BS_DS438CXE	-0.7694384216773311	Immune-desert
CD8 T cell	EPIC	BS_DSPVSM7D	1.3827559872874162	Myeloid-dominant
CD8 T cell	EPIC	BS_DZNXFPH1	0.4666148442764581	Lymphocyte-inflamed
CD8 T cell	EPIC	BS_E7NVYA6G	2.615839339371998	Lymphocyte-inflamed
CD8 T cell	EPIC	BS_E9CYN4NP	0.8390927171406357	Immune-desert
CD8 T cell	EPIC	BS_EB0XRBT9	-0.237689927053877	Lymphocyte-inflamed
CD8 T cell	EPIC	BS_EDJ5TV0P	0.6968115660085794	Immune-desert
CD8 T cell	EPIC	BS_EMQM7HTA	-0.20281257112585457	Myeloid-dominant
CD8 T cell	EPIC	BS_ENEYB4TG	0.5395831842999171	Lymphocyte-inflamed
CD8 T cell	EPIC	BS_EXPJQZTH	2.2456572073422705	Lymphocyte-inflamed
CD8 T cell	EPIC	BS_EZ3147MX	0.4236236620256238	Myeloid-dominant
CD8 T cell	EPIC	BS_F0JB4EAK	-0.876425439546603	Immune-desert
CD8 T cell	EPIC	BS_F21R36MM	-0.6693001608674187	Myeloid-dominant
CD8 T cell	EPIC	BS_F65GWS21	0.3718198134387721	Myeloid-dominant
CD8 T cell	EPIC	BS_F6V1Y4QS	-1.0829939407286677	Myeloid-dominant
CD8 T cell	EPIC	BS_F9Y4Z92G	0.8735048203031827	Immune-desert
CD8 T cell	EPIC	BS_FCDAH728	-0.1618491186143004	Myeloid-dominant
CD8 T cell	EPIC	BS_FEV5A0HN	0.6118260379546674	Immune-desert
CD8 T cell	EPIC	BS_FGJH1X0S	-0.4537221007443417	Myeloid-dominant
CD8 T cell	EPIC	BS_FKASA3MN	0.2359029767158808	Immune-desert
CD8 T cell	EPIC	BS_FN07P04C	0.3813899410895966	Immune-desert
CD8 T cell	EPIC	BS_FX2P2WEG	-0.036933040563344094	Lymphocyte-inflamed
CD8 T cell	EPIC	BS_FXJY0MNH	1.830754395171922	Lymphocyte-inflamed
CD8 T cell	EPIC	BS_FYP2B298	-0.6408955343583704	Immune-desert
CD8 T cell	EPIC	BS_G19QZG4S	-0.7330771520008035	Myeloid-dominant
CD8 T cell	EPIC	BS_G1E5DATJ	-0.09526362861771333	Myeloid-dominant
CD8 T cell	EPIC	BS_G257VSS9	0.13632568104972032	Immune-desert
CD8 T cell	EPIC	BS_G3NN392N	-0.865220797582521	Myeloid-dominant
CD8 T cell	EPIC	BS_G3RJTBZD	-0.46148085884560797	Immune-desert
CD8 T cell	EPIC	BS_G5NHSFD4	-0.8396107376318162	Immune-desert
CD8 T cell	EPIC	BS_G8TXTX0H	-0.02340077488337361	Myeloid-dominant
CD8 T cell	EPIC	BS_GG9W3J9Y	-0.7893377250679797	Immune-desert
CD8 T cell	EPIC	BS_GW0GKWMS	0.6061929000427237	Myeloid-dominant
CD8 T cell	EPIC	BS_GWHYM3R4	-1.372204296352901	Myeloid-dominant
CD8 T cell	EPIC	BS_GWSJ4Z9H	-0.5515788572954461	Lymphocyte-inflamed
CD8 T cell	EPIC	BS_H5VQJR7X	-0.39300514073197135	Myeloid-dominant
CD8 T cell	EPIC	BS_H97S5SQN	-0.22685441790993144	Myeloid-dominant
CD8 T cell	EPIC	BS_H9JYKFTV	-0.3877131821004479	Myeloid-dominant
CD8 T cell	EPIC	BS_HDHXX8Q7	-0.4412448763803139	Myeloid-dominant
CD8 T cell	EPIC	BS_HDPCQETG	-0.2007269943052463	Lymphocyte-inflamed
CD8 T cell	EPIC	BS_HJRTC9JQ	-1.1437026749820536	Lymphocyte-inflamed
CD8 T cell	EPIC	BS_HJV0J603	1.5181313571328245	Lymphocyte-inflamed
CD8 T cell	EPIC	BS_HRJ9145M	-1.616547260341295	Lymphocyte-inflamed
CD8 T cell	EPIC	BS_HWGWYCY7	1.6733588260772216	Lymphocyte-inflamed
CD8 T cell	EPIC	BS_HZ9AYDCQ	0.16201646913897186	Lymphocyte-inflamed
CD8 T cell	EPIC	BS_J4JY2F3H	-0.4462943762341052	Lymphocyte-inflamed
CD8 T cell	EPIC	BS_J6212Y48	-0.7359866265630394	Myeloid-dominant
CD8 T cell	EPIC	BS_J6W1RB7A	-1.2590144303806423	Myeloid-dominant
CD8 T cell	EPIC	BS_J9CBGP57	-0.39215229457663325	Myeloid-dominant
CD8 T cell	EPIC	BS_JB43XBCQ	-0.6657199847181918	Lymphocyte-inflamed
CD8 T cell	EPIC	BS_JDSNFYQ0	2.7394620956955484	Lymphocyte-inflamed
CD8 T cell	EPIC	BS_JJVH7WR0	0.07183400726181326	Immune-desert
CD8 T cell	EPIC	BS_JMD386Z2	0.7745827809140527	Myeloid-dominant
CD8 T cell	EPIC	BS_JP95KMRD	0.6066610817888867	Lymphocyte-inflamed
CD8 T cell	EPIC	BS_JQGJQ2QZ	0.7521530321542227	Myeloid-dominant
CD8 T cell	EPIC	BS_JQVAWTTM	-0.7685161656933687	Myeloid-dominant
CD8 T cell	EPIC	BS_JQXHHK0K	0.36444173123771284	Immune-desert
CD8 T cell	EPIC	BS_JRYJGYC4	-0.9996892737217108	Myeloid-dominant
CD8 T cell	EPIC	BS_JS95PE0J	-1.0206729062467563	Myeloid-dominant
CD8 T cell	EPIC	BS_JTWNJ8T7	1.6497506101207862	Immune-desert
CD8 T cell	EPIC	BS_JVW2JJ39	-0.6396274064612989	Immune-desert
CD8 T cell	EPIC	BS_K0X3PZGN	-1.6154210514957035	Lymphocyte-inflamed
CD8 T cell	EPIC	BS_K17VQECG	-0.8308796680344452	Lymphocyte-inflamed
CD8 T cell	EPIC	BS_K2PCC777	-0.5871240670267729	Lymphocyte-inflamed
CD8 T cell	EPIC	BS_K74N1BXQ	-0.14254398436509413	Myeloid-dominant
CD8 T cell	EPIC	BS_K81PZXP2	-0.31588303134805407	Lymphocyte-inflamed
CD8 T cell	EPIC	BS_K88T8SW7	-1.6170722372815967	Lymphocyte-inflamed
CD8 T cell	EPIC	BS_KABQQA0T	0.2619385645895296	Immune-desert
CD8 T cell	EPIC	BS_KBEX4RT2	-0.4783865386461681	Myeloid-dominant
CD8 T cell	EPIC	BS_KFD5128N	1.4483205185456136	Myeloid-dominant
CD8 T cell	EPIC	BS_KKDTW11T	-1.0011349169901562	Immune-desert
CD8 T cell	EPIC	BS_KP735TJ6	-0.899543035192789	Immune-desert
CD8 T cell	EPIC	BS_KQ6ZW085	0.6987718940237225	Myeloid-dominant
CD8 T cell	EPIC	BS_KRS4EV4X	-0.6891463840679697	Myeloid-dominant
CD8 T cell	EPIC	BS_KS8HMGA6	1.303101219325077	Lymphocyte-inflamed
CD8 T cell	EPIC	BS_KVPWHDR4	-0.6356958934277919	Myeloid-dominant
CD8 T cell	EPIC	BS_M0FA190Y	0.10891547660605695	Myeloid-dominant
CD8 T cell	EPIC	BS_M0XGZ53Z	0.5530219067072866	Immune-desert
CD8 T cell	EPIC	BS_M1PVEHCM	2.1147093226792055	Immune-desert
CD8 T cell	EPIC	BS_M54TWTH4	0.20200973331369648	Myeloid-dominant
CD8 T cell	EPIC	BS_M7XB258E	2.700087970924602	Lymphocyte-inflamed
CD8 T cell	EPIC	BS_M85CXHDV	0.18696566878811313	Lymphocyte-inflamed
CD8 T cell	EPIC	BS_MB7WN0ZB	0.530313299269736	Myeloid-dominant
CD8 T cell	EPIC	BS_MD0937XT	-0.3209403689328047	Immune-desert
CD8 T cell	EPIC	BS_MDBT7S5Z	0.20842660263204607	Immune-desert
CD8 T cell	EPIC	BS_ME6VQGG4	0.5492102486581019	Myeloid-dominant
CD8 T cell	EPIC	BS_MFGZH8FK	-0.47011318364163024	Myeloid-dominant
CD8 T cell	EPIC	BS_MG78HQDM	0.08730421451263558	Immune-desert
CD8 T cell	EPIC	BS_MWWZBQ60	0.23302373027576645	Myeloid-dominant
CD8 T cell	EPIC	BS_N6TQBQ8M	-0.5460710180927736	Myeloid-dominant
CD8 T cell	EPIC	BS_N7SW36FD	1.3319073657344536	Lymphocyte-inflamed
CD8 T cell	EPIC	BS_N7VQ1GQB	1.6204905124794868	Lymphocyte-inflamed
CD8 T cell	EPIC	BS_NB9XXBW6	-0.4833923473536574	Myeloid-dominant
CD8 T cell	EPIC	BS_NEFAASTR	-0.1865590538690742	Lymphocyte-inflamed
CD8 T cell	EPIC	BS_NEVYM2FP	-0.36327312972210085	Myeloid-dominant
CD8 T cell	EPIC	BS_NFKKDYSV	0.9399125779334404	Lymphocyte-inflamed
CD8 T cell	EPIC	BS_NGSG2KB6	-0.6979824961842321	Lymphocyte-inflamed
CD8 T cell	EPIC	BS_NNYXMSTX	0.9965388971605286	Lymphocyte-inflamed
CD8 T cell	EPIC	BS_NPA6CZQF	-0.5516451384867439	Immune-desert
CD8 T cell	EPIC	BS_NQ54ST98	-0.38950233508824067	Lymphocyte-inflamed
CD8 T cell	EPIC	BS_NR3P3GN2	-1.554537145115508	Myeloid-dominant
CD8 T cell	EPIC	BS_NX1R0BC3	-0.6161600736855416	Lymphocyte-inflamed
CD8 T cell	EPIC	BS_P0QF87WC	-0.8420808326750993	Myeloid-dominant
CD8 T cell	EPIC	BS_P4PMWFMV	-1.1154375775550873	Myeloid-dominant
CD8 T cell	EPIC	BS_P7W3AYKV	0.40075385010119746	Myeloid-dominant
CD8 T cell	EPIC	BS_PENM28KT	1.2791679932702482	Myeloid-dominant
CD8 T cell	EPIC	BS_PJC6FH4Y	-0.6862146045762808	Lymphocyte-inflamed
CD8 T cell	EPIC	BS_PS0P3QJ3	-0.6726274717436863	Myeloid-dominant
CD8 T cell	EPIC	BS_PXCPK5XS	-0.3507377378517397	Myeloid-dominant
CD8 T cell	EPIC	BS_PZVHMSYN	-0.31687801291071416	Myeloid-dominant
CD8 T cell	EPIC	BS_Q06J3RYW	-0.9906975051968692	Lymphocyte-inflamed
CD8 T cell	EPIC	BS_Q35GFYDR	-0.8956736686105046	Myeloid-dominant
CD8 T cell	EPIC	BS_Q9N5PRD5	0.09959738435664933	Myeloid-dominant
CD8 T cell	EPIC	BS_QB84TBA3	0.30625034315831157	Immune-desert
CD8 T cell	EPIC	BS_QGKEP3KB	1.9283695258427824	Lymphocyte-inflamed
CD8 T cell	EPIC	BS_QH0VYVJK	-0.017355410638230692	Myeloid-dominant
CD8 T cell	EPIC	BS_QHY302E8	-1.6169239127330977	Lymphocyte-inflamed
CD8 T cell	EPIC	BS_QMBS32Y2	-0.8151246245172548	Myeloid-dominant
CD8 T cell	EPIC	BS_QNNX91SM	-0.47038903357154094	Myeloid-dominant
CD8 T cell	EPIC	BS_QY2G1JZJ	0.4907463471604592	Myeloid-dominant
CD8 T cell	EPIC	BS_QYA4TQXX	-0.7098905483010749	Immune-desert
CD8 T cell	EPIC	BS_R5JQE0VJ	-0.03568822329837469	Myeloid-dominant
CD8 T cell	EPIC	BS_R5SNFB5B	-1.253655991400546	Immune-desert
CD8 T cell	EPIC	BS_R9B92M75	0.6978270863048022	Myeloid-dominant
CD8 T cell	EPIC	BS_RHAWQJ48	-1.6170236124306272	Lymphocyte-inflamed
CD8 T cell	EPIC	BS_RHM60031	-1.0029890796784307	Myeloid-dominant
CD8 T cell	EPIC	BS_RJC3WDD6	-0.20507436535454496	Immune-desert
CD8 T cell	EPIC	BS_RN0VAY51	0.2918412782612051	Myeloid-dominant
CD8 T cell	EPIC	BS_RX1YTZ7F	-0.5713204220566547	Myeloid-dominant
CD8 T cell	EPIC	BS_RZBFH1QF	-0.7754214123352073	Immune-desert
CD8 T cell	EPIC	BS_S2TA8R29	-0.22123149267364572	Myeloid-dominant
CD8 T cell	EPIC	BS_S3C2PZAH	-0.3698322989179493	Myeloid-dominant
CD8 T cell	EPIC	BS_S3MET0JZ	0.04836672122165941	Myeloid-dominant
CD8 T cell	EPIC	BS_S4V9E1XJ	-0.11235314481717357	Lymphocyte-inflamed
CD8 T cell	EPIC	BS_S5P8VTN5	-0.07318376376901975	Myeloid-dominant
CD8 T cell	EPIC	BS_S6B9DVNS	0.7477683923755125	Immune-desert
CD8 T cell	EPIC	BS_S6S7SK3P	-0.16219501439655415	Immune-desert
CD8 T cell	EPIC	BS_S8K878T3	-1.6163497254190398	Lymphocyte-inflamed
CD8 T cell	EPIC	BS_SBMAM00V	0.5801748221378287	Myeloid-dominant
CD8 T cell	EPIC	BS_SBMCD7XZ	0.6290943449404867	Myeloid-dominant
CD8 T cell	EPIC	BS_SD0EMK7Y	-0.5100904715109389	Lymphocyte-inflamed
CD8 T cell	EPIC	BS_SD8YBRBR	-0.4387144912554414	Immune-desert
CD8 T cell	EPIC	BS_SERDGASJ	1.160585013049925	Lymphocyte-inflamed
CD8 T cell	EPIC	BS_SJVTZ5TH	-0.2422221766136071	Myeloid-dominant
CD8 T cell	EPIC	BS_SMWQR2F1	-0.15284608514710302	Myeloid-dominant
CD8 T cell	EPIC	BS_SNVM7CZT	-0.36342115242198686	Myeloid-dominant
CD8 T cell	EPIC	BS_SR2RGDXJ	-0.15678331153899955	Myeloid-dominant
CD8 T cell	EPIC	BS_SW9Z10F9	-0.5796218381085481	Lymphocyte-inflamed
CD8 T cell	EPIC	BS_SY3J3XR9	-0.18301427159058806	Immune-desert
CD8 T cell	EPIC	BS_T1YHK6B7	0.1489104581166044	Myeloid-dominant
CD8 T cell	EPIC	BS_T2F48Z4E	-1.1524168782708402	Lymphocyte-inflamed
CD8 T cell	EPIC	BS_T9A8JJW5	1.9933137810906303	Myeloid-dominant
CD8 T cell	EPIC	BS_TASG32Z2	0.32505137102017945	Myeloid-dominant
CD8 T cell	EPIC	BS_TGS109T3	-0.5214390405036723	Immune-desert
CD8 T cell	EPIC	BS_TM9MH0RP	-0.4780192808919538	Myeloid-dominant
CD8 T cell	EPIC	BS_TR2P8KRF	0.5076969461161395	Myeloid-dominant
CD8 T cell	EPIC	BS_TRKH2SPE	-0.6828733791844879	Myeloid-dominant
CD8 T cell	EPIC	BS_TRPXB3AV	-0.7869775156576208	Myeloid-dominant
CD8 T cell	EPIC	BS_TTDNZTZ0	1.250810106159959	Lymphocyte-inflamed
CD8 T cell	EPIC	BS_TTE04ZP8	1.3041849027599484	Lymphocyte-inflamed
CD8 T cell	EPIC	BS_TV5B86ZD	0.13587515487600346	Immune-desert
CD8 T cell	EPIC	BS_TVH33J9Q	1.2182812151887237	Myeloid-dominant
CD8 T cell	EPIC	BS_TXZ7KHTQ	-0.2291715470217233	Myeloid-dominant
CD8 T cell	EPIC	BS_V0DQFC75	-0.9020846572407369	Myeloid-dominant
CD8 T cell	EPIC	BS_V3Z3DB4N	-0.6889762132476763	Immune-desert
CD8 T cell	EPIC	BS_V558NW3Q	-1.6171931657952743	Lymphocyte-inflamed
CD8 T cell	EPIC	BS_V6RSB5HQ	0.3929719200857121	Myeloid-dominant
CD8 T cell	EPIC	BS_V8QWBVS3	5.539589970836875	Lymphocyte-inflamed
CD8 T cell	EPIC	BS_VBMRQK4F	0.7646395431374194	Myeloid-dominant
CD8 T cell	EPIC	BS_VDFXXMEX	-0.891224994942361	Immune-desert
CD8 T cell	EPIC	BS_VF3NVT4G	0.09387484517201046	Lymphocyte-inflamed
CD8 T cell	EPIC	BS_VKH87DD2	2.5556145084463906	Lymphocyte-inflamed
CD8 T cell	EPIC	BS_VKHJG2B8	-0.1472364848070898	Myeloid-dominant
CD8 T cell	EPIC	BS_VKYEM67A	-1.6169863178388753	Lymphocyte-inflamed
CD8 T cell	EPIC	BS_VMQMGSJY	-1.6169242605404701	Lymphocyte-inflamed
CD8 T cell	EPIC	BS_VVTHDRBD	-0.5196935164534942	Myeloid-dominant
CD8 T cell	EPIC	BS_W1385R8Y	-0.7913578473363837	Immune-desert
CD8 T cell	EPIC	BS_W4DB5RP1	-0.2598381942796983	Immune-desert
CD8 T cell	EPIC	BS_W7MFJZ5A	-0.14211704654144378	Lymphocyte-inflamed
CD8 T cell	EPIC	BS_WBVSK3MP	0.08197046573387469	Immune-desert
CD8 T cell	EPIC	BS_WEKK6SHP	-0.3931938688618059	Myeloid-dominant
CD8 T cell	EPIC	BS_WHBEXD5H	-0.57461794491117	Lymphocyte-inflamed
CD8 T cell	EPIC	BS_WQ1YRTAT	0.0842958105939854	Immune-desert
CD8 T cell	EPIC	BS_WTJEDTZC	-0.3305902895649996	Myeloid-dominant
CD8 T cell	EPIC	BS_WVRX4C9Z	0.7747796192633488	Lymphocyte-inflamed
CD8 T cell	EPIC	BS_X0XXN9BK	0.053026043454841985	Lymphocyte-inflamed
CD8 T cell	EPIC	BS_X1G0TKP4	-1.0596880090774492	Myeloid-dominant
CD8 T cell	EPIC	BS_X20JCR4H	0.4653923217218826	Lymphocyte-inflamed
CD8 T cell	EPIC	BS_X23724NJ	-1.617109383669018	Myeloid-dominant
CD8 T cell	EPIC	BS_X3HR4Z21	-0.38729273155057925	Myeloid-dominant
CD8 T cell	EPIC	BS_X4DD4KSZ	3.3976851039126044	Lymphocyte-inflamed
CD8 T cell	EPIC	BS_X4X1SFSE	0.5673827632066539	Immune-desert
CD8 T cell	EPIC	BS_XG0DBWVT	-0.7688960550484055	Immune-desert
CD8 T cell	EPIC	BS_XGDPK33A	-0.03222139870589998	Myeloid-dominant
CD8 T cell	EPIC	BS_XM1AHBDJ	-1.5101537861744454	Immune-desert
CD8 T cell	EPIC	BS_XQ5SFW35	0.11821897063918495	Myeloid-dominant
CD8 T cell	EPIC	BS_XQXXBWPD	0.2709046791857672	Lymphocyte-inflamed
CD8 T cell	EPIC	BS_XYVCMF4A	0.10121372252214257	Myeloid-dominant
CD8 T cell	EPIC	BS_XZM79E42	0.1929174916111207	Lymphocyte-inflamed
CD8 T cell	EPIC	BS_YA0KMBRT	-1.0920733372189126	Myeloid-dominant
CD8 T cell	EPIC	BS_YDEVMD24	-0.6699196273434741	Myeloid-dominant
CD8 T cell	EPIC	BS_YMKQT5V0	0.5534051013637787	Lymphocyte-inflamed
CD8 T cell	EPIC	BS_YR12D1ZY	-0.26366230405796653	Lymphocyte-inflamed
CD8 T cell	EPIC	BS_YSZRQ95C	-0.9067206036996266	Myeloid-dominant
CD8 T cell	EPIC	BS_YTWEM5SG	0.2736537777665263	Lymphocyte-inflamed
CD8 T cell	EPIC	BS_YZ2QFDAN	-0.618498053828543	Myeloid-dominant
CD8 T cell	EPIC	BS_Z0ZPD9S9	-1.6162157151332093	Lymphocyte-inflamed
CD8 T cell	EPIC	BS_Z3RCA1T9	0.9958009887663323	Myeloid-dominant
CD8 T cell	EPIC	BS_Z8F3GM85	-0.5438609185307355	Lymphocyte-inflamed
CD8 T cell	EPIC	BS_ZD5HN296	0.5902341097594381	Lymphocyte-inflamed
CD8 T cell	EPIC	BS_ZF6BSFNF	-0.4632162058536791	Myeloid-dominant
CD8 T cell	EPIC	BS_ZM97KKXE	-0.008591619451020646	Lymphocyte-inflamed
CD8 T cell	EPIC	BS_ZV1P6W9C	-0.41551380658198456	Immune-desert
CD8 T cell	EPIC	BS_ZVM8CAB0	2.202407112981449	Lymphocyte-inflamed
CD8 T cell	EPIC	BS_ZZWMD6FA	-0.45380371870386016	Lymphocyte-inflamed
NK cell	xCell	BS_00FD2KMP	-0.582179739952433	Immune-desert
NK cell	xCell	BS_028YFYJ6	0.6237841775815773	Myeloid-dominant
NK cell	xCell	BS_052PZFMK	-0.582179739952433	Immune-desert
NK cell	xCell	BS_056Q8577	0.6026869099462766	Lymphocyte-inflamed
NK cell	xCell	BS_08ST21QE	-0.582179739952433	Lymphocyte-inflamed
NK cell	xCell	BS_0C7VZC0A	-0.37009936831341184	Myeloid-dominant
NK cell	xCell	BS_0S8E7590	-0.582179739952433	Lymphocyte-inflamed
NK cell	xCell	BS_0VXZCRJS	-0.582179739952433	Myeloid-dominant
NK cell	xCell	BS_0XEBS3PG	-0.582179739952433	Immune-desert
NK cell	xCell	BS_0ZA67BBC	3.6205009991602295	Myeloid-dominant
NK cell	xCell	BS_12G04QJM	-0.582179739952433	Myeloid-dominant
NK cell	xCell	BS_17ZSMXFH	-0.582179739952433	Immune-desert
NK cell	xCell	BS_1A6MQ9ZA	-0.582179739952433	Myeloid-dominant
NK cell	xCell	BS_1D93Z575	-0.03179772451890926	Myeloid-dominant
NK cell	xCell	BS_1EN5V3XW	-0.582179739952433	Immune-desert
NK cell	xCell	BS_223BM91B	-0.582179739952433	Lymphocyte-inflamed
NK cell	xCell	BS_25HNKZ79	-0.582179739952433	Lymphocyte-inflamed
NK cell	xCell	BS_2853394H	-0.47397193560182466	Immune-desert
NK cell	xCell	BS_297H8BT4	-0.17126981066044727	Myeloid-dominant
NK cell	xCell	BS_29X4ZX6Q	-0.19857158191205845	Immune-desert
NK cell	xCell	BS_2A5R9MEJ	0.6090957360866197	Immune-desert
NK cell	xCell	BS_2ARXK0TD	-0.582179739952433	Lymphocyte-inflamed
NK cell	xCell	BS_2AV1H5TV	1.8524237925288152	Myeloid-dominant
NK cell	xCell	BS_2DMBCHNF	-0.582179739952433	Lymphocyte-inflamed
NK cell	xCell	BS_2EN3X6HB	0.2568795684692319	Myeloid-dominant
NK cell	xCell	BS_2FEZWH1F	-0.582179739952433	Lymphocyte-inflamed
NK cell	xCell	BS_2HNXVFAS	-0.0591237939995231	Myeloid-dominant
NK cell	xCell	BS_2JH1QMT1	-0.36006897868681825	Myeloid-dominant
NK cell	xCell	BS_2JP7RBMB	2.316363905112395	Myeloid-dominant
NK cell	xCell	BS_2K01T8K6	-0.11818818911959786	Lymphocyte-inflamed
NK cell	xCell	BS_2PDS3MSS	0.5700266899313466	Lymphocyte-inflamed
NK cell	xCell	BS_2T5PJAW8	-0.582179739952433	Myeloid-dominant
NK cell	xCell	BS_2WANPFBJ	-0.582179739952433	Lymphocyte-inflamed
NK cell	xCell	BS_30F3Z9FS	-0.582179739952433	Lymphocyte-inflamed
NK cell	xCell	BS_30VC3R2Q	0.19985875376805767	Myeloid-dominant
NK cell	xCell	BS_30YWQ3FY	-0.3647698858375281	Lymphocyte-inflamed
NK cell	xCell	BS_31MBRWC4	0.14227417080507873	Lymphocyte-inflamed
NK cell	xCell	BS_333KCNDP	-0.31334896035582527	Lymphocyte-inflamed
NK cell	xCell	BS_399RPKC9	0.48325039932580194	Myeloid-dominant
NK cell	xCell	BS_3AC3SRWH	2.8063412078961747	Immune-desert
NK cell	xCell	BS_3MS8WVNR	-0.582179739952433	Immune-desert
NK cell	xCell	BS_3ZPJAK9A	-0.582179739952433	Myeloid-dominant
NK cell	xCell	BS_45J79YTF	2.2603939668877793	Immune-desert
NK cell	xCell	BS_49BQS7Z6	6.127291131169963	Myeloid-dominant
NK cell	xCell	BS_49CJNZ06	-0.2622282488635596	Myeloid-dominant
NK cell	xCell	BS_4B0BAVTX	-0.582179739952433	Myeloid-dominant
NK cell	xCell	BS_4BM3F6XJ	-0.22550760268467107	Myeloid-dominant
NK cell	xCell	BS_4C6B11E4	-0.024576498243310024	Lymphocyte-inflamed
NK cell	xCell	BS_4GNN7J8E	-0.582179739952433	Lymphocyte-inflamed
NK cell	xCell	BS_4KNBXM3C	-0.4082155403407787	Lymphocyte-inflamed
NK cell	xCell	BS_4Q3KRCZT	-0.582179739952433	Lymphocyte-inflamed
NK cell	xCell	BS_4QW2S1Q8	-0.582179739952433	Lymphocyte-inflamed
NK cell	xCell	BS_4T0HQ9QF	-0.582179739952433	Myeloid-dominant
NK cell	xCell	BS_4V42BXBT	-0.582179739952433	Myeloid-dominant
NK cell	xCell	BS_51RA1PGE	-0.582179739952433	Myeloid-dominant
NK cell	xCell	BS_52C576HH	-0.582179739952433	Myeloid-dominant
NK cell	xCell	BS_5965SFPZ	-0.582179739952433	Immune-desert
NK cell	xCell	BS_5EFYPZT0	0.22558632934783115	Myeloid-dominant
NK cell	xCell	BS_5G5BD2MD	1.2564308365587205	Lymphocyte-inflamed
NK cell	xCell	BS_5K95FX4C	-0.582179739952433	Lymphocyte-inflamed
NK cell	xCell	BS_5KBXD2GQ	-0.582179739952433	Myeloid-dominant
NK cell	xCell	BS_5PXZ8F7W	1.0415019576103413	Myeloid-dominant
NK cell	xCell	BS_5VPM0F36	0.799351873411253	Lymphocyte-inflamed
NK cell	xCell	BS_62SW4CC5	-0.34322210473304193	Lymphocyte-inflamed
NK cell	xCell	BS_65WPD3DA	0.8757516888292013	Myeloid-dominant
NK cell	xCell	BS_68KX6A42	0.3421861193774092	Lymphocyte-inflamed
NK cell	xCell	BS_6DCSD5Y6	0.6305129953000433	Immune-desert
NK cell	xCell	BS_6H4Q24WA	-0.5766115303302822	Lymphocyte-inflamed
NK cell	xCell	BS_6M2053M0	-0.582179739952433	Myeloid-dominant
NK cell	xCell	BS_6SY64H5J	-0.582179739952433	Lymphocyte-inflamed
NK cell	xCell	BS_6VRG1XFB	2.8144514134029874	Myeloid-dominant
NK cell	xCell	BS_6WP1FHTE	-0.582179739952433	Lymphocyte-inflamed
NK cell	xCell	BS_7327SDAQ	-0.582179739952433	Myeloid-dominant
NK cell	xCell	BS_75YRDXET	-0.5410770247134815	Lymphocyte-inflamed
NK cell	xCell	BS_77SBTNPN	0.06409213860981972	Myeloid-dominant
NK cell	xCell	BS_7AEF4D4G	-0.582179739952433	Lymphocyte-inflamed
NK cell	xCell	BS_7APCGCVF	-0.582179739952433	Myeloid-dominant
NK cell	xCell	BS_7GJT4A6A	-0.582179739952433	Immune-desert
NK cell	xCell	BS_7GKWKGPH	0.4108901955178532	Lymphocyte-inflamed
NK cell	xCell	BS_7PVJ6Q3D	-0.07847206983254706	Immune-desert
NK cell	xCell	BS_7WKNNRHK	0.5432467717543128	Myeloid-dominant
NK cell	xCell	BS_84VZX732	2.613304068485206	Myeloid-dominant
NK cell	xCell	BS_84XCR9GG	-0.05706316981475328	Myeloid-dominant
NK cell	xCell	BS_8E8JKP01	-0.1621688540990628	Immune-desert
NK cell	xCell	BS_8ERBDF7D	-0.582179739952433	Immune-desert
NK cell	xCell	BS_8JK9TXH2	-0.3676836329437141	Myeloid-dominant
NK cell	xCell	BS_8VD670NP	-0.582179739952433	Myeloid-dominant
NK cell	xCell	BS_8YWYN7VH	-0.582179739952433	Lymphocyte-inflamed
NK cell	xCell	BS_8ZE4Z9G5	0.7360725608952599	Myeloid-dominant
NK cell	xCell	BS_8ZY4GST0	-0.582179739952433	Immune-desert
NK cell	xCell	BS_91VYM11A	-0.582179739952433	Myeloid-dominant
NK cell	xCell	BS_956G6QPJ	-0.33814556896732106	Myeloid-dominant
NK cell	xCell	BS_97M1E2DW	-0.582179739952433	Immune-desert
NK cell	xCell	BS_9A1YTHFF	-0.5499679970652751	Lymphocyte-inflamed
NK cell	xCell	BS_9B0A62MT	1.9113571596947174	Lymphocyte-inflamed
NK cell	xCell	BS_9CA93S6D	-0.582179739952433	Immune-desert
NK cell	xCell	BS_9FHEFJNP	1.7072578617378904	Myeloid-dominant
NK cell	xCell	BS_9FX3YREK	-0.582179739952433	Immune-desert
NK cell	xCell	BS_9GJ3DB1H	-0.582179739952433	Lymphocyte-inflamed
NK cell	xCell	BS_9JPQZQNG	-0.2053551772542083	Myeloid-dominant
NK cell	xCell	BS_9TXEDSWB	0.6782188046063546	Myeloid-dominant
NK cell	xCell	BS_9XVACXP0	-0.582179739952433	Myeloid-dominant
NK cell	xCell	BS_9Y1K14Q5	-0.5326824900565262	Myeloid-dominant
NK cell	xCell	BS_9ZJT0CP0	-0.582179739952433	Myeloid-dominant
NK cell	xCell	BS_A4PF49V0	0.6561312868081439	Immune-desert
NK cell	xCell	BS_A6NXR7RC	-0.1818615074147351	Myeloid-dominant
NK cell	xCell	BS_A7Q8G0Y1	-0.582179739952433	Myeloid-dominant
NK cell	xCell	BS_A8XW5S0W	-0.5009300393036397	Myeloid-dominant
NK cell	xCell	BS_AWH9757B	-0.582179739952433	Immune-desert
NK cell	xCell	BS_AYSXRQWY	-0.582179739952433	Myeloid-dominant
NK cell	xCell	BS_AZQM1JJH	-0.582179739952433	Lymphocyte-inflamed
NK cell	xCell	BS_B1C6GZ84	1.4869177723146731	Immune-desert
NK cell	xCell	BS_B3MQFFYP	0.13133130403946494	Lymphocyte-inflamed
NK cell	xCell	BS_B4R7X1KE	-0.582179739952433	Immune-desert
NK cell	xCell	BS_B57327NA	-0.582179739952433	Myeloid-dominant
NK cell	xCell	BS_BBAEMXRD	-0.582179739952433	Immune-desert
NK cell	xCell	BS_BBQ6BHGN	1.0318287792936445	Myeloid-dominant
NK cell	xCell	BS_BK0HGRXM	-0.582179739952433	Lymphocyte-inflamed
NK cell	xCell	BS_BMMY0H73	-0.582179739952433	Myeloid-dominant
NK cell	xCell	BS_C6ZZ3FY5	-0.582179739952433	Myeloid-dominant
NK cell	xCell	BS_C83TK159	-0.41217551763708876	Myeloid-dominant
NK cell	xCell	BS_CBDQZ8PP	-0.582179739952433	Immune-desert
NK cell	xCell	BS_CF63VG3S	2.6894957910391692	Myeloid-dominant
NK cell	xCell	BS_CFD3WHAY	-0.582179739952433	Myeloid-dominant
NK cell	xCell	BS_CG1RG607	-0.582179739952433	Lymphocyte-inflamed
NK cell	xCell	BS_CVEDJGHZ	-0.582179739952433	Lymphocyte-inflamed
NK cell	xCell	BS_CXAQDK7S	-0.582179739952433	Lymphocyte-inflamed
NK cell	xCell	BS_CZPQ493E	-0.582179739952433	Myeloid-dominant
NK cell	xCell	BS_D29RPBSZ	0.3805047260840521	Myeloid-dominant
NK cell	xCell	BS_D4VNDNQA	3.2186273172538216	Immune-desert
NK cell	xCell	BS_D6J2BGDJ	-0.23164133242216142	Immune-desert
NK cell	xCell	BS_DFGS950G	-0.582179739952433	Immune-desert
NK cell	xCell	BS_DNZVP92S	-0.582179739952433	Myeloid-dominant
NK cell	xCell	BS_DR079H0D	-0.582179739952433	Immune-desert
NK cell	xCell	BS_DS438CXE	-0.582179739952433	Immune-desert
NK cell	xCell	BS_DSPVSM7D	0.118458172938884	Myeloid-dominant
NK cell	xCell	BS_DZNXFPH1	-0.582179739952433	Lymphocyte-inflamed
NK cell	xCell	BS_E7NVYA6G	-0.582179739952433	Lymphocyte-inflamed
NK cell	xCell	BS_E9CYN4NP	-0.582179739952433	Immune-desert
NK cell	xCell	BS_EB0XRBT9	0.3268173960976922	Lymphocyte-inflamed
NK cell	xCell	BS_EDJ5TV0P	-0.582179739952433	Immune-desert
NK cell	xCell	BS_EMQM7HTA	-0.582179739952433	Myeloid-dominant
NK cell	xCell	BS_ENEYB4TG	-0.1726188723055907	Lymphocyte-inflamed
NK cell	xCell	BS_EXPJQZTH	-0.43888406573832184	Lymphocyte-inflamed
NK cell	xCell	BS_EZ3147MX	-0.5088527391447337	Myeloid-dominant
NK cell	xCell	BS_F0JB4EAK	-0.582179739952433	Immune-desert
NK cell	xCell	BS_F21R36MM	2.130254287268575	Myeloid-dominant
NK cell	xCell	BS_F65GWS21	0.8084396151475872	Myeloid-dominant
NK cell	xCell	BS_F6V1Y4QS	-0.582179739952433	Myeloid-dominant
NK cell	xCell	BS_F9Y4Z92G	-0.582179739952433	Immune-desert
NK cell	xCell	BS_FCDAH728	1.2523752947319797	Myeloid-dominant
NK cell	xCell	BS_FEV5A0HN	-0.14550523270263763	Immune-desert
NK cell	xCell	BS_FGJH1X0S	-0.582179739952433	Myeloid-dominant
NK cell	xCell	BS_FKASA3MN	-0.08938487231929146	Immune-desert
NK cell	xCell	BS_FN07P04C	-0.582179739952433	Immune-desert
NK cell	xCell	BS_FX2P2WEG	-0.12703683421556347	Lymphocyte-inflamed
NK cell	xCell	BS_FXJY0MNH	-0.582179739952433	Lymphocyte-inflamed
NK cell	xCell	BS_FYP2B298	-0.582179739952433	Immune-desert
NK cell	xCell	BS_G19QZG4S	-0.582179739952433	Myeloid-dominant
NK cell	xCell	BS_G1E5DATJ	0.06410978922083814	Myeloid-dominant
NK cell	xCell	BS_G257VSS9	-0.582179739952433	Immune-desert
NK cell	xCell	BS_G3NN392N	0.7432819461271433	Myeloid-dominant
NK cell	xCell	BS_G3RJTBZD	-0.4257366247090568	Immune-desert
NK cell	xCell	BS_G5NHSFD4	-0.582179739952433	Immune-desert
NK cell	xCell	BS_G8TXTX0H	-0.582179739952433	Myeloid-dominant
NK cell	xCell	BS_GG9W3J9Y	0.7406782515006084	Immune-desert
NK cell	xCell	BS_GW0GKWMS	-0.582179739952433	Myeloid-dominant
NK cell	xCell	BS_GWHYM3R4	1.3404361963519729	Myeloid-dominant
NK cell	xCell	BS_GWSJ4Z9H	0.34773921653978634	Lymphocyte-inflamed
NK cell	xCell	BS_H5VQJR7X	-0.582179739952433	Myeloid-dominant
NK cell	xCell	BS_H97S5SQN	0.9852796362854044	Myeloid-dominant
NK cell	xCell	BS_H9JYKFTV	-0.24633763387399715	Myeloid-dominant
NK cell	xCell	BS_HDHXX8Q7	-0.17476924108370134	Myeloid-dominant
NK cell	xCell	BS_HDPCQETG	-0.582179739952433	Lymphocyte-inflamed
NK cell	xCell	BS_HJRTC9JQ	0.15589264560506574	Lymphocyte-inflamed
NK cell	xCell	BS_HJV0J603	0.228099161400248	Lymphocyte-inflamed
NK cell	xCell	BS_HRJ9145M	-0.582179739952433	Lymphocyte-inflamed
NK cell	xCell	BS_HWGWYCY7	1.3606531010640763	Lymphocyte-inflamed
NK cell	xCell	BS_HZ9AYDCQ	0.8263300604361524	Lymphocyte-inflamed
NK cell	xCell	BS_J4JY2F3H	-0.582179739952433	Lymphocyte-inflamed
NK cell	xCell	BS_J6212Y48	1.1084476262250582	Myeloid-dominant
NK cell	xCell	BS_J6W1RB7A	1.9743373324335005	Myeloid-dominant
NK cell	xCell	BS_J9CBGP57	-0.582179739952433	Myeloid-dominant
NK cell	xCell	BS_JB43XBCQ	-0.582179739952433	Lymphocyte-inflamed
NK cell	xCell	BS_JDSNFYQ0	0.4054865602470076	Lymphocyte-inflamed
NK cell	xCell	BS_JJVH7WR0	-0.582179739952433	Immune-desert
NK cell	xCell	BS_JMD386Z2	-0.582179739952433	Myeloid-dominant
NK cell	xCell	BS_JP95KMRD	-0.582179739952433	Lymphocyte-inflamed
NK cell	xCell	BS_JQGJQ2QZ	-0.42707015099472834	Myeloid-dominant
NK cell	xCell	BS_JQVAWTTM	-0.582179739952433	Myeloid-dominant
NK cell	xCell	BS_JQXHHK0K	0.005448796815497809	Immune-desert
NK cell	xCell	BS_JRYJGYC4	-0.3698709770520063	Myeloid-dominant
NK cell	xCell	BS_JS95PE0J	-0.582179739952433	Myeloid-dominant
NK cell	xCell	BS_JTWNJ8T7	-0.582179739952433	Immune-desert
NK cell	xCell	BS_JVW2JJ39	-0.582179739952433	Immune-desert
NK cell	xCell	BS_K0X3PZGN	-0.5211506670077559	Lymphocyte-inflamed
NK cell	xCell	BS_K17VQECG	-0.582179739952433	Lymphocyte-inflamed
NK cell	xCell	BS_K2PCC777	-0.48155315873554644	Lymphocyte-inflamed
NK cell	xCell	BS_K74N1BXQ	1.7602428462275812	Myeloid-dominant
NK cell	xCell	BS_K81PZXP2	0.13881247673688005	Lymphocyte-inflamed
NK cell	xCell	BS_K88T8SW7	-0.042856711694319774	Lymphocyte-inflamed
NK cell	xCell	BS_KABQQA0T	0.4317172535816044	Immune-desert
NK cell	xCell	BS_KBEX4RT2	3.119598495669442	Myeloid-dominant
NK cell	xCell	BS_KFD5128N	-0.582179739952433	Myeloid-dominant
NK cell	xCell	BS_KKDTW11T	1.8747302869730378	Immune-desert
NK cell	xCell	BS_KP735TJ6	-0.08154798475185623	Immune-desert
NK cell	xCell	BS_KQ6ZW085	0.12816629753772016	Myeloid-dominant
NK cell	xCell	BS_KRS4EV4X	0.12015649825657336	Myeloid-dominant
NK cell	xCell	BS_KS8HMGA6	-0.582179739952433	Lymphocyte-inflamed
NK cell	xCell	BS_KVPWHDR4	-0.17950888306782647	Myeloid-dominant
NK cell	xCell	BS_M0FA190Y	0.09916681059371385	Myeloid-dominant
NK cell	xCell	BS_M0XGZ53Z	-0.582179739952433	Immune-desert
NK cell	xCell	BS_M1PVEHCM	-0.582179739952433	Immune-desert
NK cell	xCell	BS_M54TWTH4	0.25776052613982764	Myeloid-dominant
NK cell	xCell	BS_M7XB258E	-0.582179739952433	Lymphocyte-inflamed
NK cell	xCell	BS_M85CXHDV	1.0094426236064649	Lymphocyte-inflamed
NK cell	xCell	BS_MB7WN0ZB	-0.582179739952433	Myeloid-dominant
NK cell	xCell	BS_MD0937XT	-0.582179739952433	Immune-desert
NK cell	xCell	BS_MDBT7S5Z	-0.582179739952433	Immune-desert
NK cell	xCell	BS_ME6VQGG4	-0.582179739952433	Myeloid-dominant
NK cell	xCell	BS_MFGZH8FK	-0.1464681255301648	Myeloid-dominant
NK cell	xCell	BS_MG78HQDM	-0.5289545735834454	Immune-desert
NK cell	xCell	BS_MWWZBQ60	-0.017430023174861586	Myeloid-dominant
NK cell	xCell	BS_N6TQBQ8M	1.4288348449093753	Myeloid-dominant
NK cell	xCell	BS_N7SW36FD	-0.582179739952433	Lymphocyte-inflamed
NK cell	xCell	BS_N7VQ1GQB	-0.582179739952433	Lymphocyte-inflamed
NK cell	xCell	BS_NB9XXBW6	-0.582179739952433	Myeloid-dominant
NK cell	xCell	BS_NEFAASTR	-0.582179739952433	Lymphocyte-inflamed
NK cell	xCell	BS_NEVYM2FP	-0.582179739952433	Myeloid-dominant
NK cell	xCell	BS_NFKKDYSV	0.7106955260572831	Lymphocyte-inflamed
NK cell	xCell	BS_NGSG2KB6	-0.582179739952433	Lymphocyte-inflamed
NK cell	xCell	BS_NNYXMSTX	-0.582179739952433	Lymphocyte-inflamed
NK cell	xCell	BS_NPA6CZQF	-0.582179739952433	Immune-desert
NK cell	xCell	BS_NQ54ST98	0.13635414741125412	Lymphocyte-inflamed
NK cell	xCell	BS_NR3P3GN2	-0.582179739952433	Myeloid-dominant
NK cell	xCell	BS_NX1R0BC3	-0.582179739952433	Lymphocyte-inflamed
NK cell	xCell	BS_P0QF87WC	3.317875192015114	Myeloid-dominant
NK cell	xCell	BS_P4PMWFMV	-0.582179739952433	Myeloid-dominant
NK cell	xCell	BS_P7W3AYKV	-0.1769684933434748	Myeloid-dominant
NK cell	xCell	BS_PENM28KT	-0.582179739952433	Myeloid-dominant
NK cell	xCell	BS_PJC6FH4Y	-0.582179739952433	Lymphocyte-inflamed
NK cell	xCell	BS_PS0P3QJ3	0.36894672491885777	Myeloid-dominant
NK cell	xCell	BS_PXCPK5XS	-0.582179739952433	Myeloid-dominant
NK cell	xCell	BS_PZVHMSYN	-0.23033430512011188	Myeloid-dominant
NK cell	xCell	BS_Q06J3RYW	-0.582179739952433	Lymphocyte-inflamed
NK cell	xCell	BS_Q35GFYDR	-0.582179739952433	Myeloid-dominant
NK cell	xCell	BS_Q9N5PRD5	2.6077004401727475	Myeloid-dominant
NK cell	xCell	BS_QB84TBA3	-0.582179739952433	Immune-desert
NK cell	xCell	BS_QGKEP3KB	0.2638643633069507	Lymphocyte-inflamed
NK cell	xCell	BS_QH0VYVJK	-0.582179739952433	Myeloid-dominant
NK cell	xCell	BS_QHY302E8	-0.48084000481089684	Lymphocyte-inflamed
NK cell	xCell	BS_QMBS32Y2	-0.582179739952433	Myeloid-dominant
NK cell	xCell	BS_QNNX91SM	-0.582179739952433	Myeloid-dominant
NK cell	xCell	BS_QY2G1JZJ	-0.09242448994841548	Myeloid-dominant
NK cell	xCell	BS_QYA4TQXX	1.0456307128642943	Immune-desert
NK cell	xCell	BS_R5JQE0VJ	0.28054068458872666	Myeloid-dominant
NK cell	xCell	BS_R5SNFB5B	-0.582179739952433	Immune-desert
NK cell	xCell	BS_R9B92M75	0.6597963103163776	Myeloid-dominant
NK cell	xCell	BS_RHAWQJ48	-0.582179739952433	Lymphocyte-inflamed
NK cell	xCell	BS_RHM60031	-0.582179739952433	Myeloid-dominant
NK cell	xCell	BS_RJC3WDD6	0.8429457440755544	Immune-desert
NK cell	xCell	BS_RN0VAY51	-0.582179739952433	Myeloid-dominant
NK cell	xCell	BS_RX1YTZ7F	-0.582179739952433	Myeloid-dominant
NK cell	xCell	BS_RZBFH1QF	1.2140672526921303	Immune-desert
NK cell	xCell	BS_S2TA8R29	-0.21458542148729876	Myeloid-dominant
NK cell	xCell	BS_S3C2PZAH	1.0898801943487948	Myeloid-dominant
NK cell	xCell	BS_S3MET0JZ	0.6175647326783212	Myeloid-dominant
NK cell	xCell	BS_S4V9E1XJ	0.8361865022455044	Lymphocyte-inflamed
NK cell	xCell	BS_S5P8VTN5	0.34203564443945317	Myeloid-dominant
NK cell	xCell	BS_S6B9DVNS	0.2503038062350762	Immune-desert
NK cell	xCell	BS_S6S7SK3P	-0.582179739952433	Immune-desert
NK cell	xCell	BS_S8K878T3	1.0903645443988013	Lymphocyte-inflamed
NK cell	xCell	BS_SBMAM00V	0.8268463391178571	Myeloid-dominant
NK cell	xCell	BS_SBMCD7XZ	-0.5177699228360026	Myeloid-dominant
NK cell	xCell	BS_SD0EMK7Y	5.830679084275329	Lymphocyte-inflamed
NK cell	xCell	BS_SD8YBRBR	-0.582179739952433	Immune-desert
NK cell	xCell	BS_SERDGASJ	-0.582179739952433	Lymphocyte-inflamed
NK cell	xCell	BS_SJVTZ5TH	0.8486578921879686	Myeloid-dominant
NK cell	xCell	BS_SMWQR2F1	-0.582179739952433	Myeloid-dominant
NK cell	xCell	BS_SNVM7CZT	-0.582179739952433	Myeloid-dominant
NK cell	xCell	BS_SR2RGDXJ	1.2200485689360476	Myeloid-dominant
NK cell	xCell	BS_SW9Z10F9	0.2229217642311049	Lymphocyte-inflamed
NK cell	xCell	BS_SY3J3XR9	-0.34544884119390223	Immune-desert
NK cell	xCell	BS_T1YHK6B7	3.074838856556349	Myeloid-dominant
NK cell	xCell	BS_T2F48Z4E	2.045186673439269	Lymphocyte-inflamed
NK cell	xCell	BS_T9A8JJW5	-0.582179739952433	Myeloid-dominant
NK cell	xCell	BS_TASG32Z2	-0.5769768274222257	Myeloid-dominant
NK cell	xCell	BS_TGS109T3	-0.582179739952433	Immune-desert
NK cell	xCell	BS_TM9MH0RP	-0.47397050093339643	Myeloid-dominant
NK cell	xCell	BS_TR2P8KRF	-0.582179739952433	Myeloid-dominant
NK cell	xCell	BS_TRKH2SPE	2.598037189109609	Myeloid-dominant
NK cell	xCell	BS_TRPXB3AV	0.04986011151358932	Myeloid-dominant
NK cell	xCell	BS_TTDNZTZ0	-0.582179739952433	Lymphocyte-inflamed
NK cell	xCell	BS_TTE04ZP8	-0.582179739952433	Lymphocyte-inflamed
NK cell	xCell	BS_TV5B86ZD	-0.562608727428489	Immune-desert
NK cell	xCell	BS_TVH33J9Q	-0.582179739952433	Myeloid-dominant
NK cell	xCell	BS_TXZ7KHTQ	-0.582179739952433	Myeloid-dominant
NK cell	xCell	BS_V0DQFC75	1.0253211265684252	Myeloid-dominant
NK cell	xCell	BS_V3Z3DB4N	-0.582179739952433	Immune-desert
NK cell	xCell	BS_V558NW3Q	-0.582179739952433	Lymphocyte-inflamed
NK cell	xCell	BS_V6RSB5HQ	-0.582179739952433	Myeloid-dominant
NK cell	xCell	BS_V8QWBVS3	2.619486440411032	Lymphocyte-inflamed
NK cell	xCell	BS_VBMRQK4F	-0.582179739952433	Myeloid-dominant
NK cell	xCell	BS_VDFXXMEX	-0.582179739952433	Immune-desert
NK cell	xCell	BS_VF3NVT4G	-0.582179739952433	Lymphocyte-inflamed
NK cell	xCell	BS_VKH87DD2	-0.582179739952433	Lymphocyte-inflamed
NK cell	xCell	BS_VKHJG2B8	-0.16430810939060575	Myeloid-dominant
NK cell	xCell	BS_VKYEM67A	-0.582179739952433	Lymphocyte-inflamed
NK cell	xCell	BS_VMQMGSJY	-0.582179739952433	Lymphocyte-inflamed
NK cell	xCell	BS_VVTHDRBD	0.46942493085088316	Myeloid-dominant
NK cell	xCell	BS_W1385R8Y	2.1912394019318637	Immune-desert
NK cell	xCell	BS_W4DB5RP1	-0.582179739952433	Immune-desert
NK cell	xCell	BS_W7MFJZ5A	0.2991402225262821	Lymphocyte-inflamed
NK cell	xCell	BS_WBVSK3MP	0.9763979273252635	Immune-desert
NK cell	xCell	BS_WEKK6SHP	-0.582179739952433	Myeloid-dominant
NK cell	xCell	BS_WHBEXD5H	0.035976803443952154	Lymphocyte-inflamed
NK cell	xCell	BS_WQ1YRTAT	-0.582179739952433	Immune-desert
NK cell	xCell	BS_WTJEDTZC	-0.582179739952433	Myeloid-dominant
NK cell	xCell	BS_WVRX4C9Z	-0.582179739952433	Lymphocyte-inflamed
NK cell	xCell	BS_X0XXN9BK	-0.582179739952433	Lymphocyte-inflamed
NK cell	xCell	BS_X1G0TKP4	-0.582179739952433	Myeloid-dominant
NK cell	xCell	BS_X20JCR4H	-0.27219338334776066	Lymphocyte-inflamed
NK cell	xCell	BS_X23724NJ	-0.582179739952433	Myeloid-dominant
NK cell	xCell	BS_X3HR4Z21	0.25234285003913004	Myeloid-dominant
NK cell	xCell	BS_X4DD4KSZ	-0.582179739952433	Lymphocyte-inflamed
NK cell	xCell	BS_X4X1SFSE	-0.582179739952433	Immune-desert
NK cell	xCell	BS_XG0DBWVT	-0.582179739952433	Immune-desert
NK cell	xCell	BS_XGDPK33A	-0.047229267964494254	Myeloid-dominant
NK cell	xCell	BS_XM1AHBDJ	-0.582179739952433	Immune-desert
NK cell	xCell	BS_XQ5SFW35	0.07892250494380607	Myeloid-dominant
NK cell	xCell	BS_XQXXBWPD	0.00413290860925914	Lymphocyte-inflamed
NK cell	xCell	BS_XYVCMF4A	-0.582179739952433	Myeloid-dominant
NK cell	xCell	BS_XZM79E42	0.14390938859857413	Lymphocyte-inflamed
NK cell	xCell	BS_YA0KMBRT	4.410707953917059	Myeloid-dominant
NK cell	xCell	BS_YDEVMD24	-0.582179739952433	Myeloid-dominant
NK cell	xCell	BS_YMKQT5V0	-0.582179739952433	Lymphocyte-inflamed
NK cell	xCell	BS_YR12D1ZY	-0.582179739952433	Lymphocyte-inflamed
NK cell	xCell	BS_YSZRQ95C	-0.582179739952433	Myeloid-dominant
NK cell	xCell	BS_YTWEM5SG	0.2433214360259934	Lymphocyte-inflamed
NK cell	xCell	BS_YZ2QFDAN	-0.582179739952433	Myeloid-dominant
NK cell	xCell	BS_Z0ZPD9S9	1.4397633306008197	Lymphocyte-inflamed
NK cell	xCell	BS_Z3RCA1T9	-0.0668513203649248	Myeloid-dominant
NK cell	xCell	BS_Z8F3GM85	-0.582179739952433	Lymphocyte-inflamed
NK cell	xCell	BS_ZD5HN296	-0.1986054581026379	Lymphocyte-inflamed
NK cell	xCell	BS_ZF6BSFNF	1.0461108574036926	Myeloid-dominant
NK cell	xCell	BS_ZM97KKXE	-0.582179739952433	Lymphocyte-inflamed
NK cell	xCell	BS_ZV1P6W9C	-0.582179739952433	Immune-desert
NK cell	xCell	BS_ZVM8CAB0	-0.582179739952433	Lymphocyte-inflamed
NK cell	xCell	BS_ZZWMD6FA	-0.582179739952433	Lymphocyte-inflamed
NK cell	quanTIseq	BS_00FD2KMP	-0.20217763852927975	Immune-desert
NK cell	quanTIseq	BS_028YFYJ6	-0.14464377640780066	Myeloid-dominant
NK cell	quanTIseq	BS_052PZFMK	-0.7961064701199806	Immune-desert
NK cell	quanTIseq	BS_056Q8577	1.2289298108261921	Lymphocyte-inflamed
NK cell	quanTIseq	BS_08ST21QE	-0.9905268765034877	Lymphocyte-inflamed
NK cell	quanTIseq	BS_0C7VZC0A	-0.774189262443703	Myeloid-dominant
NK cell	quanTIseq	BS_0S8E7590	1.2037585424438229	Lymphocyte-inflamed
NK cell	quanTIseq	BS_0VXZCRJS	-0.5512191460510059	Myeloid-dominant
NK cell	quanTIseq	BS_0XEBS3PG	1.290925557911306	Immune-desert
NK cell	quanTIseq	BS_0ZA67BBC	0.6392013176498994	Myeloid-dominant
NK cell	quanTIseq	BS_12G04QJM	-0.4433160447103065	Myeloid-dominant
NK cell	quanTIseq	BS_17ZSMXFH	1.1036490082100208	Immune-desert
NK cell	quanTIseq	BS_1A6MQ9ZA	-0.7360421171082739	Myeloid-dominant
NK cell	quanTIseq	BS_1D93Z575	-0.5823519887422074	Myeloid-dominant
NK cell	quanTIseq	BS_1EN5V3XW	-0.035084960284062355	Immune-desert
NK cell	quanTIseq	BS_223BM91B	-0.5593671977991405	Lymphocyte-inflamed
NK cell	quanTIseq	BS_25HNKZ79	-0.04554734057421261	Lymphocyte-inflamed
NK cell	quanTIseq	BS_2853394H	-0.20093177223200243	Immune-desert
NK cell	quanTIseq	BS_297H8BT4	-0.20595550406444377	Myeloid-dominant
NK cell	quanTIseq	BS_29X4ZX6Q	-0.682507184358682	Immune-desert
NK cell	quanTIseq	BS_2A5R9MEJ	-0.8201046461328428	Immune-desert
NK cell	quanTIseq	BS_2ARXK0TD	2.59615734932829	Lymphocyte-inflamed
NK cell	quanTIseq	BS_2AV1H5TV	-0.8045233804343022	Myeloid-dominant
NK cell	quanTIseq	BS_2DMBCHNF	-0.7864424039613465	Lymphocyte-inflamed
NK cell	quanTIseq	BS_2EN3X6HB	-0.7118317658019627	Myeloid-dominant
NK cell	quanTIseq	BS_2FEZWH1F	-0.5249330917418584	Lymphocyte-inflamed
NK cell	quanTIseq	BS_2HNXVFAS	-0.37073850805924774	Myeloid-dominant
NK cell	quanTIseq	BS_2JH1QMT1	0.20244602037077006	Myeloid-dominant
NK cell	quanTIseq	BS_2JP7RBMB	1.1526238448850594	Myeloid-dominant
NK cell	quanTIseq	BS_2K01T8K6	1.916151665005876	Lymphocyte-inflamed
NK cell	quanTIseq	BS_2PDS3MSS	-0.4609936178292208	Lymphocyte-inflamed
NK cell	quanTIseq	BS_2T5PJAW8	0.05675140921714477	Myeloid-dominant
NK cell	quanTIseq	BS_2WANPFBJ	-0.4086791428347523	Lymphocyte-inflamed
NK cell	quanTIseq	BS_30F3Z9FS	2.6517474204457354	Lymphocyte-inflamed
NK cell	quanTIseq	BS_30VC3R2Q	-0.6762319903350738	Myeloid-dominant
NK cell	quanTIseq	BS_30YWQ3FY	0.6253474270638018	Lymphocyte-inflamed
NK cell	quanTIseq	BS_31MBRWC4	1.870259844545182	Lymphocyte-inflamed
NK cell	quanTIseq	BS_333KCNDP	1.310358199677446	Lymphocyte-inflamed
NK cell	quanTIseq	BS_399RPKC9	-0.6941676817313771	Myeloid-dominant
NK cell	quanTIseq	BS_3AC3SRWH	-0.7747981890461277	Immune-desert
NK cell	quanTIseq	BS_3MS8WVNR	-0.6156077773254016	Immune-desert
NK cell	quanTIseq	BS_3ZPJAK9A	-0.350476968228674	Myeloid-dominant
NK cell	quanTIseq	BS_45J79YTF	-0.14267402314008412	Immune-desert
NK cell	quanTIseq	BS_49BQS7Z6	-0.2975280738208024	Myeloid-dominant
NK cell	quanTIseq	BS_49CJNZ06	-0.5047867779805028	Myeloid-dominant
NK cell	quanTIseq	BS_4B0BAVTX	-0.7280315438460915	Myeloid-dominant
NK cell	quanTIseq	BS_4BM3F6XJ	-0.17451064671034705	Myeloid-dominant
NK cell	quanTIseq	BS_4C6B11E4	-0.8963565170708474	Lymphocyte-inflamed
NK cell	quanTIseq	BS_4GNN7J8E	2.759779891946324	Lymphocyte-inflamed
NK cell	quanTIseq	BS_4KNBXM3C	-0.7775406374270052	Lymphocyte-inflamed
NK cell	quanTIseq	BS_4Q3KRCZT	1.6040232059544122	Lymphocyte-inflamed
NK cell	quanTIseq	BS_4QW2S1Q8	-0.8149296271322034	Lymphocyte-inflamed
NK cell	quanTIseq	BS_4T0HQ9QF	-0.5091018714683069	Myeloid-dominant
NK cell	quanTIseq	BS_4V42BXBT	-0.08179598484810784	Myeloid-dominant
NK cell	quanTIseq	BS_51RA1PGE	-0.9750867020963481	Myeloid-dominant
NK cell	quanTIseq	BS_52C576HH	-0.025147826873477518	Myeloid-dominant
NK cell	quanTIseq	BS_5965SFPZ	-0.3111123613142904	Immune-desert
NK cell	quanTIseq	BS_5EFYPZT0	-0.8014021955551973	Myeloid-dominant
NK cell	quanTIseq	BS_5G5BD2MD	-1.0107853475647415	Lymphocyte-inflamed
NK cell	quanTIseq	BS_5K95FX4C	0.6498586751272292	Lymphocyte-inflamed
NK cell	quanTIseq	BS_5KBXD2GQ	-0.5781082817837118	Myeloid-dominant
NK cell	quanTIseq	BS_5PXZ8F7W	-0.31191047701513697	Myeloid-dominant
NK cell	quanTIseq	BS_5VPM0F36	-0.5402888293309742	Lymphocyte-inflamed
NK cell	quanTIseq	BS_62SW4CC5	0.015070169125155127	Lymphocyte-inflamed
NK cell	quanTIseq	BS_65WPD3DA	2.6686991447479786	Myeloid-dominant
NK cell	quanTIseq	BS_68KX6A42	0.8112971416413643	Lymphocyte-inflamed
NK cell	quanTIseq	BS_6DCSD5Y6	-0.8605932517988801	Immune-desert
NK cell	quanTIseq	BS_6H4Q24WA	2.350917482246712	Lymphocyte-inflamed
NK cell	quanTIseq	BS_6M2053M0	0.23571479297186165	Myeloid-dominant
NK cell	quanTIseq	BS_6SY64H5J	1.666327395551352	Lymphocyte-inflamed
NK cell	quanTIseq	BS_6VRG1XFB	-0.16455541897507592	Myeloid-dominant
NK cell	quanTIseq	BS_6WP1FHTE	-0.783483883086995	Lymphocyte-inflamed
NK cell	quanTIseq	BS_7327SDAQ	-0.7188273228608045	Myeloid-dominant
NK cell	quanTIseq	BS_75YRDXET	-0.5967317881994014	Lymphocyte-inflamed
NK cell	quanTIseq	BS_77SBTNPN	1.4241174362170035	Myeloid-dominant
NK cell	quanTIseq	BS_7AEF4D4G	-0.569165804776016	Lymphocyte-inflamed
NK cell	quanTIseq	BS_7APCGCVF	-0.97613468735513	Myeloid-dominant
NK cell	quanTIseq	BS_7GJT4A6A	-0.583886095329752	Immune-desert
NK cell	quanTIseq	BS_7GKWKGPH	-0.724327336089553	Lymphocyte-inflamed
NK cell	quanTIseq	BS_7PVJ6Q3D	-0.2525810732521877	Immune-desert
NK cell	quanTIseq	BS_7WKNNRHK	-0.6346442766836341	Myeloid-dominant
NK cell	quanTIseq	BS_84VZX732	-0.5568039678771314	Myeloid-dominant
NK cell	quanTIseq	BS_84XCR9GG	-0.8619906940542573	Myeloid-dominant
NK cell	quanTIseq	BS_8E8JKP01	-0.3794348236031512	Immune-desert
NK cell	quanTIseq	BS_8ERBDF7D	-0.38596275018904597	Immune-desert
NK cell	quanTIseq	BS_8JK9TXH2	-0.24305233153360936	Myeloid-dominant
NK cell	quanTIseq	BS_8VD670NP	-0.34801675088477824	Myeloid-dominant
NK cell	quanTIseq	BS_8YWYN7VH	0.42002297936359906	Lymphocyte-inflamed
NK cell	quanTIseq	BS_8ZE4Z9G5	0.3110281789126859	Myeloid-dominant
NK cell	quanTIseq	BS_8ZY4GST0	0.8269376623720748	Immune-desert
NK cell	quanTIseq	BS_91VYM11A	-0.8988935407644026	Myeloid-dominant
NK cell	quanTIseq	BS_956G6QPJ	0.20371821182977407	Myeloid-dominant
NK cell	quanTIseq	BS_97M1E2DW	-0.49125315298057315	Immune-desert
NK cell	quanTIseq	BS_9A1YTHFF	2.128893501843445	Lymphocyte-inflamed
NK cell	quanTIseq	BS_9B0A62MT	0.12205977113434904	Lymphocyte-inflamed
NK cell	quanTIseq	BS_9CA93S6D	-0.6264767978754755	Immune-desert
NK cell	quanTIseq	BS_9FHEFJNP	1.0089531861846177	Myeloid-dominant
NK cell	quanTIseq	BS_9FX3YREK	-0.038310803825956065	Immune-desert
NK cell	quanTIseq	BS_9GJ3DB1H	1.3428818635721433	Lymphocyte-inflamed
NK cell	quanTIseq	BS_9JPQZQNG	-1.0914083721199146	Myeloid-dominant
NK cell	quanTIseq	BS_9TXEDSWB	-0.8658565075287514	Myeloid-dominant
NK cell	quanTIseq	BS_9XVACXP0	-0.9144909657532392	Myeloid-dominant
NK cell	quanTIseq	BS_9Y1K14Q5	-0.4168091210123278	Myeloid-dominant
NK cell	quanTIseq	BS_9ZJT0CP0	-0.6404207726400146	Myeloid-dominant
NK cell	quanTIseq	BS_A4PF49V0	-0.1062704239868749	Immune-desert
NK cell	quanTIseq	BS_A6NXR7RC	-0.32844673651838224	Myeloid-dominant
NK cell	quanTIseq	BS_A7Q8G0Y1	-0.7085656259817794	Myeloid-dominant
NK cell	quanTIseq	BS_A8XW5S0W	2.054629788036371	Myeloid-dominant
NK cell	quanTIseq	BS_AWH9757B	-0.2958558633147934	Immune-desert
NK cell	quanTIseq	BS_AYSXRQWY	-0.4999099021019465	Myeloid-dominant
NK cell	quanTIseq	BS_AZQM1JJH	1.8199754800960872	Lymphocyte-inflamed
NK cell	quanTIseq	BS_B1C6GZ84	-0.7138446030977568	Immune-desert
NK cell	quanTIseq	BS_B3MQFFYP	-0.8406973358984934	Lymphocyte-inflamed
NK cell	quanTIseq	BS_B4R7X1KE	-0.2447670753512136	Immune-desert
NK cell	quanTIseq	BS_B57327NA	-0.673747148464905	Myeloid-dominant
NK cell	quanTIseq	BS_BBAEMXRD	-0.7652281017676127	Immune-desert
NK cell	quanTIseq	BS_BBQ6BHGN	-0.41033662532027076	Myeloid-dominant
NK cell	quanTIseq	BS_BK0HGRXM	2.995907773960023	Lymphocyte-inflamed
NK cell	quanTIseq	BS_BMMY0H73	-0.12541810716510202	Myeloid-dominant
NK cell	quanTIseq	BS_C6ZZ3FY5	-0.49129242341574986	Myeloid-dominant
NK cell	quanTIseq	BS_C83TK159	1.1348336447073488	Myeloid-dominant
NK cell	quanTIseq	BS_CBDQZ8PP	0.6544824947773322	Immune-desert
NK cell	quanTIseq	BS_CF63VG3S	2.402084760763526	Myeloid-dominant
NK cell	quanTIseq	BS_CFD3WHAY	0.5971212445201985	Myeloid-dominant
NK cell	quanTIseq	BS_CG1RG607	0.785437781889305	Lymphocyte-inflamed
NK cell	quanTIseq	BS_CVEDJGHZ	2.7218545596391817	Lymphocyte-inflamed
NK cell	quanTIseq	BS_CXAQDK7S	-0.4425474373765975	Lymphocyte-inflamed
NK cell	quanTIseq	BS_CZPQ493E	-0.3393425027672906	Myeloid-dominant
NK cell	quanTIseq	BS_D29RPBSZ	-0.9587804756186323	Myeloid-dominant
NK cell	quanTIseq	BS_D4VNDNQA	0.2812272536993245	Immune-desert
NK cell	quanTIseq	BS_D6J2BGDJ	-0.14010012478012668	Immune-desert
NK cell	quanTIseq	BS_DFGS950G	-0.9576534116399198	Immune-desert
NK cell	quanTIseq	BS_DNZVP92S	0.10989978725221046	Myeloid-dominant
NK cell	quanTIseq	BS_DR079H0D	2.2400676697063187	Immune-desert
NK cell	quanTIseq	BS_DS438CXE	-0.8664701716682656	Immune-desert
NK cell	quanTIseq	BS_DSPVSM7D	0.09037304306667113	Myeloid-dominant
NK cell	quanTIseq	BS_DZNXFPH1	-0.9630831848441692	Lymphocyte-inflamed
NK cell	quanTIseq	BS_E7NVYA6G	-0.6477903330012742	Lymphocyte-inflamed
NK cell	quanTIseq	BS_E9CYN4NP	0.14637088159710407	Immune-desert
NK cell	quanTIseq	BS_EB0XRBT9	1.6726720782907705	Lymphocyte-inflamed
NK cell	quanTIseq	BS_EDJ5TV0P	-0.13673756329419104	Immune-desert
NK cell	quanTIseq	BS_EMQM7HTA	0.6774847882929864	Myeloid-dominant
NK cell	quanTIseq	BS_ENEYB4TG	1.613006142222566	Lymphocyte-inflamed
NK cell	quanTIseq	BS_EXPJQZTH	-0.9373761992393657	Lymphocyte-inflamed
NK cell	quanTIseq	BS_EZ3147MX	0.8168101163427136	Myeloid-dominant
NK cell	quanTIseq	BS_F0JB4EAK	0.38235062955142646	Immune-desert
NK cell	quanTIseq	BS_F21R36MM	-0.5735380050332608	Myeloid-dominant
NK cell	quanTIseq	BS_F65GWS21	-0.5303604633414768	Myeloid-dominant
NK cell	quanTIseq	BS_F6V1Y4QS	-0.5910491716069393	Myeloid-dominant
NK cell	quanTIseq	BS_F9Y4Z92G	-0.25219328628401727	Immune-desert
NK cell	quanTIseq	BS_FCDAH728	0.11032424999499084	Myeloid-dominant
NK cell	quanTIseq	BS_FEV5A0HN	0.15238111386659128	Immune-desert
NK cell	quanTIseq	BS_FGJH1X0S	-1.0559798697616767	Myeloid-dominant
NK cell	quanTIseq	BS_FKASA3MN	-0.9246825108276796	Immune-desert
NK cell	quanTIseq	BS_FN07P04C	0.3157699904807045	Immune-desert
NK cell	quanTIseq	BS_FX2P2WEG	-0.6693795439756801	Lymphocyte-inflamed
NK cell	quanTIseq	BS_FXJY0MNH	0.7948177741093546	Lymphocyte-inflamed
NK cell	quanTIseq	BS_FYP2B298	-0.2922476112775582	Immune-desert
NK cell	quanTIseq	BS_G19QZG4S	-0.32996191712938483	Myeloid-dominant
NK cell	quanTIseq	BS_G1E5DATJ	1.7988184281108366	Myeloid-dominant
NK cell	quanTIseq	BS_G257VSS9	0.5774235164119851	Immune-desert
NK cell	quanTIseq	BS_G3NN392N	-0.9477163816087327	Myeloid-dominant
NK cell	quanTIseq	BS_G3RJTBZD	-0.5046493047469802	Immune-desert
NK cell	quanTIseq	BS_G5NHSFD4	-0.5243946629539284	Immune-desert
NK cell	quanTIseq	BS_G8TXTX0H	0.4500166583818871	Myeloid-dominant
NK cell	quanTIseq	BS_GG9W3J9Y	-0.6825482135051174	Immune-desert
NK cell	quanTIseq	BS_GW0GKWMS	-0.18446586212033583	Myeloid-dominant
NK cell	quanTIseq	BS_GWHYM3R4	-0.5681725489690084	Myeloid-dominant
NK cell	quanTIseq	BS_GWSJ4Z9H	0.9091009251307457	Lymphocyte-inflamed
NK cell	quanTIseq	BS_H5VQJR7X	-0.4385159822499406	Myeloid-dominant
NK cell	quanTIseq	BS_H97S5SQN	0.9146962100695764	Myeloid-dominant
NK cell	quanTIseq	BS_H9JYKFTV	-0.4705889459876341	Myeloid-dominant
NK cell	quanTIseq	BS_HDHXX8Q7	-0.28358134151915926	Myeloid-dominant
NK cell	quanTIseq	BS_HDPCQETG	-0.6642729234428252	Lymphocyte-inflamed
NK cell	quanTIseq	BS_HJRTC9JQ	-1.086928424275682	Lymphocyte-inflamed
NK cell	quanTIseq	BS_HJV0J603	0.5117956007960823	Lymphocyte-inflamed
NK cell	quanTIseq	BS_HRJ9145M	-1.0120069327614096	Lymphocyte-inflamed
NK cell	quanTIseq	BS_HWGWYCY7	-0.9304193734793959	Lymphocyte-inflamed
NK cell	quanTIseq	BS_HZ9AYDCQ	2.532866097054935	Lymphocyte-inflamed
NK cell	quanTIseq	BS_J4JY2F3H	-0.8673742348064842	Lymphocyte-inflamed
NK cell	quanTIseq	BS_J6212Y48	-0.1879849708894838	Myeloid-dominant
NK cell	quanTIseq	BS_J6W1RB7A	-0.9085519429864924	Myeloid-dominant
NK cell	quanTIseq	BS_J9CBGP57	-0.4083892800658883	Myeloid-dominant
NK cell	quanTIseq	BS_JB43XBCQ	-0.33965569692482417	Lymphocyte-inflamed
NK cell	quanTIseq	BS_JDSNFYQ0	-0.5580052210345412	Lymphocyte-inflamed
NK cell	quanTIseq	BS_JJVH7WR0	-0.6468696505989361	Immune-desert
NK cell	quanTIseq	BS_JMD386Z2	-0.5835970936265259	Myeloid-dominant
NK cell	quanTIseq	BS_JP95KMRD	1.8602044805709699	Lymphocyte-inflamed
NK cell	quanTIseq	BS_JQGJQ2QZ	3.1962812875390525	Myeloid-dominant
NK cell	quanTIseq	BS_JQVAWTTM	-0.005817567851399953	Myeloid-dominant
NK cell	quanTIseq	BS_JQXHHK0K	-0.5161875047424422	Immune-desert
NK cell	quanTIseq	BS_JRYJGYC4	-1.0562745990742954	Myeloid-dominant
NK cell	quanTIseq	BS_JS95PE0J	-0.7084471452177646	Myeloid-dominant
NK cell	quanTIseq	BS_JTWNJ8T7	-0.12187147267724906	Immune-desert
NK cell	quanTIseq	BS_JVW2JJ39	-0.6991769158676194	Immune-desert
NK cell	quanTIseq	BS_K0X3PZGN	-0.5829931295759697	Lymphocyte-inflamed
NK cell	quanTIseq	BS_K17VQECG	-0.9085364641686314	Lymphocyte-inflamed
NK cell	quanTIseq	BS_K2PCC777	0.10266240677871827	Lymphocyte-inflamed
NK cell	quanTIseq	BS_K74N1BXQ	1.4870617562445618	Myeloid-dominant
NK cell	quanTIseq	BS_K81PZXP2	-0.4960771088478741	Lymphocyte-inflamed
NK cell	quanTIseq	BS_K88T8SW7	-0.010670634941142964	Lymphocyte-inflamed
NK cell	quanTIseq	BS_KABQQA0T	-0.0051913787734439	Immune-desert
NK cell	quanTIseq	BS_KBEX4RT2	1.3464442879966012	Myeloid-dominant
NK cell	quanTIseq	BS_KFD5128N	-0.36739216824754733	Myeloid-dominant
NK cell	quanTIseq	BS_KKDTW11T	-0.5854519073940346	Immune-desert
NK cell	quanTIseq	BS_KP735TJ6	-0.9858894119803925	Immune-desert
NK cell	quanTIseq	BS_KQ6ZW085	-0.2673097526057285	Myeloid-dominant
NK cell	quanTIseq	BS_KRS4EV4X	0.13957638779379702	Myeloid-dominant
NK cell	quanTIseq	BS_KS8HMGA6	2.151455025103153	Lymphocyte-inflamed
NK cell	quanTIseq	BS_KVPWHDR4	0.6894705858964633	Myeloid-dominant
NK cell	quanTIseq	BS_M0FA190Y	1.4280783404183832	Myeloid-dominant
NK cell	quanTIseq	BS_M0XGZ53Z	-0.4010844541280739	Immune-desert
NK cell	quanTIseq	BS_M1PVEHCM	-0.16299722333493136	Immune-desert
NK cell	quanTIseq	BS_M54TWTH4	-0.036093458524604174	Myeloid-dominant
NK cell	quanTIseq	BS_M7XB258E	-0.5658308944953977	Lymphocyte-inflamed
NK cell	quanTIseq	BS_M85CXHDV	-0.935071022435052	Lymphocyte-inflamed
NK cell	quanTIseq	BS_MB7WN0ZB	-0.631277847243131	Myeloid-dominant
NK cell	quanTIseq	BS_MD0937XT	-0.6213368173455578	Immune-desert
NK cell	quanTIseq	BS_MDBT7S5Z	-0.5124514179543438	Immune-desert
NK cell	quanTIseq	BS_ME6VQGG4	-1.0398890143385515	Myeloid-dominant
NK cell	quanTIseq	BS_MFGZH8FK	0.29636162522169035	Myeloid-dominant
NK cell	quanTIseq	BS_MG78HQDM	-0.3302275944689501	Immune-desert
NK cell	quanTIseq	BS_MWWZBQ60	-0.7200220653358798	Myeloid-dominant
NK cell	quanTIseq	BS_N6TQBQ8M	0.8257803681863431	Myeloid-dominant
NK cell	quanTIseq	BS_N7SW36FD	-0.6590456166064101	Lymphocyte-inflamed
NK cell	quanTIseq	BS_N7VQ1GQB	-0.07143826868378308	Lymphocyte-inflamed
NK cell	quanTIseq	BS_NB9XXBW6	0.8168064146817274	Myeloid-dominant
NK cell	quanTIseq	BS_NEFAASTR	-0.6077822100660761	Lymphocyte-inflamed
NK cell	quanTIseq	BS_NEVYM2FP	1.0054547545431347	Myeloid-dominant
NK cell	quanTIseq	BS_NFKKDYSV	-0.13175806218075653	Lymphocyte-inflamed
NK cell	quanTIseq	BS_NGSG2KB6	-0.10736386799471648	Lymphocyte-inflamed
NK cell	quanTIseq	BS_NNYXMSTX	-0.7157348613581338	Lymphocyte-inflamed
NK cell	quanTIseq	BS_NPA6CZQF	1.1550382131689492	Immune-desert
NK cell	quanTIseq	BS_NQ54ST98	-0.06359875636122908	Lymphocyte-inflamed
NK cell	quanTIseq	BS_NR3P3GN2	-0.9993482555496055	Myeloid-dominant
NK cell	quanTIseq	BS_NX1R0BC3	1.985106330395337	Lymphocyte-inflamed
NK cell	quanTIseq	BS_P0QF87WC	-1.0618106283781625	Myeloid-dominant
NK cell	quanTIseq	BS_P4PMWFMV	0.533370687855702	Myeloid-dominant
NK cell	quanTIseq	BS_P7W3AYKV	2.1961201814826556	Myeloid-dominant
NK cell	quanTIseq	BS_PENM28KT	-0.37128851578800254	Myeloid-dominant
NK cell	quanTIseq	BS_PJC6FH4Y	-0.8302017197182008	Lymphocyte-inflamed
NK cell	quanTIseq	BS_PS0P3QJ3	-0.8385293909056182	Myeloid-dominant
NK cell	quanTIseq	BS_PXCPK5XS	0.9378405637638726	Myeloid-dominant
NK cell	quanTIseq	BS_PZVHMSYN	-0.8064275324607137	Myeloid-dominant
NK cell	quanTIseq	BS_Q06J3RYW	1.1662921260794537	Lymphocyte-inflamed
NK cell	quanTIseq	BS_Q35GFYDR	-0.49388727219118855	Myeloid-dominant
NK cell	quanTIseq	BS_Q9N5PRD5	-0.8685631476154869	Myeloid-dominant
NK cell	quanTIseq	BS_QB84TBA3	-0.745487171771472	Immune-desert
NK cell	quanTIseq	BS_QGKEP3KB	-0.3937780020924476	Lymphocyte-inflamed
NK cell	quanTIseq	BS_QH0VYVJK	-0.7581581996883568	Myeloid-dominant
NK cell	quanTIseq	BS_QHY302E8	-0.751651555472339	Lymphocyte-inflamed
NK cell	quanTIseq	BS_QMBS32Y2	0.5596572394047866	Myeloid-dominant
NK cell	quanTIseq	BS_QNNX91SM	0.39277088713262026	Myeloid-dominant
NK cell	quanTIseq	BS_QY2G1JZJ	2.7222994577967863	Myeloid-dominant
NK cell	quanTIseq	BS_QYA4TQXX	-0.7063928191965659	Immune-desert
NK cell	quanTIseq	BS_R5JQE0VJ	-0.46043029036935934	Myeloid-dominant
NK cell	quanTIseq	BS_R5SNFB5B	-1.0524420006604522	Immune-desert
NK cell	quanTIseq	BS_R9B92M75	0.9233602513325668	Myeloid-dominant
NK cell	quanTIseq	BS_RHAWQJ48	4.659333589432036	Lymphocyte-inflamed
NK cell	quanTIseq	BS_RHM60031	-0.4573062446450287	Myeloid-dominant
NK cell	quanTIseq	BS_RJC3WDD6	-0.5543481142382916	Immune-desert
NK cell	quanTIseq	BS_RN0VAY51	1.8397261886629923	Myeloid-dominant
NK cell	quanTIseq	BS_RX1YTZ7F	-0.2467245041227837	Myeloid-dominant
NK cell	quanTIseq	BS_RZBFH1QF	-1.12133434604004	Immune-desert
NK cell	quanTIseq	BS_S2TA8R29	-0.39200048101682644	Myeloid-dominant
NK cell	quanTIseq	BS_S3C2PZAH	-0.33055096464342343	Myeloid-dominant
NK cell	quanTIseq	BS_S3MET0JZ	-0.649674128685574	Myeloid-dominant
NK cell	quanTIseq	BS_S4V9E1XJ	-0.735794157460709	Lymphocyte-inflamed
NK cell	quanTIseq	BS_S5P8VTN5	-0.33256581602622654	Myeloid-dominant
NK cell	quanTIseq	BS_S6B9DVNS	-0.6515618160230167	Immune-desert
NK cell	quanTIseq	BS_S6S7SK3P	-1.020677976639797	Immune-desert
NK cell	quanTIseq	BS_S8K878T3	0.28514005521683544	Lymphocyte-inflamed
NK cell	quanTIseq	BS_SBMAM00V	0.4689784002176509	Myeloid-dominant
NK cell	quanTIseq	BS_SBMCD7XZ	0.7243893397580207	Myeloid-dominant
NK cell	quanTIseq	BS_SD0EMK7Y	2.026856873846148	Lymphocyte-inflamed
NK cell	quanTIseq	BS_SD8YBRBR	-0.9367340099238229	Immune-desert
NK cell	quanTIseq	BS_SERDGASJ	2.476649289243733	Lymphocyte-inflamed
NK cell	quanTIseq	BS_SJVTZ5TH	0.38855065061720456	Myeloid-dominant
NK cell	quanTIseq	BS_SMWQR2F1	-0.5798922566148645	Myeloid-dominant
NK cell	quanTIseq	BS_SNVM7CZT	1.8782385105480321	Myeloid-dominant
NK cell	quanTIseq	BS_SR2RGDXJ	-0.31226361055259844	Myeloid-dominant
NK cell	quanTIseq	BS_SW9Z10F9	-0.6779853111704299	Lymphocyte-inflamed
NK cell	quanTIseq	BS_SY3J3XR9	-0.33354692392253615	Immune-desert
NK cell	quanTIseq	BS_T1YHK6B7	-0.866017775542192	Myeloid-dominant
NK cell	quanTIseq	BS_T2F48Z4E	-1.080230849203557	Lymphocyte-inflamed
NK cell	quanTIseq	BS_T9A8JJW5	-0.6897989696187623	Myeloid-dominant
NK cell	quanTIseq	BS_TASG32Z2	-0.8999027252662811	Myeloid-dominant
NK cell	quanTIseq	BS_TGS109T3	-0.44861357689451764	Immune-desert
NK cell	quanTIseq	BS_TM9MH0RP	-0.5458646331722801	Myeloid-dominant
NK cell	quanTIseq	BS_TR2P8KRF	-0.7328178015522461	Myeloid-dominant
NK cell	quanTIseq	BS_TRKH2SPE	-0.8911817804851511	Myeloid-dominant
NK cell	quanTIseq	BS_TRPXB3AV	-0.39907255653319207	Myeloid-dominant
NK cell	quanTIseq	BS_TTDNZTZ0	-0.4158086745769364	Lymphocyte-inflamed
NK cell	quanTIseq	BS_TTE04ZP8	2.8095882713434936	Lymphocyte-inflamed
NK cell	quanTIseq	BS_TV5B86ZD	-0.805895415097469	Immune-desert
NK cell	quanTIseq	BS_TVH33J9Q	-0.4865041520476436	Myeloid-dominant
NK cell	quanTIseq	BS_TXZ7KHTQ	-0.6188543061842984	Myeloid-dominant
NK cell	quanTIseq	BS_V0DQFC75	-0.8274906851897209	Myeloid-dominant
NK cell	quanTIseq	BS_V3Z3DB4N	-0.6812463941777093	Immune-desert
NK cell	quanTIseq	BS_V558NW3Q	1.2606751548815025	Lymphocyte-inflamed
NK cell	quanTIseq	BS_V6RSB5HQ	-0.49577253039749797	Myeloid-dominant
NK cell	quanTIseq	BS_V8QWBVS3	-1.140138146562943	Lymphocyte-inflamed
NK cell	quanTIseq	BS_VBMRQK4F	2.229858599580063	Myeloid-dominant
NK cell	quanTIseq	BS_VDFXXMEX	-0.5817346308989767	Immune-desert
NK cell	quanTIseq	BS_VF3NVT4G	1.8769099534546287	Lymphocyte-inflamed
NK cell	quanTIseq	BS_VKH87DD2	-0.721198285233685	Lymphocyte-inflamed
NK cell	quanTIseq	BS_VKHJG2B8	2.601918097221175	Myeloid-dominant
NK cell	quanTIseq	BS_VKYEM67A	-0.7480607135979412	Lymphocyte-inflamed
NK cell	quanTIseq	BS_VMQMGSJY	-0.6797768386435822	Lymphocyte-inflamed
NK cell	quanTIseq	BS_VVTHDRBD	-0.5065512066004273	Myeloid-dominant
NK cell	quanTIseq	BS_W1385R8Y	-0.1918380987428716	Immune-desert
NK cell	quanTIseq	BS_W4DB5RP1	-0.4304591730182972	Immune-desert
NK cell	quanTIseq	BS_W7MFJZ5A	-0.03792615379313419	Lymphocyte-inflamed
NK cell	quanTIseq	BS_WBVSK3MP	-0.6225453499274624	Immune-desert
NK cell	quanTIseq	BS_WEKK6SHP	-0.13051187184027635	Myeloid-dominant
NK cell	quanTIseq	BS_WHBEXD5H	-0.3224089787848319	Lymphocyte-inflamed
NK cell	quanTIseq	BS_WQ1YRTAT	-0.10669143002135593	Immune-desert
NK cell	quanTIseq	BS_WTJEDTZC	-0.49147436801153993	Myeloid-dominant
NK cell	quanTIseq	BS_WVRX4C9Z	1.0380616795616542	Lymphocyte-inflamed
NK cell	quanTIseq	BS_X0XXN9BK	0.2488980243467368	Lymphocyte-inflamed
NK cell	quanTIseq	BS_X1G0TKP4	0.9641042919196415	Myeloid-dominant
NK cell	quanTIseq	BS_X20JCR4H	1.3322391136883138	Lymphocyte-inflamed
NK cell	quanTIseq	BS_X23724NJ	-0.9297225228820638	Myeloid-dominant
NK cell	quanTIseq	BS_X3HR4Z21	-0.47890684804450223	Myeloid-dominant
NK cell	quanTIseq	BS_X4DD4KSZ	0.5744718762144099	Lymphocyte-inflamed
NK cell	quanTIseq	BS_X4X1SFSE	-0.5163941810431195	Immune-desert
NK cell	quanTIseq	BS_XG0DBWVT	-1.034947502528336	Immune-desert
NK cell	quanTIseq	BS_XGDPK33A	1.4394908411967537	Myeloid-dominant
NK cell	quanTIseq	BS_XM1AHBDJ	-0.9082488842830403	Immune-desert
NK cell	quanTIseq	BS_XQ5SFW35	-0.6988489755712892	Myeloid-dominant
NK cell	quanTIseq	BS_XQXXBWPD	-0.8077697096567573	Lymphocyte-inflamed
NK cell	quanTIseq	BS_XYVCMF4A	-0.8246914219073453	Myeloid-dominant
NK cell	quanTIseq	BS_XZM79E42	-0.5953368995825877	Lymphocyte-inflamed
NK cell	quanTIseq	BS_YA0KMBRT	-0.6872618456840862	Myeloid-dominant
NK cell	quanTIseq	BS_YDEVMD24	0.620051194477592	Myeloid-dominant
NK cell	quanTIseq	BS_YMKQT5V0	0.8820521069211954	Lymphocyte-inflamed
NK cell	quanTIseq	BS_YR12D1ZY	0.7394036523786403	Lymphocyte-inflamed
NK cell	quanTIseq	BS_YSZRQ95C	-0.4814500777504301	Myeloid-dominant
NK cell	quanTIseq	BS_YTWEM5SG	1.9993088060164466	Lymphocyte-inflamed
NK cell	quanTIseq	BS_YZ2QFDAN	-0.7630218768715589	Myeloid-dominant
NK cell	quanTIseq	BS_Z0ZPD9S9	-0.663511852066355	Lymphocyte-inflamed
NK cell	quanTIseq	BS_Z3RCA1T9	1.2262098794847998	Myeloid-dominant
NK cell	quanTIseq	BS_Z8F3GM85	-0.7766483050875335	Lymphocyte-inflamed
NK cell	quanTIseq	BS_ZD5HN296	0.48908888381615073	Lymphocyte-inflamed
NK cell	quanTIseq	BS_ZF6BSFNF	0.08159607329909525	Myeloid-dominant
NK cell	quanTIseq	BS_ZM97KKXE	0.40888358617192916	Lymphocyte-inflamed
NK cell	quanTIseq	BS_ZV1P6W9C	-0.3425813567138621	Immune-desert
NK cell	quanTIseq	BS_ZVM8CAB0	-0.8759120716701198	Lymphocyte-inflamed
NK cell	quanTIseq	BS_ZZWMD6FA	-0.4010358488564634	Lymphocyte-inflamed
NK cell	MCP	BS_00FD2KMP	-0.42958398118054314	Immune-desert
NK cell	MCP	BS_028YFYJ6	-0.5461067258401336	Myeloid-dominant
NK cell	MCP	BS_052PZFMK	-0.5167432417160449	Immune-desert
NK cell	MCP	BS_056Q8577	0.02190776737644296	Lymphocyte-inflamed
NK cell	MCP	BS_08ST21QE	-0.45099225484637473	Lymphocyte-inflamed
NK cell	MCP	BS_0C7VZC0A	-0.4677042362746368	Myeloid-dominant
NK cell	MCP	BS_0S8E7590	0.37660647281314213	Lymphocyte-inflamed
NK cell	MCP	BS_0VXZCRJS	-0.3982854472672218	Myeloid-dominant
NK cell	MCP	BS_0XEBS3PG	-0.41375772929011523	Immune-desert
NK cell	MCP	BS_0ZA67BBC	-0.006828854853675748	Myeloid-dominant
NK cell	MCP	BS_12G04QJM	-0.4549058208462015	Myeloid-dominant
NK cell	MCP	BS_17ZSMXFH	-0.22345570988128127	Immune-desert
NK cell	MCP	BS_1A6MQ9ZA	-0.5259555628922281	Myeloid-dominant
NK cell	MCP	BS_1D93Z575	-0.409430198936361	Myeloid-dominant
NK cell	MCP	BS_1EN5V3XW	-0.35797502433768275	Immune-desert
NK cell	MCP	BS_223BM91B	0.3938727913815142	Lymphocyte-inflamed
NK cell	MCP	BS_25HNKZ79	0.030430263306329284	Lymphocyte-inflamed
NK cell	MCP	BS_2853394H	-0.3842796855045768	Immune-desert
NK cell	MCP	BS_297H8BT4	-0.324819805862645	Myeloid-dominant
NK cell	MCP	BS_29X4ZX6Q	-0.4581099146253242	Immune-desert
NK cell	MCP	BS_2A5R9MEJ	-0.4766300433254474	Immune-desert
NK cell	MCP	BS_2ARXK0TD	0.7124525159729103	Lymphocyte-inflamed
NK cell	MCP	BS_2AV1H5TV	-0.5850682770762372	Myeloid-dominant
NK cell	MCP	BS_2DMBCHNF	2.218941200180574	Lymphocyte-inflamed
NK cell	MCP	BS_2EN3X6HB	-0.4389046053149061	Myeloid-dominant
NK cell	MCP	BS_2FEZWH1F	0.002132532908565639	Lymphocyte-inflamed
NK cell	MCP	BS_2HNXVFAS	0.05202828882542007	Myeloid-dominant
NK cell	MCP	BS_2JH1QMT1	0.46172312684581374	Myeloid-dominant
NK cell	MCP	BS_2JP7RBMB	0.7498990208201468	Myeloid-dominant
NK cell	MCP	BS_2K01T8K6	0.6202509919076556	Lymphocyte-inflamed
NK cell	MCP	BS_2PDS3MSS	0.1532700043082641	Lymphocyte-inflamed
NK cell	MCP	BS_2T5PJAW8	-0.3437274338194793	Myeloid-dominant
NK cell	MCP	BS_2WANPFBJ	-0.3170681106212798	Lymphocyte-inflamed
NK cell	MCP	BS_30F3Z9FS	0.3305534824869797	Lymphocyte-inflamed
NK cell	MCP	BS_30VC3R2Q	-0.4488594067715431	Myeloid-dominant
NK cell	MCP	BS_30YWQ3FY	-0.08868267889804048	Lymphocyte-inflamed
NK cell	MCP	BS_31MBRWC4	0.31629094949012965	Lymphocyte-inflamed
NK cell	MCP	BS_333KCNDP	1.5869000545891936	Lymphocyte-inflamed
NK cell	MCP	BS_399RPKC9	-0.47720491676649385	Myeloid-dominant
NK cell	MCP	BS_3AC3SRWH	-0.3925926396066638	Immune-desert
NK cell	MCP	BS_3MS8WVNR	-0.5357427575094572	Immune-desert
NK cell	MCP	BS_3ZPJAK9A	-0.5850682770762372	Myeloid-dominant
NK cell	MCP	BS_45J79YTF	-0.5653965012216208	Immune-desert
NK cell	MCP	BS_49BQS7Z6	-0.4330475046716023	Myeloid-dominant
NK cell	MCP	BS_49CJNZ06	-0.3110969768063486	Myeloid-dominant
NK cell	MCP	BS_4B0BAVTX	-0.41987982339298596	Myeloid-dominant
NK cell	MCP	BS_4BM3F6XJ	-0.4420542982596398	Myeloid-dominant
NK cell	MCP	BS_4C6B11E4	-0.19330643763319916	Lymphocyte-inflamed
NK cell	MCP	BS_4GNN7J8E	1.056539767727652	Lymphocyte-inflamed
NK cell	MCP	BS_4KNBXM3C	-0.21090855569781888	Lymphocyte-inflamed
NK cell	MCP	BS_4Q3KRCZT	0.08296803058646829	Lymphocyte-inflamed
NK cell	MCP	BS_4QW2S1Q8	-0.4384326010913134	Lymphocyte-inflamed
NK cell	MCP	BS_4T0HQ9QF	-0.5458202117147616	Myeloid-dominant
NK cell	MCP	BS_4V42BXBT	-0.41184784573687716	Myeloid-dominant
NK cell	MCP	BS_51RA1PGE	-0.33309164699259214	Myeloid-dominant
NK cell	MCP	BS_52C576HH	-0.44868452100110656	Myeloid-dominant
NK cell	MCP	BS_5965SFPZ	0.11083661601906054	Immune-desert
NK cell	MCP	BS_5EFYPZT0	-0.5271843971867618	Myeloid-dominant
NK cell	MCP	BS_5G5BD2MD	0.5815992614974378	Lymphocyte-inflamed
NK cell	MCP	BS_5K95FX4C	0.7749896197201107	Lymphocyte-inflamed
NK cell	MCP	BS_5KBXD2GQ	-0.5850682770762372	Myeloid-dominant
NK cell	MCP	BS_5PXZ8F7W	-0.5557047929521491	Myeloid-dominant
NK cell	MCP	BS_5VPM0F36	0.7609223047442552	Lymphocyte-inflamed
NK cell	MCP	BS_62SW4CC5	1.2930446749880262	Lymphocyte-inflamed
NK cell	MCP	BS_65WPD3DA	0.10866087584713163	Myeloid-dominant
NK cell	MCP	BS_68KX6A42	0.4273966491435274	Lymphocyte-inflamed
NK cell	MCP	BS_6DCSD5Y6	-0.4680716830027521	Immune-desert
NK cell	MCP	BS_6H4Q24WA	0.8284426644221776	Lymphocyte-inflamed
NK cell	MCP	BS_6M2053M0	0.07396323854279772	Myeloid-dominant
NK cell	MCP	BS_6SY64H5J	2.2238349576094367	Lymphocyte-inflamed
NK cell	MCP	BS_6VRG1XFB	-0.5850682770762372	Myeloid-dominant
NK cell	MCP	BS_6WP1FHTE	-0.3528505053705064	Lymphocyte-inflamed
NK cell	MCP	BS_7327SDAQ	-0.5554145333640742	Myeloid-dominant
NK cell	MCP	BS_75YRDXET	0.8083445902408415	Lymphocyte-inflamed
NK cell	MCP	BS_77SBTNPN	-0.3179666682102365	Myeloid-dominant
NK cell	MCP	BS_7AEF4D4G	-0.12926209062792657	Lymphocyte-inflamed
NK cell	MCP	BS_7APCGCVF	-0.5751836958388498	Myeloid-dominant
NK cell	MCP	BS_7GJT4A6A	-0.48708949800388196	Immune-desert
NK cell	MCP	BS_7GKWKGPH	-0.5557047929521491	Lymphocyte-inflamed
NK cell	MCP	BS_7PVJ6Q3D	-0.5653965012216208	Immune-desert
NK cell	MCP	BS_7WKNNRHK	-0.5653965012216208	Myeloid-dominant
NK cell	MCP	BS_84VZX732	0.036734089177040866	Myeloid-dominant
NK cell	MCP	BS_84XCR9GG	-0.5554145333640742	Myeloid-dominant
NK cell	MCP	BS_8E8JKP01	-0.4636582318093073	Immune-desert
NK cell	MCP	BS_8ERBDF7D	0.7381989503989664	Immune-desert
NK cell	MCP	BS_8JK9TXH2	0.13333083850231817	Myeloid-dominant
NK cell	MCP	BS_8VD670NP	-0.2094499239972424	Myeloid-dominant
NK cell	MCP	BS_8YWYN7VH	0.00021317592737385102	Lymphocyte-inflamed
NK cell	MCP	BS_8ZE4Z9G5	-0.4135686017849017	Myeloid-dominant
NK cell	MCP	BS_8ZY4GST0	0.32881677887729027	Immune-desert
NK cell	MCP	BS_91VYM11A	0.38690642734943137	Myeloid-dominant
NK cell	MCP	BS_956G6QPJ	-0.3412942910813823	Myeloid-dominant
NK cell	MCP	BS_97M1E2DW	-0.3285040326286173	Immune-desert
NK cell	MCP	BS_9A1YTHFF	0.07353076006471028	Lymphocyte-inflamed
NK cell	MCP	BS_9B0A62MT	0.09665276370801702	Lymphocyte-inflamed
NK cell	MCP	BS_9CA93S6D	-0.5751836958388498	Immune-desert
NK cell	MCP	BS_9FHEFJNP	-0.07634734865799712	Myeloid-dominant
NK cell	MCP	BS_9FX3YREK	-0.29871112541806827	Immune-desert
NK cell	MCP	BS_9GJ3DB1H	0.8742627953430396	Lymphocyte-inflamed
NK cell	MCP	BS_9JPQZQNG	-0.3941833400556571	Myeloid-dominant
NK cell	MCP	BS_9TXEDSWB	-0.401911687841648	Myeloid-dominant
NK cell	MCP	BS_9XVACXP0	-0.5358401441296161	Myeloid-dominant
NK cell	MCP	BS_9Y1K14Q5	-0.5366005076688828	Myeloid-dominant
NK cell	MCP	BS_9ZJT0CP0	-0.39144097247150195	Myeloid-dominant
NK cell	MCP	BS_A4PF49V0	-0.31758402453478896	Immune-desert
NK cell	MCP	BS_A6NXR7RC	-0.30039693662254885	Myeloid-dominant
NK cell	MCP	BS_A7Q8G0Y1	-0.2863403344989387	Myeloid-dominant
NK cell	MCP	BS_A8XW5S0W	0.6239185509785251	Myeloid-dominant
NK cell	MCP	BS_AWH9757B	-0.5357427575094572	Immune-desert
NK cell	MCP	BS_AYSXRQWY	-0.1842076445198057	Myeloid-dominant
NK cell	MCP	BS_AZQM1JJH	0.8655485822488277	Lymphocyte-inflamed
NK cell	MCP	BS_B1C6GZ84	-0.47785887761998114	Immune-desert
NK cell	MCP	BS_B3MQFFYP	-0.5461067258401336	Lymphocyte-inflamed
NK cell	MCP	BS_B4R7X1KE	-0.3352268992765137	Immune-desert
NK cell	MCP	BS_B57327NA	-0.19038967872724008	Myeloid-dominant
NK cell	MCP	BS_BBAEMXRD	-0.40471998187413144	Immune-desert
NK cell	MCP	BS_BBQ6BHGN	0.3325091974145702	Myeloid-dominant
NK cell	MCP	BS_BK0HGRXM	2.4944103362943837	Lymphocyte-inflamed
NK cell	MCP	BS_BMMY0H73	0.08839161939905442	Myeloid-dominant
NK cell	MCP	BS_C6ZZ3FY5	-0.2586247441518248	Myeloid-dominant
NK cell	MCP	BS_C83TK159	0.0985113456874767	Myeloid-dominant
NK cell	MCP	BS_CBDQZ8PP	-0.4321697170222518	Immune-desert
NK cell	MCP	BS_CF63VG3S	-0.07799464461869805	Myeloid-dominant
NK cell	MCP	BS_CFD3WHAY	-0.2250464103302746	Myeloid-dominant
NK cell	MCP	BS_CG1RG607	0.43432368168515045	Lymphocyte-inflamed
NK cell	MCP	BS_CVEDJGHZ	1.407275939706184	Lymphocyte-inflamed
NK cell	MCP	BS_CXAQDK7S	0.004909798347606068	Lymphocyte-inflamed
NK cell	MCP	BS_CZPQ493E	0.16228982673407863	Myeloid-dominant
NK cell	MCP	BS_D29RPBSZ	-0.18586841687815656	Myeloid-dominant
NK cell	MCP	BS_D4VNDNQA	0.2479801978388551	Immune-desert
NK cell	MCP	BS_D6J2BGDJ	-0.48849321806885215	Immune-desert
NK cell	MCP	BS_DFGS950G	-0.5751836958388498	Immune-desert
NK cell	MCP	BS_DNZVP92S	-0.3780499789867998	Myeloid-dominant
NK cell	MCP	BS_DR079H0D	-0.29095632242230224	Immune-desert
NK cell	MCP	BS_DS438CXE	-0.5751836958388498	Immune-desert
NK cell	MCP	BS_DSPVSM7D	0.13078833464007525	Myeloid-dominant
NK cell	MCP	BS_DZNXFPH1	-0.18536403569064228	Lymphocyte-inflamed
NK cell	MCP	BS_E7NVYA6G	1.4886668864292816	Lymphocyte-inflamed
NK cell	MCP	BS_E9CYN4NP	-0.5653965012216208	Immune-desert
NK cell	MCP	BS_EB0XRBT9	0.00784974884782216	Lymphocyte-inflamed
NK cell	MCP	BS_EDJ5TV0P	-0.5178567021929403	Immune-desert
NK cell	MCP	BS_EMQM7HTA	-0.4411597532031237	Myeloid-dominant
NK cell	MCP	BS_ENEYB4TG	0.646159133058827	Lymphocyte-inflamed
NK cell	MCP	BS_EXPJQZTH	0.014060695999794245	Lymphocyte-inflamed
NK cell	MCP	BS_EZ3147MX	0.2083515030049117	Myeloid-dominant
NK cell	MCP	BS_F0JB4EAK	0.1617346288238665	Immune-desert
NK cell	MCP	BS_F21R36MM	-0.3842796855045768	Myeloid-dominant
NK cell	MCP	BS_F65GWS21	-0.5461067258401336	Myeloid-dominant
NK cell	MCP	BS_F6V1Y4QS	-0.5455299521266862	Myeloid-dominant
NK cell	MCP	BS_F9Y4Z92G	-0.12067599268251056	Immune-desert
NK cell	MCP	BS_FCDAH728	-0.14694150076397194	Myeloid-dominant
NK cell	MCP	BS_FEV5A0HN	-0.4779562642401401	Immune-desert
NK cell	MCP	BS_FGJH1X0S	-0.48718688462404036	Myeloid-dominant
NK cell	MCP	BS_FKASA3MN	-0.40215613746740564	Immune-desert
NK cell	MCP	BS_FN07P04C	-0.39249525298650484	Immune-desert
NK cell	MCP	BS_FX2P2WEG	0.923304753285994	Lymphocyte-inflamed
NK cell	MCP	BS_FXJY0MNH	0.2235273575717673	Lymphocyte-inflamed
NK cell	MCP	BS_FYP2B298	-0.48718688462404036	Immune-desert
NK cell	MCP	BS_G19QZG4S	-0.40314052213618173	Myeloid-dominant
NK cell	MCP	BS_G1E5DATJ	0.07901773652014131	Myeloid-dominant
NK cell	MCP	BS_G257VSS9	-0.0873670233648083	Immune-desert
NK cell	MCP	BS_G3NN392N	-0.21950060206513122	Myeloid-dominant
NK cell	MCP	BS_G3RJTBZD	-0.0886139721971606	Immune-desert
NK cell	MCP	BS_G5NHSFD4	-0.4199896595312305	Immune-desert
NK cell	MCP	BS_G8TXTX0H	-0.5850682770762372	Myeloid-dominant
NK cell	MCP	BS_GG9W3J9Y	-0.5064766600055275	Immune-desert
NK cell	MCP	BS_GW0GKWMS	-0.4680716830027521	Myeloid-dominant
NK cell	MCP	BS_GWHYM3R4	-0.461726074114257	Myeloid-dominant
NK cell	MCP	BS_GWSJ4Z9H	0.25239560237207487	Lymphocyte-inflamed
NK cell	MCP	BS_H5VQJR7X	-0.5079721209555523	Myeloid-dominant
NK cell	MCP	BS_H97S5SQN	0.400858530850675	Myeloid-dominant
NK cell	MCP	BS_H9JYKFTV	-0.4321697170222518	Myeloid-dominant
NK cell	MCP	BS_HDHXX8Q7	-0.19040132894412923	Myeloid-dominant
NK cell	MCP	BS_HDPCQETG	-0.42061896649736985	Lymphocyte-inflamed
NK cell	MCP	BS_HJRTC9JQ	-0.045724284556078125	Lymphocyte-inflamed
NK cell	MCP	BS_HJV0J603	8.87036567222267	Lymphocyte-inflamed
NK cell	MCP	BS_HRJ9145M	-0.36379697042694814	Lymphocyte-inflamed
NK cell	MCP	BS_HWGWYCY7	0.4751418027298269	Lymphocyte-inflamed
NK cell	MCP	BS_HZ9AYDCQ	0.1026652487730822	Lymphocyte-inflamed
NK cell	MCP	BS_J4JY2F3H	-0.2930084783039223	Lymphocyte-inflamed
NK cell	MCP	BS_J6212Y48	-0.05654777113297432	Myeloid-dominant
NK cell	MCP	BS_J6W1RB7A	-0.5167432417160449	Myeloid-dominant
NK cell	MCP	BS_J9CBGP57	-0.14735828553612554	Myeloid-dominant
NK cell	MCP	BS_JB43XBCQ	0.8586819915432412	Lymphocyte-inflamed
NK cell	MCP	BS_JDSNFYQ0	-0.36117649961239745	Lymphocyte-inflamed
NK cell	MCP	BS_JJVH7WR0	-0.4781491372080565	Immune-desert
NK cell	MCP	BS_JMD386Z2	-0.4114166374078103	Myeloid-dominant
NK cell	MCP	BS_JP95KMRD	0.4562056296148646	Lymphocyte-inflamed
NK cell	MCP	BS_JQGJQ2QZ	0.1888664087994062	Myeloid-dominant
NK cell	MCP	BS_JQVAWTTM	-0.2833814953180597	Myeloid-dominant
NK cell	MCP	BS_JQXHHK0K	-0.5165503687481285	Immune-desert
NK cell	MCP	BS_JRYJGYC4	-0.43065560180024903	Myeloid-dominant
NK cell	MCP	BS_JS95PE0J	-0.4292056181144065	Myeloid-dominant
NK cell	MCP	BS_JTWNJ8T7	0.12214573976378944	Immune-desert
NK cell	MCP	BS_JVW2JJ39	-0.5162638546227566	Immune-desert
NK cell	MCP	BS_K0X3PZGN	5.7250093851484385	Lymphocyte-inflamed
NK cell	MCP	BS_K17VQECG	-0.006786519680190926	Lymphocyte-inflamed
NK cell	MCP	BS_K2PCC777	2.42285123495628	Lymphocyte-inflamed
NK cell	MCP	BS_K74N1BXQ	-0.12915112712557328	Myeloid-dominant
NK cell	MCP	BS_K81PZXP2	-0.507237023544794	Lymphocyte-inflamed
NK cell	MCP	BS_K88T8SW7	0.7599447442678361	Lymphocyte-inflamed
NK cell	MCP	BS_KABQQA0T	-0.050513938469706685	Immune-desert
NK cell	MCP	BS_KBEX4RT2	-0.31749787862567413	Myeloid-dominant
NK cell	MCP	BS_KFD5128N	0.6271952778913107	Myeloid-dominant
NK cell	MCP	BS_KKDTW11T	11.38794585274712	Immune-desert
NK cell	MCP	BS_KP735TJ6	-0.5751836958388498	Immune-desert
NK cell	MCP	BS_KQ6ZW085	-0.4321697170222518	Myeloid-dominant
NK cell	MCP	BS_KRS4EV4X	-0.3227661294517342	Myeloid-dominant
NK cell	MCP	BS_KS8HMGA6	0.1718124039265949	Lymphocyte-inflamed
NK cell	MCP	BS_KVPWHDR4	-0.5850682770762372	Myeloid-dominant
NK cell	MCP	BS_M0FA190Y	-0.39128403777984244	Myeloid-dominant
NK cell	MCP	BS_M0XGZ53Z	-0.48849321806885215	Immune-desert
NK cell	MCP	BS_M1PVEHCM	-0.24811838445067697	Immune-desert
NK cell	MCP	BS_M54TWTH4	0.6954921406728214	Myeloid-dominant
NK cell	MCP	BS_M7XB258E	0.4228165756626992	Lymphocyte-inflamed
NK cell	MCP	BS_M85CXHDV	-0.28797591222166913	Lymphocyte-inflamed
NK cell	MCP	BS_MB7WN0ZB	-0.43834075215054874	Myeloid-dominant
NK cell	MCP	BS_MD0937XT	-0.4068862994203413	Immune-desert
NK cell	MCP	BS_MDBT7S5Z	0.2464172305818146	Immune-desert
NK cell	MCP	BS_ME6VQGG4	0.05471967823490658	Myeloid-dominant
NK cell	MCP	BS_MFGZH8FK	-0.21050064962011095	Myeloid-dominant
NK cell	MCP	BS_MG78HQDM	-0.5366005076688828	Immune-desert
NK cell	MCP	BS_MWWZBQ60	-0.44034731006972005	Myeloid-dominant
NK cell	MCP	BS_N6TQBQ8M	-0.507237023544794	Myeloid-dominant
NK cell	MCP	BS_N7SW36FD	-0.27710584366343505	Lymphocyte-inflamed
NK cell	MCP	BS_N7VQ1GQB	-0.39644665692601033	Lymphocyte-inflamed
NK cell	MCP	BS_NB9XXBW6	0.16892488858895147	Myeloid-dominant
NK cell	MCP	BS_NEFAASTR	0.5565643874121415	Lymphocyte-inflamed
NK cell	MCP	BS_NEVYM2FP	-0.24529730010282075	Myeloid-dominant
NK cell	MCP	BS_NFKKDYSV	0.37749238035198873	Lymphocyte-inflamed
NK cell	MCP	BS_NGSG2KB6	0.40854161010055956	Lymphocyte-inflamed
NK cell	MCP	BS_NNYXMSTX	0.052468360926678406	Lymphocyte-inflamed
NK cell	MCP	BS_NPA6CZQF	-0.25629811317602125	Immune-desert
NK cell	MCP	BS_NQ54ST98	-0.018760682395351207	Lymphocyte-inflamed
NK cell	MCP	BS_NR3P3GN2	-0.06807335821294941	Myeloid-dominant
NK cell	MCP	BS_NX1R0BC3	0.2676649906423025	Lymphocyte-inflamed
NK cell	MCP	BS_P0QF87WC	-0.43862172859652687	Myeloid-dominant
NK cell	MCP	BS_P4PMWFMV	-0.2872690631919947	Myeloid-dominant
NK cell	MCP	BS_P7W3AYKV	0.5771725305991184	Myeloid-dominant
NK cell	MCP	BS_PENM28KT	-0.3867662755842295	Myeloid-dominant
NK cell	MCP	BS_PJC6FH4Y	0.12131566290549463	Lymphocyte-inflamed
NK cell	MCP	BS_PS0P3QJ3	-0.4312230923715992	Myeloid-dominant
NK cell	MCP	BS_PXCPK5XS	0.006680951516100848	Myeloid-dominant
NK cell	MCP	BS_PZVHMSYN	-0.42845617091316124	Myeloid-dominant
NK cell	MCP	BS_Q06J3RYW	0.1324181827794916	Lymphocyte-inflamed
NK cell	MCP	BS_Q35GFYDR	-0.5169287318142657	Myeloid-dominant
NK cell	MCP	BS_Q9N5PRD5	-0.4419201167423908	Myeloid-dominant
NK cell	MCP	BS_QB84TBA3	-0.506665787510741	Immune-desert
NK cell	MCP	BS_QGKEP3KB	0.6822606499504873	Lymphocyte-inflamed
NK cell	MCP	BS_QH0VYVJK	-0.3412942910813823	Myeloid-dominant
NK cell	MCP	BS_QHY302E8	-0.4402907423519864	Lymphocyte-inflamed
NK cell	MCP	BS_QMBS32Y2	-0.32443765843799277	Myeloid-dominant
NK cell	MCP	BS_QNNX91SM	0.12702061753133873	Myeloid-dominant
NK cell	MCP	BS_QY2G1JZJ	-0.4213684136986151	Myeloid-dominant
NK cell	MCP	BS_QYA4TQXX	-0.5850682770762372	Immune-desert
NK cell	MCP	BS_R5JQE0VJ	0.12557791467554583	Myeloid-dominant
NK cell	MCP	BS_R5SNFB5B	-0.49753065347459824	Immune-desert
NK cell	MCP	BS_R9B92M75	0.14262185018544118	Myeloid-dominant
NK cell	MCP	BS_RHAWQJ48	0.9754740514487461	Lymphocyte-inflamed
NK cell	MCP	BS_RHM60031	-0.4307845241807356	Myeloid-dominant
NK cell	MCP	BS_RJC3WDD6	-0.40084980402259435	Immune-desert
NK cell	MCP	BS_RN0VAY51	0.16688548525876912	Myeloid-dominant
NK cell	MCP	BS_RX1YTZ7F	0.18013153898688367	Myeloid-dominant
NK cell	MCP	BS_RZBFH1QF	-0.4790594206201741	Immune-desert
NK cell	MCP	BS_S2TA8R29	-0.4868048841509104	Myeloid-dominant
NK cell	MCP	BS_S3C2PZAH	-0.4978209130626737	Myeloid-dominant
NK cell	MCP	BS_S3MET0JZ	0.1903093055959492	Myeloid-dominant
NK cell	MCP	BS_S4V9E1XJ	-0.439908741878857	Lymphocyte-inflamed
NK cell	MCP	BS_S5P8VTN5	-0.3716718099967264	Myeloid-dominant
NK cell	MCP	BS_S6B9DVNS	-0.5557047929521491	Immune-desert
NK cell	MCP	BS_S6S7SK3P	-0.5162638546227566	Immune-desert
NK cell	MCP	BS_S8K878T3	0.2155187088935831	Lymphocyte-inflamed
NK cell	MCP	BS_SBMAM00V	0.18712734897376443	Myeloid-dominant
NK cell	MCP	BS_SBMCD7XZ	-0.5850682770762372	Myeloid-dominant
NK cell	MCP	BS_SD0EMK7Y	0.7253945957049066	Lymphocyte-inflamed
NK cell	MCP	BS_SD8YBRBR	-0.5850682770762372	Immune-desert
NK cell	MCP	BS_SERDGASJ	1.0241114518082943	Lymphocyte-inflamed
NK cell	MCP	BS_SJVTZ5TH	0.7331059438846073	Myeloid-dominant
NK cell	MCP	BS_SMWQR2F1	0.1649807631585885	Myeloid-dominant
NK cell	MCP	BS_SNVM7CZT	-0.11965587542450373	Myeloid-dominant
NK cell	MCP	BS_SR2RGDXJ	-0.33442158386448567	Myeloid-dominant
NK cell	MCP	BS_SW9Z10F9	-0.5751836958388498	Lymphocyte-inflamed
NK cell	MCP	BS_SY3J3XR9	-0.4203642771346643	Immune-desert
NK cell	MCP	BS_T1YHK6B7	-0.2585961887452636	Myeloid-dominant
NK cell	MCP	BS_T2F48Z4E	-0.1455246979663688	Lymphocyte-inflamed
NK cell	MCP	BS_T9A8JJW5	-0.12767754085313038	Myeloid-dominant
NK cell	MCP	BS_TASG32Z2	-0.3511788723187704	Myeloid-dominant
NK cell	MCP	BS_TGS109T3	-0.4394579580901469	Immune-desert
NK cell	MCP	BS_TM9MH0RP	-0.4303190785913012	Myeloid-dominant
NK cell	MCP	BS_TR2P8KRF	-0.16904646500040413	Myeloid-dominant
NK cell	MCP	BS_TRKH2SPE	-0.4883003451009357	Myeloid-dominant
NK cell	MCP	BS_TRPXB3AV	-0.4970714658614284	Myeloid-dominant
NK cell	MCP	BS_TTDNZTZ0	-0.20985055418935344	Lymphocyte-inflamed
NK cell	MCP	BS_TTE04ZP8	0.13376693511651858	Lymphocyte-inflamed
NK cell	MCP	BS_TV5B86ZD	-0.3918332770414933	Immune-desert
NK cell	MCP	BS_TVH33J9Q	-0.14365160748900674	Myeloid-dominant
NK cell	MCP	BS_TXZ7KHTQ	-0.23781406371117422	Myeloid-dominant
NK cell	MCP	BS_V0DQFC75	-0.5271843971867618	Myeloid-dominant
NK cell	MCP	BS_V3Z3DB4N	-0.49668756511589746	Immune-desert
NK cell	MCP	BS_V558NW3Q	1.173831876120804	Lymphocyte-inflamed
NK cell	MCP	BS_V6RSB5HQ	-0.4973524423074066	Myeloid-dominant
NK cell	MCP	BS_V8QWBVS3	1.0248980577946867	Lymphocyte-inflamed
NK cell	MCP	BS_VBMRQK4F	0.7737125622443798	Myeloid-dominant
NK cell	MCP	BS_VDFXXMEX	-0.274951547354445	Immune-desert
NK cell	MCP	BS_VF3NVT4G	0.1360842237442374	Lymphocyte-inflamed
NK cell	MCP	BS_VKH87DD2	-0.4325040062602698	Lymphocyte-inflamed
NK cell	MCP	BS_VKHJG2B8	-0.13318220850411575	Myeloid-dominant
NK cell	MCP	BS_VKYEM67A	0.08917990964182719	Lymphocyte-inflamed
NK cell	MCP	BS_VMQMGSJY	-0.21823554797585493	Lymphocyte-inflamed
NK cell	MCP	BS_VVTHDRBD	-0.5653965012216208	Myeloid-dominant
NK cell	MCP	BS_W1385R8Y	-0.4413526261710401	Immune-desert
NK cell	MCP	BS_W4DB5RP1	-0.4199859140685276	Immune-desert
NK cell	MCP	BS_W7MFJZ5A	-0.005698556398380375	Lymphocyte-inflamed
NK cell	MCP	BS_WBVSK3MP	-0.506669532973444	Immune-desert
NK cell	MCP	BS_WEKK6SHP	-0.17174460599148436	Myeloid-dominant
NK cell	MCP	BS_WHBEXD5H	-0.4581099146253242	Lymphocyte-inflamed
NK cell	MCP	BS_WQ1YRTAT	-0.29598611284606674	Immune-desert
NK cell	MCP	BS_WTJEDTZC	0.5750753714570169	Myeloid-dominant
NK cell	MCP	BS_WVRX4C9Z	2.618711874901654	Lymphocyte-inflamed
NK cell	MCP	BS_X0XXN9BK	0.24164650090969805	Lymphocyte-inflamed
NK cell	MCP	BS_X1G0TKP4	-0.45203436584478535	Myeloid-dominant
NK cell	MCP	BS_X20JCR4H	1.5863415841475104	Lymphocyte-inflamed
NK cell	MCP	BS_X23724NJ	-0.49762804009475725	Myeloid-dominant
NK cell	MCP	BS_X3HR4Z21	-0.00692624147383911	Myeloid-dominant
NK cell	MCP	BS_X4DD4KSZ	0.2779184211037037	Lymphocyte-inflamed
NK cell	MCP	BS_X4X1SFSE	-0.516456727590673	Immune-desert
NK cell	MCP	BS_XG0DBWVT	-0.45174410625671046	Immune-desert
NK cell	MCP	BS_XGDPK33A	0.7184300769874029	Myeloid-dominant
NK cell	MCP	BS_XM1AHBDJ	-0.37137830653286846	Immune-desert
NK cell	MCP	BS_XQ5SFW35	-0.3430407910585702	Myeloid-dominant
NK cell	MCP	BS_XQXXBWPD	-0.34606758146971844	Lymphocyte-inflamed
NK cell	MCP	BS_XYVCMF4A	-0.5850682770762372	Myeloid-dominant
NK cell	MCP	BS_XZM79E42	-0.02990008563907546	Lymphocyte-inflamed
NK cell	MCP	BS_YA0KMBRT	-0.3717001012910676	Myeloid-dominant
NK cell	MCP	BS_YDEVMD24	-0.02022164177048535	Myeloid-dominant
NK cell	MCP	BS_YMKQT5V0	2.127126375190691	Lymphocyte-inflamed
NK cell	MCP	BS_YR12D1ZY	0.6798010536219524	Lymphocyte-inflamed
NK cell	MCP	BS_YSZRQ95C	-0.5850682770762372	Myeloid-dominant
NK cell	MCP	BS_YTWEM5SG	0.12471164697534719	Lymphocyte-inflamed
NK cell	MCP	BS_YZ2QFDAN	-0.23418955717631376	Myeloid-dominant
NK cell	MCP	BS_Z0ZPD9S9	-0.16586231402754645	Lymphocyte-inflamed
NK cell	MCP	BS_Z3RCA1T9	0.5054438778060489	Myeloid-dominant
NK cell	MCP	BS_Z8F3GM85	-0.381294734950618	Lymphocyte-inflamed
NK cell	MCP	BS_ZD5HN296	0.3090271793114425	Lymphocyte-inflamed
NK cell	MCP	BS_ZF6BSFNF	-0.3370741681325332	Myeloid-dominant
NK cell	MCP	BS_ZM97KKXE	1.0255510510643586	Lymphocyte-inflamed
NK cell	MCP	BS_ZV1P6W9C	-0.4971595693394902	Immune-desert
NK cell	MCP	BS_ZVM8CAB0	0.25744659670082537	Lymphocyte-inflamed
NK cell	MCP	BS_ZZWMD6FA	-0.31513632805167663	Lymphocyte-inflamed
NK cell	LM22	BS_00FD2KMP	-0.8570143608209544	Immune-desert
NK cell	LM22	BS_028YFYJ6	0.5014297177635404	Myeloid-dominant
NK cell	LM22	BS_052PZFMK	-0.03863473248348874	Immune-desert
NK cell	LM22	BS_056Q8577	-0.1463404582191532	Lymphocyte-inflamed
NK cell	LM22	BS_08ST21QE	-1.6700595789589785	Lymphocyte-inflamed
NK cell	LM22	BS_0C7VZC0A	1.511583653007527	Myeloid-dominant
NK cell	LM22	BS_0S8E7590	2.418573739217697	Lymphocyte-inflamed
NK cell	LM22	BS_0VXZCRJS	2.3883957165309924	Myeloid-dominant
NK cell	LM22	BS_0XEBS3PG	0.1949598370569716	Immune-desert
NK cell	LM22	BS_0ZA67BBC	-0.028994599465250157	Myeloid-dominant
NK cell	LM22	BS_12G04QJM	-1.6700595789589785	Myeloid-dominant
NK cell	LM22	BS_17ZSMXFH	1.3951996482338012	Immune-desert
NK cell	LM22	BS_1A6MQ9ZA	-1.3902041340217017	Myeloid-dominant
NK cell	LM22	BS_1D93Z575	0.7067469096920956	Myeloid-dominant
NK cell	LM22	BS_1EN5V3XW	0.7359970659241726	Immune-desert
NK cell	LM22	BS_223BM91B	-0.9342333927171126	Lymphocyte-inflamed
NK cell	LM22	BS_25HNKZ79	-1.576022775127187	Lymphocyte-inflamed
NK cell	LM22	BS_2853394H	-0.9849170088633918	Immune-desert
NK cell	LM22	BS_297H8BT4	2.9176693061672596	Myeloid-dominant
NK cell	LM22	BS_29X4ZX6Q	-0.4303614588813985	Immune-desert
NK cell	LM22	BS_2A5R9MEJ	3.0244415160371654	Immune-desert
NK cell	LM22	BS_2ARXK0TD	-1.2880111767742621	Lymphocyte-inflamed
NK cell	LM22	BS_2AV1H5TV	-0.279626958742347	Myeloid-dominant
NK cell	LM22	BS_2DMBCHNF	0.8123591732929605	Lymphocyte-inflamed
NK cell	LM22	BS_2EN3X6HB	1.1197415219838498	Myeloid-dominant
NK cell	LM22	BS_2FEZWH1F	-0.7089910638568011	Lymphocyte-inflamed
NK cell	LM22	BS_2HNXVFAS	0.7238784223336399	Myeloid-dominant
NK cell	LM22	BS_2JH1QMT1	-1.408754143678524	Myeloid-dominant
NK cell	LM22	BS_2JP7RBMB	1.01934050010444	Myeloid-dominant
NK cell	LM22	BS_2K01T8K6	-0.13719659003102733	Lymphocyte-inflamed
NK cell	LM22	BS_2PDS3MSS	-0.9108444363716599	Lymphocyte-inflamed
NK cell	LM22	BS_2T5PJAW8	0.07854353617286294	Myeloid-dominant
NK cell	LM22	BS_2WANPFBJ	0.4342617964055446	Lymphocyte-inflamed
NK cell	LM22	BS_30F3Z9FS	0.5462913387735091	Lymphocyte-inflamed
NK cell	LM22	BS_30VC3R2Q	0.33605574040659336	Myeloid-dominant
NK cell	LM22	BS_30YWQ3FY	-0.6871658516494219	Lymphocyte-inflamed
NK cell	LM22	BS_31MBRWC4	-1.0266596087774145	Lymphocyte-inflamed
NK cell	LM22	BS_333KCNDP	-0.7600444580623463	Lymphocyte-inflamed
NK cell	LM22	BS_399RPKC9	1.0233742610934342	Myeloid-dominant
NK cell	LM22	BS_3AC3SRWH	-0.46303923004083475	Immune-desert
NK cell	LM22	BS_3MS8WVNR	-0.15259024067640362	Immune-desert
NK cell	LM22	BS_3ZPJAK9A	0.6593233451543336	Myeloid-dominant
NK cell	LM22	BS_45J79YTF	0.7187189756263317	Immune-desert
NK cell	LM22	BS_49BQS7Z6	1.4988476415171967	Myeloid-dominant
NK cell	LM22	BS_49CJNZ06	0.6145824100976769	Myeloid-dominant
NK cell	LM22	BS_4B0BAVTX	-0.28193960460705303	Myeloid-dominant
NK cell	LM22	BS_4BM3F6XJ	-1.04582016821309	Myeloid-dominant
NK cell	LM22	BS_4C6B11E4	0.8229257092345236	Lymphocyte-inflamed
NK cell	LM22	BS_4GNN7J8E	-1.3105452309340706	Lymphocyte-inflamed
NK cell	LM22	BS_4KNBXM3C	-1.5367398751953865	Lymphocyte-inflamed
NK cell	LM22	BS_4Q3KRCZT	1.1964091635206207	Lymphocyte-inflamed
NK cell	LM22	BS_4QW2S1Q8	1.092607531077414	Lymphocyte-inflamed
NK cell	LM22	BS_4T0HQ9QF	1.4186872095116785	Myeloid-dominant
NK cell	LM22	BS_4V42BXBT	-0.853871192441978	Myeloid-dominant
NK cell	LM22	BS_51RA1PGE	3.657117390405158	Myeloid-dominant
NK cell	LM22	BS_52C576HH	1.6296132689284846	Myeloid-dominant
NK cell	LM22	BS_5965SFPZ	1.002340634107163	Immune-desert
NK cell	LM22	BS_5EFYPZT0	-0.4646178885024882	Myeloid-dominant
NK cell	LM22	BS_5G5BD2MD	-0.28597358173807186	Lymphocyte-inflamed
NK cell	LM22	BS_5K95FX4C	-1.0694847612441662	Lymphocyte-inflamed
NK cell	LM22	BS_5KBXD2GQ	-0.07563831531138025	Myeloid-dominant
NK cell	LM22	BS_5PXZ8F7W	-1.2258571452320575	Myeloid-dominant
NK cell	LM22	BS_5VPM0F36	-0.05803936296061605	Lymphocyte-inflamed
NK cell	LM22	BS_62SW4CC5	-0.9668006566486541	Lymphocyte-inflamed
NK cell	LM22	BS_65WPD3DA	-0.38028231000489954	Myeloid-dominant
NK cell	LM22	BS_68KX6A42	-0.9640757153200312	Lymphocyte-inflamed
NK cell	LM22	BS_6DCSD5Y6	2.439025268281942	Immune-desert
NK cell	LM22	BS_6H4Q24WA	0.30050516965561364	Lymphocyte-inflamed
NK cell	LM22	BS_6M2053M0	-0.41301348873220584	Myeloid-dominant
NK cell	LM22	BS_6SY64H5J	-0.5836091861262421	Lymphocyte-inflamed
NK cell	LM22	BS_6VRG1XFB	0.3447208305694703	Myeloid-dominant
NK cell	LM22	BS_6WP1FHTE	0.0515314313155821	Lymphocyte-inflamed
NK cell	LM22	BS_7327SDAQ	0.12411577550034401	Myeloid-dominant
NK cell	LM22	BS_75YRDXET	-0.18559957714839947	Lymphocyte-inflamed
NK cell	LM22	BS_77SBTNPN	-1.1577641716827578	Myeloid-dominant
NK cell	LM22	BS_7AEF4D4G	0.335629445210076	Lymphocyte-inflamed
NK cell	LM22	BS_7APCGCVF	-1.3042628739971251	Myeloid-dominant
NK cell	LM22	BS_7GJT4A6A	0.242176346128326	Immune-desert
NK cell	LM22	BS_7GKWKGPH	-1.02628119804457	Lymphocyte-inflamed
NK cell	LM22	BS_7PVJ6Q3D	0.8577143515707257	Immune-desert
NK cell	LM22	BS_7WKNNRHK	2.2768825435309537	Myeloid-dominant
NK cell	LM22	BS_84VZX732	0.11972497788952655	Myeloid-dominant
NK cell	LM22	BS_84XCR9GG	-1.2673263785168563	Myeloid-dominant
NK cell	LM22	BS_8E8JKP01	-0.8353688474100454	Immune-desert
NK cell	LM22	BS_8ERBDF7D	-0.5663405076005872	Immune-desert
NK cell	LM22	BS_8JK9TXH2	0.47185255254535263	Myeloid-dominant
NK cell	LM22	BS_8VD670NP	1.855512401939562	Myeloid-dominant
NK cell	LM22	BS_8YWYN7VH	-0.9696840790500485	Lymphocyte-inflamed
NK cell	LM22	BS_8ZE4Z9G5	-0.04087925224037127	Myeloid-dominant
NK cell	LM22	BS_8ZY4GST0	-0.15638283888674392	Immune-desert
NK cell	LM22	BS_91VYM11A	-0.9164167535049529	Myeloid-dominant
NK cell	LM22	BS_956G6QPJ	2.169030365966275	Myeloid-dominant
NK cell	LM22	BS_97M1E2DW	0.11324444357045847	Immune-desert
NK cell	LM22	BS_9A1YTHFF	-0.923896747333772	Lymphocyte-inflamed
NK cell	LM22	BS_9B0A62MT	-0.3568162863271691	Lymphocyte-inflamed
NK cell	LM22	BS_9CA93S6D	-0.590390884995402	Immune-desert
NK cell	LM22	BS_9FHEFJNP	-0.9204683994530517	Myeloid-dominant
NK cell	LM22	BS_9FX3YREK	-0.3784159620542588	Immune-desert
NK cell	LM22	BS_9GJ3DB1H	0.5296484869681656	Lymphocyte-inflamed
NK cell	LM22	BS_9JPQZQNG	-0.6813281571683785	Myeloid-dominant
NK cell	LM22	BS_9TXEDSWB	0.8064685681977211	Myeloid-dominant
NK cell	LM22	BS_9XVACXP0	0.5184656276477545	Myeloid-dominant
NK cell	LM22	BS_9Y1K14Q5	-0.4078041383799096	Myeloid-dominant
NK cell	LM22	BS_9ZJT0CP0	0.19366752797761597	Myeloid-dominant
NK cell	LM22	BS_A4PF49V0	-0.0897904426219108	Immune-desert
NK cell	LM22	BS_A6NXR7RC	-1.2453595146998024	Myeloid-dominant
NK cell	LM22	BS_A7Q8G0Y1	0.8902587339661104	Myeloid-dominant
NK cell	LM22	BS_A8XW5S0W	-0.449016274798916	Myeloid-dominant
NK cell	LM22	BS_AWH9757B	1.1628951821689153	Immune-desert
NK cell	LM22	BS_AYSXRQWY	-0.7427804212754041	Myeloid-dominant
NK cell	LM22	BS_AZQM1JJH	-1.0494940234502028	Lymphocyte-inflamed
NK cell	LM22	BS_B1C6GZ84	0.8429621214525679	Immune-desert
NK cell	LM22	BS_B3MQFFYP	0.5760608451235675	Lymphocyte-inflamed
NK cell	LM22	BS_B4R7X1KE	-0.2862982490357751	Immune-desert
NK cell	LM22	BS_B57327NA	-1.2902735541252206	Myeloid-dominant
NK cell	LM22	BS_BBAEMXRD	0.20320046775585016	Immune-desert
NK cell	LM22	BS_BBQ6BHGN	-0.874897232404499	Myeloid-dominant
NK cell	LM22	BS_BK0HGRXM	-0.6975934559281063	Lymphocyte-inflamed
NK cell	LM22	BS_BMMY0H73	0.5718589362286398	Myeloid-dominant
NK cell	LM22	BS_C6ZZ3FY5	-0.8037385671311565	Myeloid-dominant
NK cell	LM22	BS_C83TK159	-0.035892811003809894	Myeloid-dominant
NK cell	LM22	BS_CBDQZ8PP	-0.01940764611665711	Immune-desert
NK cell	LM22	BS_CF63VG3S	1.02642206807901	Myeloid-dominant
NK cell	LM22	BS_CFD3WHAY	-0.6514237575118164	Myeloid-dominant
NK cell	LM22	BS_CG1RG607	-1.0127899020739985	Lymphocyte-inflamed
NK cell	LM22	BS_CVEDJGHZ	-1.1069998007970772	Lymphocyte-inflamed
NK cell	LM22	BS_CXAQDK7S	-0.06782333217002984	Lymphocyte-inflamed
NK cell	LM22	BS_CZPQ493E	-0.7156078585811958	Myeloid-dominant
NK cell	LM22	BS_D29RPBSZ	-6.369192022086549e-05	Myeloid-dominant
NK cell	LM22	BS_D4VNDNQA	0.7481359930517344	Immune-desert
NK cell	LM22	BS_D6J2BGDJ	-0.045227770796316534	Immune-desert
NK cell	LM22	BS_DFGS950G	0.06430635806410656	Immune-desert
NK cell	LM22	BS_DNZVP92S	-0.1410585433509392	Myeloid-dominant
NK cell	LM22	BS_DR079H0D	-0.12462136992370702	Immune-desert
NK cell	LM22	BS_DS438CXE	1.2322675772336495	Immune-desert
NK cell	LM22	BS_DSPVSM7D	0.9201249886243713	Myeloid-dominant
NK cell	LM22	BS_DZNXFPH1	-0.6832406771079557	Lymphocyte-inflamed
NK cell	LM22	BS_E7NVYA6G	-1.1784961837905659	Lymphocyte-inflamed
NK cell	LM22	BS_E9CYN4NP	-0.17432449834094316	Immune-desert
NK cell	LM22	BS_EB0XRBT9	1.3414598448786401	Lymphocyte-inflamed
NK cell	LM22	BS_EDJ5TV0P	1.1458315553195566	Immune-desert
NK cell	LM22	BS_EMQM7HTA	0.9051472663776919	Myeloid-dominant
NK cell	LM22	BS_ENEYB4TG	-0.7728004401724844	Lymphocyte-inflamed
NK cell	LM22	BS_EXPJQZTH	-1.3436200971472074	Lymphocyte-inflamed
NK cell	LM22	BS_EZ3147MX	0.809927658807094	Myeloid-dominant
NK cell	LM22	BS_F0JB4EAK	2.0566331216231157	Immune-desert
NK cell	LM22	BS_F21R36MM	-0.7186564068024326	Myeloid-dominant
NK cell	LM22	BS_F65GWS21	0.3225903751075626	Myeloid-dominant
NK cell	LM22	BS_F6V1Y4QS	-0.09667803907128669	Myeloid-dominant
NK cell	LM22	BS_F9Y4Z92G	0.032217644831856275	Immune-desert
NK cell	LM22	BS_FCDAH728	-0.7882559728088363	Myeloid-dominant
NK cell	LM22	BS_FEV5A0HN	0.3315645585593947	Immune-desert
NK cell	LM22	BS_FGJH1X0S	-1.1890331788443607	Myeloid-dominant
NK cell	LM22	BS_FKASA3MN	2.043805574579246	Immune-desert
NK cell	LM22	BS_FN07P04C	-0.9536410444949467	Immune-desert
NK cell	LM22	BS_FX2P2WEG	-0.0782697254640127	Lymphocyte-inflamed
NK cell	LM22	BS_FXJY0MNH	0.4042603257608134	Lymphocyte-inflamed
NK cell	LM22	BS_FYP2B298	-1.2116478438620197	Immune-desert
NK cell	LM22	BS_G19QZG4S	-0.711372084041652	Myeloid-dominant
NK cell	LM22	BS_G1E5DATJ	1.2062559612396304	Myeloid-dominant
NK cell	LM22	BS_G257VSS9	-1.065210921347822	Immune-desert
NK cell	LM22	BS_G3NN392N	-0.5101747389338291	Myeloid-dominant
NK cell	LM22	BS_G3RJTBZD	2.398548027307657	Immune-desert
NK cell	LM22	BS_G5NHSFD4	1.3187056165109161	Immune-desert
NK cell	LM22	BS_G8TXTX0H	0.05994114869548779	Myeloid-dominant
NK cell	LM22	BS_GG9W3J9Y	-0.018909018013657318	Immune-desert
NK cell	LM22	BS_GW0GKWMS	1.140221832706611	Myeloid-dominant
NK cell	LM22	BS_GWHYM3R4	-1.55815103707417	Myeloid-dominant
NK cell	LM22	BS_GWSJ4Z9H	1.2067291992627867	Lymphocyte-inflamed
NK cell	LM22	BS_H5VQJR7X	-0.6852557153623777	Myeloid-dominant
NK cell	LM22	BS_H97S5SQN	-0.446911751509423	Myeloid-dominant
NK cell	LM22	BS_H9JYKFTV	-0.15957000656144757	Myeloid-dominant
NK cell	LM22	BS_HDHXX8Q7	-1.5643202800550249	Myeloid-dominant
NK cell	LM22	BS_HDPCQETG	-0.7726235563604601	Lymphocyte-inflamed
NK cell	LM22	BS_HJRTC9JQ	-0.1834191298018006	Lymphocyte-inflamed
NK cell	LM22	BS_HJV0J603	1.6057064169884492	Lymphocyte-inflamed
NK cell	LM22	BS_HRJ9145M	-1.013134997996993	Lymphocyte-inflamed
NK cell	LM22	BS_HWGWYCY7	-0.7640626466149532	Lymphocyte-inflamed
NK cell	LM22	BS_HZ9AYDCQ	0.48287043697894755	Lymphocyte-inflamed
NK cell	LM22	BS_J4JY2F3H	-1.3865932378231502	Lymphocyte-inflamed
NK cell	LM22	BS_J6212Y48	0.04051746902051314	Myeloid-dominant
NK cell	LM22	BS_J6W1RB7A	1.3752448197892038	Myeloid-dominant
NK cell	LM22	BS_J9CBGP57	-0.16853402465995582	Myeloid-dominant
NK cell	LM22	BS_JB43XBCQ	-0.47512106654494085	Lymphocyte-inflamed
NK cell	LM22	BS_JDSNFYQ0	-1.3017274677810304	Lymphocyte-inflamed
NK cell	LM22	BS_JJVH7WR0	-1.1383025563996418	Immune-desert
NK cell	LM22	BS_JMD386Z2	-0.3611711814373768	Myeloid-dominant
NK cell	LM22	BS_JP95KMRD	-0.6689759352170057	Lymphocyte-inflamed
NK cell	LM22	BS_JQGJQ2QZ	2.005379029944083	Myeloid-dominant
NK cell	LM22	BS_JQVAWTTM	0.4629503284349676	Myeloid-dominant
NK cell	LM22	BS_JQXHHK0K	0.2492984348422359	Immune-desert
NK cell	LM22	BS_JRYJGYC4	0.02159098768299301	Myeloid-dominant
NK cell	LM22	BS_JS95PE0J	-0.8174728314899707	Myeloid-dominant
NK cell	LM22	BS_JTWNJ8T7	0.12776572288027394	Immune-desert
NK cell	LM22	BS_JVW2JJ39	0.8516612946059777	Immune-desert
NK cell	LM22	BS_K0X3PZGN	-0.5759935696602008	Lymphocyte-inflamed
NK cell	LM22	BS_K17VQECG	-1.323291432301901	Lymphocyte-inflamed
NK cell	LM22	BS_K2PCC777	0.032322736336432366	Lymphocyte-inflamed
NK cell	LM22	BS_K74N1BXQ	-1.030329454968399	Myeloid-dominant
NK cell	LM22	BS_K81PZXP2	-0.6183035489870484	Lymphocyte-inflamed
NK cell	LM22	BS_K88T8SW7	-0.9849501135930747	Lymphocyte-inflamed
NK cell	LM22	BS_KABQQA0T	3.0392428751239864	Immune-desert
NK cell	LM22	BS_KBEX4RT2	-1.3347651242428	Myeloid-dominant
NK cell	LM22	BS_KFD5128N	1.3288372653899594	Myeloid-dominant
NK cell	LM22	BS_KKDTW11T	1.0286637115341573	Immune-desert
NK cell	LM22	BS_KP735TJ6	-0.2887881498067768	Immune-desert
NK cell	LM22	BS_KQ6ZW085	0.07413846312151023	Myeloid-dominant
NK cell	LM22	BS_KRS4EV4X	-0.3377103185593787	Myeloid-dominant
NK cell	LM22	BS_KS8HMGA6	0.7672044888105047	Lymphocyte-inflamed
NK cell	LM22	BS_KVPWHDR4	-1.037100679075005	Myeloid-dominant
NK cell	LM22	BS_M0FA190Y	-0.5379942836006898	Myeloid-dominant
NK cell	LM22	BS_M0XGZ53Z	0.7407157412882963	Immune-desert
NK cell	LM22	BS_M1PVEHCM	-1.1051643938716886	Immune-desert
NK cell	LM22	BS_M54TWTH4	-1.1560335799471932	Myeloid-dominant
NK cell	LM22	BS_M7XB258E	0.8403391686101487	Lymphocyte-inflamed
NK cell	LM22	BS_M85CXHDV	-1.6041149384830284	Lymphocyte-inflamed
NK cell	LM22	BS_MB7WN0ZB	-0.7721332870167992	Myeloid-dominant
NK cell	LM22	BS_MD0937XT	0.3579881088594401	Immune-desert
NK cell	LM22	BS_MDBT7S5Z	0.02703424753749842	Immune-desert
NK cell	LM22	BS_ME6VQGG4	1.105401371070956	Myeloid-dominant
NK cell	LM22	BS_MFGZH8FK	-1.0877621698843396	Myeloid-dominant
NK cell	LM22	BS_MG78HQDM	1.8864272706390566	Immune-desert
NK cell	LM22	BS_MWWZBQ60	-0.6256407401577672	Myeloid-dominant
NK cell	LM22	BS_N6TQBQ8M	2.5197408036277578	Myeloid-dominant
NK cell	LM22	BS_N7SW36FD	-0.786829615450817	Lymphocyte-inflamed
NK cell	LM22	BS_N7VQ1GQB	-0.15369489843085668	Lymphocyte-inflamed
NK cell	LM22	BS_NB9XXBW6	-0.03489642103008856	Myeloid-dominant
NK cell	LM22	BS_NEFAASTR	-0.9665728164616719	Lymphocyte-inflamed
NK cell	LM22	BS_NEVYM2FP	0.2244409237748184	Myeloid-dominant
NK cell	LM22	BS_NFKKDYSV	0.08594864212974987	Lymphocyte-inflamed
NK cell	LM22	BS_NGSG2KB6	0.8686217875168099	Lymphocyte-inflamed
NK cell	LM22	BS_NNYXMSTX	-1.043011642625408	Lymphocyte-inflamed
NK cell	LM22	BS_NPA6CZQF	2.02459717690095	Immune-desert
NK cell	LM22	BS_NQ54ST98	0.3151606405836691	Lymphocyte-inflamed
NK cell	LM22	BS_NR3P3GN2	-0.44678813066979434	Myeloid-dominant
NK cell	LM22	BS_NX1R0BC3	0.27797382900206824	Lymphocyte-inflamed
NK cell	LM22	BS_P0QF87WC	0.17805291260679731	Myeloid-dominant
NK cell	LM22	BS_P4PMWFMV	1.6038781767296098	Myeloid-dominant
NK cell	LM22	BS_P7W3AYKV	-0.9886098345845963	Myeloid-dominant
NK cell	LM22	BS_PENM28KT	-0.398855431948895	Myeloid-dominant
NK cell	LM22	BS_PJC6FH4Y	-0.9123576178694635	Lymphocyte-inflamed
NK cell	LM22	BS_PS0P3QJ3	-1.262919761899914	Myeloid-dominant
NK cell	LM22	BS_PXCPK5XS	-1.0782911778558533	Myeloid-dominant
NK cell	LM22	BS_PZVHMSYN	-0.2193239730137629	Myeloid-dominant
NK cell	LM22	BS_Q06J3RYW	-0.645522645412635	Lymphocyte-inflamed
NK cell	LM22	BS_Q35GFYDR	-0.4248227836079824	Myeloid-dominant
NK cell	LM22	BS_Q9N5PRD5	-1.5404818322920018	Myeloid-dominant
NK cell	LM22	BS_QB84TBA3	-1.2925235452776933	Immune-desert
NK cell	LM22	BS_QGKEP3KB	-0.7379567429888858	Lymphocyte-inflamed
NK cell	LM22	BS_QH0VYVJK	1.4020041032388906	Myeloid-dominant
NK cell	LM22	BS_QHY302E8	-0.7683640161150517	Lymphocyte-inflamed
NK cell	LM22	BS_QMBS32Y2	-1.3547413602419425	Myeloid-dominant
NK cell	LM22	BS_QNNX91SM	1.5679076960187361	Myeloid-dominant
NK cell	LM22	BS_QY2G1JZJ	0.588510580834249	Myeloid-dominant
NK cell	LM22	BS_QYA4TQXX	0.04849526057080826	Immune-desert
NK cell	LM22	BS_R5JQE0VJ	-0.50699935336006	Myeloid-dominant
NK cell	LM22	BS_R5SNFB5B	0.17902671355930452	Immune-desert
NK cell	LM22	BS_R9B92M75	-0.029443330653571038	Myeloid-dominant
NK cell	LM22	BS_RHAWQJ48	-0.23996229333573285	Lymphocyte-inflamed
NK cell	LM22	BS_RHM60031	1.549383039891471	Myeloid-dominant
NK cell	LM22	BS_RJC3WDD6	-0.5571110102739136	Immune-desert
NK cell	LM22	BS_RN0VAY51	1.5969027537907403	Myeloid-dominant
NK cell	LM22	BS_RX1YTZ7F	1.2941687169932925	Myeloid-dominant
NK cell	LM22	BS_RZBFH1QF	0.7735648081944787	Immune-desert
NK cell	LM22	BS_S2TA8R29	0.790643602714614	Myeloid-dominant
NK cell	LM22	BS_S3C2PZAH	-1.6700595789589785	Myeloid-dominant
NK cell	LM22	BS_S3MET0JZ	0.7081811253471926	Myeloid-dominant
NK cell	LM22	BS_S4V9E1XJ	-0.3091664874238664	Lymphocyte-inflamed
NK cell	LM22	BS_S5P8VTN5	-0.8759825174553569	Myeloid-dominant
NK cell	LM22	BS_S6B9DVNS	-0.0677708810912566	Immune-desert
NK cell	LM22	BS_S6S7SK3P	-0.5815172073257391	Immune-desert
NK cell	LM22	BS_S8K878T3	-1.0548947300833205	Lymphocyte-inflamed
NK cell	LM22	BS_SBMAM00V	-0.7966376523888151	Myeloid-dominant
NK cell	LM22	BS_SBMCD7XZ	-0.933487714177371	Myeloid-dominant
NK cell	LM22	BS_SD0EMK7Y	-0.5621076649038067	Lymphocyte-inflamed
NK cell	LM22	BS_SD8YBRBR	-0.6445725008853347	Immune-desert
NK cell	LM22	BS_SERDGASJ	0.6491994086537253	Lymphocyte-inflamed
NK cell	LM22	BS_SJVTZ5TH	1.700112069561923	Myeloid-dominant
NK cell	LM22	BS_SMWQR2F1	-0.7001546818656934	Myeloid-dominant
NK cell	LM22	BS_SNVM7CZT	0.8077720451674674	Myeloid-dominant
NK cell	LM22	BS_SR2RGDXJ	-0.42128058026364706	Myeloid-dominant
NK cell	LM22	BS_SW9Z10F9	-0.8562417592638246	Lymphocyte-inflamed
NK cell	LM22	BS_SY3J3XR9	1.164011712138618	Immune-desert
NK cell	LM22	BS_T1YHK6B7	1.4102936357843232	Myeloid-dominant
NK cell	LM22	BS_T2F48Z4E	-1.1109391623386988	Lymphocyte-inflamed
NK cell	LM22	BS_T9A8JJW5	1.2858775270914338	Myeloid-dominant
NK cell	LM22	BS_TASG32Z2	0.9646764581017542	Myeloid-dominant
NK cell	LM22	BS_TGS109T3	-0.41530583936133286	Immune-desert
NK cell	LM22	BS_TM9MH0RP	-0.13486385015555968	Myeloid-dominant
NK cell	LM22	BS_TR2P8KRF	-0.5701393733859188	Myeloid-dominant
NK cell	LM22	BS_TRKH2SPE	-0.6033528159577191	Myeloid-dominant
NK cell	LM22	BS_TRPXB3AV	-1.299156326296122	Myeloid-dominant
NK cell	LM22	BS_TTDNZTZ0	-0.46496848593103746	Lymphocyte-inflamed
NK cell	LM22	BS_TTE04ZP8	-0.9147330205917623	Lymphocyte-inflamed
NK cell	LM22	BS_TV5B86ZD	1.4031458168493807	Immune-desert
NK cell	LM22	BS_TVH33J9Q	-0.5152855960620625	Myeloid-dominant
NK cell	LM22	BS_TXZ7KHTQ	-0.5006216055240796	Myeloid-dominant
NK cell	LM22	BS_V0DQFC75	2.169947360476856	Myeloid-dominant
NK cell	LM22	BS_V3Z3DB4N	0.2646984351980627	Immune-desert
NK cell	LM22	BS_V558NW3Q	-0.5319117305154736	Lymphocyte-inflamed
NK cell	LM22	BS_V6RSB5HQ	-0.43532676580887564	Myeloid-dominant
NK cell	LM22	BS_V8QWBVS3	0.8003619990226408	Lymphocyte-inflamed
NK cell	LM22	BS_VBMRQK4F	0.21535376576136672	Myeloid-dominant
NK cell	LM22	BS_VDFXXMEX	-1.1947671221004121	Immune-desert
NK cell	LM22	BS_VF3NVT4G	0.8462568838303118	Lymphocyte-inflamed
NK cell	LM22	BS_VKH87DD2	-0.851268174245402	Lymphocyte-inflamed
NK cell	LM22	BS_VKHJG2B8	1.0242966513581844	Myeloid-dominant
NK cell	LM22	BS_VKYEM67A	-0.8138233195475316	Lymphocyte-inflamed
NK cell	LM22	BS_VMQMGSJY	-1.0758446237089554	Lymphocyte-inflamed
NK cell	LM22	BS_VVTHDRBD	1.5186492002968583	Myeloid-dominant
NK cell	LM22	BS_W1385R8Y	0.434092183949982	Immune-desert
NK cell	LM22	BS_W4DB5RP1	0.7292804308709837	Immune-desert
NK cell	LM22	BS_W7MFJZ5A	-0.7307826409677074	Lymphocyte-inflamed
NK cell	LM22	BS_WBVSK3MP	1.1580234744967137	Immune-desert
NK cell	LM22	BS_WEKK6SHP	0.44476775156872456	Myeloid-dominant
NK cell	LM22	BS_WHBEXD5H	-0.8214384565955297	Lymphocyte-inflamed
NK cell	LM22	BS_WQ1YRTAT	-0.20919259861830375	Immune-desert
NK cell	LM22	BS_WTJEDTZC	0.023121822307433523	Myeloid-dominant
NK cell	LM22	BS_WVRX4C9Z	0.11934126317965128	Lymphocyte-inflamed
NK cell	LM22	BS_X0XXN9BK	-0.5049675062007641	Lymphocyte-inflamed
NK cell	LM22	BS_X1G0TKP4	0.8676093737751026	Myeloid-dominant
NK cell	LM22	BS_X20JCR4H	-1.3921523995984848	Lymphocyte-inflamed
NK cell	LM22	BS_X23724NJ	0.4273299533936952	Myeloid-dominant
NK cell	LM22	BS_X3HR4Z21	-0.20337870008604866	Myeloid-dominant
NK cell	LM22	BS_X4DD4KSZ	-0.34104925078619797	Lymphocyte-inflamed
NK cell	LM22	BS_X4X1SFSE	1.0499764116714816	Immune-desert
NK cell	LM22	BS_XG0DBWVT	0.32490435955240166	Immune-desert
NK cell	LM22	BS_XGDPK33A	0.1344673815077269	Myeloid-dominant
NK cell	LM22	BS_XM1AHBDJ	0.16407216652028897	Immune-desert
NK cell	LM22	BS_XQ5SFW35	-0.636565660739919	Myeloid-dominant
NK cell	LM22	BS_XQXXBWPD	0.09423227100112387	Lymphocyte-inflamed
NK cell	LM22	BS_XYVCMF4A	-1.4303607671436338	Myeloid-dominant
NK cell	LM22	BS_XZM79E42	0.51059294451915	Lymphocyte-inflamed
NK cell	LM22	BS_YA0KMBRT	1.6634631372657351	Myeloid-dominant
NK cell	LM22	BS_YDEVMD24	0.23460166581178984	Myeloid-dominant
NK cell	LM22	BS_YMKQT5V0	-1.2961210105449126	Lymphocyte-inflamed
NK cell	LM22	BS_YR12D1ZY	-0.6462015336872197	Lymphocyte-inflamed
NK cell	LM22	BS_YSZRQ95C	-0.7328647347180406	Myeloid-dominant
NK cell	LM22	BS_YTWEM5SG	-0.6206856916541788	Lymphocyte-inflamed
NK cell	LM22	BS_YZ2QFDAN	0.4711302133645571	Myeloid-dominant
NK cell	LM22	BS_Z0ZPD9S9	0.36424548130964596	Lymphocyte-inflamed
NK cell	LM22	BS_Z3RCA1T9	-0.10419849387580614	Myeloid-dominant
NK cell	LM22	BS_Z8F3GM85	-1.1211492536642795	Lymphocyte-inflamed
NK cell	LM22	BS_ZD5HN296	0.518314808958597	Lymphocyte-inflamed
NK cell	LM22	BS_ZF6BSFNF	-0.13431562608810907	Myeloid-dominant
NK cell	LM22	BS_ZM97KKXE	-0.17713814151197113	Lymphocyte-inflamed
NK cell	LM22	BS_ZV1P6W9C	1.9876823150998528	Immune-desert
NK cell	LM22	BS_ZVM8CAB0	0.5718543762779698	Lymphocyte-inflamed
NK cell	LM22	BS_ZZWMD6FA	0.5017119241198701	Lymphocyte-inflamed
Macrophage	xCell	BS_00FD2KMP	-0.7040036129615503	Immune-desert
Macrophage	xCell	BS_028YFYJ6	1.1874436242528328	Myeloid-dominant
Macrophage	xCell	BS_052PZFMK	-0.9054126551632506	Immune-desert
Macrophage	xCell	BS_056Q8577	-0.8663700596184355	Lymphocyte-inflamed
Macrophage	xCell	BS_08ST21QE	2.1677473159259772	Lymphocyte-inflamed
Macrophage	xCell	BS_0C7VZC0A	-0.05626515586212957	Myeloid-dominant
Macrophage	xCell	BS_0S8E7590	-0.9225049966273485	Lymphocyte-inflamed
Macrophage	xCell	BS_0VXZCRJS	-0.3839463323785143	Myeloid-dominant
Macrophage	xCell	BS_0XEBS3PG	-0.69574241325367	Immune-desert
Macrophage	xCell	BS_0ZA67BBC	-0.6268141485519441	Myeloid-dominant
Macrophage	xCell	BS_12G04QJM	-0.030373617321358494	Myeloid-dominant
Macrophage	xCell	BS_17ZSMXFH	-0.9300201011747735	Immune-desert
Macrophage	xCell	BS_1A6MQ9ZA	0.05251300126588152	Myeloid-dominant
Macrophage	xCell	BS_1D93Z575	1.0521899657907992	Myeloid-dominant
Macrophage	xCell	BS_1EN5V3XW	-0.9186364976271765	Immune-desert
Macrophage	xCell	BS_223BM91B	1.2254988444532213	Lymphocyte-inflamed
Macrophage	xCell	BS_25HNKZ79	0.37546537459738283	Lymphocyte-inflamed
Macrophage	xCell	BS_2853394H	-0.9300201011747735	Immune-desert
Macrophage	xCell	BS_297H8BT4	0.6945814579404833	Myeloid-dominant
Macrophage	xCell	BS_29X4ZX6Q	-0.5593426555324721	Immune-desert
Macrophage	xCell	BS_2A5R9MEJ	-0.8894702835682622	Immune-desert
Macrophage	xCell	BS_2ARXK0TD	-0.7552862693026096	Lymphocyte-inflamed
Macrophage	xCell	BS_2AV1H5TV	0.027594738887489242	Myeloid-dominant
Macrophage	xCell	BS_2DMBCHNF	1.606711084932631	Lymphocyte-inflamed
Macrophage	xCell	BS_2EN3X6HB	0.9959435198941646	Myeloid-dominant
Macrophage	xCell	BS_2FEZWH1F	2.6827105233201056	Lymphocyte-inflamed
Macrophage	xCell	BS_2HNXVFAS	-0.30611280224240206	Myeloid-dominant
Macrophage	xCell	BS_2JH1QMT1	-0.1867616020741955	Myeloid-dominant
Macrophage	xCell	BS_2JP7RBMB	-0.5069335949084824	Myeloid-dominant
Macrophage	xCell	BS_2K01T8K6	-0.14057903631505442	Lymphocyte-inflamed
Macrophage	xCell	BS_2PDS3MSS	0.38210786187710793	Lymphocyte-inflamed
Macrophage	xCell	BS_2T5PJAW8	-0.22169478039805596	Myeloid-dominant
Macrophage	xCell	BS_2WANPFBJ	0.5987405537666645	Lymphocyte-inflamed
Macrophage	xCell	BS_30F3Z9FS	-0.6894058153734919	Lymphocyte-inflamed
Macrophage	xCell	BS_30VC3R2Q	-0.09537498605080638	Myeloid-dominant
Macrophage	xCell	BS_30YWQ3FY	-0.7162339640296629	Lymphocyte-inflamed
Macrophage	xCell	BS_31MBRWC4	-0.7691244235075307	Lymphocyte-inflamed
Macrophage	xCell	BS_333KCNDP	0.6858731117756175	Lymphocyte-inflamed
Macrophage	xCell	BS_399RPKC9	0.03994660383802283	Myeloid-dominant
Macrophage	xCell	BS_3AC3SRWH	-0.8170481976635571	Immune-desert
Macrophage	xCell	BS_3MS8WVNR	-0.9300201011747735	Immune-desert
Macrophage	xCell	BS_3ZPJAK9A	-0.7205657238774361	Myeloid-dominant
Macrophage	xCell	BS_45J79YTF	-0.9300201011747735	Immune-desert
Macrophage	xCell	BS_49BQS7Z6	-0.7494681116254422	Myeloid-dominant
Macrophage	xCell	BS_49CJNZ06	0.08701315832193893	Myeloid-dominant
Macrophage	xCell	BS_4B0BAVTX	0.17889410017752283	Myeloid-dominant
Macrophage	xCell	BS_4BM3F6XJ	0.4301703144859859	Myeloid-dominant
Macrophage	xCell	BS_4C6B11E4	2.794445774262261	Lymphocyte-inflamed
Macrophage	xCell	BS_4GNN7J8E	0.3568162144814366	Lymphocyte-inflamed
Macrophage	xCell	BS_4KNBXM3C	1.3851548675622096	Lymphocyte-inflamed
Macrophage	xCell	BS_4Q3KRCZT	0.25768645436266396	Lymphocyte-inflamed
Macrophage	xCell	BS_4QW2S1Q8	0.7878510540765732	Lymphocyte-inflamed
Macrophage	xCell	BS_4T0HQ9QF	-0.641334675799497	Myeloid-dominant
Macrophage	xCell	BS_4V42BXBT	0.5526613291509699	Myeloid-dominant
Macrophage	xCell	BS_51RA1PGE	0.04341142101009572	Myeloid-dominant
Macrophage	xCell	BS_52C576HH	-0.32891593841468003	Myeloid-dominant
Macrophage	xCell	BS_5965SFPZ	-0.6151608318458665	Immune-desert
Macrophage	xCell	BS_5EFYPZT0	0.9292685742845994	Myeloid-dominant
Macrophage	xCell	BS_5G5BD2MD	2.5876275871418537	Lymphocyte-inflamed
Macrophage	xCell	BS_5K95FX4C	1.4628479862441004	Lymphocyte-inflamed
Macrophage	xCell	BS_5KBXD2GQ	-0.1835186649724109	Myeloid-dominant
Macrophage	xCell	BS_5PXZ8F7W	-0.427020416213353	Myeloid-dominant
Macrophage	xCell	BS_5VPM0F36	1.596572561885708	Lymphocyte-inflamed
Macrophage	xCell	BS_62SW4CC5	0.09793323750149684	Lymphocyte-inflamed
Macrophage	xCell	BS_65WPD3DA	-0.9300201011747735	Myeloid-dominant
Macrophage	xCell	BS_68KX6A42	0.5693352515145252	Lymphocyte-inflamed
Macrophage	xCell	BS_6DCSD5Y6	-0.921070097722968	Immune-desert
Macrophage	xCell	BS_6H4Q24WA	0.28768203680021587	Lymphocyte-inflamed
Macrophage	xCell	BS_6M2053M0	-0.4031561776865258	Myeloid-dominant
Macrophage	xCell	BS_6SY64H5J	-0.13604557383538043	Lymphocyte-inflamed
Macrophage	xCell	BS_6VRG1XFB	-0.43432963946453296	Myeloid-dominant
Macrophage	xCell	BS_6WP1FHTE	0.24849143260260836	Lymphocyte-inflamed
Macrophage	xCell	BS_7327SDAQ	-0.1776973438910969	Myeloid-dominant
Macrophage	xCell	BS_75YRDXET	2.056024431360705	Lymphocyte-inflamed
Macrophage	xCell	BS_77SBTNPN	-0.522475950646617	Myeloid-dominant
Macrophage	xCell	BS_7AEF4D4G	0.7000647905016762	Lymphocyte-inflamed
Macrophage	xCell	BS_7APCGCVF	0.42486860136733756	Myeloid-dominant
Macrophage	xCell	BS_7GJT4A6A	-0.149050335366397	Immune-desert
Macrophage	xCell	BS_7GKWKGPH	1.1271302307039404	Lymphocyte-inflamed
Macrophage	xCell	BS_7PVJ6Q3D	-0.8035681833133419	Immune-desert
Macrophage	xCell	BS_7WKNNRHK	0.6491834281101329	Myeloid-dominant
Macrophage	xCell	BS_84VZX732	0.6779174452758818	Myeloid-dominant
Macrophage	xCell	BS_84XCR9GG	-0.28429350929538977	Myeloid-dominant
Macrophage	xCell	BS_8E8JKP01	-0.8711830900848516	Immune-desert
Macrophage	xCell	BS_8ERBDF7D	-0.8741880470115547	Immune-desert
Macrophage	xCell	BS_8JK9TXH2	0.4468727550640108	Myeloid-dominant
Macrophage	xCell	BS_8VD670NP	-0.39813980703080926	Myeloid-dominant
Macrophage	xCell	BS_8YWYN7VH	0.42035390782235277	Lymphocyte-inflamed
Macrophage	xCell	BS_8ZE4Z9G5	-0.8536005626190206	Myeloid-dominant
Macrophage	xCell	BS_8ZY4GST0	-0.7926771871676966	Immune-desert
Macrophage	xCell	BS_91VYM11A	-0.4558308044963069	Myeloid-dominant
Macrophage	xCell	BS_956G6QPJ	-0.11395350195970345	Myeloid-dominant
Macrophage	xCell	BS_97M1E2DW	-0.9300201011747735	Immune-desert
Macrophage	xCell	BS_9A1YTHFF	-0.23028216708487234	Lymphocyte-inflamed
Macrophage	xCell	BS_9B0A62MT	0.1678978782153635	Lymphocyte-inflamed
Macrophage	xCell	BS_9CA93S6D	-0.9300201011747735	Immune-desert
Macrophage	xCell	BS_9FHEFJNP	-0.26711237569997154	Myeloid-dominant
Macrophage	xCell	BS_9FX3YREK	-0.9300201011747733	Immune-desert
Macrophage	xCell	BS_9GJ3DB1H	-0.6372622072165508	Lymphocyte-inflamed
Macrophage	xCell	BS_9JPQZQNG	-0.3570484748647993	Myeloid-dominant
Macrophage	xCell	BS_9TXEDSWB	1.4180333165247168	Myeloid-dominant
Macrophage	xCell	BS_9XVACXP0	-0.6339620863348718	Myeloid-dominant
Macrophage	xCell	BS_9Y1K14Q5	-0.6113727303272384	Myeloid-dominant
Macrophage	xCell	BS_9ZJT0CP0	0.31022176803495294	Myeloid-dominant
Macrophage	xCell	BS_A4PF49V0	-0.7818965227777913	Immune-desert
Macrophage	xCell	BS_A6NXR7RC	0.402563822351555	Myeloid-dominant
Macrophage	xCell	BS_A7Q8G0Y1	-0.5058106044106745	Myeloid-dominant
Macrophage	xCell	BS_A8XW5S0W	-0.8207776762676229	Myeloid-dominant
Macrophage	xCell	BS_AWH9757B	-0.7006921808167105	Immune-desert
Macrophage	xCell	BS_AYSXRQWY	0.3340131592826443	Myeloid-dominant
Macrophage	xCell	BS_AZQM1JJH	-0.42691433080597285	Lymphocyte-inflamed
Macrophage	xCell	BS_B1C6GZ84	-0.6051323064816613	Immune-desert
Macrophage	xCell	BS_B3MQFFYP	3.8535806623328943	Lymphocyte-inflamed
Macrophage	xCell	BS_B4R7X1KE	-0.7784915382053461	Immune-desert
Macrophage	xCell	BS_B57327NA	0.06478184406034805	Myeloid-dominant
Macrophage	xCell	BS_BBAEMXRD	-0.9121825472352784	Immune-desert
Macrophage	xCell	BS_BBQ6BHGN	-0.7718076577722527	Myeloid-dominant
Macrophage	xCell	BS_BK0HGRXM	-0.3693054428404662	Lymphocyte-inflamed
Macrophage	xCell	BS_BMMY0H73	0.20981888942559376	Myeloid-dominant
Macrophage	xCell	BS_C6ZZ3FY5	0.17362636157386657	Myeloid-dominant
Macrophage	xCell	BS_C83TK159	-0.7275199457469387	Myeloid-dominant
Macrophage	xCell	BS_CBDQZ8PP	-0.9300201011747735	Immune-desert
Macrophage	xCell	BS_CF63VG3S	-0.9300201011747735	Myeloid-dominant
Macrophage	xCell	BS_CFD3WHAY	-0.37688304487883834	Myeloid-dominant
Macrophage	xCell	BS_CG1RG607	1.022290884809768	Lymphocyte-inflamed
Macrophage	xCell	BS_CVEDJGHZ	-0.2577893222158788	Lymphocyte-inflamed
Macrophage	xCell	BS_CXAQDK7S	1.0160146483042871	Lymphocyte-inflamed
Macrophage	xCell	BS_CZPQ493E	-0.6969582319554208	Myeloid-dominant
Macrophage	xCell	BS_D29RPBSZ	0.522554551881776	Myeloid-dominant
Macrophage	xCell	BS_D4VNDNQA	-0.5177358318755727	Immune-desert
Macrophage	xCell	BS_D6J2BGDJ	-0.2573817235574764	Immune-desert
Macrophage	xCell	BS_DFGS950G	-0.7835061184745	Immune-desert
Macrophage	xCell	BS_DNZVP92S	-0.9300201011747735	Myeloid-dominant
Macrophage	xCell	BS_DR079H0D	-0.9300201011747735	Immune-desert
Macrophage	xCell	BS_DS438CXE	-0.9300201011747733	Immune-desert
Macrophage	xCell	BS_DSPVSM7D	-0.8098813229621179	Myeloid-dominant
Macrophage	xCell	BS_DZNXFPH1	2.2789449068947234	Lymphocyte-inflamed
Macrophage	xCell	BS_E7NVYA6G	0.7856435222615606	Lymphocyte-inflamed
Macrophage	xCell	BS_E9CYN4NP	-0.5415669946896836	Immune-desert
Macrophage	xCell	BS_EB0XRBT9	0.27387591522057136	Lymphocyte-inflamed
Macrophage	xCell	BS_EDJ5TV0P	-0.9300201011747735	Immune-desert
Macrophage	xCell	BS_EMQM7HTA	-0.5402878220858229	Myeloid-dominant
Macrophage	xCell	BS_ENEYB4TG	-0.1882135412296042	Lymphocyte-inflamed
Macrophage	xCell	BS_EXPJQZTH	1.7475739856268868	Lymphocyte-inflamed
Macrophage	xCell	BS_EZ3147MX	-0.2445954523465464	Myeloid-dominant
Macrophage	xCell	BS_F0JB4EAK	-0.5346274837500823	Immune-desert
Macrophage	xCell	BS_F21R36MM	-0.6755002562105704	Myeloid-dominant
Macrophage	xCell	BS_F65GWS21	-0.7763175332728268	Myeloid-dominant
Macrophage	xCell	BS_F6V1Y4QS	-0.08165353256919029	Myeloid-dominant
Macrophage	xCell	BS_F9Y4Z92G	-0.8656676594296071	Immune-desert
Macrophage	xCell	BS_FCDAH728	-0.6766309670104136	Myeloid-dominant
Macrophage	xCell	BS_FEV5A0HN	-0.9300201011747735	Immune-desert
Macrophage	xCell	BS_FGJH1X0S	-0.5398856883505877	Myeloid-dominant
Macrophage	xCell	BS_FKASA3MN	-0.9300201011747735	Immune-desert
Macrophage	xCell	BS_FN07P04C	-0.8395165028699261	Immune-desert
Macrophage	xCell	BS_FX2P2WEG	0.1166968594252951	Lymphocyte-inflamed
Macrophage	xCell	BS_FXJY0MNH	-0.6267972905928849	Lymphocyte-inflamed
Macrophage	xCell	BS_FYP2B298	-0.9167231658498909	Immune-desert
Macrophage	xCell	BS_G19QZG4S	0.21460849422496842	Myeloid-dominant
Macrophage	xCell	BS_G1E5DATJ	-0.9300201011747735	Myeloid-dominant
Macrophage	xCell	BS_G257VSS9	-0.6127959989053774	Immune-desert
Macrophage	xCell	BS_G3NN392N	-0.21931993810542524	Myeloid-dominant
Macrophage	xCell	BS_G3RJTBZD	-0.6869023195835278	Immune-desert
Macrophage	xCell	BS_G5NHSFD4	-0.6762745816363163	Immune-desert
Macrophage	xCell	BS_G8TXTX0H	0.2757402028016226	Myeloid-dominant
Macrophage	xCell	BS_GG9W3J9Y	-0.5070728696047482	Immune-desert
Macrophage	xCell	BS_GW0GKWMS	-0.33209679004901455	Myeloid-dominant
Macrophage	xCell	BS_GWHYM3R4	-0.2601520727492405	Myeloid-dominant
Macrophage	xCell	BS_GWSJ4Z9H	-0.2844102083832513	Lymphocyte-inflamed
Macrophage	xCell	BS_H5VQJR7X	1.3160988998098593	Myeloid-dominant
Macrophage	xCell	BS_H97S5SQN	-0.38094549959107504	Myeloid-dominant
Macrophage	xCell	BS_H9JYKFTV	0.577942986757621	Myeloid-dominant
Macrophage	xCell	BS_HDHXX8Q7	-0.3704046318946651	Myeloid-dominant
Macrophage	xCell	BS_HDPCQETG	1.4882352952331053	Lymphocyte-inflamed
Macrophage	xCell	BS_HJRTC9JQ	5.841756711815792	Lymphocyte-inflamed
Macrophage	xCell	BS_HJV0J603	-0.9300201011747733	Lymphocyte-inflamed
Macrophage	xCell	BS_HRJ9145M	2.1577426447844865	Lymphocyte-inflamed
Macrophage	xCell	BS_HWGWYCY7	3.4688172406835798	Lymphocyte-inflamed
Macrophage	xCell	BS_HZ9AYDCQ	-0.9300201011747735	Lymphocyte-inflamed
Macrophage	xCell	BS_J4JY2F3H	0.548567829734823	Lymphocyte-inflamed
Macrophage	xCell	BS_J6212Y48	0.012320478044642811	Myeloid-dominant
Macrophage	xCell	BS_J6W1RB7A	0.3195488298152309	Myeloid-dominant
Macrophage	xCell	BS_J9CBGP57	-0.3463993592621511	Myeloid-dominant
Macrophage	xCell	BS_JB43XBCQ	0.06781671720745047	Lymphocyte-inflamed
Macrophage	xCell	BS_JDSNFYQ0	0.6839296166951889	Lymphocyte-inflamed
Macrophage	xCell	BS_JJVH7WR0	-0.9300201011747735	Immune-desert
Macrophage	xCell	BS_JMD386Z2	1.3727678410466777	Myeloid-dominant
Macrophage	xCell	BS_JP95KMRD	-0.39370606152721316	Lymphocyte-inflamed
Macrophage	xCell	BS_JQGJQ2QZ	-0.9300201011747735	Myeloid-dominant
Macrophage	xCell	BS_JQVAWTTM	0.010091717968328917	Myeloid-dominant
Macrophage	xCell	BS_JQXHHK0K	-0.6729737522082366	Immune-desert
Macrophage	xCell	BS_JRYJGYC4	0.4170088763698558	Myeloid-dominant
Macrophage	xCell	BS_JS95PE0J	1.1583217640355286	Myeloid-dominant
Macrophage	xCell	BS_JTWNJ8T7	-0.8336408902292255	Immune-desert
Macrophage	xCell	BS_JVW2JJ39	-0.9300201011747735	Immune-desert
Macrophage	xCell	BS_K0X3PZGN	2.8370444286427405	Lymphocyte-inflamed
Macrophage	xCell	BS_K17VQECG	0.10263273518813606	Lymphocyte-inflamed
Macrophage	xCell	BS_K2PCC777	-0.26761602931945155	Lymphocyte-inflamed
Macrophage	xCell	BS_K74N1BXQ	-0.8159192487644651	Myeloid-dominant
Macrophage	xCell	BS_K81PZXP2	0.8753757211816292	Lymphocyte-inflamed
Macrophage	xCell	BS_K88T8SW7	-0.6315699764239467	Lymphocyte-inflamed
Macrophage	xCell	BS_KABQQA0T	-0.7778323491895789	Immune-desert
Macrophage	xCell	BS_KBEX4RT2	-0.6212182611336741	Myeloid-dominant
Macrophage	xCell	BS_KFD5128N	-0.6070069319351108	Myeloid-dominant
Macrophage	xCell	BS_KKDTW11T	-0.9132136438885551	Immune-desert
Macrophage	xCell	BS_KP735TJ6	-0.902292621586833	Immune-desert
Macrophage	xCell	BS_KQ6ZW085	-0.6232966912043173	Myeloid-dominant
Macrophage	xCell	BS_KRS4EV4X	-0.7521357833009971	Myeloid-dominant
Macrophage	xCell	BS_KS8HMGA6	0.9724500886062778	Lymphocyte-inflamed
Macrophage	xCell	BS_KVPWHDR4	-0.1854105575062923	Myeloid-dominant
Macrophage	xCell	BS_M0FA190Y	-0.9300201011747735	Myeloid-dominant
Macrophage	xCell	BS_M0XGZ53Z	-0.9178021187548989	Immune-desert
Macrophage	xCell	BS_M1PVEHCM	-0.9097171299769874	Immune-desert
Macrophage	xCell	BS_M54TWTH4	-0.349616255334052	Myeloid-dominant
Macrophage	xCell	BS_M7XB258E	1.8381137985233897	Lymphocyte-inflamed
Macrophage	xCell	BS_M85CXHDV	2.792989461522284	Lymphocyte-inflamed
Macrophage	xCell	BS_MB7WN0ZB	0.2256955066794418	Myeloid-dominant
Macrophage	xCell	BS_MD0937XT	-0.8393299448101778	Immune-desert
Macrophage	xCell	BS_MDBT7S5Z	-0.8627543189396005	Immune-desert
Macrophage	xCell	BS_ME6VQGG4	0.26266851203717	Myeloid-dominant
Macrophage	xCell	BS_MFGZH8FK	-0.6783670620150476	Myeloid-dominant
Macrophage	xCell	BS_MG78HQDM	-0.9300201011747735	Immune-desert
Macrophage	xCell	BS_MWWZBQ60	0.30571854652517255	Myeloid-dominant
Macrophage	xCell	BS_N6TQBQ8M	-0.7597275561557822	Myeloid-dominant
Macrophage	xCell	BS_N7SW36FD	0.9583665510024708	Lymphocyte-inflamed
Macrophage	xCell	BS_N7VQ1GQB	0.9408977722688067	Lymphocyte-inflamed
Macrophage	xCell	BS_NB9XXBW6	-0.44880012714496814	Myeloid-dominant
Macrophage	xCell	BS_NEFAASTR	-0.4406658953622781	Lymphocyte-inflamed
Macrophage	xCell	BS_NEVYM2FP	-0.11891960269145378	Myeloid-dominant
Macrophage	xCell	BS_NFKKDYSV	1.0863468849455484	Lymphocyte-inflamed
Macrophage	xCell	BS_NGSG2KB6	-0.48608291840518	Lymphocyte-inflamed
Macrophage	xCell	BS_NNYXMSTX	3.198384345206636	Lymphocyte-inflamed
Macrophage	xCell	BS_NPA6CZQF	-0.581979849993782	Immune-desert
Macrophage	xCell	BS_NQ54ST98	-0.06733491040596874	Lymphocyte-inflamed
Macrophage	xCell	BS_NR3P3GN2	-0.24634734306356645	Myeloid-dominant
Macrophage	xCell	BS_NX1R0BC3	0.01635398295615738	Lymphocyte-inflamed
Macrophage	xCell	BS_P0QF87WC	0.1857362605685196	Myeloid-dominant
Macrophage	xCell	BS_P4PMWFMV	-0.4859676326541508	Myeloid-dominant
Macrophage	xCell	BS_P7W3AYKV	-0.6651496746370367	Myeloid-dominant
Macrophage	xCell	BS_PENM28KT	-0.5521784780067109	Myeloid-dominant
Macrophage	xCell	BS_PJC6FH4Y	2.212169461032855	Lymphocyte-inflamed
Macrophage	xCell	BS_PS0P3QJ3	0.013388462183691737	Myeloid-dominant
Macrophage	xCell	BS_PXCPK5XS	-0.4465618555364257	Myeloid-dominant
Macrophage	xCell	BS_PZVHMSYN	-0.6484403765933081	Myeloid-dominant
Macrophage	xCell	BS_Q06J3RYW	0.1341443859386038	Lymphocyte-inflamed
Macrophage	xCell	BS_Q35GFYDR	-0.9300201011747735	Myeloid-dominant
Macrophage	xCell	BS_Q9N5PRD5	-0.23886801582620873	Myeloid-dominant
Macrophage	xCell	BS_QB84TBA3	-0.9300201011747733	Immune-desert
Macrophage	xCell	BS_QGKEP3KB	1.6467769853957532	Lymphocyte-inflamed
Macrophage	xCell	BS_QH0VYVJK	0.8524463412788197	Myeloid-dominant
Macrophage	xCell	BS_QHY302E8	2.112026074625326	Lymphocyte-inflamed
Macrophage	xCell	BS_QMBS32Y2	-0.16424409954883348	Myeloid-dominant
Macrophage	xCell	BS_QNNX91SM	-0.7847175750005315	Myeloid-dominant
Macrophage	xCell	BS_QY2G1JZJ	-0.647921510271887	Myeloid-dominant
Macrophage	xCell	BS_QYA4TQXX	-0.8650989547360172	Immune-desert
Macrophage	xCell	BS_R5JQE0VJ	-0.5982589171105257	Myeloid-dominant
Macrophage	xCell	BS_R5SNFB5B	-0.8952092015149523	Immune-desert
Macrophage	xCell	BS_R9B92M75	-0.39719579977976033	Myeloid-dominant
Macrophage	xCell	BS_RHAWQJ48	-0.19203939315130245	Lymphocyte-inflamed
Macrophage	xCell	BS_RHM60031	0.3602435420645412	Myeloid-dominant
Macrophage	xCell	BS_RJC3WDD6	-0.9300201011747735	Immune-desert
Macrophage	xCell	BS_RN0VAY51	-0.8002339690791989	Myeloid-dominant
Macrophage	xCell	BS_RX1YTZ7F	-0.20809310690366262	Myeloid-dominant
Macrophage	xCell	BS_RZBFH1QF	-0.9300201011747735	Immune-desert
Macrophage	xCell	BS_S2TA8R29	0.28112428543441975	Myeloid-dominant
Macrophage	xCell	BS_S3C2PZAH	0.9581842195032978	Myeloid-dominant
Macrophage	xCell	BS_S3MET0JZ	-0.8339438442603253	Myeloid-dominant
Macrophage	xCell	BS_S4V9E1XJ	0.8965048688769681	Lymphocyte-inflamed
Macrophage	xCell	BS_S5P8VTN5	0.10220875930266587	Myeloid-dominant
Macrophage	xCell	BS_S6B9DVNS	-0.9300201011747735	Immune-desert
Macrophage	xCell	BS_S6S7SK3P	-0.865554050499242	Immune-desert
Macrophage	xCell	BS_S8K878T3	1.475319809176186	Lymphocyte-inflamed
Macrophage	xCell	BS_SBMAM00V	-0.2698532836072886	Myeloid-dominant
Macrophage	xCell	BS_SBMCD7XZ	0.5473869353622163	Myeloid-dominant
Macrophage	xCell	BS_SD0EMK7Y	-0.9130306185355532	Lymphocyte-inflamed
Macrophage	xCell	BS_SD8YBRBR	-0.9300201011747735	Immune-desert
Macrophage	xCell	BS_SERDGASJ	-0.7351052451703954	Lymphocyte-inflamed
Macrophage	xCell	BS_SJVTZ5TH	-0.6862529787715081	Myeloid-dominant
Macrophage	xCell	BS_SMWQR2F1	-0.300615034970914	Myeloid-dominant
Macrophage	xCell	BS_SNVM7CZT	-0.15649023272571608	Myeloid-dominant
Macrophage	xCell	BS_SR2RGDXJ	0.06173242851063454	Myeloid-dominant
Macrophage	xCell	BS_SW9Z10F9	1.5087131865766186	Lymphocyte-inflamed
Macrophage	xCell	BS_SY3J3XR9	-0.9300201011747735	Immune-desert
Macrophage	xCell	BS_T1YHK6B7	-0.3903393073281266	Myeloid-dominant
Macrophage	xCell	BS_T2F48Z4E	1.648374300463564	Lymphocyte-inflamed
Macrophage	xCell	BS_T9A8JJW5	-0.1515012974011857	Myeloid-dominant
Macrophage	xCell	BS_TASG32Z2	-0.5060154599233786	Myeloid-dominant
Macrophage	xCell	BS_TGS109T3	-0.6325578016447202	Immune-desert
Macrophage	xCell	BS_TM9MH0RP	0.2412188979343441	Myeloid-dominant
Macrophage	xCell	BS_TR2P8KRF	-0.6726288410262181	Myeloid-dominant
Macrophage	xCell	BS_TRKH2SPE	-0.27816916981374934	Myeloid-dominant
Macrophage	xCell	BS_TRPXB3AV	-0.516208617061837	Myeloid-dominant
Macrophage	xCell	BS_TTDNZTZ0	1.4531337094909933	Lymphocyte-inflamed
Macrophage	xCell	BS_TTE04ZP8	-0.1376801930385246	Lymphocyte-inflamed
Macrophage	xCell	BS_TV5B86ZD	-0.9300201011747735	Immune-desert
Macrophage	xCell	BS_TVH33J9Q	-0.7192812097166278	Myeloid-dominant
Macrophage	xCell	BS_TXZ7KHTQ	-0.0775958894505098	Myeloid-dominant
Macrophage	xCell	BS_V0DQFC75	-0.8445726628924183	Myeloid-dominant
Macrophage	xCell	BS_V3Z3DB4N	-0.6881726601778284	Immune-desert
Macrophage	xCell	BS_V558NW3Q	0.30863246406513495	Lymphocyte-inflamed
Macrophage	xCell	BS_V6RSB5HQ	-0.06236290557105503	Myeloid-dominant
Macrophage	xCell	BS_V8QWBVS3	3.9287736497454553	Lymphocyte-inflamed
Macrophage	xCell	BS_VBMRQK4F	-0.9075761111937952	Myeloid-dominant
Macrophage	xCell	BS_VDFXXMEX	-0.9300201011747735	Immune-desert
Macrophage	xCell	BS_VF3NVT4G	-0.6608055871209505	Lymphocyte-inflamed
Macrophage	xCell	BS_VKH87DD2	2.229322949869446	Lymphocyte-inflamed
Macrophage	xCell	BS_VKHJG2B8	-0.9300201011747735	Myeloid-dominant
Macrophage	xCell	BS_VKYEM67A	2.7731253256179413	Lymphocyte-inflamed
Macrophage	xCell	BS_VMQMGSJY	1.641845828704013	Lymphocyte-inflamed
Macrophage	xCell	BS_VVTHDRBD	-0.7834007961916837	Myeloid-dominant
Macrophage	xCell	BS_W1385R8Y	-0.47798560902380344	Immune-desert
Macrophage	xCell	BS_W4DB5RP1	-0.9300201011747735	Immune-desert
Macrophage	xCell	BS_W7MFJZ5A	0.47231064695862424	Lymphocyte-inflamed
Macrophage	xCell	BS_WBVSK3MP	-0.9300201011747735	Immune-desert
Macrophage	xCell	BS_WEKK6SHP	-0.8684645688809584	Myeloid-dominant
Macrophage	xCell	BS_WHBEXD5H	1.0108349902229354	Lymphocyte-inflamed
Macrophage	xCell	BS_WQ1YRTAT	-0.9300201011747735	Immune-desert
Macrophage	xCell	BS_WTJEDTZC	-0.23855782471708722	Myeloid-dominant
Macrophage	xCell	BS_WVRX4C9Z	0.6481600617429654	Lymphocyte-inflamed
Macrophage	xCell	BS_X0XXN9BK	0.20641784052473935	Lymphocyte-inflamed
Macrophage	xCell	BS_X1G0TKP4	0.7268809981155545	Myeloid-dominant
Macrophage	xCell	BS_X20JCR4H	-0.3627889996962905	Lymphocyte-inflamed
Macrophage	xCell	BS_X23724NJ	0.7670089952159885	Myeloid-dominant
Macrophage	xCell	BS_X3HR4Z21	-0.250859713438305	Myeloid-dominant
Macrophage	xCell	BS_X4DD4KSZ	1.9412531170630611	Lymphocyte-inflamed
Macrophage	xCell	BS_X4X1SFSE	-0.4622117494834062	Immune-desert
Macrophage	xCell	BS_XG0DBWVT	-0.6355589073248374	Immune-desert
Macrophage	xCell	BS_XGDPK33A	-0.5071509564008232	Myeloid-dominant
Macrophage	xCell	BS_XM1AHBDJ	-0.7714029105229951	Immune-desert
Macrophage	xCell	BS_XQ5SFW35	0.37258044203913837	Myeloid-dominant
Macrophage	xCell	BS_XQXXBWPD	1.2577024317421253	Lymphocyte-inflamed
Macrophage	xCell	BS_XYVCMF4A	-0.04073263747905571	Myeloid-dominant
Macrophage	xCell	BS_XZM79E42	2.0091860526773693	Lymphocyte-inflamed
Macrophage	xCell	BS_YA0KMBRT	-0.7528473917349883	Myeloid-dominant
Macrophage	xCell	BS_YDEVMD24	-0.16199214110275031	Myeloid-dominant
Macrophage	xCell	BS_YMKQT5V0	0.44310003453305996	Lymphocyte-inflamed
Macrophage	xCell	BS_YR12D1ZY	-0.2931661921317641	Lymphocyte-inflamed
Macrophage	xCell	BS_YSZRQ95C	-0.24163602855804633	Myeloid-dominant
Macrophage	xCell	BS_YTWEM5SG	0.036798232537286056	Lymphocyte-inflamed
Macrophage	xCell	BS_YZ2QFDAN	-0.33568172195050283	Myeloid-dominant
Macrophage	xCell	BS_Z0ZPD9S9	1.0162577981770684	Lymphocyte-inflamed
Macrophage	xCell	BS_Z3RCA1T9	-0.13255650630300736	Myeloid-dominant
Macrophage	xCell	BS_Z8F3GM85	0.8643263513827381	Lymphocyte-inflamed
Macrophage	xCell	BS_ZD5HN296	2.132135141936872	Lymphocyte-inflamed
Macrophage	xCell	BS_ZF6BSFNF	-0.3641973747268113	Myeloid-dominant
Macrophage	xCell	BS_ZM97KKXE	0.4521870879743383	Lymphocyte-inflamed
Macrophage	xCell	BS_ZV1P6W9C	-0.06042584637894658	Immune-desert
Macrophage	xCell	BS_ZVM8CAB0	1.953952313321738	Lymphocyte-inflamed
Macrophage	xCell	BS_ZZWMD6FA	0.77981798352057	Lymphocyte-inflamed
Macrophage	MCP	BS_00FD2KMP	-0.24769264352741593	Immune-desert
Macrophage	MCP	BS_028YFYJ6	0.4373787249890625	Myeloid-dominant
Macrophage	MCP	BS_052PZFMK	-1.2140683009612616	Immune-desert
Macrophage	MCP	BS_056Q8577	0.9402925636830571	Lymphocyte-inflamed
Macrophage	MCP	BS_08ST21QE	0.22929922643906328	Lymphocyte-inflamed
Macrophage	MCP	BS_0C7VZC0A	-0.6022324306792278	Myeloid-dominant
Macrophage	MCP	BS_0S8E7590	0.5515856222714786	Lymphocyte-inflamed
Macrophage	MCP	BS_0VXZCRJS	-0.20808664464946824	Myeloid-dominant
Macrophage	MCP	BS_0XEBS3PG	-0.8065413238483176	Immune-desert
Macrophage	MCP	BS_0ZA67BBC	0.38437186673323753	Myeloid-dominant
Macrophage	MCP	BS_12G04QJM	-1.292146196019179	Myeloid-dominant
Macrophage	MCP	BS_17ZSMXFH	-0.8891917991264477	Immune-desert
Macrophage	MCP	BS_1A6MQ9ZA	-1.1303822290060395	Myeloid-dominant
Macrophage	MCP	BS_1D93Z575	0.27999189395553015	Myeloid-dominant
Macrophage	MCP	BS_1EN5V3XW	-1.0178554534089665	Immune-desert
Macrophage	MCP	BS_223BM91B	1.40485860424842	Lymphocyte-inflamed
Macrophage	MCP	BS_25HNKZ79	0.768201985264304	Lymphocyte-inflamed
Macrophage	MCP	BS_2853394H	-1.082418455408365	Immune-desert
Macrophage	MCP	BS_297H8BT4	-0.05598908701867048	Myeloid-dominant
Macrophage	MCP	BS_29X4ZX6Q	-1.0685284178165269	Immune-desert
Macrophage	MCP	BS_2A5R9MEJ	-0.9001028973398001	Immune-desert
Macrophage	MCP	BS_2ARXK0TD	1.3558668621912247	Lymphocyte-inflamed
Macrophage	MCP	BS_2AV1H5TV	-1.181545305894615	Myeloid-dominant
Macrophage	MCP	BS_2DMBCHNF	0.3876458197280343	Lymphocyte-inflamed
Macrophage	MCP	BS_2EN3X6HB	-0.08784205293611558	Myeloid-dominant
Macrophage	MCP	BS_2FEZWH1F	1.5392392286687808	Lymphocyte-inflamed
Macrophage	MCP	BS_2HNXVFAS	0.10417745332011703	Myeloid-dominant
Macrophage	MCP	BS_2JH1QMT1	-0.14126750634614885	Myeloid-dominant
Macrophage	MCP	BS_2JP7RBMB	0.3668921679459883	Myeloid-dominant
Macrophage	MCP	BS_2K01T8K6	1.2791340152329478	Lymphocyte-inflamed
Macrophage	MCP	BS_2PDS3MSS	0.5441454863338782	Lymphocyte-inflamed
Macrophage	MCP	BS_2T5PJAW8	-0.5749317113688562	Myeloid-dominant
Macrophage	MCP	BS_2WANPFBJ	0.7943402825889385	Lymphocyte-inflamed
Macrophage	MCP	BS_30F3Z9FS	0.8175793137268615	Lymphocyte-inflamed
Macrophage	MCP	BS_30VC3R2Q	-0.605332134430475	Myeloid-dominant
Macrophage	MCP	BS_30YWQ3FY	1.6193990244339036	Lymphocyte-inflamed
Macrophage	MCP	BS_31MBRWC4	1.4952163412767467	Lymphocyte-inflamed
Macrophage	MCP	BS_333KCNDP	2.5492478689909697	Lymphocyte-inflamed
Macrophage	MCP	BS_399RPKC9	-0.42102712580665375	Myeloid-dominant
Macrophage	MCP	BS_3AC3SRWH	-1.9795070454879806	Immune-desert
Macrophage	MCP	BS_3MS8WVNR	-0.9026302014950774	Immune-desert
Macrophage	MCP	BS_3ZPJAK9A	-0.4556577149561018	Myeloid-dominant
Macrophage	MCP	BS_45J79YTF	-0.7447321603417847	Immune-desert
Macrophage	MCP	BS_49BQS7Z6	-0.8349802576075587	Myeloid-dominant
Macrophage	MCP	BS_49CJNZ06	0.20534770679950864	Myeloid-dominant
Macrophage	MCP	BS_4B0BAVTX	-0.35666862143906325	Myeloid-dominant
Macrophage	MCP	BS_4BM3F6XJ	-0.39453496183958636	Myeloid-dominant
Macrophage	MCP	BS_4C6B11E4	1.0616818381582191	Lymphocyte-inflamed
Macrophage	MCP	BS_4GNN7J8E	1.764543122175318	Lymphocyte-inflamed
Macrophage	MCP	BS_4KNBXM3C	0.9847120562030584	Lymphocyte-inflamed
Macrophage	MCP	BS_4Q3KRCZT	1.9956452962223845	Lymphocyte-inflamed
Macrophage	MCP	BS_4QW2S1Q8	-0.11249364333254601	Lymphocyte-inflamed
Macrophage	MCP	BS_4T0HQ9QF	-0.9174580234442534	Myeloid-dominant
Macrophage	MCP	BS_4V42BXBT	0.3813591322053378	Myeloid-dominant
Macrophage	MCP	BS_51RA1PGE	-1.2252058864534874	Myeloid-dominant
Macrophage	MCP	BS_52C576HH	-0.7459279136486915	Myeloid-dominant
Macrophage	MCP	BS_5965SFPZ	-0.7415413950386718	Immune-desert
Macrophage	MCP	BS_5EFYPZT0	0.5138182651324499	Myeloid-dominant
Macrophage	MCP	BS_5G5BD2MD	1.6297344003811542	Lymphocyte-inflamed
Macrophage	MCP	BS_5K95FX4C	1.6374540739610686	Lymphocyte-inflamed
Macrophage	MCP	BS_5KBXD2GQ	-1.0549042806445443	Myeloid-dominant
Macrophage	MCP	BS_5PXZ8F7W	0.0026996526362770244	Myeloid-dominant
Macrophage	MCP	BS_5VPM0F36	1.9292301808140793	Lymphocyte-inflamed
Macrophage	MCP	BS_62SW4CC5	2.059098016750763	Lymphocyte-inflamed
Macrophage	MCP	BS_65WPD3DA	1.2634456668191394	Myeloid-dominant
Macrophage	MCP	BS_68KX6A42	1.3175473595588694	Lymphocyte-inflamed
Macrophage	MCP	BS_6DCSD5Y6	-0.9348760185818358	Immune-desert
Macrophage	MCP	BS_6H4Q24WA	1.7448551139514996	Lymphocyte-inflamed
Macrophage	MCP	BS_6M2053M0	0.8720054073034474	Myeloid-dominant
Macrophage	MCP	BS_6SY64H5J	0.6052769807385977	Lymphocyte-inflamed
Macrophage	MCP	BS_6VRG1XFB	-0.8747160738736087	Myeloid-dominant
Macrophage	MCP	BS_6WP1FHTE	-0.7059709007161057	Lymphocyte-inflamed
Macrophage	MCP	BS_7327SDAQ	-1.0747159448843628	Myeloid-dominant
Macrophage	MCP	BS_75YRDXET	1.4856240291816376	Lymphocyte-inflamed
Macrophage	MCP	BS_77SBTNPN	-0.8908923207582724	Myeloid-dominant
Macrophage	MCP	BS_7AEF4D4G	0.24755155180593497	Lymphocyte-inflamed
Macrophage	MCP	BS_7APCGCVF	-0.616505182846864	Myeloid-dominant
Macrophage	MCP	BS_7GJT4A6A	-0.2517589653343658	Immune-desert
Macrophage	MCP	BS_7GKWKGPH	0.4488994808927011	Lymphocyte-inflamed
Macrophage	MCP	BS_7PVJ6Q3D	-0.9516342641586146	Immune-desert
Macrophage	MCP	BS_7WKNNRHK	-0.7703295903993634	Myeloid-dominant
Macrophage	MCP	BS_84VZX732	-0.167521583078778	Myeloid-dominant
Macrophage	MCP	BS_84XCR9GG	-1.154117928042862	Myeloid-dominant
Macrophage	MCP	BS_8E8JKP01	-0.49620163402546646	Immune-desert
Macrophage	MCP	BS_8ERBDF7D	-0.3510659883611353	Immune-desert
Macrophage	MCP	BS_8JK9TXH2	0.5046231727359972	Myeloid-dominant
Macrophage	MCP	BS_8VD670NP	-0.6324008909660673	Myeloid-dominant
Macrophage	MCP	BS_8YWYN7VH	0.7494443441198	Lymphocyte-inflamed
Macrophage	MCP	BS_8ZE4Z9G5	-0.9259612473841159	Myeloid-dominant
Macrophage	MCP	BS_8ZY4GST0	0.792212371400054	Immune-desert
Macrophage	MCP	BS_91VYM11A	-1.0117786926356116	Myeloid-dominant
Macrophage	MCP	BS_956G6QPJ	0.01891677532658151	Myeloid-dominant
Macrophage	MCP	BS_97M1E2DW	-1.116745572201809	Immune-desert
Macrophage	MCP	BS_9A1YTHFF	1.7775109587103992	Lymphocyte-inflamed
Macrophage	MCP	BS_9B0A62MT	0.36930553816198325	Lymphocyte-inflamed
Macrophage	MCP	BS_9CA93S6D	-1.3843838755077738	Immune-desert
Macrophage	MCP	BS_9FHEFJNP	0.20470623570060625	Myeloid-dominant
Macrophage	MCP	BS_9FX3YREK	-0.22332145934086928	Immune-desert
Macrophage	MCP	BS_9GJ3DB1H	1.5298557237133652	Lymphocyte-inflamed
Macrophage	MCP	BS_9JPQZQNG	-1.1742788628599659	Myeloid-dominant
Macrophage	MCP	BS_9TXEDSWB	-0.42308214220249896	Myeloid-dominant
Macrophage	MCP	BS_9XVACXP0	-1.331405819017999	Myeloid-dominant
Macrophage	MCP	BS_9Y1K14Q5	-0.9550378675818295	Myeloid-dominant
Macrophage	MCP	BS_9ZJT0CP0	-0.10301539877701016	Myeloid-dominant
Macrophage	MCP	BS_A4PF49V0	-1.0413590589033368	Immune-desert
Macrophage	MCP	BS_A6NXR7RC	0.5426830793791425	Myeloid-dominant
Macrophage	MCP	BS_A7Q8G0Y1	-0.07421733499381947	Myeloid-dominant
Macrophage	MCP	BS_A8XW5S0W	0.9270745530704395	Myeloid-dominant
Macrophage	MCP	BS_AWH9757B	-0.9004855431594888	Immune-desert
Macrophage	MCP	BS_AYSXRQWY	0.18959084576168833	Myeloid-dominant
Macrophage	MCP	BS_AZQM1JJH	1.8029064094688994	Lymphocyte-inflamed
Macrophage	MCP	BS_B1C6GZ84	-0.9388937486768674	Immune-desert
Macrophage	MCP	BS_B3MQFFYP	1.0577574937644347	Lymphocyte-inflamed
Macrophage	MCP	BS_B4R7X1KE	-0.4625022011961657	Immune-desert
Macrophage	MCP	BS_B57327NA	-0.07699796824396683	Myeloid-dominant
Macrophage	MCP	BS_BBAEMXRD	0.05638626922377261	Immune-desert
Macrophage	MCP	BS_BBQ6BHGN	-0.5199391584478529	Myeloid-dominant
Macrophage	MCP	BS_BK0HGRXM	1.1899574241939943	Lymphocyte-inflamed
Macrophage	MCP	BS_BMMY0H73	0.5623263241036119	Myeloid-dominant
Macrophage	MCP	BS_C6ZZ3FY5	-0.08534310118262671	Myeloid-dominant
Macrophage	MCP	BS_C83TK159	0.4377598930332479	Myeloid-dominant
Macrophage	MCP	BS_CBDQZ8PP	-1.0412801673951568	Immune-desert
Macrophage	MCP	BS_CF63VG3S	1.0081731424841964	Myeloid-dominant
Macrophage	MCP	BS_CFD3WHAY	0.17996291450622146	Myeloid-dominant
Macrophage	MCP	BS_CG1RG607	1.2280657904291707	Lymphocyte-inflamed
Macrophage	MCP	BS_CVEDJGHZ	1.8757094700404204	Lymphocyte-inflamed
Macrophage	MCP	BS_CXAQDK7S	1.5105206161956457	Lymphocyte-inflamed
Macrophage	MCP	BS_CZPQ493E	-0.7361447709974099	Myeloid-dominant
Macrophage	MCP	BS_D29RPBSZ	-0.5168368110083258	Myeloid-dominant
Macrophage	MCP	BS_D4VNDNQA	-1.22596182871745	Immune-desert
Macrophage	MCP	BS_D6J2BGDJ	0.6091789885839561	Immune-desert
Macrophage	MCP	BS_DFGS950G	-1.8307426390066879	Immune-desert
Macrophage	MCP	BS_DNZVP92S	-1.81236266543089	Myeloid-dominant
Macrophage	MCP	BS_DR079H0D	0.7894401321010085	Immune-desert
Macrophage	MCP	BS_DS438CXE	-2.1517020624443086	Immune-desert
Macrophage	MCP	BS_DSPVSM7D	0.11694107831530536	Myeloid-dominant
Macrophage	MCP	BS_DZNXFPH1	0.7138535045070595	Lymphocyte-inflamed
Macrophage	MCP	BS_E7NVYA6G	1.7740473219276423	Lymphocyte-inflamed
Macrophage	MCP	BS_E9CYN4NP	-0.7589006422916151	Immune-desert
Macrophage	MCP	BS_EB0XRBT9	1.30177774403892	Lymphocyte-inflamed
Macrophage	MCP	BS_EDJ5TV0P	-1.6090230349370922	Immune-desert
Macrophage	MCP	BS_EMQM7HTA	-0.8233641651223252	Myeloid-dominant
Macrophage	MCP	BS_ENEYB4TG	1.1496122187569626	Lymphocyte-inflamed
Macrophage	MCP	BS_EXPJQZTH	0.6986689558825534	Lymphocyte-inflamed
Macrophage	MCP	BS_EZ3147MX	1.2191820383734793	Myeloid-dominant
Macrophage	MCP	BS_F0JB4EAK	0.3780968121656909	Immune-desert
Macrophage	MCP	BS_F21R36MM	-0.8033808104139587	Myeloid-dominant
Macrophage	MCP	BS_F65GWS21	-0.99444684183444	Myeloid-dominant
Macrophage	MCP	BS_F6V1Y4QS	-0.8390749591923337	Myeloid-dominant
Macrophage	MCP	BS_F9Y4Z92G	-0.9090173828853485	Immune-desert
Macrophage	MCP	BS_FCDAH728	0.40735612604875965	Myeloid-dominant
Macrophage	MCP	BS_FEV5A0HN	-1.1417487281617607	Immune-desert
Macrophage	MCP	BS_FGJH1X0S	-0.7240580583367239	Myeloid-dominant
Macrophage	MCP	BS_FKASA3MN	-1.085064493932761	Immune-desert
Macrophage	MCP	BS_FN07P04C	-0.8657237303473597	Immune-desert
Macrophage	MCP	BS_FX2P2WEG	0.3286081406247165	Lymphocyte-inflamed
Macrophage	MCP	BS_FXJY0MNH	0.662771072508852	Lymphocyte-inflamed
Macrophage	MCP	BS_FYP2B298	-0.5104889649895444	Immune-desert
Macrophage	MCP	BS_G19QZG4S	0.6668751491100244	Myeloid-dominant
Macrophage	MCP	BS_G1E5DATJ	0.39011864593967455	Myeloid-dominant
Macrophage	MCP	BS_G257VSS9	-0.4523293145951845	Immune-desert
Macrophage	MCP	BS_G3NN392N	-0.9057220715060702	Myeloid-dominant
Macrophage	MCP	BS_G3RJTBZD	-0.8130708311338789	Immune-desert
Macrophage	MCP	BS_G5NHSFD4	0.006208175742759931	Immune-desert
Macrophage	MCP	BS_G8TXTX0H	0.4618304432003942	Myeloid-dominant
Macrophage	MCP	BS_GG9W3J9Y	-0.9337144961917192	Immune-desert
Macrophage	MCP	BS_GW0GKWMS	-0.4510455071163598	Myeloid-dominant
Macrophage	MCP	BS_GWHYM3R4	-1.095950437658317	Myeloid-dominant
Macrophage	MCP	BS_GWSJ4Z9H	1.125359713573681	Lymphocyte-inflamed
Macrophage	MCP	BS_H5VQJR7X	0.31138985019370635	Myeloid-dominant
Macrophage	MCP	BS_H97S5SQN	1.0280513260439175	Myeloid-dominant
Macrophage	MCP	BS_H9JYKFTV	-0.14584844582174997	Myeloid-dominant
Macrophage	MCP	BS_HDHXX8Q7	-0.8101354469954826	Myeloid-dominant
Macrophage	MCP	BS_HDPCQETG	0.399300304566013	Lymphocyte-inflamed
Macrophage	MCP	BS_HJRTC9JQ	1.3677335751412376	Lymphocyte-inflamed
Macrophage	MCP	BS_HJV0J603	-1.5461875376733298	Lymphocyte-inflamed
Macrophage	MCP	BS_HRJ9145M	1.1628861061760059	Lymphocyte-inflamed
Macrophage	MCP	BS_HWGWYCY7	1.806112981768887	Lymphocyte-inflamed
Macrophage	MCP	BS_HZ9AYDCQ	0.38431344471682366	Lymphocyte-inflamed
Macrophage	MCP	BS_J4JY2F3H	0.03807023096000807	Lymphocyte-inflamed
Macrophage	MCP	BS_J6212Y48	-0.1974782008657416	Myeloid-dominant
Macrophage	MCP	BS_J6W1RB7A	-0.8256976919942554	Myeloid-dominant
Macrophage	MCP	BS_J9CBGP57	0.08750750194571255	Myeloid-dominant
Macrophage	MCP	BS_JB43XBCQ	1.0641902207323162	Lymphocyte-inflamed
Macrophage	MCP	BS_JDSNFYQ0	-0.09781457180425196	Lymphocyte-inflamed
Macrophage	MCP	BS_JJVH7WR0	-0.545784307474034	Immune-desert
Macrophage	MCP	BS_JMD386Z2	0.6649544190990601	Myeloid-dominant
Macrophage	MCP	BS_JP95KMRD	1.3121930693970874	Lymphocyte-inflamed
Macrophage	MCP	BS_JQGJQ2QZ	1.1621329070099558	Myeloid-dominant
Macrophage	MCP	BS_JQVAWTTM	0.2514211178894061	Myeloid-dominant
Macrophage	MCP	BS_JQXHHK0K	-0.5676735737372658	Immune-desert
Macrophage	MCP	BS_JRYJGYC4	-0.8997969974618066	Myeloid-dominant
Macrophage	MCP	BS_JS95PE0J	-0.3757182460187033	Myeloid-dominant
Macrophage	MCP	BS_JTWNJ8T7	-0.3488283580069206	Immune-desert
Macrophage	MCP	BS_JVW2JJ39	-1.2594148073053801	Immune-desert
Macrophage	MCP	BS_K0X3PZGN	3.621575390677463	Lymphocyte-inflamed
Macrophage	MCP	BS_K17VQECG	-0.31912217842261276	Lymphocyte-inflamed
Macrophage	MCP	BS_K2PCC777	1.2304520607605958	Lymphocyte-inflamed
Macrophage	MCP	BS_K74N1BXQ	1.250817199155755	Myeloid-dominant
Macrophage	MCP	BS_K81PZXP2	0.40267846623568115	Lymphocyte-inflamed
Macrophage	MCP	BS_K88T8SW7	0.8570966067393901	Lymphocyte-inflamed
Macrophage	MCP	BS_KABQQA0T	0.517635978042992	Immune-desert
Macrophage	MCP	BS_KBEX4RT2	-0.495386546173744	Myeloid-dominant
Macrophage	MCP	BS_KFD5128N	0.1667810571145049	Myeloid-dominant
Macrophage	MCP	BS_KKDTW11T	-0.6055559629354887	Immune-desert
Macrophage	MCP	BS_KP735TJ6	-1.7921677283277704	Immune-desert
Macrophage	MCP	BS_KQ6ZW085	-0.8265246428616487	Myeloid-dominant
Macrophage	MCP	BS_KRS4EV4X	-0.9132756736245465	Myeloid-dominant
Macrophage	MCP	BS_KS8HMGA6	1.7749681749362163	Lymphocyte-inflamed
Macrophage	MCP	BS_KVPWHDR4	0.08929967169998186	Myeloid-dominant
Macrophage	MCP	BS_M0FA190Y	0.11651551134370905	Myeloid-dominant
Macrophage	MCP	BS_M0XGZ53Z	-0.4261682203796376	Immune-desert
Macrophage	MCP	BS_M1PVEHCM	-1.2002483096152823	Immune-desert
Macrophage	MCP	BS_M54TWTH4	0.7005456416223776	Myeloid-dominant
Macrophage	MCP	BS_M7XB258E	0.8679748142990361	Lymphocyte-inflamed
Macrophage	MCP	BS_M85CXHDV	0.480924874293758	Lymphocyte-inflamed
Macrophage	MCP	BS_MB7WN0ZB	-0.5199149277661927	Myeloid-dominant
Macrophage	MCP	BS_MD0937XT	-0.4879741950638227	Immune-desert
Macrophage	MCP	BS_MDBT7S5Z	-1.2142701466386179	Immune-desert
Macrophage	MCP	BS_ME6VQGG4	-0.5899171056492937	Myeloid-dominant
Macrophage	MCP	BS_MFGZH8FK	-0.8937660341533727	Myeloid-dominant
Macrophage	MCP	BS_MG78HQDM	-1.5124171884598316	Immune-desert
Macrophage	MCP	BS_MWWZBQ60	-0.703563003500081	Myeloid-dominant
Macrophage	MCP	BS_N6TQBQ8M	-0.9779928097820076	Myeloid-dominant
Macrophage	MCP	BS_N7SW36FD	0.8996473911975551	Lymphocyte-inflamed
Macrophage	MCP	BS_N7VQ1GQB	1.0868802255328918	Lymphocyte-inflamed
Macrophage	MCP	BS_NB9XXBW6	0.5133192472778849	Myeloid-dominant
Macrophage	MCP	BS_NEFAASTR	0.4348736433649579	Lymphocyte-inflamed
Macrophage	MCP	BS_NEVYM2FP	0.9934691832144698	Myeloid-dominant
Macrophage	MCP	BS_NFKKDYSV	0.6533366767006155	Lymphocyte-inflamed
Macrophage	MCP	BS_NGSG2KB6	0.4644823114745386	Lymphocyte-inflamed
Macrophage	MCP	BS_NNYXMSTX	1.89353128680229	Lymphocyte-inflamed
Macrophage	MCP	BS_NPA6CZQF	0.4028439576407044	Immune-desert
Macrophage	MCP	BS_NQ54ST98	0.10712947315088407	Lymphocyte-inflamed
Macrophage	MCP	BS_NR3P3GN2	-0.6097482591386004	Myeloid-dominant
Macrophage	MCP	BS_NX1R0BC3	1.0548220551255458	Lymphocyte-inflamed
Macrophage	MCP	BS_P0QF87WC	-0.8092223362781087	Myeloid-dominant
Macrophage	MCP	BS_P4PMWFMV	-0.49879387261727104	Myeloid-dominant
Macrophage	MCP	BS_P7W3AYKV	1.2899327790036685	Myeloid-dominant
Macrophage	MCP	BS_PENM28KT	0.26514379984808084	Myeloid-dominant
Macrophage	MCP	BS_PJC6FH4Y	1.0913187082396734	Lymphocyte-inflamed
Macrophage	MCP	BS_PS0P3QJ3	-0.7282097216402391	Myeloid-dominant
Macrophage	MCP	BS_PXCPK5XS	0.400070599773009	Myeloid-dominant
Macrophage	MCP	BS_PZVHMSYN	-1.1558862123684475	Myeloid-dominant
Macrophage	MCP	BS_Q06J3RYW	-0.580335095936789	Lymphocyte-inflamed
Macrophage	MCP	BS_Q35GFYDR	-1.6216956146431656	Myeloid-dominant
Macrophage	MCP	BS_Q9N5PRD5	-1.2898546483892526	Myeloid-dominant
Macrophage	MCP	BS_QB84TBA3	-1.0535714290920324	Immune-desert
Macrophage	MCP	BS_QGKEP3KB	0.9201865402241916	Lymphocyte-inflamed
Macrophage	MCP	BS_QH0VYVJK	-0.04551553661570849	Myeloid-dominant
Macrophage	MCP	BS_QHY302E8	0.519392343196183	Lymphocyte-inflamed
Macrophage	MCP	BS_QMBS32Y2	-0.9855745805911843	Myeloid-dominant
Macrophage	MCP	BS_QNNX91SM	0.03831505560469349	Myeloid-dominant
Macrophage	MCP	BS_QY2G1JZJ	1.3514713593056453	Myeloid-dominant
Macrophage	MCP	BS_QYA4TQXX	-1.55852618669377	Immune-desert
Macrophage	MCP	BS_R5JQE0VJ	-1.0613350135098023	Myeloid-dominant
Macrophage	MCP	BS_R5SNFB5B	-1.730872271452432	Immune-desert
Macrophage	MCP	BS_R9B92M75	0.4802672760049983	Myeloid-dominant
Macrophage	MCP	BS_RHAWQJ48	1.8371972122667046	Lymphocyte-inflamed
Macrophage	MCP	BS_RHM60031	-0.6901639319874717	Myeloid-dominant
Macrophage	MCP	BS_RJC3WDD6	-1.1152613995801253	Immune-desert
Macrophage	MCP	BS_RN0VAY51	0.9009510948061705	Myeloid-dominant
Macrophage	MCP	BS_RX1YTZ7F	0.3576887424306654	Myeloid-dominant
Macrophage	MCP	BS_RZBFH1QF	-1.9184927492836823	Immune-desert
Macrophage	MCP	BS_S2TA8R29	-0.591854204204938	Myeloid-dominant
Macrophage	MCP	BS_S3C2PZAH	-0.20085161714699618	Myeloid-dominant
Macrophage	MCP	BS_S3MET0JZ	-0.1594693210343165	Myeloid-dominant
Macrophage	MCP	BS_S4V9E1XJ	0.029866851578582165	Lymphocyte-inflamed
Macrophage	MCP	BS_S5P8VTN5	-0.2675143517965748	Myeloid-dominant
Macrophage	MCP	BS_S6B9DVNS	-1.5753800076153923	Immune-desert
Macrophage	MCP	BS_S6S7SK3P	-1.2896079687196678	Immune-desert
Macrophage	MCP	BS_S8K878T3	1.3357035027555473	Lymphocyte-inflamed
Macrophage	MCP	BS_SBMAM00V	0.6293205154507655	Myeloid-dominant
Macrophage	MCP	BS_SBMCD7XZ	0.5517664028109931	Myeloid-dominant
Macrophage	MCP	BS_SD0EMK7Y	0.5009164163969363	Lymphocyte-inflamed
Macrophage	MCP	BS_SD8YBRBR	-2.0311872319792523	Immune-desert
Macrophage	MCP	BS_SERDGASJ	0.5463535593061087	Lymphocyte-inflamed
Macrophage	MCP	BS_SJVTZ5TH	-1.1007389974457533	Myeloid-dominant
Macrophage	MCP	BS_SMWQR2F1	0.2520953721512512	Myeloid-dominant
Macrophage	MCP	BS_SNVM7CZT	0.35333451306211777	Myeloid-dominant
Macrophage	MCP	BS_SR2RGDXJ	0.2029164640912017	Myeloid-dominant
Macrophage	MCP	BS_SW9Z10F9	0.6432517023442362	Lymphocyte-inflamed
Macrophage	MCP	BS_SY3J3XR9	-0.5059101309132424	Immune-desert
Macrophage	MCP	BS_T1YHK6B7	-0.7494373556876103	Myeloid-dominant
Macrophage	MCP	BS_T2F48Z4E	-0.5553712347296123	Lymphocyte-inflamed
Macrophage	MCP	BS_T9A8JJW5	0.32298182120293667	Myeloid-dominant
Macrophage	MCP	BS_TASG32Z2	-0.9745503196599121	Myeloid-dominant
Macrophage	MCP	BS_TGS109T3	-0.6930199582156054	Immune-desert
Macrophage	MCP	BS_TM9MH0RP	-0.7358921823378066	Myeloid-dominant
Macrophage	MCP	BS_TR2P8KRF	-0.46486237781462575	Myeloid-dominant
Macrophage	MCP	BS_TRKH2SPE	-1.1002440245902463	Myeloid-dominant
Macrophage	MCP	BS_TRPXB3AV	-0.8942191523506817	Myeloid-dominant
Macrophage	MCP	BS_TTDNZTZ0	1.2541138900752162	Lymphocyte-inflamed
Macrophage	MCP	BS_TTE04ZP8	1.3563237338505396	Lymphocyte-inflamed
Macrophage	MCP	BS_TV5B86ZD	-1.5012014314485385	Immune-desert
Macrophage	MCP	BS_TVH33J9Q	-0.7788371941274721	Myeloid-dominant
Macrophage	MCP	BS_TXZ7KHTQ	-0.7632540734410821	Myeloid-dominant
Macrophage	MCP	BS_V0DQFC75	-1.7906795062645375	Myeloid-dominant
Macrophage	MCP	BS_V3Z3DB4N	-0.5807011089301012	Immune-desert
Macrophage	MCP	BS_V558NW3Q	1.9631230596093727	Lymphocyte-inflamed
Macrophage	MCP	BS_V6RSB5HQ	-0.8841403729821646	Myeloid-dominant
Macrophage	MCP	BS_V8QWBVS3	1.5399528601125623	Lymphocyte-inflamed
Macrophage	MCP	BS_VBMRQK4F	0.46641805309482504	Myeloid-dominant
Macrophage	MCP	BS_VDFXXMEX	-1.1008604254849457	Immune-desert
Macrophage	MCP	BS_VF3NVT4G	0.4229468465735838	Lymphocyte-inflamed
Macrophage	MCP	BS_VKH87DD2	0.7689113677871204	Lymphocyte-inflamed
Macrophage	MCP	BS_VKHJG2B8	0.19193103093623098	Myeloid-dominant
Macrophage	MCP	BS_VKYEM67A	1.2834781164039917	Lymphocyte-inflamed
Macrophage	MCP	BS_VMQMGSJY	-0.2363728514614796	Lymphocyte-inflamed
Macrophage	MCP	BS_VVTHDRBD	-0.7111502945306718	Myeloid-dominant
Macrophage	MCP	BS_W1385R8Y	-0.9450825806557559	Immune-desert
Macrophage	MCP	BS_W4DB5RP1	-0.5576732818556213	Immune-desert
Macrophage	MCP	BS_W7MFJZ5A	1.1071953894586917	Lymphocyte-inflamed
Macrophage	MCP	BS_WBVSK3MP	-1.1666101801209086	Immune-desert
Macrophage	MCP	BS_WEKK6SHP	-1.4327885807383454	Myeloid-dominant
Macrophage	MCP	BS_WHBEXD5H	-0.5613337683081928	Lymphocyte-inflamed
Macrophage	MCP	BS_WQ1YRTAT	-1.5451483282165033	Immune-desert
Macrophage	MCP	BS_WTJEDTZC	-0.8431138304667496	Myeloid-dominant
Macrophage	MCP	BS_WVRX4C9Z	1.4877059910271022	Lymphocyte-inflamed
Macrophage	MCP	BS_X0XXN9BK	0.3027452199604791	Lymphocyte-inflamed
Macrophage	MCP	BS_X1G0TKP4	0.4317860448885859	Myeloid-dominant
Macrophage	MCP	BS_X20JCR4H	1.2973442010602114	Lymphocyte-inflamed
Macrophage	MCP	BS_X23724NJ	-0.80069996763171	Myeloid-dominant
Macrophage	MCP	BS_X3HR4Z21	-0.4755309849038527	Myeloid-dominant
Macrophage	MCP	BS_X4DD4KSZ	2.286829514898674	Lymphocyte-inflamed
Macrophage	MCP	BS_X4X1SFSE	-0.5473555996688222	Immune-desert
Macrophage	MCP	BS_XG0DBWVT	-0.8525506130654265	Immune-desert
Macrophage	MCP	BS_XGDPK33A	0.8193407363224696	Myeloid-dominant
Macrophage	MCP	BS_XM1AHBDJ	-1.5527767326578192	Immune-desert
Macrophage	MCP	BS_XQ5SFW35	-0.0343114069027146	Myeloid-dominant
Macrophage	MCP	BS_XQXXBWPD	0.4427444348669331	Lymphocyte-inflamed
Macrophage	MCP	BS_XYVCMF4A	-1.1463183697026385	Myeloid-dominant
Macrophage	MCP	BS_XZM79E42	1.0864049484447587	Lymphocyte-inflamed
Macrophage	MCP	BS_YA0KMBRT	-1.3198825558888183	Myeloid-dominant
Macrophage	MCP	BS_YDEVMD24	1.2544495275438996	Myeloid-dominant
Macrophage	MCP	BS_YMKQT5V0	1.513194035202067	Lymphocyte-inflamed
Macrophage	MCP	BS_YR12D1ZY	0.26981435909392804	Lymphocyte-inflamed
Macrophage	MCP	BS_YSZRQ95C	-0.8011635850947312	Myeloid-dominant
Macrophage	MCP	BS_YTWEM5SG	1.6618846340820803	Lymphocyte-inflamed
Macrophage	MCP	BS_YZ2QFDAN	-0.3988072245797681	Myeloid-dominant
Macrophage	MCP	BS_Z0ZPD9S9	0.6723590397497633	Lymphocyte-inflamed
Macrophage	MCP	BS_Z3RCA1T9	1.4071725996734796	Myeloid-dominant
Macrophage	MCP	BS_Z8F3GM85	0.2936650992704926	Lymphocyte-inflamed
Macrophage	MCP	BS_ZD5HN296	1.9369156855022989	Lymphocyte-inflamed
Macrophage	MCP	BS_ZF6BSFNF	0.6054625844345772	Myeloid-dominant
Macrophage	MCP	BS_ZM97KKXE	1.2110443716828228	Lymphocyte-inflamed
Macrophage	MCP	BS_ZV1P6W9C	-0.5339857020063312	Immune-desert
Macrophage	MCP	BS_ZVM8CAB0	0.9980313945092885	Lymphocyte-inflamed
Macrophage	MCP	BS_ZZWMD6FA	-0.14018036563428482	Lymphocyte-inflamed
Macrophage	EPIC	BS_00FD2KMP	-0.7612193453907281	Immune-desert
Macrophage	EPIC	BS_028YFYJ6	0.9098854133283819	Myeloid-dominant
Macrophage	EPIC	BS_052PZFMK	-0.6570866681622399	Immune-desert
Macrophage	EPIC	BS_056Q8577	-0.2704538809542357	Lymphocyte-inflamed
Macrophage	EPIC	BS_08ST21QE	0.8662811776693568	Lymphocyte-inflamed
Macrophage	EPIC	BS_0C7VZC0A	-0.3427386896976997	Myeloid-dominant
Macrophage	EPIC	BS_0S8E7590	-0.6619260611930081	Lymphocyte-inflamed
Macrophage	EPIC	BS_0VXZCRJS	-0.3812501097529913	Myeloid-dominant
Macrophage	EPIC	BS_0XEBS3PG	-0.6133510481003545	Immune-desert
Macrophage	EPIC	BS_0ZA67BBC	-0.4309631716072064	Myeloid-dominant
Macrophage	EPIC	BS_12G04QJM	-0.7721716399882556	Myeloid-dominant
Macrophage	EPIC	BS_17ZSMXFH	-0.8656022210602762	Immune-desert
Macrophage	EPIC	BS_1A6MQ9ZA	-0.4620220711711029	Myeloid-dominant
Macrophage	EPIC	BS_1D93Z575	0.6721866561369831	Myeloid-dominant
Macrophage	EPIC	BS_1EN5V3XW	-0.4710287628915507	Immune-desert
Macrophage	EPIC	BS_223BM91B	0.5480469522025794	Lymphocyte-inflamed
Macrophage	EPIC	BS_25HNKZ79	0.3545404106262232	Lymphocyte-inflamed
Macrophage	EPIC	BS_2853394H	-0.9244765431229559	Immune-desert
Macrophage	EPIC	BS_297H8BT4	-0.030804644493900215	Myeloid-dominant
Macrophage	EPIC	BS_29X4ZX6Q	-0.6174062240844604	Immune-desert
Macrophage	EPIC	BS_2A5R9MEJ	-0.5533856645509593	Immune-desert
Macrophage	EPIC	BS_2ARXK0TD	-0.37847357598716547	Lymphocyte-inflamed
Macrophage	EPIC	BS_2AV1H5TV	-0.22506638236169038	Myeloid-dominant
Macrophage	EPIC	BS_2DMBCHNF	-0.10613811520675444	Lymphocyte-inflamed
Macrophage	EPIC	BS_2EN3X6HB	-0.11722449675989502	Myeloid-dominant
Macrophage	EPIC	BS_2FEZWH1F	0.8231791625353431	Lymphocyte-inflamed
Macrophage	EPIC	BS_2HNXVFAS	-0.08785319746422247	Myeloid-dominant
Macrophage	EPIC	BS_2JH1QMT1	-0.5082538325124362	Myeloid-dominant
Macrophage	EPIC	BS_2JP7RBMB	-0.5099915500959519	Myeloid-dominant
Macrophage	EPIC	BS_2K01T8K6	0.4425807820687641	Lymphocyte-inflamed
Macrophage	EPIC	BS_2PDS3MSS	0.4899912617160077	Lymphocyte-inflamed
Macrophage	EPIC	BS_2T5PJAW8	-0.6294797355723424	Myeloid-dominant
Macrophage	EPIC	BS_2WANPFBJ	0.02739058455002097	Lymphocyte-inflamed
Macrophage	EPIC	BS_30F3Z9FS	-0.10924571140716803	Lymphocyte-inflamed
Macrophage	EPIC	BS_30VC3R2Q	-0.33946129928819957	Myeloid-dominant
Macrophage	EPIC	BS_30YWQ3FY	-0.14909883032701537	Lymphocyte-inflamed
Macrophage	EPIC	BS_31MBRWC4	-0.24236852866646777	Lymphocyte-inflamed
Macrophage	EPIC	BS_333KCNDP	0.950607664579996	Lymphocyte-inflamed
Macrophage	EPIC	BS_399RPKC9	-0.145658909190699	Myeloid-dominant
Macrophage	EPIC	BS_3AC3SRWH	-0.6463105485218159	Immune-desert
Macrophage	EPIC	BS_3MS8WVNR	-0.2832972311376133	Immune-desert
Macrophage	EPIC	BS_3ZPJAK9A	-0.8617263700645912	Myeloid-dominant
Macrophage	EPIC	BS_45J79YTF	-0.4895930162139853	Immune-desert
Macrophage	EPIC	BS_49BQS7Z6	-0.4604095022419373	Myeloid-dominant
Macrophage	EPIC	BS_49CJNZ06	-0.475535277009481	Myeloid-dominant
Macrophage	EPIC	BS_4B0BAVTX	-0.06022023871724278	Myeloid-dominant
Macrophage	EPIC	BS_4BM3F6XJ	-0.2483472528707335	Myeloid-dominant
Macrophage	EPIC	BS_4C6B11E4	1.7231257601213898	Lymphocyte-inflamed
Macrophage	EPIC	BS_4GNN7J8E	1.4672833758921007	Lymphocyte-inflamed
Macrophage	EPIC	BS_4KNBXM3C	-0.3233658398344427	Lymphocyte-inflamed
Macrophage	EPIC	BS_4Q3KRCZT	2.0810129395744466	Lymphocyte-inflamed
Macrophage	EPIC	BS_4QW2S1Q8	0.31077089943659225	Lymphocyte-inflamed
Macrophage	EPIC	BS_4T0HQ9QF	0.08026597189722656	Myeloid-dominant
Macrophage	EPIC	BS_4V42BXBT	0.5614248234331876	Myeloid-dominant
Macrophage	EPIC	BS_51RA1PGE	-0.5017525093197847	Myeloid-dominant
Macrophage	EPIC	BS_52C576HH	-0.42867456803114656	Myeloid-dominant
Macrophage	EPIC	BS_5965SFPZ	-0.6005968736440574	Immune-desert
Macrophage	EPIC	BS_5EFYPZT0	-0.5180229719257691	Myeloid-dominant
Macrophage	EPIC	BS_5G5BD2MD	1.4465360920809887	Lymphocyte-inflamed
Macrophage	EPIC	BS_5K95FX4C	1.9265298954039654	Lymphocyte-inflamed
Macrophage	EPIC	BS_5KBXD2GQ	-0.3175745470133117	Myeloid-dominant
Macrophage	EPIC	BS_5PXZ8F7W	-0.346370238209039	Myeloid-dominant
Macrophage	EPIC	BS_5VPM0F36	3.26654893372858	Lymphocyte-inflamed
Macrophage	EPIC	BS_62SW4CC5	0.28867448003901375	Lymphocyte-inflamed
Macrophage	EPIC	BS_65WPD3DA	-0.3510314216482636	Myeloid-dominant
Macrophage	EPIC	BS_68KX6A42	0.556846534834433	Lymphocyte-inflamed
Macrophage	EPIC	BS_6DCSD5Y6	-0.6894210320495502	Immune-desert
Macrophage	EPIC	BS_6H4Q24WA	0.9464029333209091	Lymphocyte-inflamed
Macrophage	EPIC	BS_6M2053M0	-0.004529821159277047	Myeloid-dominant
Macrophage	EPIC	BS_6SY64H5J	0.1682212897014588	Lymphocyte-inflamed
Macrophage	EPIC	BS_6VRG1XFB	-0.6364700966913563	Myeloid-dominant
Macrophage	EPIC	BS_6WP1FHTE	0.044201875182547264	Lymphocyte-inflamed
Macrophage	EPIC	BS_7327SDAQ	-0.30875581324502044	Myeloid-dominant
Macrophage	EPIC	BS_75YRDXET	1.0485164057761038	Lymphocyte-inflamed
Macrophage	EPIC	BS_77SBTNPN	-0.7145300082717839	Myeloid-dominant
Macrophage	EPIC	BS_7AEF4D4G	1.0642162749895474	Lymphocyte-inflamed
Macrophage	EPIC	BS_7APCGCVF	-0.45481020268204037	Myeloid-dominant
Macrophage	EPIC	BS_7GJT4A6A	-0.29911065744339815	Immune-desert
Macrophage	EPIC	BS_7GKWKGPH	0.18650809712655772	Lymphocyte-inflamed
Macrophage	EPIC	BS_7PVJ6Q3D	-0.7670934801195644	Immune-desert
Macrophage	EPIC	BS_7WKNNRHK	-0.6009101820845806	Myeloid-dominant
Macrophage	EPIC	BS_84VZX732	0.39535516704173906	Myeloid-dominant
Macrophage	EPIC	BS_84XCR9GG	-0.5909176549580517	Myeloid-dominant
Macrophage	EPIC	BS_8E8JKP01	-0.6341962476414977	Immune-desert
Macrophage	EPIC	BS_8ERBDF7D	-0.4217578728350052	Immune-desert
Macrophage	EPIC	BS_8JK9TXH2	-0.21177969828916593	Myeloid-dominant
Macrophage	EPIC	BS_8VD670NP	-0.511551061699634	Myeloid-dominant
Macrophage	EPIC	BS_8YWYN7VH	0.4594463688064804	Lymphocyte-inflamed
Macrophage	EPIC	BS_8ZE4Z9G5	-0.84403170319593	Myeloid-dominant
Macrophage	EPIC	BS_8ZY4GST0	-0.37354247822571124	Immune-desert
Macrophage	EPIC	BS_91VYM11A	-0.5578595540089841	Myeloid-dominant
Macrophage	EPIC	BS_956G6QPJ	-0.34910793575648713	Myeloid-dominant
Macrophage	EPIC	BS_97M1E2DW	-0.7206589851157741	Immune-desert
Macrophage	EPIC	BS_9A1YTHFF	0.5561286968100694	Lymphocyte-inflamed
Macrophage	EPIC	BS_9B0A62MT	-0.27565042087975383	Lymphocyte-inflamed
Macrophage	EPIC	BS_9CA93S6D	-0.8156142215004858	Immune-desert
Macrophage	EPIC	BS_9FHEFJNP	-0.15709999507598266	Myeloid-dominant
Macrophage	EPIC	BS_9FX3YREK	-0.7231965883932007	Immune-desert
Macrophage	EPIC	BS_9GJ3DB1H	0.1418702629972032	Lymphocyte-inflamed
Macrophage	EPIC	BS_9JPQZQNG	0.07250491359746881	Myeloid-dominant
Macrophage	EPIC	BS_9TXEDSWB	2.724470666261067	Myeloid-dominant
Macrophage	EPIC	BS_9XVACXP0	-0.6881816252133064	Myeloid-dominant
Macrophage	EPIC	BS_9Y1K14Q5	-0.4848217374816077	Myeloid-dominant
Macrophage	EPIC	BS_9ZJT0CP0	-0.27510113470172476	Myeloid-dominant
Macrophage	EPIC	BS_A4PF49V0	-0.4018604147232765	Immune-desert
Macrophage	EPIC	BS_A6NXR7RC	-0.01970038020027232	Myeloid-dominant
Macrophage	EPIC	BS_A7Q8G0Y1	-0.17829325518842082	Myeloid-dominant
Macrophage	EPIC	BS_A8XW5S0W	-0.3635982392125285	Myeloid-dominant
Macrophage	EPIC	BS_AWH9757B	-0.4202014424125786	Immune-desert
Macrophage	EPIC	BS_AYSXRQWY	0.5645240197136008	Myeloid-dominant
Macrophage	EPIC	BS_AZQM1JJH	-0.024614072671955117	Lymphocyte-inflamed
Macrophage	EPIC	BS_B1C6GZ84	-0.48075899773716063	Immune-desert
Macrophage	EPIC	BS_B3MQFFYP	2.9501371419692726	Lymphocyte-inflamed
Macrophage	EPIC	BS_B4R7X1KE	-0.4118428117929335	Immune-desert
Macrophage	EPIC	BS_B57327NA	-0.15017612096299215	Myeloid-dominant
Macrophage	EPIC	BS_BBAEMXRD	-0.3642087651655054	Immune-desert
Macrophage	EPIC	BS_BBQ6BHGN	-0.6781865904441675	Myeloid-dominant
Macrophage	EPIC	BS_BK0HGRXM	0.4704041852901858	Lymphocyte-inflamed
Macrophage	EPIC	BS_BMMY0H73	0.3659931369776958	Myeloid-dominant
Macrophage	EPIC	BS_C6ZZ3FY5	-0.152579820249627	Myeloid-dominant
Macrophage	EPIC	BS_C83TK159	-0.3714384716503951	Myeloid-dominant
Macrophage	EPIC	BS_CBDQZ8PP	-0.4646284605131903	Immune-desert
Macrophage	EPIC	BS_CF63VG3S	-0.21467989194178197	Myeloid-dominant
Macrophage	EPIC	BS_CFD3WHAY	-0.03746129584208032	Myeloid-dominant
Macrophage	EPIC	BS_CG1RG607	-0.1438186941580352	Lymphocyte-inflamed
Macrophage	EPIC	BS_CVEDJGHZ	0.7262519674066817	Lymphocyte-inflamed
Macrophage	EPIC	BS_CXAQDK7S	1.487421551481892	Lymphocyte-inflamed
Macrophage	EPIC	BS_CZPQ493E	-0.8156019258369654	Myeloid-dominant
Macrophage	EPIC	BS_D29RPBSZ	-0.19889434925563118	Myeloid-dominant
Macrophage	EPIC	BS_D4VNDNQA	-0.8101896342590139	Immune-desert
Macrophage	EPIC	BS_D6J2BGDJ	-0.07274123068601646	Immune-desert
Macrophage	EPIC	BS_DFGS950G	-0.7338950522165995	Immune-desert
Macrophage	EPIC	BS_DNZVP92S	-0.9444662898298749	Myeloid-dominant
Macrophage	EPIC	BS_DR079H0D	-0.598025541725096	Immune-desert
Macrophage	EPIC	BS_DS438CXE	-0.8881458238683743	Immune-desert
Macrophage	EPIC	BS_DSPVSM7D	-0.4752538198805516	Myeloid-dominant
Macrophage	EPIC	BS_DZNXFPH1	1.2348276788498513	Lymphocyte-inflamed
Macrophage	EPIC	BS_E7NVYA6G	-0.2617037971143674	Lymphocyte-inflamed
Macrophage	EPIC	BS_E9CYN4NP	-0.6937155951092534	Immune-desert
Macrophage	EPIC	BS_EB0XRBT9	1.001432347389882	Lymphocyte-inflamed
Macrophage	EPIC	BS_EDJ5TV0P	-0.8051264130049584	Immune-desert
Macrophage	EPIC	BS_EMQM7HTA	-0.559533750826132	Myeloid-dominant
Macrophage	EPIC	BS_ENEYB4TG	-0.05006963943817975	Lymphocyte-inflamed
Macrophage	EPIC	BS_EXPJQZTH	0.5401977801460314	Lymphocyte-inflamed
Macrophage	EPIC	BS_EZ3147MX	0.013787474440397183	Myeloid-dominant
Macrophage	EPIC	BS_F0JB4EAK	0.06706628324076878	Immune-desert
Macrophage	EPIC	BS_F21R36MM	-0.8339412199203217	Myeloid-dominant
Macrophage	EPIC	BS_F65GWS21	-0.6438144648182117	Myeloid-dominant
Macrophage	EPIC	BS_F6V1Y4QS	-0.48126165107908975	Myeloid-dominant
Macrophage	EPIC	BS_F9Y4Z92G	-0.6837474939652639	Immune-desert
Macrophage	EPIC	BS_FCDAH728	-0.43616617911747807	Myeloid-dominant
Macrophage	EPIC	BS_FEV5A0HN	-0.763811101949838	Immune-desert
Macrophage	EPIC	BS_FGJH1X0S	-0.728557160110582	Myeloid-dominant
Macrophage	EPIC	BS_FKASA3MN	-0.8689528625367103	Immune-desert
Macrophage	EPIC	BS_FN07P04C	-0.7482504883960681	Immune-desert
Macrophage	EPIC	BS_FX2P2WEG	0.07405555979203765	Lymphocyte-inflamed
Macrophage	EPIC	BS_FXJY0MNH	-0.5911728052822935	Lymphocyte-inflamed
Macrophage	EPIC	BS_FYP2B298	-0.6202350046145834	Immune-desert
Macrophage	EPIC	BS_G19QZG4S	0.40809575035573253	Myeloid-dominant
Macrophage	EPIC	BS_G1E5DATJ	-0.6405604363799284	Myeloid-dominant
Macrophage	EPIC	BS_G257VSS9	-0.531975863299772	Immune-desert
Macrophage	EPIC	BS_G3NN392N	-0.28649830935089354	Myeloid-dominant
Macrophage	EPIC	BS_G3RJTBZD	-0.6845303721373501	Immune-desert
Macrophage	EPIC	BS_G5NHSFD4	-0.3119090472849984	Immune-desert
Macrophage	EPIC	BS_G8TXTX0H	0.9302500726435009	Myeloid-dominant
Macrophage	EPIC	BS_GG9W3J9Y	-0.7421388667831104	Immune-desert
Macrophage	EPIC	BS_GW0GKWMS	-0.4855982056715883	Myeloid-dominant
Macrophage	EPIC	BS_GWHYM3R4	-0.7915669791358119	Myeloid-dominant
Macrophage	EPIC	BS_GWSJ4Z9H	0.39885157304980157	Lymphocyte-inflamed
Macrophage	EPIC	BS_H5VQJR7X	2.0060847538067614	Myeloid-dominant
Macrophage	EPIC	BS_H97S5SQN	-0.14524190345127272	Myeloid-dominant
Macrophage	EPIC	BS_H9JYKFTV	-0.382295006342338	Myeloid-dominant
Macrophage	EPIC	BS_HDHXX8Q7	-0.445439079970842	Myeloid-dominant
Macrophage	EPIC	BS_HDPCQETG	1.0733041805955934	Lymphocyte-inflamed
Macrophage	EPIC	BS_HJRTC9JQ	6.582913862343829	Lymphocyte-inflamed
Macrophage	EPIC	BS_HJV0J603	-0.7991927407980407	Lymphocyte-inflamed
Macrophage	EPIC	BS_HRJ9145M	-0.21893235593109964	Lymphocyte-inflamed
Macrophage	EPIC	BS_HWGWYCY7	4.138211531159379	Lymphocyte-inflamed
Macrophage	EPIC	BS_HZ9AYDCQ	-0.5148570205440092	Lymphocyte-inflamed
Macrophage	EPIC	BS_J4JY2F3H	0.41442495305473714	Lymphocyte-inflamed
Macrophage	EPIC	BS_J6212Y48	0.12287766487083744	Myeloid-dominant
Macrophage	EPIC	BS_J6W1RB7A	-0.34556236952177444	Myeloid-dominant
Macrophage	EPIC	BS_J9CBGP57	0.4174257598220306	Myeloid-dominant
Macrophage	EPIC	BS_JB43XBCQ	0.13917714430608014	Lymphocyte-inflamed
Macrophage	EPIC	BS_JDSNFYQ0	0.5778565075414792	Lymphocyte-inflamed
Macrophage	EPIC	BS_JJVH7WR0	-0.7490429718559166	Immune-desert
Macrophage	EPIC	BS_JMD386Z2	0.22676684824918636	Myeloid-dominant
Macrophage	EPIC	BS_JP95KMRD	0.4587538676927075	Lymphocyte-inflamed
Macrophage	EPIC	BS_JQGJQ2QZ	-0.20500175626279335	Myeloid-dominant
Macrophage	EPIC	BS_JQVAWTTM	-0.33842553988421376	Myeloid-dominant
Macrophage	EPIC	BS_JQXHHK0K	-0.5407497667521186	Immune-desert
Macrophage	EPIC	BS_JRYJGYC4	-0.5849769243420495	Myeloid-dominant
Macrophage	EPIC	BS_JS95PE0J	-0.04361903018853724	Myeloid-dominant
Macrophage	EPIC	BS_JTWNJ8T7	-0.5958920403906965	Immune-desert
Macrophage	EPIC	BS_JVW2JJ39	-0.8056339073727401	Immune-desert
Macrophage	EPIC	BS_K0X3PZGN	3.414380251579787	Lymphocyte-inflamed
Macrophage	EPIC	BS_K17VQECG	-0.126709459811253	Lymphocyte-inflamed
Macrophage	EPIC	BS_K2PCC777	0.012787474667058873	Lymphocyte-inflamed
Macrophage	EPIC	BS_K74N1BXQ	-0.30687801750626204	Myeloid-dominant
Macrophage	EPIC	BS_K81PZXP2	0.039692999666046294	Lymphocyte-inflamed
Macrophage	EPIC	BS_K88T8SW7	-0.09005321575919567	Lymphocyte-inflamed
Macrophage	EPIC	BS_KABQQA0T	-0.5609604628236414	Immune-desert
Macrophage	EPIC	BS_KBEX4RT2	-0.6647267621937699	Myeloid-dominant
Macrophage	EPIC	BS_KFD5128N	-0.4565714616134771	Myeloid-dominant
Macrophage	EPIC	BS_KKDTW11T	-0.8676337226436356	Immune-desert
Macrophage	EPIC	BS_KP735TJ6	-0.8468355608856889	Immune-desert
Macrophage	EPIC	BS_KQ6ZW085	-0.3182947448353467	Myeloid-dominant
Macrophage	EPIC	BS_KRS4EV4X	-0.8594106327945413	Myeloid-dominant
Macrophage	EPIC	BS_KS8HMGA6	2.8369773307389305	Lymphocyte-inflamed
Macrophage	EPIC	BS_KVPWHDR4	-0.15726435026384147	Myeloid-dominant
Macrophage	EPIC	BS_M0FA190Y	-0.3753219170093633	Myeloid-dominant
Macrophage	EPIC	BS_M0XGZ53Z	-0.7762546296497536	Immune-desert
Macrophage	EPIC	BS_M1PVEHCM	-0.8040878268377014	Immune-desert
Macrophage	EPIC	BS_M54TWTH4	-0.24436714527627454	Myeloid-dominant
Macrophage	EPIC	BS_M7XB258E	1.5071724667870778	Lymphocyte-inflamed
Macrophage	EPIC	BS_M85CXHDV	1.8609831070450298	Lymphocyte-inflamed
Macrophage	EPIC	BS_MB7WN0ZB	-0.025775774382918074	Myeloid-dominant
Macrophage	EPIC	BS_MD0937XT	-0.6854922131354887	Immune-desert
Macrophage	EPIC	BS_MDBT7S5Z	-0.6870824334420884	Immune-desert
Macrophage	EPIC	BS_ME6VQGG4	-0.23027938890976524	Myeloid-dominant
Macrophage	EPIC	BS_MFGZH8FK	-0.6790251964886284	Myeloid-dominant
Macrophage	EPIC	BS_MG78HQDM	-0.875267693093584	Immune-desert
Macrophage	EPIC	BS_MWWZBQ60	0.025007558763816728	Myeloid-dominant
Macrophage	EPIC	BS_N6TQBQ8M	-0.5406891747141805	Myeloid-dominant
Macrophage	EPIC	BS_N7SW36FD	0.45383309511771	Lymphocyte-inflamed
Macrophage	EPIC	BS_N7VQ1GQB	0.04040289093848662	Lymphocyte-inflamed
Macrophage	EPIC	BS_NB9XXBW6	-0.36072524805720163	Myeloid-dominant
Macrophage	EPIC	BS_NEFAASTR	-0.5657533883858625	Lymphocyte-inflamed
Macrophage	EPIC	BS_NEVYM2FP	0.0349767676765391	Myeloid-dominant
Macrophage	EPIC	BS_NFKKDYSV	1.02228071751179	Lymphocyte-inflamed
Macrophage	EPIC	BS_NGSG2KB6	-0.10268855721494584	Lymphocyte-inflamed
Macrophage	EPIC	BS_NNYXMSTX	4.753496991659972	Lymphocyte-inflamed
Macrophage	EPIC	BS_NPA6CZQF	-0.3369201077752595	Immune-desert
Macrophage	EPIC	BS_NQ54ST98	0.004719426651846482	Lymphocyte-inflamed
Macrophage	EPIC	BS_NR3P3GN2	-0.39670200007073747	Myeloid-dominant
Macrophage	EPIC	BS_NX1R0BC3	0.12506239924626592	Lymphocyte-inflamed
Macrophage	EPIC	BS_P0QF87WC	-0.37533285548019396	Myeloid-dominant
Macrophage	EPIC	BS_P4PMWFMV	-0.2876958397711841	Myeloid-dominant
Macrophage	EPIC	BS_P7W3AYKV	-0.1569734974179884	Myeloid-dominant
Macrophage	EPIC	BS_PENM28KT	-0.3639487638500129	Myeloid-dominant
Macrophage	EPIC	BS_PJC6FH4Y	3.658775961560689	Lymphocyte-inflamed
Macrophage	EPIC	BS_PS0P3QJ3	-0.3852504435434008	Myeloid-dominant
Macrophage	EPIC	BS_PXCPK5XS	-0.1754925459115439	Myeloid-dominant
Macrophage	EPIC	BS_PZVHMSYN	-0.6098506792702391	Myeloid-dominant
Macrophage	EPIC	BS_Q06J3RYW	-0.503318621033776	Lymphocyte-inflamed
Macrophage	EPIC	BS_Q35GFYDR	-0.8081856087315026	Myeloid-dominant
Macrophage	EPIC	BS_Q9N5PRD5	-0.5201014335546665	Myeloid-dominant
Macrophage	EPIC	BS_QB84TBA3	-0.8182496049640716	Immune-desert
Macrophage	EPIC	BS_QGKEP3KB	1.79253849214617	Lymphocyte-inflamed
Macrophage	EPIC	BS_QH0VYVJK	-0.30902194389771703	Myeloid-dominant
Macrophage	EPIC	BS_QHY302E8	0.6229713416782777	Lymphocyte-inflamed
Macrophage	EPIC	BS_QMBS32Y2	-0.5604408609639574	Myeloid-dominant
Macrophage	EPIC	BS_QNNX91SM	-0.4944216217465254	Myeloid-dominant
Macrophage	EPIC	BS_QY2G1JZJ	0.24937280742607348	Myeloid-dominant
Macrophage	EPIC	BS_QYA4TQXX	-0.8309176659957132	Immune-desert
Macrophage	EPIC	BS_R5JQE0VJ	-0.7534828373275032	Myeloid-dominant
Macrophage	EPIC	BS_R5SNFB5B	-0.8974528904062964	Immune-desert
Macrophage	EPIC	BS_R9B92M75	-0.2514964157187499	Myeloid-dominant
Macrophage	EPIC	BS_RHAWQJ48	1.7630025965408225	Lymphocyte-inflamed
Macrophage	EPIC	BS_RHM60031	-0.23940091828635512	Myeloid-dominant
Macrophage	EPIC	BS_RJC3WDD6	-0.7919732372423384	Immune-desert
Macrophage	EPIC	BS_RN0VAY51	0.07540106673949408	Myeloid-dominant
Macrophage	EPIC	BS_RX1YTZ7F	-0.16202074257092217	Myeloid-dominant
Macrophage	EPIC	BS_RZBFH1QF	-0.8466004423324954	Immune-desert
Macrophage	EPIC	BS_S2TA8R29	-0.04929832965981917	Myeloid-dominant
Macrophage	EPIC	BS_S3C2PZAH	0.059690853638232726	Myeloid-dominant
Macrophage	EPIC	BS_S3MET0JZ	-0.4391861264602815	Myeloid-dominant
Macrophage	EPIC	BS_S4V9E1XJ	0.7485512491703676	Lymphocyte-inflamed
Macrophage	EPIC	BS_S5P8VTN5	-0.016862375304586584	Myeloid-dominant
Macrophage	EPIC	BS_S6B9DVNS	-0.8590937416111237	Immune-desert
Macrophage	EPIC	BS_S6S7SK3P	-0.7598536154616977	Immune-desert
Macrophage	EPIC	BS_S8K878T3	1.1596177081878354	Lymphocyte-inflamed
Macrophage	EPIC	BS_SBMAM00V	-0.3196617325342088	Myeloid-dominant
Macrophage	EPIC	BS_SBMCD7XZ	-0.3103130498255987	Myeloid-dominant
Macrophage	EPIC	BS_SD0EMK7Y	-0.407344672279444	Lymphocyte-inflamed
Macrophage	EPIC	BS_SD8YBRBR	-0.9156763702192525	Immune-desert
Macrophage	EPIC	BS_SERDGASJ	-0.27511499081919844	Lymphocyte-inflamed
Macrophage	EPIC	BS_SJVTZ5TH	-0.6307281246236027	Myeloid-dominant
Macrophage	EPIC	BS_SMWQR2F1	-0.49223057313271484	Myeloid-dominant
Macrophage	EPIC	BS_SNVM7CZT	0.11121645218396464	Myeloid-dominant
Macrophage	EPIC	BS_SR2RGDXJ	-0.42563391192293887	Myeloid-dominant
Macrophage	EPIC	BS_SW9Z10F9	0.9498241610004956	Lymphocyte-inflamed
Macrophage	EPIC	BS_SY3J3XR9	-0.7277557801164075	Immune-desert
Macrophage	EPIC	BS_T1YHK6B7	-0.46998817667168213	Myeloid-dominant
Macrophage	EPIC	BS_T2F48Z4E	-0.2881432718695234	Lymphocyte-inflamed
Macrophage	EPIC	BS_T9A8JJW5	-0.17393109511337043	Myeloid-dominant
Macrophage	EPIC	BS_TASG32Z2	-0.588393443970848	Myeloid-dominant
Macrophage	EPIC	BS_TGS109T3	-0.4673433068452975	Immune-desert
Macrophage	EPIC	BS_TM9MH0RP	0.036319425049067294	Myeloid-dominant
Macrophage	EPIC	BS_TR2P8KRF	-0.5100414021166876	Myeloid-dominant
Macrophage	EPIC	BS_TRKH2SPE	-0.36421492023585295	Myeloid-dominant
Macrophage	EPIC	BS_TRPXB3AV	-0.508341528091964	Myeloid-dominant
Macrophage	EPIC	BS_TTDNZTZ0	0.6538952097835866	Lymphocyte-inflamed
Macrophage	EPIC	BS_TTE04ZP8	0.143087372176468	Lymphocyte-inflamed
Macrophage	EPIC	BS_TV5B86ZD	-0.8801042241755416	Immune-desert
Macrophage	EPIC	BS_TVH33J9Q	-0.6866571198791601	Myeloid-dominant
Macrophage	EPIC	BS_TXZ7KHTQ	-0.6372018841661732	Myeloid-dominant
Macrophage	EPIC	BS_V0DQFC75	-0.730472025502527	Myeloid-dominant
Macrophage	EPIC	BS_V3Z3DB4N	-0.43410760388049285	Immune-desert
Macrophage	EPIC	BS_V558NW3Q	0.690875650100143	Lymphocyte-inflamed
Macrophage	EPIC	BS_V6RSB5HQ	-0.2672222857029608	Myeloid-dominant
Macrophage	EPIC	BS_V8QWBVS3	2.4170721110986366	Lymphocyte-inflamed
Macrophage	EPIC	BS_VBMRQK4F	-0.6261973837226319	Myeloid-dominant
Macrophage	EPIC	BS_VDFXXMEX	-0.7749447867218797	Immune-desert
Macrophage	EPIC	BS_VF3NVT4G	-0.14704812776031856	Lymphocyte-inflamed
Macrophage	EPIC	BS_VKH87DD2	3.1466971296387864	Lymphocyte-inflamed
Macrophage	EPIC	BS_VKHJG2B8	-0.43348258501208625	Myeloid-dominant
Macrophage	EPIC	BS_VKYEM67A	2.8409608570317246	Lymphocyte-inflamed
Macrophage	EPIC	BS_VMQMGSJY	0.40849303494356415	Lymphocyte-inflamed
Macrophage	EPIC	BS_VVTHDRBD	-0.6120840258998633	Myeloid-dominant
Macrophage	EPIC	BS_W1385R8Y	-0.6108355776320183	Immune-desert
Macrophage	EPIC	BS_W4DB5RP1	-0.759121351272989	Immune-desert
Macrophage	EPIC	BS_W7MFJZ5A	0.8602722914306633	Lymphocyte-inflamed
Macrophage	EPIC	BS_WBVSK3MP	-0.8093821580204102	Immune-desert
Macrophage	EPIC	BS_WEKK6SHP	-0.8686378084718556	Myeloid-dominant
Macrophage	EPIC	BS_WHBEXD5H	0.08398645824937119	Lymphocyte-inflamed
Macrophage	EPIC	BS_WQ1YRTAT	-0.8162212913080928	Immune-desert
Macrophage	EPIC	BS_WTJEDTZC	-0.8225153083061241	Myeloid-dominant
Macrophage	EPIC	BS_WVRX4C9Z	0.5442869811506423	Lymphocyte-inflamed
Macrophage	EPIC	BS_X0XXN9BK	0.05555613432805245	Lymphocyte-inflamed
Macrophage	EPIC	BS_X1G0TKP4	0.7099982593629474	Myeloid-dominant
Macrophage	EPIC	BS_X20JCR4H	0.22130958838383522	Lymphocyte-inflamed
Macrophage	EPIC	BS_X23724NJ	-0.15394483971441708	Myeloid-dominant
Macrophage	EPIC	BS_X3HR4Z21	-0.5028180086541009	Myeloid-dominant
Macrophage	EPIC	BS_X4DD4KSZ	3.29444675338088	Lymphocyte-inflamed
Macrophage	EPIC	BS_X4X1SFSE	-0.6455006702347637	Immune-desert
Macrophage	EPIC	BS_XG0DBWVT	-0.5905595893485125	Immune-desert
Macrophage	EPIC	BS_XGDPK33A	-0.37455255566215195	Myeloid-dominant
Macrophage	EPIC	BS_XM1AHBDJ	-0.445404400060825	Immune-desert
Macrophage	EPIC	BS_XQ5SFW35	0.12469443853894963	Myeloid-dominant
Macrophage	EPIC	BS_XQXXBWPD	0.5771513450862666	Lymphocyte-inflamed
Macrophage	EPIC	BS_XYVCMF4A	-0.18167580892657526	Myeloid-dominant
Macrophage	EPIC	BS_XZM79E42	5.2131242300729665	Lymphocyte-inflamed
Macrophage	EPIC	BS_YA0KMBRT	-0.7160094622691295	Myeloid-dominant
Macrophage	EPIC	BS_YDEVMD24	0.7966237880541404	Myeloid-dominant
Macrophage	EPIC	BS_YMKQT5V0	-0.18405756313211744	Lymphocyte-inflamed
Macrophage	EPIC	BS_YR12D1ZY	0.3674570782007564	Lymphocyte-inflamed
Macrophage	EPIC	BS_YSZRQ95C	-0.14979610440461585	Myeloid-dominant
Macrophage	EPIC	BS_YTWEM5SG	0.577363671484447	Lymphocyte-inflamed
Macrophage	EPIC	BS_YZ2QFDAN	-0.5372291442159401	Myeloid-dominant
Macrophage	EPIC	BS_Z0ZPD9S9	1.2790415848666155	Lymphocyte-inflamed
Macrophage	EPIC	BS_Z3RCA1T9	-0.06003912932471759	Myeloid-dominant
Macrophage	EPIC	BS_Z8F3GM85	0.9270523033843322	Lymphocyte-inflamed
Macrophage	EPIC	BS_ZD5HN296	3.5381012816853477	Lymphocyte-inflamed
Macrophage	EPIC	BS_ZF6BSFNF	-0.22213645905536827	Myeloid-dominant
Macrophage	EPIC	BS_ZM97KKXE	0.7463391066735402	Lymphocyte-inflamed
Macrophage	EPIC	BS_ZV1P6W9C	-0.3305315307089945	Immune-desert
Macrophage	EPIC	BS_ZVM8CAB0	1.0575597784893052	Lymphocyte-inflamed
Macrophage	EPIC	BS_ZZWMD6FA	0.22858459654477675	Lymphocyte-inflamed
Macrophage	LM22	BS_00FD2KMP	-0.08344791458211119	Immune-desert
Macrophage	LM22	BS_028YFYJ6	-0.036136491934371046	Myeloid-dominant
Macrophage	LM22	BS_052PZFMK	0.6098510900156643	Immune-desert
Macrophage	LM22	BS_056Q8577	0.726675110612224	Lymphocyte-inflamed
Macrophage	LM22	BS_08ST21QE	2.2036615055369295	Lymphocyte-inflamed
Macrophage	LM22	BS_0C7VZC0A	-0.2896258321102238	Myeloid-dominant
Macrophage	LM22	BS_0S8E7590	-1.6453512526236502	Lymphocyte-inflamed
Macrophage	LM22	BS_0VXZCRJS	-1.0362112444851077	Myeloid-dominant
Macrophage	LM22	BS_0XEBS3PG	-0.684420358248039	Immune-desert
Macrophage	LM22	BS_0ZA67BBC	-1.8369047975584238	Myeloid-dominant
Macrophage	LM22	BS_12G04QJM	0.547173888360266	Myeloid-dominant
Macrophage	LM22	BS_17ZSMXFH	-2.0314988751531495	Immune-desert
Macrophage	LM22	BS_1A6MQ9ZA	1.767283225305138	Myeloid-dominant
Macrophage	LM22	BS_1D93Z575	0.27654940077163437	Myeloid-dominant
Macrophage	LM22	BS_1EN5V3XW	0.6554943613966004	Immune-desert
Macrophage	LM22	BS_223BM91B	0.07229911809255364	Lymphocyte-inflamed
Macrophage	LM22	BS_25HNKZ79	2.4010722191094453	Lymphocyte-inflamed
Macrophage	LM22	BS_2853394H	-0.2945443010043629	Immune-desert
Macrophage	LM22	BS_297H8BT4	-0.7550335719112089	Myeloid-dominant
Macrophage	LM22	BS_29X4ZX6Q	-0.07055594525806713	Immune-desert
Macrophage	LM22	BS_2A5R9MEJ	-1.6533460321907938	Immune-desert
Macrophage	LM22	BS_2ARXK0TD	-0.8401142041152345	Lymphocyte-inflamed
Macrophage	LM22	BS_2AV1H5TV	-0.6861029388226475	Myeloid-dominant
Macrophage	LM22	BS_2DMBCHNF	1.0390886210294585	Lymphocyte-inflamed
Macrophage	LM22	BS_2EN3X6HB	-0.5078730747878409	Myeloid-dominant
Macrophage	LM22	BS_2FEZWH1F	1.806318332576538	Lymphocyte-inflamed
Macrophage	LM22	BS_2HNXVFAS	0.06270147820413743	Myeloid-dominant
Macrophage	LM22	BS_2JH1QMT1	1.2145379918942547	Myeloid-dominant
Macrophage	LM22	BS_2JP7RBMB	0.23011602948686857	Myeloid-dominant
Macrophage	LM22	BS_2K01T8K6	-0.20162633796024063	Lymphocyte-inflamed
Macrophage	LM22	BS_2PDS3MSS	0.45024443398933467	Lymphocyte-inflamed
Macrophage	LM22	BS_2T5PJAW8	-0.3051564160585361	Myeloid-dominant
Macrophage	LM22	BS_2WANPFBJ	0.5219330838583953	Lymphocyte-inflamed
Macrophage	LM22	BS_30F3Z9FS	-0.6130339282004136	Lymphocyte-inflamed
Macrophage	LM22	BS_30VC3R2Q	-0.9466052606855422	Myeloid-dominant
Macrophage	LM22	BS_30YWQ3FY	-2.0313568307976073	Lymphocyte-inflamed
Macrophage	LM22	BS_31MBRWC4	-0.056975199575232414	Lymphocyte-inflamed
Macrophage	LM22	BS_333KCNDP	-0.709104031523172	Lymphocyte-inflamed
Macrophage	LM22	BS_399RPKC9	-0.43103081215630523	Myeloid-dominant
Macrophage	LM22	BS_3AC3SRWH	-0.5459148446127018	Immune-desert
Macrophage	LM22	BS_3MS8WVNR	0.2274021775714384	Immune-desert
Macrophage	LM22	BS_3ZPJAK9A	-1.7327324086188927	Myeloid-dominant
Macrophage	LM22	BS_45J79YTF	0.23459302077067462	Immune-desert
Macrophage	LM22	BS_49BQS7Z6	-0.45567621190010454	Myeloid-dominant
Macrophage	LM22	BS_49CJNZ06	0.05364676783680906	Myeloid-dominant
Macrophage	LM22	BS_4B0BAVTX	1.1658373641744797	Myeloid-dominant
Macrophage	LM22	BS_4BM3F6XJ	-0.05054479130147884	Myeloid-dominant
Macrophage	LM22	BS_4C6B11E4	0.5906343715380967	Lymphocyte-inflamed
Macrophage	LM22	BS_4GNN7J8E	-0.26044494734176177	Lymphocyte-inflamed
Macrophage	LM22	BS_4KNBXM3C	0.263306522448097	Lymphocyte-inflamed
Macrophage	LM22	BS_4Q3KRCZT	0.5288456200828785	Lymphocyte-inflamed
Macrophage	LM22	BS_4QW2S1Q8	0.16417337219507525	Lymphocyte-inflamed
Macrophage	LM22	BS_4T0HQ9QF	-0.15823105339399973	Myeloid-dominant
Macrophage	LM22	BS_4V42BXBT	-0.42488446089503973	Myeloid-dominant
Macrophage	LM22	BS_51RA1PGE	-0.9931908586704261	Myeloid-dominant
Macrophage	LM22	BS_52C576HH	-0.5955790918825636	Myeloid-dominant
Macrophage	LM22	BS_5965SFPZ	-0.8386655779674885	Immune-desert
Macrophage	LM22	BS_5EFYPZT0	1.7883114535708027	Myeloid-dominant
Macrophage	LM22	BS_5G5BD2MD	0.42736415497844665	Lymphocyte-inflamed
Macrophage	LM22	BS_5K95FX4C	0.29518763761381006	Lymphocyte-inflamed
Macrophage	LM22	BS_5KBXD2GQ	-0.0940818606609727	Myeloid-dominant
Macrophage	LM22	BS_5PXZ8F7W	0.5382954226414334	Myeloid-dominant
Macrophage	LM22	BS_5VPM0F36	-0.7026570433306534	Lymphocyte-inflamed
Macrophage	LM22	BS_62SW4CC5	-0.791305212666142	Lymphocyte-inflamed
Macrophage	LM22	BS_65WPD3DA	0.4134579632904586	Myeloid-dominant
Macrophage	LM22	BS_68KX6A42	1.1819719962834445	Lymphocyte-inflamed
Macrophage	LM22	BS_6DCSD5Y6	-1.2633179629902582	Immune-desert
Macrophage	LM22	BS_6H4Q24WA	-0.29822509354547805	Lymphocyte-inflamed
Macrophage	LM22	BS_6M2053M0	-0.24460195119675793	Myeloid-dominant
Macrophage	LM22	BS_6SY64H5J	-2.0764481782428494	Lymphocyte-inflamed
Macrophage	LM22	BS_6VRG1XFB	1.0521056360852492	Myeloid-dominant
Macrophage	LM22	BS_6WP1FHTE	0.7806134415859961	Lymphocyte-inflamed
Macrophage	LM22	BS_7327SDAQ	-1.2191297060015607	Myeloid-dominant
Macrophage	LM22	BS_75YRDXET	-0.8675102011524596	Lymphocyte-inflamed
Macrophage	LM22	BS_77SBTNPN	-0.0838992524903437	Myeloid-dominant
Macrophage	LM22	BS_7AEF4D4G	-0.01929720363790611	Lymphocyte-inflamed
Macrophage	LM22	BS_7APCGCVF	-0.6995612271969837	Myeloid-dominant
Macrophage	LM22	BS_7GJT4A6A	0.23883643132568774	Immune-desert
Macrophage	LM22	BS_7GKWKGPH	0.601507637315521	Lymphocyte-inflamed
Macrophage	LM22	BS_7PVJ6Q3D	-0.901748102004609	Immune-desert
Macrophage	LM22	BS_7WKNNRHK	0.25146071024560024	Myeloid-dominant
Macrophage	LM22	BS_84VZX732	0.9191132403311356	Myeloid-dominant
Macrophage	LM22	BS_84XCR9GG	1.5040332869858686	Myeloid-dominant
Macrophage	LM22	BS_8E8JKP01	1.5262908934977502	Immune-desert
Macrophage	LM22	BS_8ERBDF7D	1.5174338647219947	Immune-desert
Macrophage	LM22	BS_8JK9TXH2	-0.718367201322988	Myeloid-dominant
Macrophage	LM22	BS_8VD670NP	-1.486153974012345	Myeloid-dominant
Macrophage	LM22	BS_8YWYN7VH	1.761160904137262	Lymphocyte-inflamed
Macrophage	LM22	BS_8ZE4Z9G5	0.8989141377237901	Myeloid-dominant
Macrophage	LM22	BS_8ZY4GST0	-0.7220500717769807	Immune-desert
Macrophage	LM22	BS_91VYM11A	-0.39796758747154554	Myeloid-dominant
Macrophage	LM22	BS_956G6QPJ	-0.29356510016017906	Myeloid-dominant
Macrophage	LM22	BS_97M1E2DW	0.22827016227896965	Immune-desert
Macrophage	LM22	BS_9A1YTHFF	0.6242367184406199	Lymphocyte-inflamed
Macrophage	LM22	BS_9B0A62MT	-0.8068248653621449	Lymphocyte-inflamed
Macrophage	LM22	BS_9CA93S6D	-0.763344950140596	Immune-desert
Macrophage	LM22	BS_9FHEFJNP	1.6506457518433926	Myeloid-dominant
Macrophage	LM22	BS_9FX3YREK	-0.35181646985076565	Immune-desert
Macrophage	LM22	BS_9GJ3DB1H	-1.2379145848121935	Lymphocyte-inflamed
Macrophage	LM22	BS_9JPQZQNG	1.5937305490819633	Myeloid-dominant
Macrophage	LM22	BS_9TXEDSWB	-0.2971299508816946	Myeloid-dominant
Macrophage	LM22	BS_9XVACXP0	0.8121970070204378	Myeloid-dominant
Macrophage	LM22	BS_9Y1K14Q5	0.6732913519074469	Myeloid-dominant
Macrophage	LM22	BS_9ZJT0CP0	0.5342707082703647	Myeloid-dominant
Macrophage	LM22	BS_A4PF49V0	-0.4517077138644859	Immune-desert
Macrophage	LM22	BS_A6NXR7RC	0.20185471433261298	Myeloid-dominant
Macrophage	LM22	BS_A7Q8G0Y1	0.3077827222866514	Myeloid-dominant
Macrophage	LM22	BS_A8XW5S0W	0.5712501942252945	Myeloid-dominant
Macrophage	LM22	BS_AWH9757B	0.09716061103160079	Immune-desert
Macrophage	LM22	BS_AYSXRQWY	1.9289601582245248	Myeloid-dominant
Macrophage	LM22	BS_AZQM1JJH	-0.2689750560838762	Lymphocyte-inflamed
Macrophage	LM22	BS_B1C6GZ84	-0.9909513138964436	Immune-desert
Macrophage	LM22	BS_B3MQFFYP	-0.29417965185063855	Lymphocyte-inflamed
Macrophage	LM22	BS_B4R7X1KE	-0.05373351799370679	Immune-desert
Macrophage	LM22	BS_B57327NA	0.16931331756050583	Myeloid-dominant
Macrophage	LM22	BS_BBAEMXRD	0.8522109726463576	Immune-desert
Macrophage	LM22	BS_BBQ6BHGN	0.6422308326877261	Myeloid-dominant
Macrophage	LM22	BS_BK0HGRXM	-0.3077490430563854	Lymphocyte-inflamed
Macrophage	LM22	BS_BMMY0H73	0.38803800337108124	Myeloid-dominant
Macrophage	LM22	BS_C6ZZ3FY5	1.1023732487017557	Myeloid-dominant
Macrophage	LM22	BS_C83TK159	-0.8572645042371887	Myeloid-dominant
Macrophage	LM22	BS_CBDQZ8PP	-0.6227138119153113	Immune-desert
Macrophage	LM22	BS_CF63VG3S	0.109039029655029	Myeloid-dominant
Macrophage	LM22	BS_CFD3WHAY	0.6550335256941006	Myeloid-dominant
Macrophage	LM22	BS_CG1RG607	1.0854477695204707	Lymphocyte-inflamed
Macrophage	LM22	BS_CVEDJGHZ	-1.0715235015538753	Lymphocyte-inflamed
Macrophage	LM22	BS_CXAQDK7S	-0.32230254384250123	Lymphocyte-inflamed
Macrophage	LM22	BS_CZPQ493E	-0.9738262002331447	Myeloid-dominant
Macrophage	LM22	BS_D29RPBSZ	-0.9469639395053833	Myeloid-dominant
Macrophage	LM22	BS_D4VNDNQA	-0.6020671728341674	Immune-desert
Macrophage	LM22	BS_D6J2BGDJ	1.5399714097213864	Immune-desert
Macrophage	LM22	BS_DFGS950G	-0.5870447456529768	Immune-desert
Macrophage	LM22	BS_DNZVP92S	-0.6904588000775036	Myeloid-dominant
Macrophage	LM22	BS_DR079H0D	-1.5571997606546364	Immune-desert
Macrophage	LM22	BS_DS438CXE	-0.8301153051799509	Immune-desert
Macrophage	LM22	BS_DSPVSM7D	-1.8369442165980092	Myeloid-dominant
Macrophage	LM22	BS_DZNXFPH1	0.29694334324992394	Lymphocyte-inflamed
Macrophage	LM22	BS_E7NVYA6G	-0.17668178968483206	Lymphocyte-inflamed
Macrophage	LM22	BS_E9CYN4NP	0.18576517250703561	Immune-desert
Macrophage	LM22	BS_EB0XRBT9	-1.1908768708948498	Lymphocyte-inflamed
Macrophage	LM22	BS_EDJ5TV0P	-1.6245700614131628	Immune-desert
Macrophage	LM22	BS_EMQM7HTA	-0.7085973597692378	Myeloid-dominant
Macrophage	LM22	BS_ENEYB4TG	-1.5584075536957325	Lymphocyte-inflamed
Macrophage	LM22	BS_EXPJQZTH	0.8593043375843394	Lymphocyte-inflamed
Macrophage	LM22	BS_EZ3147MX	0.15816654879948736	Myeloid-dominant
Macrophage	LM22	BS_F0JB4EAK	-1.7376183582746823	Immune-desert
Macrophage	LM22	BS_F21R36MM	-1.173730114582464	Myeloid-dominant
Macrophage	LM22	BS_F65GWS21	0.2704641424509976	Myeloid-dominant
Macrophage	LM22	BS_F6V1Y4QS	1.6302936500407033	Myeloid-dominant
Macrophage	LM22	BS_F9Y4Z92G	0.06169899460450565	Immune-desert
Macrophage	LM22	BS_FCDAH728	-1.639317022904429	Myeloid-dominant
Macrophage	LM22	BS_FEV5A0HN	0.379781871964871	Immune-desert
Macrophage	LM22	BS_FGJH1X0S	-0.9908534118790338	Myeloid-dominant
Macrophage	LM22	BS_FKASA3MN	-1.0497430717802383	Immune-desert
Macrophage	LM22	BS_FN07P04C	0.3805050884425413	Immune-desert
Macrophage	LM22	BS_FX2P2WEG	-0.7307767116771872	Lymphocyte-inflamed
Macrophage	LM22	BS_FXJY0MNH	-1.2270761201641291	Lymphocyte-inflamed
Macrophage	LM22	BS_FYP2B298	0.645265497116805	Immune-desert
Macrophage	LM22	BS_G19QZG4S	1.1697478863300717	Myeloid-dominant
Macrophage	LM22	BS_G1E5DATJ	-1.289802786828617	Myeloid-dominant
Macrophage	LM22	BS_G257VSS9	-0.04105041240098527	Immune-desert
Macrophage	LM22	BS_G3NN392N	0.1327013522223152	Myeloid-dominant
Macrophage	LM22	BS_G3RJTBZD	-0.655019302781629	Immune-desert
Macrophage	LM22	BS_G5NHSFD4	-0.8717995457711492	Immune-desert
Macrophage	LM22	BS_G8TXTX0H	1.1111839777462795	Myeloid-dominant
Macrophage	LM22	BS_GG9W3J9Y	-0.9227146370788579	Immune-desert
Macrophage	LM22	BS_GW0GKWMS	-0.018615987027742177	Myeloid-dominant
Macrophage	LM22	BS_GWHYM3R4	-0.3407791954087371	Myeloid-dominant
Macrophage	LM22	BS_GWSJ4Z9H	-1.8341794822541753	Lymphocyte-inflamed
Macrophage	LM22	BS_H5VQJR7X	1.2934330198954516	Myeloid-dominant
Macrophage	LM22	BS_H97S5SQN	-0.27021251153698167	Myeloid-dominant
Macrophage	LM22	BS_H9JYKFTV	0.13589790521479594	Myeloid-dominant
Macrophage	LM22	BS_HDHXX8Q7	0.7376640052149629	Myeloid-dominant
Macrophage	LM22	BS_HDPCQETG	1.138707085208686	Lymphocyte-inflamed
Macrophage	LM22	BS_HJRTC9JQ	2.006072570044119	Lymphocyte-inflamed
Macrophage	LM22	BS_HJV0J603	-2.290220266203863	Lymphocyte-inflamed
Macrophage	LM22	BS_HRJ9145M	0.8608566008554753	Lymphocyte-inflamed
Macrophage	LM22	BS_HWGWYCY7	0.9926384459117411	Lymphocyte-inflamed
Macrophage	LM22	BS_HZ9AYDCQ	-1.2746518204830513	Lymphocyte-inflamed
Macrophage	LM22	BS_J4JY2F3H	0.4002409913497581	Lymphocyte-inflamed
Macrophage	LM22	BS_J6212Y48	0.25764491721946364	Myeloid-dominant
Macrophage	LM22	BS_J6W1RB7A	0.3372341386598619	Myeloid-dominant
Macrophage	LM22	BS_J9CBGP57	0.5007574362480428	Myeloid-dominant
Macrophage	LM22	BS_JB43XBCQ	-1.9859222243210644	Lymphocyte-inflamed
Macrophage	LM22	BS_JDSNFYQ0	-0.10590904880091376	Lymphocyte-inflamed
Macrophage	LM22	BS_JJVH7WR0	-0.5215638012778984	Immune-desert
Macrophage	LM22	BS_JMD386Z2	0.09984913769137035	Myeloid-dominant
Macrophage	LM22	BS_JP95KMRD	0.6997104372876812	Lymphocyte-inflamed
Macrophage	LM22	BS_JQGJQ2QZ	-0.9036639229705855	Myeloid-dominant
Macrophage	LM22	BS_JQVAWTTM	-1.263642690131107	Myeloid-dominant
Macrophage	LM22	BS_JQXHHK0K	0.7545541301312435	Immune-desert
Macrophage	LM22	BS_JRYJGYC4	-0.3330801435667259	Myeloid-dominant
Macrophage	LM22	BS_JS95PE0J	0.8668968743432165	Myeloid-dominant
Macrophage	LM22	BS_JTWNJ8T7	1.2267220374705414	Immune-desert
Macrophage	LM22	BS_JVW2JJ39	-0.20555816552871845	Immune-desert
Macrophage	LM22	BS_K0X3PZGN	-0.18491447538599146	Lymphocyte-inflamed
Macrophage	LM22	BS_K17VQECG	1.2841368769354273	Lymphocyte-inflamed
Macrophage	LM22	BS_K2PCC777	-1.1256661455262098	Lymphocyte-inflamed
Macrophage	LM22	BS_K74N1BXQ	-0.1017488395447529	Myeloid-dominant
Macrophage	LM22	BS_K81PZXP2	0.3517440472203222	Lymphocyte-inflamed
Macrophage	LM22	BS_K88T8SW7	-1.731663669218082	Lymphocyte-inflamed
Macrophage	LM22	BS_KABQQA0T	-1.473796370422761	Immune-desert
Macrophage	LM22	BS_KBEX4RT2	1.6682719386148108	Myeloid-dominant
Macrophage	LM22	BS_KFD5128N	-0.7395040522780324	Myeloid-dominant
Macrophage	LM22	BS_KKDTW11T	-1.8862470765583448	Immune-desert
Macrophage	LM22	BS_KP735TJ6	-0.6420466083267744	Immune-desert
Macrophage	LM22	BS_KQ6ZW085	-0.9328023109847454	Myeloid-dominant
Macrophage	LM22	BS_KRS4EV4X	-0.6633903312653303	Myeloid-dominant
Macrophage	LM22	BS_KS8HMGA6	-0.6480943268145731	Lymphocyte-inflamed
Macrophage	LM22	BS_KVPWHDR4	1.5031383942858154	Myeloid-dominant
Macrophage	LM22	BS_M0FA190Y	-1.6360477662800528	Myeloid-dominant
Macrophage	LM22	BS_M0XGZ53Z	0.642816733627568	Immune-desert
Macrophage	LM22	BS_M1PVEHCM	0.5331946681590202	Immune-desert
Macrophage	LM22	BS_M54TWTH4	-0.22561483068448404	Myeloid-dominant
Macrophage	LM22	BS_M7XB258E	-0.7629906622412078	Lymphocyte-inflamed
Macrophage	LM22	BS_M85CXHDV	2.1878858013175906	Lymphocyte-inflamed
Macrophage	LM22	BS_MB7WN0ZB	0.25497784105960214	Myeloid-dominant
Macrophage	LM22	BS_MD0937XT	-0.2928039302679431	Immune-desert
Macrophage	LM22	BS_MDBT7S5Z	0.9541803893496698	Immune-desert
Macrophage	LM22	BS_ME6VQGG4	-0.14460548657733813	Myeloid-dominant
Macrophage	LM22	BS_MFGZH8FK	-1.238582023379078	Myeloid-dominant
Macrophage	LM22	BS_MG78HQDM	-1.8598024260000428	Immune-desert
Macrophage	LM22	BS_MWWZBQ60	0.8371288662759486	Myeloid-dominant
Macrophage	LM22	BS_N6TQBQ8M	-0.009209394924394565	Myeloid-dominant
Macrophage	LM22	BS_N7SW36FD	1.6180694301027665	Lymphocyte-inflamed
Macrophage	LM22	BS_N7VQ1GQB	1.2896512587931697	Lymphocyte-inflamed
Macrophage	LM22	BS_NB9XXBW6	-0.7897734792770762	Myeloid-dominant
Macrophage	LM22	BS_NEFAASTR	0.024574745952868866	Lymphocyte-inflamed
Macrophage	LM22	BS_NEVYM2FP	-1.4064218298489999	Myeloid-dominant
Macrophage	LM22	BS_NFKKDYSV	0.7087883611158399	Lymphocyte-inflamed
Macrophage	LM22	BS_NGSG2KB6	-1.8549885318190882	Lymphocyte-inflamed
Macrophage	LM22	BS_NNYXMSTX	2.4356910959300584	Lymphocyte-inflamed
Macrophage	LM22	BS_NPA6CZQF	-0.6763996390102999	Immune-desert
Macrophage	LM22	BS_NQ54ST98	-1.1735711575767749	Lymphocyte-inflamed
Macrophage	LM22	BS_NR3P3GN2	1.6819134043411799	Myeloid-dominant
Macrophage	LM22	BS_NX1R0BC3	1.0246220004536049	Lymphocyte-inflamed
Macrophage	LM22	BS_P0QF87WC	1.27827539034003	Myeloid-dominant
Macrophage	LM22	BS_P4PMWFMV	0.829544707703768	Myeloid-dominant
Macrophage	LM22	BS_P7W3AYKV	-0.9202203762257909	Myeloid-dominant
Macrophage	LM22	BS_PENM28KT	2.2803228274463483	Myeloid-dominant
Macrophage	LM22	BS_PJC6FH4Y	0.3862980669595092	Lymphocyte-inflamed
Macrophage	LM22	BS_PS0P3QJ3	2.386194288309599	Myeloid-dominant
Macrophage	LM22	BS_PXCPK5XS	2.1341793520176755	Myeloid-dominant
Macrophage	LM22	BS_PZVHMSYN	0.057306409707787304	Myeloid-dominant
Macrophage	LM22	BS_Q06J3RYW	0.19864103916877804	Lymphocyte-inflamed
Macrophage	LM22	BS_Q35GFYDR	-0.29957848263094466	Myeloid-dominant
Macrophage	LM22	BS_Q9N5PRD5	-1.3528972605607568	Myeloid-dominant
Macrophage	LM22	BS_QB84TBA3	0.7563537203575671	Immune-desert
Macrophage	LM22	BS_QGKEP3KB	1.020258814624965	Lymphocyte-inflamed
Macrophage	LM22	BS_QH0VYVJK	-0.007833975213087749	Myeloid-dominant
Macrophage	LM22	BS_QHY302E8	1.4945181214757475	Lymphocyte-inflamed
Macrophage	LM22	BS_QMBS32Y2	-0.0444814236266258	Myeloid-dominant
Macrophage	LM22	BS_QNNX91SM	-1.8864144808109742	Myeloid-dominant
Macrophage	LM22	BS_QY2G1JZJ	-0.5872891825635832	Myeloid-dominant
Macrophage	LM22	BS_QYA4TQXX	-0.291302895648163	Immune-desert
Macrophage	LM22	BS_R5JQE0VJ	-1.2395921197746254	Myeloid-dominant
Macrophage	LM22	BS_R5SNFB5B	-0.6787979791306017	Immune-desert
Macrophage	LM22	BS_R9B92M75	-1.8096667241389206	Myeloid-dominant
Macrophage	LM22	BS_RHAWQJ48	-0.3249480387464909	Lymphocyte-inflamed
Macrophage	LM22	BS_RHM60031	0.3167235620688693	Myeloid-dominant
Macrophage	LM22	BS_RJC3WDD6	0.6577255642031252	Immune-desert
Macrophage	LM22	BS_RN0VAY51	-0.6191526830664155	Myeloid-dominant
Macrophage	LM22	BS_RX1YTZ7F	0.5154444975547963	Myeloid-dominant
Macrophage	LM22	BS_RZBFH1QF	-1.3666850095150183	Immune-desert
Macrophage	LM22	BS_S2TA8R29	-0.9574960435688117	Myeloid-dominant
Macrophage	LM22	BS_S3C2PZAH	1.4358321248650125	Myeloid-dominant
Macrophage	LM22	BS_S3MET0JZ	-1.2310326126898041	Myeloid-dominant
Macrophage	LM22	BS_S4V9E1XJ	0.4396425909579117	Lymphocyte-inflamed
Macrophage	LM22	BS_S5P8VTN5	0.3216960141425017	Myeloid-dominant
Macrophage	LM22	BS_S6B9DVNS	-1.6413766124350795	Immune-desert
Macrophage	LM22	BS_S6S7SK3P	0.7378656815769032	Immune-desert
Macrophage	LM22	BS_S8K878T3	-0.4893075614038987	Lymphocyte-inflamed
Macrophage	LM22	BS_SBMAM00V	1.2399997401505745	Myeloid-dominant
Macrophage	LM22	BS_SBMCD7XZ	1.3917860926224026	Myeloid-dominant
Macrophage	LM22	BS_SD0EMK7Y	-1.4621066127995037	Lymphocyte-inflamed
Macrophage	LM22	BS_SD8YBRBR	-0.656785378641309	Immune-desert
Macrophage	LM22	BS_SERDGASJ	-0.34068989470504984	Lymphocyte-inflamed
Macrophage	LM22	BS_SJVTZ5TH	-1.3194500212170508	Myeloid-dominant
Macrophage	LM22	BS_SMWQR2F1	0.2485740274914739	Myeloid-dominant
Macrophage	LM22	BS_SNVM7CZT	0.20926559600051736	Myeloid-dominant
Macrophage	LM22	BS_SR2RGDXJ	0.7887474455466841	Myeloid-dominant
Macrophage	LM22	BS_SW9Z10F9	0.9568316933586314	Lymphocyte-inflamed
Macrophage	LM22	BS_SY3J3XR9	-0.3314014713714628	Immune-desert
Macrophage	LM22	BS_T1YHK6B7	0.5845943864352291	Myeloid-dominant
Macrophage	LM22	BS_T2F48Z4E	-0.9933125738165733	Lymphocyte-inflamed
Macrophage	LM22	BS_T9A8JJW5	0.9337776190755225	Myeloid-dominant
Macrophage	LM22	BS_TASG32Z2	0.8465091651293566	Myeloid-dominant
Macrophage	LM22	BS_TGS109T3	-0.8290624600978755	Immune-desert
Macrophage	LM22	BS_TM9MH0RP	0.49762893208533393	Myeloid-dominant
Macrophage	LM22	BS_TR2P8KRF	0.14207147591855607	Myeloid-dominant
Macrophage	LM22	BS_TRKH2SPE	1.3404015405901417	Myeloid-dominant
Macrophage	LM22	BS_TRPXB3AV	0.6184498526171056	Myeloid-dominant
Macrophage	LM22	BS_TTDNZTZ0	0.46221604633015845	Lymphocyte-inflamed
Macrophage	LM22	BS_TTE04ZP8	0.23313407096653513	Lymphocyte-inflamed
Macrophage	LM22	BS_TV5B86ZD	-1.4174812387074553	Immune-desert
Macrophage	LM22	BS_TVH33J9Q	0.6401929987852263	Myeloid-dominant
Macrophage	LM22	BS_TXZ7KHTQ	-0.8762594985817832	Myeloid-dominant
Macrophage	LM22	BS_V0DQFC75	-0.11758296799243596	Myeloid-dominant
Macrophage	LM22	BS_V3Z3DB4N	-0.1256307140089335	Immune-desert
Macrophage	LM22	BS_V558NW3Q	1.3752075638011736	Lymphocyte-inflamed
Macrophage	LM22	BS_V6RSB5HQ	-0.16809109642997286	Myeloid-dominant
Macrophage	LM22	BS_V8QWBVS3	0.1443680521108172	Lymphocyte-inflamed
Macrophage	LM22	BS_VBMRQK4F	-1.8886387428748583	Myeloid-dominant
Macrophage	LM22	BS_VDFXXMEX	0.23174859141840568	Immune-desert
Macrophage	LM22	BS_VF3NVT4G	-0.35012775755007186	Lymphocyte-inflamed
Macrophage	LM22	BS_VKH87DD2	1.6998446920035997	Lymphocyte-inflamed
Macrophage	LM22	BS_VKHJG2B8	1.4738740250859825	Myeloid-dominant
Macrophage	LM22	BS_VKYEM67A	1.820596793848767	Lymphocyte-inflamed
Macrophage	LM22	BS_VMQMGSJY	1.764580502076733	Lymphocyte-inflamed
Macrophage	LM22	BS_VVTHDRBD	-0.7619895578015561	Myeloid-dominant
Macrophage	LM22	BS_W1385R8Y	-0.24928625502923873	Immune-desert
Macrophage	LM22	BS_W4DB5RP1	-0.7062278112744143	Immune-desert
Macrophage	LM22	BS_W7MFJZ5A	-0.1882157716136333	Lymphocyte-inflamed
Macrophage	LM22	BS_WBVSK3MP	-0.1880628096344269	Immune-desert
Macrophage	LM22	BS_WEKK6SHP	-0.08224602477344957	Myeloid-dominant
Macrophage	LM22	BS_WHBEXD5H	1.8208369948143937	Lymphocyte-inflamed
Macrophage	LM22	BS_WQ1YRTAT	0.030422091362788017	Immune-desert
Macrophage	LM22	BS_WTJEDTZC	-0.20874640547411133	Myeloid-dominant
Macrophage	LM22	BS_WVRX4C9Z	-0.7679730952365437	Lymphocyte-inflamed
Macrophage	LM22	BS_X0XXN9BK	0.8309549634406959	Lymphocyte-inflamed
Macrophage	LM22	BS_X1G0TKP4	0.40570055409983286	Myeloid-dominant
Macrophage	LM22	BS_X20JCR4H	0.8746008285446878	Lymphocyte-inflamed
Macrophage	LM22	BS_X23724NJ	0.9307770659718866	Myeloid-dominant
Macrophage	LM22	BS_X3HR4Z21	1.0832617399641318	Myeloid-dominant
Macrophage	LM22	BS_X4DD4KSZ	0.4352259802495236	Lymphocyte-inflamed
Macrophage	LM22	BS_X4X1SFSE	-0.8483100786508969	Immune-desert
Macrophage	LM22	BS_XG0DBWVT	1.8815733235371979	Immune-desert
Macrophage	LM22	BS_XGDPK33A	-0.3045039546819415	Myeloid-dominant
Macrophage	LM22	BS_XM1AHBDJ	-0.608474479609878	Immune-desert
Macrophage	LM22	BS_XQ5SFW35	0.20123030975637	Myeloid-dominant
Macrophage	LM22	BS_XQXXBWPD	0.8722244846150871	Lymphocyte-inflamed
Macrophage	LM22	BS_XYVCMF4A	-1.1272327529631223	Myeloid-dominant
Macrophage	LM22	BS_XZM79E42	0.06534469956128125	Lymphocyte-inflamed
Macrophage	LM22	BS_YA0KMBRT	-0.4460899174302797	Myeloid-dominant
Macrophage	LM22	BS_YDEVMD24	-0.3623419228628656	Myeloid-dominant
Macrophage	LM22	BS_YMKQT5V0	-0.4843382413081149	Lymphocyte-inflamed
Macrophage	LM22	BS_YR12D1ZY	-0.46296485949335064	Lymphocyte-inflamed
Macrophage	LM22	BS_YSZRQ95C	0.016513202973272453	Myeloid-dominant
Macrophage	LM22	BS_YTWEM5SG	0.8537976324253705	Lymphocyte-inflamed
Macrophage	LM22	BS_YZ2QFDAN	0.6256431996512273	Myeloid-dominant
Macrophage	LM22	BS_Z0ZPD9S9	1.1169330265117379	Lymphocyte-inflamed
Macrophage	LM22	BS_Z3RCA1T9	-0.17297984869831548	Myeloid-dominant
Macrophage	LM22	BS_Z8F3GM85	2.830481469314208	Lymphocyte-inflamed
Macrophage	LM22	BS_ZD5HN296	-0.5304867745826795	Lymphocyte-inflamed
Macrophage	LM22	BS_ZF6BSFNF	-1.0060932889186582	Myeloid-dominant
Macrophage	LM22	BS_ZM97KKXE	0.7952091661504295	Lymphocyte-inflamed
Macrophage	LM22	BS_ZV1P6W9C	-0.841384563427457	Immune-desert
Macrophage	LM22	BS_ZVM8CAB0	0.48145899092818006	Lymphocyte-inflamed
Macrophage	LM22	BS_ZZWMD6FA	0.6028129797420956	Lymphocyte-inflamed
Monocyte / DC	xCell	BS_00FD2KMP	-0.4915672675879695	Immune-desert
Monocyte / DC	xCell	BS_028YFYJ6	0.028389676446652277	Myeloid-dominant
Monocyte / DC	xCell	BS_052PZFMK	-0.49156726758796937	Immune-desert
Monocyte / DC	xCell	BS_056Q8577	-0.4915672675879688	Lymphocyte-inflamed
Monocyte / DC	xCell	BS_08ST21QE	-0.22231145455504478	Lymphocyte-inflamed
Monocyte / DC	xCell	BS_0C7VZC0A	-0.491567267587969	Myeloid-dominant
Monocyte / DC	xCell	BS_0S8E7590	-0.3592736367145664	Lymphocyte-inflamed
Monocyte / DC	xCell	BS_0VXZCRJS	-0.49156726758796937	Myeloid-dominant
Monocyte / DC	xCell	BS_0XEBS3PG	-0.4915672675879681	Immune-desert
Monocyte / DC	xCell	BS_0ZA67BBC	-0.4915672675879695	Myeloid-dominant
Monocyte / DC	xCell	BS_12G04QJM	-0.4915672675879695	Myeloid-dominant
Monocyte / DC	xCell	BS_17ZSMXFH	-0.4915672675879695	Immune-desert
Monocyte / DC	xCell	BS_1A6MQ9ZA	0.1736955362688588	Myeloid-dominant
Monocyte / DC	xCell	BS_1D93Z575	-0.148884864919531	Myeloid-dominant
Monocyte / DC	xCell	BS_1EN5V3XW	-0.4915672675879695	Immune-desert
Monocyte / DC	xCell	BS_223BM91B	0.9084260323287053	Lymphocyte-inflamed
Monocyte / DC	xCell	BS_25HNKZ79	-0.31169813299132065	Lymphocyte-inflamed
Monocyte / DC	xCell	BS_2853394H	-0.4915672675879695	Immune-desert
Monocyte / DC	xCell	BS_297H8BT4	0.5136764821544108	Myeloid-dominant
Monocyte / DC	xCell	BS_29X4ZX6Q	-0.4915672675879695	Immune-desert
Monocyte / DC	xCell	BS_2A5R9MEJ	-0.49156726758796937	Immune-desert
Monocyte / DC	xCell	BS_2ARXK0TD	-0.38895357322127444	Lymphocyte-inflamed
Monocyte / DC	xCell	BS_2AV1H5TV	-0.4915672675879695	Myeloid-dominant
Monocyte / DC	xCell	BS_2DMBCHNF	1.866606777056281	Lymphocyte-inflamed
Monocyte / DC	xCell	BS_2EN3X6HB	0.18539261349926944	Myeloid-dominant
Monocyte / DC	xCell	BS_2FEZWH1F	2.216662570425325	Lymphocyte-inflamed
Monocyte / DC	xCell	BS_2HNXVFAS	-0.39998349612265227	Myeloid-dominant
Monocyte / DC	xCell	BS_2JH1QMT1	-0.4915672675879693	Myeloid-dominant
Monocyte / DC	xCell	BS_2JP7RBMB	-0.49156726758796937	Myeloid-dominant
Monocyte / DC	xCell	BS_2K01T8K6	-0.26596856337309105	Lymphocyte-inflamed
Monocyte / DC	xCell	BS_2PDS3MSS	0.7654768198295457	Lymphocyte-inflamed
Monocyte / DC	xCell	BS_2T5PJAW8	-0.4915672675879683	Myeloid-dominant
Monocyte / DC	xCell	BS_2WANPFBJ	2.46011339029418	Lymphocyte-inflamed
Monocyte / DC	xCell	BS_30F3Z9FS	-0.49156726758796937	Lymphocyte-inflamed
Monocyte / DC	xCell	BS_30VC3R2Q	-0.3532256284814483	Myeloid-dominant
Monocyte / DC	xCell	BS_30YWQ3FY	2.1307079638650293	Lymphocyte-inflamed
Monocyte / DC	xCell	BS_31MBRWC4	0.04128395851771522	Lymphocyte-inflamed
Monocyte / DC	xCell	BS_333KCNDP	3.2712058014407748	Lymphocyte-inflamed
Monocyte / DC	xCell	BS_399RPKC9	-0.4915672675879695	Myeloid-dominant
Monocyte / DC	xCell	BS_3AC3SRWH	-0.4915672675879695	Immune-desert
Monocyte / DC	xCell	BS_3MS8WVNR	-0.4915672675879695	Immune-desert
Monocyte / DC	xCell	BS_3ZPJAK9A	-0.4915672675879691	Myeloid-dominant
Monocyte / DC	xCell	BS_45J79YTF	-0.4915672675879693	Immune-desert
Monocyte / DC	xCell	BS_49BQS7Z6	-0.4915672675879695	Myeloid-dominant
Monocyte / DC	xCell	BS_49CJNZ06	-0.4915672675879695	Myeloid-dominant
Monocyte / DC	xCell	BS_4B0BAVTX	-0.2682664073534049	Myeloid-dominant
Monocyte / DC	xCell	BS_4BM3F6XJ	-0.4915672675879695	Myeloid-dominant
Monocyte / DC	xCell	BS_4C6B11E4	2.9820672675216797	Lymphocyte-inflamed
Monocyte / DC	xCell	BS_4GNN7J8E	0.21442809086409978	Lymphocyte-inflamed
Monocyte / DC	xCell	BS_4KNBXM3C	1.9905740021407785	Lymphocyte-inflamed
Monocyte / DC	xCell	BS_4Q3KRCZT	1.7154873424778412	Lymphocyte-inflamed
Monocyte / DC	xCell	BS_4QW2S1Q8	-0.13042641913152336	Lymphocyte-inflamed
Monocyte / DC	xCell	BS_4T0HQ9QF	-0.4915672675879692	Myeloid-dominant
Monocyte / DC	xCell	BS_4V42BXBT	-0.4609296967187701	Myeloid-dominant
Monocyte / DC	xCell	BS_51RA1PGE	-0.4915672675879695	Myeloid-dominant
Monocyte / DC	xCell	BS_52C576HH	0.03547443739663751	Myeloid-dominant
Monocyte / DC	xCell	BS_5965SFPZ	-0.4915672675879695	Immune-desert
Monocyte / DC	xCell	BS_5EFYPZT0	-0.4915672675879695	Myeloid-dominant
Monocyte / DC	xCell	BS_5G5BD2MD	1.6947553392157795	Lymphocyte-inflamed
Monocyte / DC	xCell	BS_5K95FX4C	0.9800157188957133	Lymphocyte-inflamed
Monocyte / DC	xCell	BS_5KBXD2GQ	-0.49156726758796937	Myeloid-dominant
Monocyte / DC	xCell	BS_5PXZ8F7W	-0.4915672675879695	Myeloid-dominant
Monocyte / DC	xCell	BS_5VPM0F36	2.9879057786845005	Lymphocyte-inflamed
Monocyte / DC	xCell	BS_62SW4CC5	1.574544399743223	Lymphocyte-inflamed
Monocyte / DC	xCell	BS_65WPD3DA	-0.4915672675879695	Myeloid-dominant
Monocyte / DC	xCell	BS_68KX6A42	-0.27228663086005755	Lymphocyte-inflamed
Monocyte / DC	xCell	BS_6DCSD5Y6	-0.045679677034116434	Immune-desert
Monocyte / DC	xCell	BS_6H4Q24WA	-0.4915672675879695	Lymphocyte-inflamed
Monocyte / DC	xCell	BS_6M2053M0	-0.4915672675879692	Myeloid-dominant
Monocyte / DC	xCell	BS_6SY64H5J	0.9160574767331876	Lymphocyte-inflamed
Monocyte / DC	xCell	BS_6VRG1XFB	-0.4915672675879695	Myeloid-dominant
Monocyte / DC	xCell	BS_6WP1FHTE	-0.32730121574506266	Lymphocyte-inflamed
Monocyte / DC	xCell	BS_7327SDAQ	-0.4915672675879695	Myeloid-dominant
Monocyte / DC	xCell	BS_75YRDXET	2.753415600375736	Lymphocyte-inflamed
Monocyte / DC	xCell	BS_77SBTNPN	-0.49156726758796937	Myeloid-dominant
Monocyte / DC	xCell	BS_7AEF4D4G	0.25434117158731845	Lymphocyte-inflamed
Monocyte / DC	xCell	BS_7APCGCVF	-0.4915672675879695	Myeloid-dominant
Monocyte / DC	xCell	BS_7GJT4A6A	-0.19160332140439482	Immune-desert
Monocyte / DC	xCell	BS_7GKWKGPH	0.9213085372507894	Lymphocyte-inflamed
Monocyte / DC	xCell	BS_7PVJ6Q3D	-0.4915672675879695	Immune-desert
Monocyte / DC	xCell	BS_7WKNNRHK	-0.4915672675879693	Myeloid-dominant
Monocyte / DC	xCell	BS_84VZX732	-0.4915672675879692	Myeloid-dominant
Monocyte / DC	xCell	BS_84XCR9GG	-0.2527195155989879	Myeloid-dominant
Monocyte / DC	xCell	BS_8E8JKP01	-0.4915672675879695	Immune-desert
Monocyte / DC	xCell	BS_8ERBDF7D	-0.4915672675879695	Immune-desert
Monocyte / DC	xCell	BS_8JK9TXH2	-0.3917625036499093	Myeloid-dominant
Monocyte / DC	xCell	BS_8VD670NP	-0.49156726758796937	Myeloid-dominant
Monocyte / DC	xCell	BS_8YWYN7VH	-0.49156726758796937	Lymphocyte-inflamed
Monocyte / DC	xCell	BS_8ZE4Z9G5	-0.4915672675879695	Myeloid-dominant
Monocyte / DC	xCell	BS_8ZY4GST0	-0.4915672675879695	Immune-desert
Monocyte / DC	xCell	BS_91VYM11A	-0.4915672675879695	Myeloid-dominant
Monocyte / DC	xCell	BS_956G6QPJ	-0.4915672675879695	Myeloid-dominant
Monocyte / DC	xCell	BS_97M1E2DW	-0.4915672675879695	Immune-desert
Monocyte / DC	xCell	BS_9A1YTHFF	0.4136164593131052	Lymphocyte-inflamed
Monocyte / DC	xCell	BS_9B0A62MT	0.1317654862640878	Lymphocyte-inflamed
Monocyte / DC	xCell	BS_9CA93S6D	-0.4915672675879695	Immune-desert
Monocyte / DC	xCell	BS_9FHEFJNP	-0.4915672675879695	Myeloid-dominant
Monocyte / DC	xCell	BS_9FX3YREK	-0.4915672675879695	Immune-desert
Monocyte / DC	xCell	BS_9GJ3DB1H	0.15240102419533944	Lymphocyte-inflamed
Monocyte / DC	xCell	BS_9JPQZQNG	-0.4915672675879695	Myeloid-dominant
Monocyte / DC	xCell	BS_9TXEDSWB	1.1879115304393972	Myeloid-dominant
Monocyte / DC	xCell	BS_9XVACXP0	-0.3809440073656385	Myeloid-dominant
Monocyte / DC	xCell	BS_9Y1K14Q5	-0.4915672675879695	Myeloid-dominant
Monocyte / DC	xCell	BS_9ZJT0CP0	0.15290409927034482	Myeloid-dominant
Monocyte / DC	xCell	BS_A4PF49V0	-0.4915672675879695	Immune-desert
Monocyte / DC	xCell	BS_A6NXR7RC	1.478387510804378	Myeloid-dominant
Monocyte / DC	xCell	BS_A7Q8G0Y1	1.3102246716027122	Myeloid-dominant
Monocyte / DC	xCell	BS_A8XW5S0W	-0.30480301005913196	Myeloid-dominant
Monocyte / DC	xCell	BS_AWH9757B	-0.4915672675879695	Immune-desert
Monocyte / DC	xCell	BS_AYSXRQWY	0.37040429553539633	Myeloid-dominant
Monocyte / DC	xCell	BS_AZQM1JJH	0.021471611002733124	Lymphocyte-inflamed
Monocyte / DC	xCell	BS_B1C6GZ84	-0.4915672675879692	Immune-desert
Monocyte / DC	xCell	BS_B3MQFFYP	1.470877316056061	Lymphocyte-inflamed
Monocyte / DC	xCell	BS_B4R7X1KE	-0.4915672675879692	Immune-desert
Monocyte / DC	xCell	BS_B57327NA	0.07055835440159214	Myeloid-dominant
Monocyte / DC	xCell	BS_BBAEMXRD	-0.49156726758796937	Immune-desert
Monocyte / DC	xCell	BS_BBQ6BHGN	-0.4915672675879688	Myeloid-dominant
Monocyte / DC	xCell	BS_BK0HGRXM	-0.4915672675879686	Lymphocyte-inflamed
Monocyte / DC	xCell	BS_BMMY0H73	0.10598534100288023	Myeloid-dominant
Monocyte / DC	xCell	BS_C6ZZ3FY5	-0.324479221681584	Myeloid-dominant
Monocyte / DC	xCell	BS_C83TK159	-0.4915672675879693	Myeloid-dominant
Monocyte / DC	xCell	BS_CBDQZ8PP	-0.4915672675879695	Immune-desert
Monocyte / DC	xCell	BS_CF63VG3S	-0.4915672675879695	Myeloid-dominant
Monocyte / DC	xCell	BS_CFD3WHAY	-0.4915672675879688	Myeloid-dominant
Monocyte / DC	xCell	BS_CG1RG607	1.0501270263949765	Lymphocyte-inflamed
Monocyte / DC	xCell	BS_CVEDJGHZ	0.8570459658129088	Lymphocyte-inflamed
Monocyte / DC	xCell	BS_CXAQDK7S	-0.4915672675879695	Lymphocyte-inflamed
Monocyte / DC	xCell	BS_CZPQ493E	-0.49156726758796937	Myeloid-dominant
Monocyte / DC	xCell	BS_D29RPBSZ	0.4642480670238813	Myeloid-dominant
Monocyte / DC	xCell	BS_D4VNDNQA	-0.4915672675879695	Immune-desert
Monocyte / DC	xCell	BS_D6J2BGDJ	-0.4915672675879695	Immune-desert
Monocyte / DC	xCell	BS_DFGS950G	-0.49156726758796937	Immune-desert
Monocyte / DC	xCell	BS_DNZVP92S	-0.4915672675879695	Myeloid-dominant
Monocyte / DC	xCell	BS_DR079H0D	-0.4915672675879695	Immune-desert
Monocyte / DC	xCell	BS_DS438CXE	-0.4915672675879695	Immune-desert
Monocyte / DC	xCell	BS_DSPVSM7D	0.5508753354525155	Myeloid-dominant
Monocyte / DC	xCell	BS_DZNXFPH1	0.8166059879531964	Lymphocyte-inflamed
Monocyte / DC	xCell	BS_E7NVYA6G	2.3976281326658366	Lymphocyte-inflamed
Monocyte / DC	xCell	BS_E9CYN4NP	-0.4915672675879686	Immune-desert
Monocyte / DC	xCell	BS_EB0XRBT9	0.37287444896936256	Lymphocyte-inflamed
Monocyte / DC	xCell	BS_EDJ5TV0P	-0.4915672675879695	Immune-desert
Monocyte / DC	xCell	BS_EMQM7HTA	-0.491567267587969	Myeloid-dominant
Monocyte / DC	xCell	BS_ENEYB4TG	-0.4915672675879695	Lymphocyte-inflamed
Monocyte / DC	xCell	BS_EXPJQZTH	1.3609707319205682	Lymphocyte-inflamed
Monocyte / DC	xCell	BS_EZ3147MX	-0.4915672675879693	Myeloid-dominant
Monocyte / DC	xCell	BS_F0JB4EAK	-0.4915672675879695	Immune-desert
Monocyte / DC	xCell	BS_F21R36MM	-0.32454083632663744	Myeloid-dominant
Monocyte / DC	xCell	BS_F65GWS21	-0.4915672675879693	Myeloid-dominant
Monocyte / DC	xCell	BS_F6V1Y4QS	-0.2203018050093215	Myeloid-dominant
Monocyte / DC	xCell	BS_F9Y4Z92G	-0.4915672675879695	Immune-desert
Monocyte / DC	xCell	BS_FCDAH728	-0.4915672675879693	Myeloid-dominant
Monocyte / DC	xCell	BS_FEV5A0HN	-0.4915672675879695	Immune-desert
Monocyte / DC	xCell	BS_FGJH1X0S	-0.0025438824041858358	Myeloid-dominant
Monocyte / DC	xCell	BS_FKASA3MN	-0.49156726758796937	Immune-desert
Monocyte / DC	xCell	BS_FN07P04C	-0.4915672675879695	Immune-desert
Monocyte / DC	xCell	BS_FX2P2WEG	-0.19643460579382108	Lymphocyte-inflamed
Monocyte / DC	xCell	BS_FXJY0MNH	-0.49156726758796937	Lymphocyte-inflamed
Monocyte / DC	xCell	BS_FYP2B298	-0.4915672675879695	Immune-desert
Monocyte / DC	xCell	BS_G19QZG4S	-0.4915672675879695	Myeloid-dominant
Monocyte / DC	xCell	BS_G1E5DATJ	-0.49156726758796937	Myeloid-dominant
Monocyte / DC	xCell	BS_G257VSS9	-0.4915672675879691	Immune-desert
Monocyte / DC	xCell	BS_G3NN392N	-0.4915672675879695	Myeloid-dominant
Monocyte / DC	xCell	BS_G3RJTBZD	-0.4915672675879695	Immune-desert
Monocyte / DC	xCell	BS_G5NHSFD4	-0.49156726758796937	Immune-desert
Monocyte / DC	xCell	BS_G8TXTX0H	-0.4915672675879695	Myeloid-dominant
Monocyte / DC	xCell	BS_GG9W3J9Y	-0.49156726758796937	Immune-desert
Monocyte / DC	xCell	BS_GW0GKWMS	-0.4915672675879695	Myeloid-dominant
Monocyte / DC	xCell	BS_GWHYM3R4	-0.49156726758796937	Myeloid-dominant
Monocyte / DC	xCell	BS_GWSJ4Z9H	-0.4915672675879695	Lymphocyte-inflamed
Monocyte / DC	xCell	BS_H5VQJR7X	0.7140367961144077	Myeloid-dominant
Monocyte / DC	xCell	BS_H97S5SQN	-0.4915672675879693	Myeloid-dominant
Monocyte / DC	xCell	BS_H9JYKFTV	0.4316394608257365	Myeloid-dominant
Monocyte / DC	xCell	BS_HDHXX8Q7	-0.4915672675879693	Myeloid-dominant
Monocyte / DC	xCell	BS_HDPCQETG	0.7960868165591476	Lymphocyte-inflamed
Monocyte / DC	xCell	BS_HJRTC9JQ	2.1597988362161096	Lymphocyte-inflamed
Monocyte / DC	xCell	BS_HJV0J603	6.846762019848355	Lymphocyte-inflamed
Monocyte / DC	xCell	BS_HRJ9145M	3.3735791471860903	Lymphocyte-inflamed
Monocyte / DC	xCell	BS_HWGWYCY7	1.080963207521529	Lymphocyte-inflamed
Monocyte / DC	xCell	BS_HZ9AYDCQ	-0.4915672675879695	Lymphocyte-inflamed
Monocyte / DC	xCell	BS_J4JY2F3H	-0.44392864202120075	Lymphocyte-inflamed
Monocyte / DC	xCell	BS_J6212Y48	-0.4915672675879682	Myeloid-dominant
Monocyte / DC	xCell	BS_J6W1RB7A	-0.49156726758796937	Myeloid-dominant
Monocyte / DC	xCell	BS_J9CBGP57	-0.491567267587969	Myeloid-dominant
Monocyte / DC	xCell	BS_JB43XBCQ	2.71602695137117	Lymphocyte-inflamed
Monocyte / DC	xCell	BS_JDSNFYQ0	0.5766176417129947	Lymphocyte-inflamed
Monocyte / DC	xCell	BS_JJVH7WR0	-0.4915672675879695	Immune-desert
Monocyte / DC	xCell	BS_JMD386Z2	0.1611513187521902	Myeloid-dominant
Monocyte / DC	xCell	BS_JP95KMRD	-0.14259609436703727	Lymphocyte-inflamed
Monocyte / DC	xCell	BS_JQGJQ2QZ	-0.4915672675879695	Myeloid-dominant
Monocyte / DC	xCell	BS_JQVAWTTM	-0.4915672675879695	Myeloid-dominant
Monocyte / DC	xCell	BS_JQXHHK0K	-0.49156726758796937	Immune-desert
Monocyte / DC	xCell	BS_JRYJGYC4	1.0087411633785233	Myeloid-dominant
Monocyte / DC	xCell	BS_JS95PE0J	0.12141329659600718	Myeloid-dominant
Monocyte / DC	xCell	BS_JTWNJ8T7	-0.4915672675879695	Immune-desert
Monocyte / DC	xCell	BS_JVW2JJ39	-0.4915672675879695	Immune-desert
Monocyte / DC	xCell	BS_K0X3PZGN	3.451267308525824	Lymphocyte-inflamed
Monocyte / DC	xCell	BS_K17VQECG	-0.4915672675879695	Lymphocyte-inflamed
Monocyte / DC	xCell	BS_K2PCC777	1.9538422308695453	Lymphocyte-inflamed
Monocyte / DC	xCell	BS_K74N1BXQ	-0.4915672675879692	Myeloid-dominant
Monocyte / DC	xCell	BS_K81PZXP2	0.4509176847744648	Lymphocyte-inflamed
Monocyte / DC	xCell	BS_K88T8SW7	0.5357965021523875	Lymphocyte-inflamed
Monocyte / DC	xCell	BS_KABQQA0T	-0.4915672675879692	Immune-desert
Monocyte / DC	xCell	BS_KBEX4RT2	-0.4915672675879693	Myeloid-dominant
Monocyte / DC	xCell	BS_KFD5128N	-0.2588533375773367	Myeloid-dominant
Monocyte / DC	xCell	BS_KKDTW11T	-0.491567267587969	Immune-desert
Monocyte / DC	xCell	BS_KP735TJ6	-0.4915672675879695	Immune-desert
Monocyte / DC	xCell	BS_KQ6ZW085	-0.4915672675879693	Myeloid-dominant
Monocyte / DC	xCell	BS_KRS4EV4X	-0.4915672675879695	Myeloid-dominant
Monocyte / DC	xCell	BS_KS8HMGA6	1.2521765065244725	Lymphocyte-inflamed
Monocyte / DC	xCell	BS_KVPWHDR4	-0.4915672675879695	Myeloid-dominant
Monocyte / DC	xCell	BS_M0FA190Y	-0.4915672675879695	Myeloid-dominant
Monocyte / DC	xCell	BS_M0XGZ53Z	-0.4915672675879695	Immune-desert
Monocyte / DC	xCell	BS_M1PVEHCM	-0.4915672675879695	Immune-desert
Monocyte / DC	xCell	BS_M54TWTH4	-0.4915672675879695	Myeloid-dominant
Monocyte / DC	xCell	BS_M7XB258E	2.614931501673315	Lymphocyte-inflamed
Monocyte / DC	xCell	BS_M85CXHDV	0.5522713882938416	Lymphocyte-inflamed
Monocyte / DC	xCell	BS_MB7WN0ZB	0.5940531772117057	Myeloid-dominant
Monocyte / DC	xCell	BS_MD0937XT	-0.4915672675879695	Immune-desert
Monocyte / DC	xCell	BS_MDBT7S5Z	-0.4915672675879695	Immune-desert
Monocyte / DC	xCell	BS_ME6VQGG4	-0.4915672675879695	Myeloid-dominant
Monocyte / DC	xCell	BS_MFGZH8FK	-0.4915672675879695	Myeloid-dominant
Monocyte / DC	xCell	BS_MG78HQDM	-0.4915672675879695	Immune-desert
Monocyte / DC	xCell	BS_MWWZBQ60	0.08647472177964591	Myeloid-dominant
Monocyte / DC	xCell	BS_N6TQBQ8M	-0.4915672675879695	Myeloid-dominant
Monocyte / DC	xCell	BS_N7SW36FD	-0.4915672675879695	Lymphocyte-inflamed
Monocyte / DC	xCell	BS_N7VQ1GQB	-0.3105146677878488	Lymphocyte-inflamed
Monocyte / DC	xCell	BS_NB9XXBW6	-0.4915672675879695	Myeloid-dominant
Monocyte / DC	xCell	BS_NEFAASTR	-0.21980570997263613	Lymphocyte-inflamed
Monocyte / DC	xCell	BS_NEVYM2FP	-0.4915672675879693	Myeloid-dominant
Monocyte / DC	xCell	BS_NFKKDYSV	0.197739039598544	Lymphocyte-inflamed
Monocyte / DC	xCell	BS_NGSG2KB6	0.27043926988620903	Lymphocyte-inflamed
Monocyte / DC	xCell	BS_NNYXMSTX	-0.46577137878212654	Lymphocyte-inflamed
Monocyte / DC	xCell	BS_NPA6CZQF	-0.4915672675879693	Immune-desert
Monocyte / DC	xCell	BS_NQ54ST98	-0.4915672675879695	Lymphocyte-inflamed
Monocyte / DC	xCell	BS_NR3P3GN2	-0.4915672675879693	Myeloid-dominant
Monocyte / DC	xCell	BS_NX1R0BC3	-0.12789559812163825	Lymphocyte-inflamed
Monocyte / DC	xCell	BS_P0QF87WC	0.9975672972080006	Myeloid-dominant
Monocyte / DC	xCell	BS_P4PMWFMV	-0.4915672675879695	Myeloid-dominant
Monocyte / DC	xCell	BS_P7W3AYKV	-0.4915672675879695	Myeloid-dominant
Monocyte / DC	xCell	BS_PENM28KT	0.49490370323062705	Myeloid-dominant
Monocyte / DC	xCell	BS_PJC6FH4Y	1.8983516818414903	Lymphocyte-inflamed
Monocyte / DC	xCell	BS_PS0P3QJ3	-0.4915672675879695	Myeloid-dominant
Monocyte / DC	xCell	BS_PXCPK5XS	-0.4915672675879695	Myeloid-dominant
Monocyte / DC	xCell	BS_PZVHMSYN	-0.4915672675879695	Myeloid-dominant
Monocyte / DC	xCell	BS_Q06J3RYW	0.35412058240313743	Lymphocyte-inflamed
Monocyte / DC	xCell	BS_Q35GFYDR	-0.491567267587969	Myeloid-dominant
Monocyte / DC	xCell	BS_Q9N5PRD5	-0.4915672675879695	Myeloid-dominant
Monocyte / DC	xCell	BS_QB84TBA3	-0.49156726758796937	Immune-desert
Monocyte / DC	xCell	BS_QGKEP3KB	-0.4915672675879695	Lymphocyte-inflamed
Monocyte / DC	xCell	BS_QH0VYVJK	0.20763156889735324	Myeloid-dominant
Monocyte / DC	xCell	BS_QHY302E8	0.6394335433656084	Lymphocyte-inflamed
Monocyte / DC	xCell	BS_QMBS32Y2	-0.4915672675879688	Myeloid-dominant
Monocyte / DC	xCell	BS_QNNX91SM	-0.4915672675879695	Myeloid-dominant
Monocyte / DC	xCell	BS_QY2G1JZJ	-0.49156726758796937	Myeloid-dominant
Monocyte / DC	xCell	BS_QYA4TQXX	-0.4915672675879695	Immune-desert
Monocyte / DC	xCell	BS_R5JQE0VJ	-0.062467932305262965	Myeloid-dominant
Monocyte / DC	xCell	BS_R5SNFB5B	-0.4915672675879695	Immune-desert
Monocyte / DC	xCell	BS_R9B92M75	-0.4915672675879686	Myeloid-dominant
Monocyte / DC	xCell	BS_RHAWQJ48	1.11939856226732	Lymphocyte-inflamed
Monocyte / DC	xCell	BS_RHM60031	-0.10240014238615841	Myeloid-dominant
Monocyte / DC	xCell	BS_RJC3WDD6	-0.4915672675879693	Immune-desert
Monocyte / DC	xCell	BS_RN0VAY51	-0.4915672675879695	Myeloid-dominant
Monocyte / DC	xCell	BS_RX1YTZ7F	-0.4915672675879695	Myeloid-dominant
Monocyte / DC	xCell	BS_RZBFH1QF	-0.4915672675879695	Immune-desert
Monocyte / DC	xCell	BS_S2TA8R29	-0.15534602829017943	Myeloid-dominant
Monocyte / DC	xCell	BS_S3C2PZAH	-0.49156726758796937	Myeloid-dominant
Monocyte / DC	xCell	BS_S3MET0JZ	-0.4915672675879695	Myeloid-dominant
Monocyte / DC	xCell	BS_S4V9E1XJ	0.6603660408698326	Lymphocyte-inflamed
Monocyte / DC	xCell	BS_S5P8VTN5	-0.24230301947753372	Myeloid-dominant
Monocyte / DC	xCell	BS_S6B9DVNS	-0.4915672675879695	Immune-desert
Monocyte / DC	xCell	BS_S6S7SK3P	-0.4915672675879695	Immune-desert
Monocyte / DC	xCell	BS_S8K878T3	1.3045783377114213	Lymphocyte-inflamed
Monocyte / DC	xCell	BS_SBMAM00V	-0.43908024807659374	Myeloid-dominant
Monocyte / DC	xCell	BS_SBMCD7XZ	-0.4915672675879689	Myeloid-dominant
Monocyte / DC	xCell	BS_SD0EMK7Y	-0.4915672675879695	Lymphocyte-inflamed
Monocyte / DC	xCell	BS_SD8YBRBR	-0.4915672675879695	Immune-desert
Monocyte / DC	xCell	BS_SERDGASJ	-0.4915672675879695	Lymphocyte-inflamed
Monocyte / DC	xCell	BS_SJVTZ5TH	-0.4915672675879693	Myeloid-dominant
Monocyte / DC	xCell	BS_SMWQR2F1	-0.4915672675879695	Myeloid-dominant
Monocyte / DC	xCell	BS_SNVM7CZT	-0.4915672675879695	Myeloid-dominant
Monocyte / DC	xCell	BS_SR2RGDXJ	-0.4915672675879695	Myeloid-dominant
Monocyte / DC	xCell	BS_SW9Z10F9	0.3049827428467317	Lymphocyte-inflamed
Monocyte / DC	xCell	BS_SY3J3XR9	-0.4915672675879695	Immune-desert
Monocyte / DC	xCell	BS_T1YHK6B7	-0.35828312272617924	Myeloid-dominant
Monocyte / DC	xCell	BS_T2F48Z4E	-0.49156726758796937	Lymphocyte-inflamed
Monocyte / DC	xCell	BS_T9A8JJW5	-0.4915672675879695	Myeloid-dominant
Monocyte / DC	xCell	BS_TASG32Z2	-0.49156726758796937	Myeloid-dominant
Monocyte / DC	xCell	BS_TGS109T3	-0.4915672675879693	Immune-desert
Monocyte / DC	xCell	BS_TM9MH0RP	-0.4427128145733375	Myeloid-dominant
Monocyte / DC	xCell	BS_TR2P8KRF	-0.31581365130941386	Myeloid-dominant
Monocyte / DC	xCell	BS_TRKH2SPE	-0.491567267587969	Myeloid-dominant
Monocyte / DC	xCell	BS_TRPXB3AV	-0.4915672675879691	Myeloid-dominant
Monocyte / DC	xCell	BS_TTDNZTZ0	0.3290575676199126	Lymphocyte-inflamed
Monocyte / DC	xCell	BS_TTE04ZP8	-0.4915672675879695	Lymphocyte-inflamed
Monocyte / DC	xCell	BS_TV5B86ZD	-0.4915672675879695	Immune-desert
Monocyte / DC	xCell	BS_TVH33J9Q	-0.36536904233417444	Myeloid-dominant
Monocyte / DC	xCell	BS_TXZ7KHTQ	-0.4915672675879695	Myeloid-dominant
Monocyte / DC	xCell	BS_V0DQFC75	-0.4915672675879695	Myeloid-dominant
Monocyte / DC	xCell	BS_V3Z3DB4N	-0.4915672675879695	Immune-desert
Monocyte / DC	xCell	BS_V558NW3Q	2.2569880246287743	Lymphocyte-inflamed
Monocyte / DC	xCell	BS_V6RSB5HQ	-0.4915672675879695	Myeloid-dominant
Monocyte / DC	xCell	BS_V8QWBVS3	6.934603990380267	Lymphocyte-inflamed
Monocyte / DC	xCell	BS_VBMRQK4F	-0.4915672675879695	Myeloid-dominant
Monocyte / DC	xCell	BS_VDFXXMEX	-0.4915672675879695	Immune-desert
Monocyte / DC	xCell	BS_VF3NVT4G	-0.4915672675879695	Lymphocyte-inflamed
Monocyte / DC	xCell	BS_VKH87DD2	1.173889371108105	Lymphocyte-inflamed
Monocyte / DC	xCell	BS_VKHJG2B8	-0.4915672675879695	Myeloid-dominant
Monocyte / DC	xCell	BS_VKYEM67A	2.6741088401709154	Lymphocyte-inflamed
Monocyte / DC	xCell	BS_VMQMGSJY	3.3093735412441956	Lymphocyte-inflamed
Monocyte / DC	xCell	BS_VVTHDRBD	-0.491567267587969	Myeloid-dominant
Monocyte / DC	xCell	BS_W1385R8Y	-0.4915672675879674	Immune-desert
Monocyte / DC	xCell	BS_W4DB5RP1	-0.4915672675879695	Immune-desert
Monocyte / DC	xCell	BS_W7MFJZ5A	1.1228952134986263	Lymphocyte-inflamed
Monocyte / DC	xCell	BS_WBVSK3MP	-0.49156726758796937	Immune-desert
Monocyte / DC	xCell	BS_WEKK6SHP	-0.4915672675879695	Myeloid-dominant
Monocyte / DC	xCell	BS_WHBEXD5H	-0.4794848015310052	Lymphocyte-inflamed
Monocyte / DC	xCell	BS_WQ1YRTAT	-0.4915672675879695	Immune-desert
Monocyte / DC	xCell	BS_WTJEDTZC	-0.2667751395533274	Myeloid-dominant
Monocyte / DC	xCell	BS_WVRX4C9Z	-0.4915672675879695	Lymphocyte-inflamed
Monocyte / DC	xCell	BS_X0XXN9BK	0.3758189650727032	Lymphocyte-inflamed
Monocyte / DC	xCell	BS_X1G0TKP4	-0.4915672675879695	Myeloid-dominant
Monocyte / DC	xCell	BS_X20JCR4H	0.03241612994571057	Lymphocyte-inflamed
Monocyte / DC	xCell	BS_X23724NJ	0.0465267689056902	Myeloid-dominant
Monocyte / DC	xCell	BS_X3HR4Z21	-0.4915672675879695	Myeloid-dominant
Monocyte / DC	xCell	BS_X4DD4KSZ	1.998571002828491	Lymphocyte-inflamed
Monocyte / DC	xCell	BS_X4X1SFSE	-0.4915672675879695	Immune-desert
Monocyte / DC	xCell	BS_XG0DBWVT	-0.32958327191438735	Immune-desert
Monocyte / DC	xCell	BS_XGDPK33A	-0.4915672675879695	Myeloid-dominant
Monocyte / DC	xCell	BS_XM1AHBDJ	-0.4915672675879695	Immune-desert
Monocyte / DC	xCell	BS_XQ5SFW35	-0.22343475342554192	Myeloid-dominant
Monocyte / DC	xCell	BS_XQXXBWPD	-0.3533872441078269	Lymphocyte-inflamed
Monocyte / DC	xCell	BS_XYVCMF4A	-0.4915672675879695	Myeloid-dominant
Monocyte / DC	xCell	BS_XZM79E42	3.682921736553254	Lymphocyte-inflamed
Monocyte / DC	xCell	BS_YA0KMBRT	-0.4915672675879695	Myeloid-dominant
Monocyte / DC	xCell	BS_YDEVMD24	-0.49156726758796937	Myeloid-dominant
Monocyte / DC	xCell	BS_YMKQT5V0	-0.4915672675879695	Lymphocyte-inflamed
Monocyte / DC	xCell	BS_YR12D1ZY	-0.20106269294111148	Lymphocyte-inflamed
Monocyte / DC	xCell	BS_YSZRQ95C	-0.4915672675879695	Myeloid-dominant
Monocyte / DC	xCell	BS_YTWEM5SG	0.2898286795155786	Lymphocyte-inflamed
Monocyte / DC	xCell	BS_YZ2QFDAN	-0.4915672675879695	Myeloid-dominant
Monocyte / DC	xCell	BS_Z0ZPD9S9	-0.4915672675879695	Lymphocyte-inflamed
Monocyte / DC	xCell	BS_Z3RCA1T9	-0.16270407722047153	Myeloid-dominant
Monocyte / DC	xCell	BS_Z8F3GM85	0.20415762340157392	Lymphocyte-inflamed
Monocyte / DC	xCell	BS_ZD5HN296	0.7687792490780948	Lymphocyte-inflamed
Monocyte / DC	xCell	BS_ZF6BSFNF	-0.4915672675879695	Myeloid-dominant
Monocyte / DC	xCell	BS_ZM97KKXE	-0.49156726758796937	Lymphocyte-inflamed
Monocyte / DC	xCell	BS_ZV1P6W9C	-0.49156726758796937	Immune-desert
Monocyte / DC	xCell	BS_ZVM8CAB0	1.7647763627022623	Lymphocyte-inflamed
Monocyte / DC	xCell	BS_ZZWMD6FA	-0.4423493877357444	Lymphocyte-inflamed
Monocyte / DC	MCP_DC	BS_00FD2KMP	-0.3627683055566997	Immune-desert
Monocyte / DC	MCP_DC	BS_028YFYJ6	-0.16437335519960933	Myeloid-dominant
Monocyte / DC	MCP_DC	BS_052PZFMK	0.008756213614479836	Immune-desert
Monocyte / DC	MCP_DC	BS_056Q8577	-0.45818638092595254	Lymphocyte-inflamed
Monocyte / DC	MCP_DC	BS_08ST21QE	3.270049976190509	Lymphocyte-inflamed
Monocyte / DC	MCP_DC	BS_0C7VZC0A	-0.803231887568517	Myeloid-dominant
Monocyte / DC	MCP_DC	BS_0S8E7590	0.3876512395968661	Lymphocyte-inflamed
Monocyte / DC	MCP_DC	BS_0VXZCRJS	-0.46437152314284225	Myeloid-dominant
Monocyte / DC	MCP_DC	BS_0XEBS3PG	-0.5021915399061162	Immune-desert
Monocyte / DC	MCP_DC	BS_0ZA67BBC	-0.7046782176731913	Myeloid-dominant
Monocyte / DC	MCP_DC	BS_12G04QJM	-0.017049053330532655	Myeloid-dominant
Monocyte / DC	MCP_DC	BS_17ZSMXFH	0.2305139478833112	Immune-desert
Monocyte / DC	MCP_DC	BS_1A6MQ9ZA	-1.0549374031658607	Myeloid-dominant
Monocyte / DC	MCP_DC	BS_1D93Z575	1.4522027137233482	Myeloid-dominant
Monocyte / DC	MCP_DC	BS_1EN5V3XW	-0.4282236137982534	Immune-desert
Monocyte / DC	MCP_DC	BS_223BM91B	1.682194758668598	Lymphocyte-inflamed
Monocyte / DC	MCP_DC	BS_25HNKZ79	2.0647928172632755	Lymphocyte-inflamed
Monocyte / DC	MCP_DC	BS_2853394H	-1.0231461074175086	Immune-desert
Monocyte / DC	MCP_DC	BS_297H8BT4	-0.40834559665789344	Myeloid-dominant
Monocyte / DC	MCP_DC	BS_29X4ZX6Q	-0.32378330685097134	Immune-desert
Monocyte / DC	MCP_DC	BS_2A5R9MEJ	-0.8706422507002892	Immune-desert
Monocyte / DC	MCP_DC	BS_2ARXK0TD	0.38135243310729294	Lymphocyte-inflamed
Monocyte / DC	MCP_DC	BS_2AV1H5TV	-0.4613886326864309	Myeloid-dominant
Monocyte / DC	MCP_DC	BS_2DMBCHNF	0.5944140129965871	Lymphocyte-inflamed
Monocyte / DC	MCP_DC	BS_2EN3X6HB	-0.06684482384754506	Myeloid-dominant
Monocyte / DC	MCP_DC	BS_2FEZWH1F	1.9042763459804124	Lymphocyte-inflamed
Monocyte / DC	MCP_DC	BS_2HNXVFAS	-0.026215183157239457	Myeloid-dominant
Monocyte / DC	MCP_DC	BS_2JH1QMT1	-0.43964756594318516	Myeloid-dominant
Monocyte / DC	MCP_DC	BS_2JP7RBMB	-0.03263242202127188	Myeloid-dominant
Monocyte / DC	MCP_DC	BS_2K01T8K6	-0.08057675166557149	Lymphocyte-inflamed
Monocyte / DC	MCP_DC	BS_2PDS3MSS	0.7604503622118537	Lymphocyte-inflamed
Monocyte / DC	MCP_DC	BS_2T5PJAW8	-0.18121884229056556	Myeloid-dominant
Monocyte / DC	MCP_DC	BS_2WANPFBJ	1.6636501288343382	Lymphocyte-inflamed
Monocyte / DC	MCP_DC	BS_30F3Z9FS	-0.3558606573573104	Lymphocyte-inflamed
Monocyte / DC	MCP_DC	BS_30VC3R2Q	-0.8241102032318527	Myeloid-dominant
Monocyte / DC	MCP_DC	BS_30YWQ3FY	-0.5790421969049602	Lymphocyte-inflamed
Monocyte / DC	MCP_DC	BS_31MBRWC4	-0.13327057880789933	Lymphocyte-inflamed
Monocyte / DC	MCP_DC	BS_333KCNDP	1.014887949994537	Lymphocyte-inflamed
Monocyte / DC	MCP_DC	BS_399RPKC9	-0.9360595872295757	Myeloid-dominant
Monocyte / DC	MCP_DC	BS_3AC3SRWH	-1.080880075401377	Immune-desert
Monocyte / DC	MCP_DC	BS_3MS8WVNR	-0.7185521244211812	Immune-desert
Monocyte / DC	MCP_DC	BS_3ZPJAK9A	-0.5699958153736072	Myeloid-dominant
Monocyte / DC	MCP_DC	BS_45J79YTF	-0.7469644271398215	Immune-desert
Monocyte / DC	MCP_DC	BS_49BQS7Z6	-0.7672092131288413	Myeloid-dominant
Monocyte / DC	MCP_DC	BS_49CJNZ06	0.38888891820156385	Myeloid-dominant
Monocyte / DC	MCP_DC	BS_4B0BAVTX	-0.4232476987677958	Myeloid-dominant
Monocyte / DC	MCP_DC	BS_4BM3F6XJ	0.027890540439091373	Myeloid-dominant
Monocyte / DC	MCP_DC	BS_4C6B11E4	-0.03358732352950714	Lymphocyte-inflamed
Monocyte / DC	MCP_DC	BS_4GNN7J8E	0.19054888676300283	Lymphocyte-inflamed
Monocyte / DC	MCP_DC	BS_4KNBXM3C	0.3450699223157305	Lymphocyte-inflamed
Monocyte / DC	MCP_DC	BS_4Q3KRCZT	-0.1378203727115259	Lymphocyte-inflamed
Monocyte / DC	MCP_DC	BS_4QW2S1Q8	-0.7315689411787287	Lymphocyte-inflamed
Monocyte / DC	MCP_DC	BS_4T0HQ9QF	-0.4036396398491464	Myeloid-dominant
Monocyte / DC	MCP_DC	BS_4V42BXBT	0.1025605433491092	Myeloid-dominant
Monocyte / DC	MCP_DC	BS_51RA1PGE	-0.6172165175074819	Myeloid-dominant
Monocyte / DC	MCP_DC	BS_52C576HH	-0.5123409837179341	Myeloid-dominant
Monocyte / DC	MCP_DC	BS_5965SFPZ	-1.0864942088889322	Immune-desert
Monocyte / DC	MCP_DC	BS_5EFYPZT0	1.0267960880472526	Myeloid-dominant
Monocyte / DC	MCP_DC	BS_5G5BD2MD	1.6352063984018324	Lymphocyte-inflamed
Monocyte / DC	MCP_DC	BS_5K95FX4C	0.5857748008512531	Lymphocyte-inflamed
Monocyte / DC	MCP_DC	BS_5KBXD2GQ	1.1514392125346224	Myeloid-dominant
Monocyte / DC	MCP_DC	BS_5PXZ8F7W	-0.25072127525011406	Myeloid-dominant
Monocyte / DC	MCP_DC	BS_5VPM0F36	2.0881109596264067	Lymphocyte-inflamed
Monocyte / DC	MCP_DC	BS_62SW4CC5	3.1557702362935243	Lymphocyte-inflamed
Monocyte / DC	MCP_DC	BS_65WPD3DA	-0.047610380120962026	Myeloid-dominant
Monocyte / DC	MCP_DC	BS_68KX6A42	0.372595808971955	Lymphocyte-inflamed
Monocyte / DC	MCP_DC	BS_6DCSD5Y6	-0.19969178296056905	Immune-desert
Monocyte / DC	MCP_DC	BS_6H4Q24WA	0.25672130859714515	Lymphocyte-inflamed
Monocyte / DC	MCP_DC	BS_6M2053M0	0.3563692526451526	Myeloid-dominant
Monocyte / DC	MCP_DC	BS_6SY64H5J	1.1600261613154048	Lymphocyte-inflamed
Monocyte / DC	MCP_DC	BS_6VRG1XFB	-0.7559501453680177	Myeloid-dominant
Monocyte / DC	MCP_DC	BS_6WP1FHTE	-0.3347717526570552	Lymphocyte-inflamed
Monocyte / DC	MCP_DC	BS_7327SDAQ	-0.8323527353395276	Myeloid-dominant
Monocyte / DC	MCP_DC	BS_75YRDXET	0.05104258391428108	Lymphocyte-inflamed
Monocyte / DC	MCP_DC	BS_77SBTNPN	-0.7557439435610146	Myeloid-dominant
Monocyte / DC	MCP_DC	BS_7AEF4D4G	-0.25871806187075075	Lymphocyte-inflamed
Monocyte / DC	MCP_DC	BS_7APCGCVF	2.249777564647508	Myeloid-dominant
Monocyte / DC	MCP_DC	BS_7GJT4A6A	1.2784686629437525	Immune-desert
Monocyte / DC	MCP_DC	BS_7GKWKGPH	0.48104281599233756	Lymphocyte-inflamed
Monocyte / DC	MCP_DC	BS_7PVJ6Q3D	-0.798863351616041	Immune-desert
Monocyte / DC	MCP_DC	BS_7WKNNRHK	-0.2701657413790489	Myeloid-dominant
Monocyte / DC	MCP_DC	BS_84VZX732	1.8437435330864287	Myeloid-dominant
Monocyte / DC	MCP_DC	BS_84XCR9GG	-0.7547544422353778	Myeloid-dominant
Monocyte / DC	MCP_DC	BS_8E8JKP01	-0.7990866698140829	Immune-desert
Monocyte / DC	MCP_DC	BS_8ERBDF7D	-0.1075589469518692	Immune-desert
Monocyte / DC	MCP_DC	BS_8JK9TXH2	0.31896448283264667	Myeloid-dominant
Monocyte / DC	MCP_DC	BS_8VD670NP	-0.49701794441525066	Myeloid-dominant
Monocyte / DC	MCP_DC	BS_8YWYN7VH	-0.13823196222090833	Lymphocyte-inflamed
Monocyte / DC	MCP_DC	BS_8ZE4Z9G5	-0.08822982885422646	Myeloid-dominant
Monocyte / DC	MCP_DC	BS_8ZY4GST0	-0.4379625662879377	Immune-desert
Monocyte / DC	MCP_DC	BS_91VYM11A	-0.460180225041289	Myeloid-dominant
Monocyte / DC	MCP_DC	BS_956G6QPJ	-0.23822197389547975	Myeloid-dominant
Monocyte / DC	MCP_DC	BS_97M1E2DW	-0.9145490018629139	Immune-desert
Monocyte / DC	MCP_DC	BS_9A1YTHFF	0.17289524842414095	Lymphocyte-inflamed
Monocyte / DC	MCP_DC	BS_9B0A62MT	-0.37820422664030107	Lymphocyte-inflamed
Monocyte / DC	MCP_DC	BS_9CA93S6D	-0.7987917900297883	Immune-desert
Monocyte / DC	MCP_DC	BS_9FHEFJNP	0.31041689649536824	Myeloid-dominant
Monocyte / DC	MCP_DC	BS_9FX3YREK	-0.837191544241133	Immune-desert
Monocyte / DC	MCP_DC	BS_9GJ3DB1H	0.17599584578198516	Lymphocyte-inflamed
Monocyte / DC	MCP_DC	BS_9JPQZQNG	-0.6565686684254202	Myeloid-dominant
Monocyte / DC	MCP_DC	BS_9TXEDSWB	-0.35718824111261865	Myeloid-dominant
Monocyte / DC	MCP_DC	BS_9XVACXP0	-0.9988863375970523	Myeloid-dominant
Monocyte / DC	MCP_DC	BS_9Y1K14Q5	0.28783496873341163	Myeloid-dominant
Monocyte / DC	MCP_DC	BS_9ZJT0CP0	-0.2126880994664466	Myeloid-dominant
Monocyte / DC	MCP_DC	BS_A4PF49V0	-0.0375275733644382	Immune-desert
Monocyte / DC	MCP_DC	BS_A6NXR7RC	-0.37149050940352724	Myeloid-dominant
Monocyte / DC	MCP_DC	BS_A7Q8G0Y1	-0.7517837613925968	Myeloid-dominant
Monocyte / DC	MCP_DC	BS_A8XW5S0W	-0.07230623227846505	Myeloid-dominant
Monocyte / DC	MCP_DC	BS_AWH9757B	-0.9613495007251537	Immune-desert
Monocyte / DC	MCP_DC	BS_AYSXRQWY	0.28922469522679645	Myeloid-dominant
Monocyte / DC	MCP_DC	BS_AZQM1JJH	1.151335680778792	Lymphocyte-inflamed
Monocyte / DC	MCP_DC	BS_B1C6GZ84	-0.8300046453996398	Immune-desert
Monocyte / DC	MCP_DC	BS_B3MQFFYP	0.5922009981771197	Lymphocyte-inflamed
Monocyte / DC	MCP_DC	BS_B4R7X1KE	-0.5207164805312722	Immune-desert
Monocyte / DC	MCP_DC	BS_B57327NA	-0.7770154052484927	Myeloid-dominant
Monocyte / DC	MCP_DC	BS_BBAEMXRD	-0.5949786517032049	Immune-desert
Monocyte / DC	MCP_DC	BS_BBQ6BHGN	-0.19652234452557105	Myeloid-dominant
Monocyte / DC	MCP_DC	BS_BK0HGRXM	0.23637373593794372	Lymphocyte-inflamed
Monocyte / DC	MCP_DC	BS_BMMY0H73	0.04958498646523651	Myeloid-dominant
Monocyte / DC	MCP_DC	BS_C6ZZ3FY5	-0.24071831309035277	Myeloid-dominant
Monocyte / DC	MCP_DC	BS_C83TK159	-0.2938633954291647	Myeloid-dominant
Monocyte / DC	MCP_DC	BS_CBDQZ8PP	-0.6861754497904496	Immune-desert
Monocyte / DC	MCP_DC	BS_CF63VG3S	-0.2465776678073664	Myeloid-dominant
Monocyte / DC	MCP_DC	BS_CFD3WHAY	-0.3766483260765108	Myeloid-dominant
Monocyte / DC	MCP_DC	BS_CG1RG607	-0.11785648361104342	Lymphocyte-inflamed
Monocyte / DC	MCP_DC	BS_CVEDJGHZ	0.2517888059027785	Lymphocyte-inflamed
Monocyte / DC	MCP_DC	BS_CXAQDK7S	-0.247801675370755	Lymphocyte-inflamed
Monocyte / DC	MCP_DC	BS_CZPQ493E	-0.2630780610656263	Myeloid-dominant
Monocyte / DC	MCP_DC	BS_D29RPBSZ	-0.5813759037966147	Myeloid-dominant
Monocyte / DC	MCP_DC	BS_D4VNDNQA	-0.24173531529619421	Immune-desert
Monocyte / DC	MCP_DC	BS_D6J2BGDJ	-0.34150279431421865	Immune-desert
Monocyte / DC	MCP_DC	BS_DFGS950G	-1.0738720596343854	Immune-desert
Monocyte / DC	MCP_DC	BS_DNZVP92S	-0.5554757940974162	Myeloid-dominant
Monocyte / DC	MCP_DC	BS_DR079H0D	-0.4379625662879377	Immune-desert
Monocyte / DC	MCP_DC	BS_DS438CXE	-0.7368941674084901	Immune-desert
Monocyte / DC	MCP_DC	BS_DSPVSM7D	-0.23614333433009374	Myeloid-dominant
Monocyte / DC	MCP_DC	BS_DZNXFPH1	0.8285926891315331	Lymphocyte-inflamed
Monocyte / DC	MCP_DC	BS_E7NVYA6G	2.2317948875490745	Lymphocyte-inflamed
Monocyte / DC	MCP_DC	BS_E9CYN4NP	-0.4208886556942168	Immune-desert
Monocyte / DC	MCP_DC	BS_EB0XRBT9	-0.24980164240963973	Lymphocyte-inflamed
Monocyte / DC	MCP_DC	BS_EDJ5TV0P	0.20432974564710396	Immune-desert
Monocyte / DC	MCP_DC	BS_EMQM7HTA	-0.09240305463323421	Myeloid-dominant
Monocyte / DC	MCP_DC	BS_ENEYB4TG	-0.3049302803873907	Lymphocyte-inflamed
Monocyte / DC	MCP_DC	BS_EXPJQZTH	0.5452535131375137	Lymphocyte-inflamed
Monocyte / DC	MCP_DC	BS_EZ3147MX	-0.2877984047426984	Myeloid-dominant
Monocyte / DC	MCP_DC	BS_F0JB4EAK	-0.8318155446727009	Immune-desert
Monocyte / DC	MCP_DC	BS_F21R36MM	-0.4479668237023489	Myeloid-dominant
Monocyte / DC	MCP_DC	BS_F65GWS21	0.722396782152329	Myeloid-dominant
Monocyte / DC	MCP_DC	BS_F6V1Y4QS	-0.7729196715828937	Myeloid-dominant
Monocyte / DC	MCP_DC	BS_F9Y4Z92G	-0.2733572231221876	Immune-desert
Monocyte / DC	MCP_DC	BS_FCDAH728	-0.5465562067945167	Myeloid-dominant
Monocyte / DC	MCP_DC	BS_FEV5A0HN	-0.912910251546619	Immune-desert
Monocyte / DC	MCP_DC	BS_FGJH1X0S	-0.06982922761992837	Myeloid-dominant
Monocyte / DC	MCP_DC	BS_FKASA3MN	-0.7557439435610146	Immune-desert
Monocyte / DC	MCP_DC	BS_FN07P04C	-0.251847875337243	Immune-desert
Monocyte / DC	MCP_DC	BS_FX2P2WEG	-0.012825982912819391	Lymphocyte-inflamed
Monocyte / DC	MCP_DC	BS_FXJY0MNH	0.19871719093016024	Lymphocyte-inflamed
Monocyte / DC	MCP_DC	BS_FYP2B298	-0.30228623940829413	Immune-desert
Monocyte / DC	MCP_DC	BS_G19QZG4S	-0.5776015895187869	Myeloid-dominant
Monocyte / DC	MCP_DC	BS_G1E5DATJ	-0.7581533397984668	Myeloid-dominant
Monocyte / DC	MCP_DC	BS_G257VSS9	0.05992224941934395	Immune-desert
Monocyte / DC	MCP_DC	BS_G3NN392N	-0.6817870354360954	Myeloid-dominant
Monocyte / DC	MCP_DC	BS_G3RJTBZD	-0.6615447511982565	Immune-desert
Monocyte / DC	MCP_DC	BS_G5NHSFD4	-0.8862311098680882	Immune-desert
Monocyte / DC	MCP_DC	BS_G8TXTX0H	-0.6078299135655434	Myeloid-dominant
Monocyte / DC	MCP_DC	BS_GG9W3J9Y	-0.9745916451914731	Immune-desert
Monocyte / DC	MCP_DC	BS_GW0GKWMS	-0.8664031337801529	Myeloid-dominant
Monocyte / DC	MCP_DC	BS_GWHYM3R4	-0.9101455104334583	Myeloid-dominant
Monocyte / DC	MCP_DC	BS_GWSJ4Z9H	-0.25973744552653294	Lymphocyte-inflamed
Monocyte / DC	MCP_DC	BS_H5VQJR7X	1.7287021780863217	Myeloid-dominant
Monocyte / DC	MCP_DC	BS_H97S5SQN	-0.6141027704828633	Myeloid-dominant
Monocyte / DC	MCP_DC	BS_H9JYKFTV	-0.4019839730319886	Myeloid-dominant
Monocyte / DC	MCP_DC	BS_HDHXX8Q7	-0.5255316206131104	Myeloid-dominant
Monocyte / DC	MCP_DC	BS_HDPCQETG	1.1456325024114087	Lymphocyte-inflamed
Monocyte / DC	MCP_DC	BS_HJRTC9JQ	0.24947340052047473	Lymphocyte-inflamed
Monocyte / DC	MCP_DC	BS_HJV0J603	0.5929715011214061	Lymphocyte-inflamed
Monocyte / DC	MCP_DC	BS_HRJ9145M	0.9706582422814517	Lymphocyte-inflamed
Monocyte / DC	MCP_DC	BS_HWGWYCY7	4.373950520715484	Lymphocyte-inflamed
Monocyte / DC	MCP_DC	BS_HZ9AYDCQ	-0.9020339054133489	Lymphocyte-inflamed
Monocyte / DC	MCP_DC	BS_J4JY2F3H	0.1868322898984122	Lymphocyte-inflamed
Monocyte / DC	MCP_DC	BS_J6212Y48	-0.09348964727234614	Myeloid-dominant
Monocyte / DC	MCP_DC	BS_J6W1RB7A	-0.36346275537029943	Myeloid-dominant
Monocyte / DC	MCP_DC	BS_J9CBGP57	-0.7517012168435198	Myeloid-dominant
Monocyte / DC	MCP_DC	BS_JB43XBCQ	0.058122117287663984	Lymphocyte-inflamed
Monocyte / DC	MCP_DC	BS_JDSNFYQ0	0.0745828724138329	Lymphocyte-inflamed
Monocyte / DC	MCP_DC	BS_JJVH7WR0	-0.7148946064355864	Immune-desert
Monocyte / DC	MCP_DC	BS_JMD386Z2	0.7077931021199212	Myeloid-dominant
Monocyte / DC	MCP_DC	BS_JP95KMRD	-0.5210632558995604	Lymphocyte-inflamed
Monocyte / DC	MCP_DC	BS_JQGJQ2QZ	-0.023700728418731675	Myeloid-dominant
Monocyte / DC	MCP_DC	BS_JQVAWTTM	-0.6786776786423661	Myeloid-dominant
Monocyte / DC	MCP_DC	BS_JQXHHK0K	-0.8490634932542777	Immune-desert
Monocyte / DC	MCP_DC	BS_JRYJGYC4	-0.014792017448523808	Myeloid-dominant
Monocyte / DC	MCP_DC	BS_JS95PE0J	-0.3124396428414056	Myeloid-dominant
Monocyte / DC	MCP_DC	BS_JTWNJ8T7	-0.3880422034795653	Immune-desert
Monocyte / DC	MCP_DC	BS_JVW2JJ39	-1.0177409128064758	Immune-desert
Monocyte / DC	MCP_DC	BS_K0X3PZGN	3.317246358331846	Lymphocyte-inflamed
Monocyte / DC	MCP_DC	BS_K17VQECG	-0.9726033568458863	Lymphocyte-inflamed
Monocyte / DC	MCP_DC	BS_K2PCC777	0.03129901005885221	Lymphocyte-inflamed
Monocyte / DC	MCP_DC	BS_K74N1BXQ	-0.6534669888234702	Myeloid-dominant
Monocyte / DC	MCP_DC	BS_K81PZXP2	-0.35090979625610924	Lymphocyte-inflamed
Monocyte / DC	MCP_DC	BS_K88T8SW7	3.5439464014700737	Lymphocyte-inflamed
Monocyte / DC	MCP_DC	BS_KABQQA0T	0.06226335412511117	Immune-desert
Monocyte / DC	MCP_DC	BS_KBEX4RT2	-0.7324129542625679	Myeloid-dominant
Monocyte / DC	MCP_DC	BS_KFD5128N	-0.4401257631784806	Myeloid-dominant
Monocyte / DC	MCP_DC	BS_KKDTW11T	3.833708637887438	Immune-desert
Monocyte / DC	MCP_DC	BS_KP735TJ6	-1.1551107629294852	Immune-desert
Monocyte / DC	MCP_DC	BS_KQ6ZW085	-0.9204848914311637	Myeloid-dominant
Monocyte / DC	MCP_DC	BS_KRS4EV4X	-0.38502622930225094	Myeloid-dominant
Monocyte / DC	MCP_DC	BS_KS8HMGA6	0.5257620004936902	Lymphocyte-inflamed
Monocyte / DC	MCP_DC	BS_KVPWHDR4	0.2889884537658245	Myeloid-dominant
Monocyte / DC	MCP_DC	BS_M0FA190Y	-0.8684869687681641	Myeloid-dominant
Monocyte / DC	MCP_DC	BS_M0XGZ53Z	-0.8616566928737528	Immune-desert
Monocyte / DC	MCP_DC	BS_M1PVEHCM	-0.38654931828132383	Immune-desert
Monocyte / DC	MCP_DC	BS_M54TWTH4	0.37057987236680257	Myeloid-dominant
Monocyte / DC	MCP_DC	BS_M7XB258E	0.521366688631197	Lymphocyte-inflamed
Monocyte / DC	MCP_DC	BS_M85CXHDV	0.27985216282006803	Lymphocyte-inflamed
Monocyte / DC	MCP_DC	BS_MB7WN0ZB	-0.5035757992574653	Myeloid-dominant
Monocyte / DC	MCP_DC	BS_MD0937XT	-0.2257454432604843	Immune-desert
Monocyte / DC	MCP_DC	BS_MDBT7S5Z	-0.21751852380453104	Immune-desert
Monocyte / DC	MCP_DC	BS_ME6VQGG4	-0.2885832770442073	Myeloid-dominant
Monocyte / DC	MCP_DC	BS_MFGZH8FK	-0.8790364225482611	Myeloid-dominant
Monocyte / DC	MCP_DC	BS_MG78HQDM	-0.6530583371822279	Immune-desert
Monocyte / DC	MCP_DC	BS_MWWZBQ60	-1.1444824797573345	Myeloid-dominant
Monocyte / DC	MCP_DC	BS_N6TQBQ8M	-0.6050959292514312	Myeloid-dominant
Monocyte / DC	MCP_DC	BS_N7SW36FD	-0.2586777201470682	Lymphocyte-inflamed
Monocyte / DC	MCP_DC	BS_N7VQ1GQB	1.0368698270796082	Lymphocyte-inflamed
Monocyte / DC	MCP_DC	BS_NB9XXBW6	-0.5873730768484076	Myeloid-dominant
Monocyte / DC	MCP_DC	BS_NEFAASTR	0.9514911117334013	Lymphocyte-inflamed
Monocyte / DC	MCP_DC	BS_NEVYM2FP	0.15608293578047425	Myeloid-dominant
Monocyte / DC	MCP_DC	BS_NFKKDYSV	0.43153879280850826	Lymphocyte-inflamed
Monocyte / DC	MCP_DC	BS_NGSG2KB6	-0.6734456506085815	Lymphocyte-inflamed
Monocyte / DC	MCP_DC	BS_NNYXMSTX	0.8389348363630649	Lymphocyte-inflamed
Monocyte / DC	MCP_DC	BS_NPA6CZQF	-0.6143716958054275	Immune-desert
Monocyte / DC	MCP_DC	BS_NQ54ST98	-0.5861389975098328	Lymphocyte-inflamed
Monocyte / DC	MCP_DC	BS_NR3P3GN2	0.7658208623960917	Myeloid-dominant
Monocyte / DC	MCP_DC	BS_NX1R0BC3	-0.030842844048345832	Lymphocyte-inflamed
Monocyte / DC	MCP_DC	BS_P0QF87WC	-0.30126296776734435	Myeloid-dominant
Monocyte / DC	MCP_DC	BS_P4PMWFMV	-0.5241881763839905	Myeloid-dominant
Monocyte / DC	MCP_DC	BS_P7W3AYKV	0.3747700394960203	Myeloid-dominant
Monocyte / DC	MCP_DC	BS_PENM28KT	-0.3355106370185628	Myeloid-dominant
Monocyte / DC	MCP_DC	BS_PJC6FH4Y	0.713294196769564	Lymphocyte-inflamed
Monocyte / DC	MCP_DC	BS_PS0P3QJ3	-0.19398943871912844	Myeloid-dominant
Monocyte / DC	MCP_DC	BS_PXCPK5XS	0.9181051581132372	Myeloid-dominant
Monocyte / DC	MCP_DC	BS_PZVHMSYN	0.06952656620714998	Myeloid-dominant
Monocyte / DC	MCP_DC	BS_Q06J3RYW	-0.8348947498895745	Lymphocyte-inflamed
Monocyte / DC	MCP_DC	BS_Q35GFYDR	-0.05034816972627338	Myeloid-dominant
Monocyte / DC	MCP_DC	BS_Q9N5PRD5	-0.36999077202768704	Myeloid-dominant
Monocyte / DC	MCP_DC	BS_QB84TBA3	-0.26952344843155696	Immune-desert
Monocyte / DC	MCP_DC	BS_QGKEP3KB	0.2942595014533224	Lymphocyte-inflamed
Monocyte / DC	MCP_DC	BS_QH0VYVJK	-0.003803826543803285	Myeloid-dominant
Monocyte / DC	MCP_DC	BS_QHY302E8	0.43159587168679386	Lymphocyte-inflamed
Monocyte / DC	MCP_DC	BS_QMBS32Y2	-0.04562902358573904	Myeloid-dominant
Monocyte / DC	MCP_DC	BS_QNNX91SM	-0.6204032743335433	Myeloid-dominant
Monocyte / DC	MCP_DC	BS_QY2G1JZJ	-0.1423727932076755	Myeloid-dominant
Monocyte / DC	MCP_DC	BS_QYA4TQXX	-0.8270829886248373	Immune-desert
Monocyte / DC	MCP_DC	BS_R5JQE0VJ	0.10231964294057325	Myeloid-dominant
Monocyte / DC	MCP_DC	BS_R5SNFB5B	1.9710192857554532	Immune-desert
Monocyte / DC	MCP_DC	BS_R9B92M75	-0.11366646125112136	Myeloid-dominant
Monocyte / DC	MCP_DC	BS_RHAWQJ48	1.0078357251720742	Lymphocyte-inflamed
Monocyte / DC	MCP_DC	BS_RHM60031	0.9974207799634347	Myeloid-dominant
Monocyte / DC	MCP_DC	BS_RJC3WDD6	-0.7987796603066518	Immune-desert
Monocyte / DC	MCP_DC	BS_RN0VAY51	-0.6685049638587258	Myeloid-dominant
Monocyte / DC	MCP_DC	BS_RX1YTZ7F	0.19090955154488232	Myeloid-dominant
Monocyte / DC	MCP_DC	BS_RZBFH1QF	0.3630710537020786	Immune-desert
Monocyte / DC	MCP_DC	BS_S2TA8R29	-0.7165650586636082	Myeloid-dominant
Monocyte / DC	MCP_DC	BS_S3C2PZAH	3.861376526784022	Myeloid-dominant
Monocyte / DC	MCP_DC	BS_S3MET0JZ	-0.39987962808502464	Myeloid-dominant
Monocyte / DC	MCP_DC	BS_S4V9E1XJ	-0.1781634322919963	Lymphocyte-inflamed
Monocyte / DC	MCP_DC	BS_S5P8VTN5	-0.4725906659559834	Myeloid-dominant
Monocyte / DC	MCP_DC	BS_S6B9DVNS	-0.43964756594318516	Immune-desert
Monocyte / DC	MCP_DC	BS_S6S7SK3P	-0.5977979411458345	Immune-desert
Monocyte / DC	MCP_DC	BS_S8K878T3	-0.16505928488602625	Lymphocyte-inflamed
Monocyte / DC	MCP_DC	BS_SBMAM00V	0.17439748175921482	Myeloid-dominant
Monocyte / DC	MCP_DC	BS_SBMCD7XZ	0.3075055539386737	Myeloid-dominant
Monocyte / DC	MCP_DC	BS_SD0EMK7Y	-0.6365495125818036	Lymphocyte-inflamed
Monocyte / DC	MCP_DC	BS_SD8YBRBR	-1.069932909993875	Immune-desert
Monocyte / DC	MCP_DC	BS_SERDGASJ	-0.701246253810411	Lymphocyte-inflamed
Monocyte / DC	MCP_DC	BS_SJVTZ5TH	0.34352578342844675	Myeloid-dominant
Monocyte / DC	MCP_DC	BS_SMWQR2F1	0.3761795236903522	Myeloid-dominant
Monocyte / DC	MCP_DC	BS_SNVM7CZT	0.5755777303710193	Myeloid-dominant
Monocyte / DC	MCP_DC	BS_SR2RGDXJ	-0.1837299847461563	Myeloid-dominant
Monocyte / DC	MCP_DC	BS_SW9Z10F9	0.07280894150257786	Lymphocyte-inflamed
Monocyte / DC	MCP_DC	BS_SY3J3XR9	-0.6833994695807276	Immune-desert
Monocyte / DC	MCP_DC	BS_T1YHK6B7	-0.14483199345691053	Myeloid-dominant
Monocyte / DC	MCP_DC	BS_T2F48Z4E	0.5683280285135908	Lymphocyte-inflamed
Monocyte / DC	MCP_DC	BS_T9A8JJW5	0.6563989267648609	Myeloid-dominant
Monocyte / DC	MCP_DC	BS_TASG32Z2	-0.40938248737900584	Myeloid-dominant
Monocyte / DC	MCP_DC	BS_TGS109T3	-0.539838659826747	Immune-desert
Monocyte / DC	MCP_DC	BS_TM9MH0RP	-0.7397333648982486	Myeloid-dominant
Monocyte / DC	MCP_DC	BS_TR2P8KRF	-0.3671845748643721	Myeloid-dominant
Monocyte / DC	MCP_DC	BS_TRKH2SPE	-0.7165650586636082	Myeloid-dominant
Monocyte / DC	MCP_DC	BS_TRPXB3AV	-0.31302435439798315	Myeloid-dominant
Monocyte / DC	MCP_DC	BS_TTDNZTZ0	0.48973214226050865	Lymphocyte-inflamed
Monocyte / DC	MCP_DC	BS_TTE04ZP8	-0.36217161774790746	Lymphocyte-inflamed
Monocyte / DC	MCP_DC	BS_TV5B86ZD	-0.39435461557208473	Immune-desert
Monocyte / DC	MCP_DC	BS_TVH33J9Q	-0.3455966311641734	Myeloid-dominant
Monocyte / DC	MCP_DC	BS_TXZ7KHTQ	-1.0228615607496652	Myeloid-dominant
Monocyte / DC	MCP_DC	BS_V0DQFC75	-0.16483518734295322	Myeloid-dominant
Monocyte / DC	MCP_DC	BS_V3Z3DB4N	-0.9836956878193703	Immune-desert
Monocyte / DC	MCP_DC	BS_V558NW3Q	3.606812454267106	Lymphocyte-inflamed
Monocyte / DC	MCP_DC	BS_V6RSB5HQ	-0.4782709946341685	Myeloid-dominant
Monocyte / DC	MCP_DC	BS_V8QWBVS3	7.80031173539044	Lymphocyte-inflamed
Monocyte / DC	MCP_DC	BS_VBMRQK4F	-0.362490714395422	Myeloid-dominant
Monocyte / DC	MCP_DC	BS_VDFXXMEX	-0.45764000258305115	Immune-desert
Monocyte / DC	MCP_DC	BS_VF3NVT4G	-0.5305048615636714	Lymphocyte-inflamed
Monocyte / DC	MCP_DC	BS_VKH87DD2	2.8360591478480273	Lymphocyte-inflamed
Monocyte / DC	MCP_DC	BS_VKHJG2B8	-0.48994878192973107	Myeloid-dominant
Monocyte / DC	MCP_DC	BS_VKYEM67A	0.8397250545606746	Lymphocyte-inflamed
Monocyte / DC	MCP_DC	BS_VMQMGSJY	0.2296732558463782	Lymphocyte-inflamed
Monocyte / DC	MCP_DC	BS_VVTHDRBD	-0.5643270456575306	Myeloid-dominant
Monocyte / DC	MCP_DC	BS_W1385R8Y	0.6246621009521959	Immune-desert
Monocyte / DC	MCP_DC	BS_W4DB5RP1	-0.7594633515869356	Immune-desert
Monocyte / DC	MCP_DC	BS_W7MFJZ5A	0.23051763388463217	Lymphocyte-inflamed
Monocyte / DC	MCP_DC	BS_WBVSK3MP	-0.5866972609313846	Immune-desert
Monocyte / DC	MCP_DC	BS_WEKK6SHP	0.8006736343885064	Myeloid-dominant
Monocyte / DC	MCP_DC	BS_WHBEXD5H	-0.4352961463817507	Lymphocyte-inflamed
Monocyte / DC	MCP_DC	BS_WQ1YRTAT	-0.700889306160171	Immune-desert
Monocyte / DC	MCP_DC	BS_WTJEDTZC	3.9344632789125327	Myeloid-dominant
Monocyte / DC	MCP_DC	BS_WVRX4C9Z	0.04849670326213074	Lymphocyte-inflamed
Monocyte / DC	MCP_DC	BS_X0XXN9BK	1.742272003311148	Lymphocyte-inflamed
Monocyte / DC	MCP_DC	BS_X1G0TKP4	-0.4424172267647808	Myeloid-dominant
Monocyte / DC	MCP_DC	BS_X20JCR4H	0.8843314674602569	Lymphocyte-inflamed
Monocyte / DC	MCP_DC	BS_X23724NJ	-0.2673733994264246	Myeloid-dominant
Monocyte / DC	MCP_DC	BS_X3HR4Z21	-0.4304168612234806	Myeloid-dominant
Monocyte / DC	MCP_DC	BS_X4DD4KSZ	0.768916790364387	Lymphocyte-inflamed
Monocyte / DC	MCP_DC	BS_X4X1SFSE	-0.8432921882159202	Immune-desert
Monocyte / DC	MCP_DC	BS_XG0DBWVT	0.07177238574133683	Immune-desert
Monocyte / DC	MCP_DC	BS_XGDPK33A	-0.34431969013645747	Myeloid-dominant
Monocyte / DC	MCP_DC	BS_XM1AHBDJ	-1.0512726652953148	Immune-desert
Monocyte / DC	MCP_DC	BS_XQ5SFW35	-0.2929473978318707	Myeloid-dominant
Monocyte / DC	MCP_DC	BS_XQXXBWPD	0.3772793832549896	Lymphocyte-inflamed
Monocyte / DC	MCP_DC	BS_XYVCMF4A	-0.06638995622943655	Myeloid-dominant
Monocyte / DC	MCP_DC	BS_XZM79E42	-0.09721448802543861	Lymphocyte-inflamed
Monocyte / DC	MCP_DC	BS_YA0KMBRT	-0.5401933852239016	Myeloid-dominant
Monocyte / DC	MCP_DC	BS_YDEVMD24	-0.5977389634456705	Myeloid-dominant
Monocyte / DC	MCP_DC	BS_YMKQT5V0	0.6308061498612917	Lymphocyte-inflamed
Monocyte / DC	MCP_DC	BS_YR12D1ZY	-0.2409655411601541	Lymphocyte-inflamed
Monocyte / DC	MCP_DC	BS_YSZRQ95C	-0.7564895162173545	Myeloid-dominant
Monocyte / DC	MCP_DC	BS_YTWEM5SG	0.06428190640003109	Lymphocyte-inflamed
Monocyte / DC	MCP_DC	BS_YZ2QFDAN	1.9583661810543265	Myeloid-dominant
Monocyte / DC	MCP_DC	BS_Z0ZPD9S9	-0.4905116759722972	Lymphocyte-inflamed
Monocyte / DC	MCP_DC	BS_Z3RCA1T9	-0.2575274124679921	Myeloid-dominant
Monocyte / DC	MCP_DC	BS_Z8F3GM85	-0.5727289635409252	Lymphocyte-inflamed
Monocyte / DC	MCP_DC	BS_ZD5HN296	1.6292443556552902	Lymphocyte-inflamed
Monocyte / DC	MCP_DC	BS_ZF6BSFNF	-0.6514305111509182	Myeloid-dominant
Monocyte / DC	MCP_DC	BS_ZM97KKXE	0.10753853139846825	Lymphocyte-inflamed
Monocyte / DC	MCP_DC	BS_ZV1P6W9C	-0.42540763713948826	Immune-desert
Monocyte / DC	MCP_DC	BS_ZVM8CAB0	0.6556610330392287	Lymphocyte-inflamed
Monocyte / DC	MCP_DC	BS_ZZWMD6FA	-0.5652007042576999	Lymphocyte-inflamed
Monocyte / DC	LM22	BS_00FD2KMP	1.143809361236045	Immune-desert
Monocyte / DC	LM22	BS_028YFYJ6	-0.19782773296819986	Myeloid-dominant
Monocyte / DC	LM22	BS_052PZFMK	-1.2959751103237926	Immune-desert
Monocyte / DC	LM22	BS_056Q8577	0.08900086300089526	Lymphocyte-inflamed
Monocyte / DC	LM22	BS_08ST21QE	-0.5761765550838361	Lymphocyte-inflamed
Monocyte / DC	LM22	BS_0C7VZC0A	-0.7579049803915098	Myeloid-dominant
Monocyte / DC	LM22	BS_0S8E7590	-0.23794254974154974	Lymphocyte-inflamed
Monocyte / DC	LM22	BS_0VXZCRJS	0.033875059373142016	Myeloid-dominant
Monocyte / DC	LM22	BS_0XEBS3PG	1.932498415584416	Immune-desert
Monocyte / DC	LM22	BS_0ZA67BBC	1.6841069854054544	Myeloid-dominant
Monocyte / DC	LM22	BS_12G04QJM	-1.0970583457580667	Myeloid-dominant
Monocyte / DC	LM22	BS_17ZSMXFH	1.163688795811603	Immune-desert
Monocyte / DC	LM22	BS_1A6MQ9ZA	-1.3160204961578088	Myeloid-dominant
Monocyte / DC	LM22	BS_1D93Z575	0.7490537825044372	Myeloid-dominant
Monocyte / DC	LM22	BS_1EN5V3XW	-0.27117228487671724	Immune-desert
Monocyte / DC	LM22	BS_223BM91B	0.14409595957371377	Lymphocyte-inflamed
Monocyte / DC	LM22	BS_25HNKZ79	-1.1784048602227064	Lymphocyte-inflamed
Monocyte / DC	LM22	BS_2853394H	-0.6792851172874972	Immune-desert
Monocyte / DC	LM22	BS_297H8BT4	0.2346794850778805	Myeloid-dominant
Monocyte / DC	LM22	BS_29X4ZX6Q	-1.0128078004077747	Immune-desert
Monocyte / DC	LM22	BS_2A5R9MEJ	-0.6823253434690606	Immune-desert
Monocyte / DC	LM22	BS_2ARXK0TD	0.4221158679811634	Lymphocyte-inflamed
Monocyte / DC	LM22	BS_2AV1H5TV	0.699899911127988	Myeloid-dominant
Monocyte / DC	LM22	BS_2DMBCHNF	-0.39990703434212793	Lymphocyte-inflamed
Monocyte / DC	LM22	BS_2EN3X6HB	0.2359534243297923	Myeloid-dominant
Monocyte / DC	LM22	BS_2FEZWH1F	-1.2745846168780737	Lymphocyte-inflamed
Monocyte / DC	LM22	BS_2HNXVFAS	-0.7873580838199236	Myeloid-dominant
Monocyte / DC	LM22	BS_2JH1QMT1	-0.7298426899706464	Myeloid-dominant
Monocyte / DC	LM22	BS_2JP7RBMB	-0.8172449616525516	Myeloid-dominant
Monocyte / DC	LM22	BS_2K01T8K6	-0.3265825764713418	Lymphocyte-inflamed
Monocyte / DC	LM22	BS_2PDS3MSS	1.2138774288825886	Lymphocyte-inflamed
Monocyte / DC	LM22	BS_2T5PJAW8	1.6255360059249353	Myeloid-dominant
Monocyte / DC	LM22	BS_2WANPFBJ	-0.3489626081172644	Lymphocyte-inflamed
Monocyte / DC	LM22	BS_30F3Z9FS	2.210730257421549	Lymphocyte-inflamed
Monocyte / DC	LM22	BS_30VC3R2Q	-0.30339631417222157	Myeloid-dominant
Monocyte / DC	LM22	BS_30YWQ3FY	1.3442229735296574	Lymphocyte-inflamed
Monocyte / DC	LM22	BS_31MBRWC4	0.7725741477586068	Lymphocyte-inflamed
Monocyte / DC	LM22	BS_333KCNDP	0.29979516779343574	Lymphocyte-inflamed
Monocyte / DC	LM22	BS_399RPKC9	1.3691875743913806	Myeloid-dominant
Monocyte / DC	LM22	BS_3AC3SRWH	2.187630665284783	Immune-desert
Monocyte / DC	LM22	BS_3MS8WVNR	-0.8056024348579983	Immune-desert
Monocyte / DC	LM22	BS_3ZPJAK9A	-0.8680815108679805	Myeloid-dominant
Monocyte / DC	LM22	BS_45J79YTF	-0.4137846287204554	Immune-desert
Monocyte / DC	LM22	BS_49BQS7Z6	-0.5169010633504336	Myeloid-dominant
Monocyte / DC	LM22	BS_49CJNZ06	0.3071476601981023	Myeloid-dominant
Monocyte / DC	LM22	BS_4B0BAVTX	-0.029620729411987727	Myeloid-dominant
Monocyte / DC	LM22	BS_4BM3F6XJ	-0.5865430681319191	Myeloid-dominant
Monocyte / DC	LM22	BS_4C6B11E4	-0.13377983046137162	Lymphocyte-inflamed
Monocyte / DC	LM22	BS_4GNN7J8E	1.8534083456233341	Lymphocyte-inflamed
Monocyte / DC	LM22	BS_4KNBXM3C	-0.6370562164493426	Lymphocyte-inflamed
Monocyte / DC	LM22	BS_4Q3KRCZT	-0.6221541057008784	Lymphocyte-inflamed
Monocyte / DC	LM22	BS_4QW2S1Q8	-0.8552483894906835	Lymphocyte-inflamed
Monocyte / DC	LM22	BS_4T0HQ9QF	0.7463284733191657	Myeloid-dominant
Monocyte / DC	LM22	BS_4V42BXBT	-0.45290788879677496	Myeloid-dominant
Monocyte / DC	LM22	BS_51RA1PGE	-0.6549050868317444	Myeloid-dominant
Monocyte / DC	LM22	BS_52C576HH	-0.6066983978823224	Myeloid-dominant
Monocyte / DC	LM22	BS_5965SFPZ	-0.8545609808590177	Immune-desert
Monocyte / DC	LM22	BS_5EFYPZT0	-1.1006840604110404	Myeloid-dominant
Monocyte / DC	LM22	BS_5G5BD2MD	0.7918312139810934	Lymphocyte-inflamed
Monocyte / DC	LM22	BS_5K95FX4C	1.1572244397636087	Lymphocyte-inflamed
Monocyte / DC	LM22	BS_5KBXD2GQ	-0.7735074654858778	Myeloid-dominant
Monocyte / DC	LM22	BS_5PXZ8F7W	0.5678143041015022	Myeloid-dominant
Monocyte / DC	LM22	BS_5VPM0F36	0.4515091039641361	Lymphocyte-inflamed
Monocyte / DC	LM22	BS_62SW4CC5	1.5577628815523763	Lymphocyte-inflamed
Monocyte / DC	LM22	BS_65WPD3DA	0.08860530675813885	Myeloid-dominant
Monocyte / DC	LM22	BS_68KX6A42	0.5367151872625586	Lymphocyte-inflamed
Monocyte / DC	LM22	BS_6DCSD5Y6	-0.6168791986857691	Immune-desert
Monocyte / DC	LM22	BS_6H4Q24WA	-0.21807897001372198	Lymphocyte-inflamed
Monocyte / DC	LM22	BS_6M2053M0	1.5560023672900745	Myeloid-dominant
Monocyte / DC	LM22	BS_6SY64H5J	0.3589845668508552	Lymphocyte-inflamed
Monocyte / DC	LM22	BS_6VRG1XFB	-0.9794662656013756	Myeloid-dominant
Monocyte / DC	LM22	BS_6WP1FHTE	0.2875328465501552	Lymphocyte-inflamed
Monocyte / DC	LM22	BS_7327SDAQ	-0.6314687280913822	Myeloid-dominant
Monocyte / DC	LM22	BS_75YRDXET	2.012451144715671	Lymphocyte-inflamed
Monocyte / DC	LM22	BS_77SBTNPN	1.664250832333312	Myeloid-dominant
Monocyte / DC	LM22	BS_7AEF4D4G	1.2623308587373845	Lymphocyte-inflamed
Monocyte / DC	LM22	BS_7APCGCVF	2.764188679910979	Myeloid-dominant
Monocyte / DC	LM22	BS_7GJT4A6A	-0.7217658810653864	Immune-desert
Monocyte / DC	LM22	BS_7GKWKGPH	-0.21243366236085082	Lymphocyte-inflamed
Monocyte / DC	LM22	BS_7PVJ6Q3D	1.3442200897977499	Immune-desert
Monocyte / DC	LM22	BS_7WKNNRHK	-1.2946027325839615	Myeloid-dominant
Monocyte / DC	LM22	BS_84VZX732	-0.9874692246349955	Myeloid-dominant
Monocyte / DC	LM22	BS_84XCR9GG	0.41219325248181254	Myeloid-dominant
Monocyte / DC	LM22	BS_8E8JKP01	-0.04228513195902584	Immune-desert
Monocyte / DC	LM22	BS_8ERBDF7D	-1.2392259886480061	Immune-desert
Monocyte / DC	LM22	BS_8JK9TXH2	0.09543291459067448	Myeloid-dominant
Monocyte / DC	LM22	BS_8VD670NP	1.1085304494984463	Myeloid-dominant
Monocyte / DC	LM22	BS_8YWYN7VH	-1.0039817117537873	Lymphocyte-inflamed
Monocyte / DC	LM22	BS_8ZE4Z9G5	-1.3113679957977202	Myeloid-dominant
Monocyte / DC	LM22	BS_8ZY4GST0	1.3155417983648945	Immune-desert
Monocyte / DC	LM22	BS_91VYM11A	-0.7132418467546071	Myeloid-dominant
Monocyte / DC	LM22	BS_956G6QPJ	-0.8121485297060024	Myeloid-dominant
Monocyte / DC	LM22	BS_97M1E2DW	-1.1947265478798037	Immune-desert
Monocyte / DC	LM22	BS_9A1YTHFF	1.145743373391884	Lymphocyte-inflamed
Monocyte / DC	LM22	BS_9B0A62MT	-0.3107881615688758	Lymphocyte-inflamed
Monocyte / DC	LM22	BS_9CA93S6D	-1.1067020732295978	Immune-desert
Monocyte / DC	LM22	BS_9FHEFJNP	0.30607728556590313	Myeloid-dominant
Monocyte / DC	LM22	BS_9FX3YREK	0.25548143518764516	Immune-desert
Monocyte / DC	LM22	BS_9GJ3DB1H	2.073515687312153	Lymphocyte-inflamed
Monocyte / DC	LM22	BS_9JPQZQNG	-1.306927112812815	Myeloid-dominant
Monocyte / DC	LM22	BS_9TXEDSWB	0.7459899719790695	Myeloid-dominant
Monocyte / DC	LM22	BS_9XVACXP0	0.032472815042387	Myeloid-dominant
Monocyte / DC	LM22	BS_9Y1K14Q5	-0.3430819753396229	Myeloid-dominant
Monocyte / DC	LM22	BS_9ZJT0CP0	-0.8446624626867527	Myeloid-dominant
Monocyte / DC	LM22	BS_A4PF49V0	-0.7723264975331763	Immune-desert
Monocyte / DC	LM22	BS_A6NXR7RC	0.47703860101748946	Myeloid-dominant
Monocyte / DC	LM22	BS_A7Q8G0Y1	-0.24059309234920537	Myeloid-dominant
Monocyte / DC	LM22	BS_A8XW5S0W	-0.7554884602052767	Myeloid-dominant
Monocyte / DC	LM22	BS_AWH9757B	-0.26921649723848085	Immune-desert
Monocyte / DC	LM22	BS_AYSXRQWY	-1.3160204961578088	Myeloid-dominant
Monocyte / DC	LM22	BS_AZQM1JJH	1.7669983701879999	Lymphocyte-inflamed
Monocyte / DC	LM22	BS_B1C6GZ84	-0.027837471425208878	Immune-desert
Monocyte / DC	LM22	BS_B3MQFFYP	1.3652927255520173	Lymphocyte-inflamed
Monocyte / DC	LM22	BS_B4R7X1KE	-0.6657637662047686	Immune-desert
Monocyte / DC	LM22	BS_B57327NA	0.45460022904042	Myeloid-dominant
Monocyte / DC	LM22	BS_BBAEMXRD	-0.769180748216987	Immune-desert
Monocyte / DC	LM22	BS_BBQ6BHGN	0.6382296552922309	Myeloid-dominant
Monocyte / DC	LM22	BS_BK0HGRXM	-0.6625068479935884	Lymphocyte-inflamed
Monocyte / DC	LM22	BS_BMMY0H73	-0.6443573498272153	Myeloid-dominant
Monocyte / DC	LM22	BS_C6ZZ3FY5	0.4513621756299123	Myeloid-dominant
Monocyte / DC	LM22	BS_C83TK159	0.9930346941620343	Myeloid-dominant
Monocyte / DC	LM22	BS_CBDQZ8PP	1.9599837215945217	Immune-desert
Monocyte / DC	LM22	BS_CF63VG3S	0.5253901621140681	Myeloid-dominant
Monocyte / DC	LM22	BS_CFD3WHAY	1.1197971101972242	Myeloid-dominant
Monocyte / DC	LM22	BS_CG1RG607	-0.19533301185403446	Lymphocyte-inflamed
Monocyte / DC	LM22	BS_CVEDJGHZ	2.873727151561933	Lymphocyte-inflamed
Monocyte / DC	LM22	BS_CXAQDK7S	1.4974965574381407	Lymphocyte-inflamed
Monocyte / DC	LM22	BS_CZPQ493E	-0.5920203143924981	Myeloid-dominant
Monocyte / DC	LM22	BS_D29RPBSZ	-0.7617152175488976	Myeloid-dominant
Monocyte / DC	LM22	BS_D4VNDNQA	1.6992471779179548	Immune-desert
Monocyte / DC	LM22	BS_D6J2BGDJ	-0.7893395741253827	Immune-desert
Monocyte / DC	LM22	BS_DFGS950G	-0.771565751886966	Immune-desert
Monocyte / DC	LM22	BS_DNZVP92S	-1.0525079720474981	Myeloid-dominant
Monocyte / DC	LM22	BS_DR079H0D	1.523829415280353	Immune-desert
Monocyte / DC	LM22	BS_DS438CXE	0.8897900243524798	Immune-desert
Monocyte / DC	LM22	BS_DSPVSM7D	-0.7662194408771132	Myeloid-dominant
Monocyte / DC	LM22	BS_DZNXFPH1	0.6148250002047224	Lymphocyte-inflamed
Monocyte / DC	LM22	BS_E7NVYA6G	0.11657508541517438	Lymphocyte-inflamed
Monocyte / DC	LM22	BS_E9CYN4NP	0.8866738985169369	Immune-desert
Monocyte / DC	LM22	BS_EB0XRBT9	0.5307642519549229	Lymphocyte-inflamed
Monocyte / DC	LM22	BS_EDJ5TV0P	0.7032334711690511	Immune-desert
Monocyte / DC	LM22	BS_EMQM7HTA	-0.8902004211239053	Myeloid-dominant
Monocyte / DC	LM22	BS_ENEYB4TG	3.094453796905603	Lymphocyte-inflamed
Monocyte / DC	LM22	BS_EXPJQZTH	-0.2637880889020624	Lymphocyte-inflamed
Monocyte / DC	LM22	BS_EZ3147MX	-0.6771175544571401	Myeloid-dominant
Monocyte / DC	LM22	BS_F0JB4EAK	0.0904837988117561	Immune-desert
Monocyte / DC	LM22	BS_F21R36MM	0.912845532551051	Myeloid-dominant
Monocyte / DC	LM22	BS_F65GWS21	-0.5921561799274844	Myeloid-dominant
Monocyte / DC	LM22	BS_F6V1Y4QS	-1.2152076699523282	Myeloid-dominant
Monocyte / DC	LM22	BS_F9Y4Z92G	0.4670922286629302	Immune-desert
Monocyte / DC	LM22	BS_FCDAH728	1.239195570607179	Myeloid-dominant
Monocyte / DC	LM22	BS_FEV5A0HN	-0.9221954526603242	Immune-desert
Monocyte / DC	LM22	BS_FGJH1X0S	0.15992750682378962	Myeloid-dominant
Monocyte / DC	LM22	BS_FKASA3MN	-0.6480921632526763	Immune-desert
Monocyte / DC	LM22	BS_FN07P04C	-1.3160204961578088	Immune-desert
Monocyte / DC	LM22	BS_FX2P2WEG	-0.6629944151708864	Lymphocyte-inflamed
Monocyte / DC	LM22	BS_FXJY0MNH	0.6772637576173306	Lymphocyte-inflamed
Monocyte / DC	LM22	BS_FYP2B298	2.2583497578826477	Immune-desert
Monocyte / DC	LM22	BS_G19QZG4S	0.9014986902546103	Myeloid-dominant
Monocyte / DC	LM22	BS_G1E5DATJ	0.478134689831362	Myeloid-dominant
Monocyte / DC	LM22	BS_G257VSS9	-1.2020041516299527	Immune-desert
Monocyte / DC	LM22	BS_G3NN392N	-0.0010558874217914183	Myeloid-dominant
Monocyte / DC	LM22	BS_G3RJTBZD	0.05092184261267752	Immune-desert
Monocyte / DC	LM22	BS_G5NHSFD4	-0.6172685624176395	Immune-desert
Monocyte / DC	LM22	BS_G8TXTX0H	-0.8746072925147181	Myeloid-dominant
Monocyte / DC	LM22	BS_GG9W3J9Y	-0.9258339907267032	Immune-desert
Monocyte / DC	LM22	BS_GW0GKWMS	-1.013612257203675	Myeloid-dominant
Monocyte / DC	LM22	BS_GWHYM3R4	1.4198501644896964	Myeloid-dominant
Monocyte / DC	LM22	BS_GWSJ4Z9H	-0.3709043732334116	Lymphocyte-inflamed
Monocyte / DC	LM22	BS_H5VQJR7X	-1.3002339114462282	Myeloid-dominant
Monocyte / DC	LM22	BS_H97S5SQN	0.9967468022141226	Myeloid-dominant
Monocyte / DC	LM22	BS_H9JYKFTV	-0.8423140457260754	Myeloid-dominant
Monocyte / DC	LM22	BS_HDHXX8Q7	-0.5637028063635228	Myeloid-dominant
Monocyte / DC	LM22	BS_HDPCQETG	-0.10327809743087066	Lymphocyte-inflamed
Monocyte / DC	LM22	BS_HJRTC9JQ	-1.2369237801680606	Lymphocyte-inflamed
Monocyte / DC	LM22	BS_HJV0J603	0.26316010399611306	Lymphocyte-inflamed
Monocyte / DC	LM22	BS_HRJ9145M	-1.3160204961578088	Lymphocyte-inflamed
Monocyte / DC	LM22	BS_HWGWYCY7	0.033495272637277154	Lymphocyte-inflamed
Monocyte / DC	LM22	BS_HZ9AYDCQ	2.5038970588721523	Lymphocyte-inflamed
Monocyte / DC	LM22	BS_J4JY2F3H	0.20931478698081563	Lymphocyte-inflamed
Monocyte / DC	LM22	BS_J6212Y48	0.1546937128231584	Myeloid-dominant
Monocyte / DC	LM22	BS_J6W1RB7A	0.16562244255631525	Myeloid-dominant
Monocyte / DC	LM22	BS_J9CBGP57	1.010156314714768	Myeloid-dominant
Monocyte / DC	LM22	BS_JB43XBCQ	2.5625116568548743	Lymphocyte-inflamed
Monocyte / DC	LM22	BS_JDSNFYQ0	2.3598193473257725	Lymphocyte-inflamed
Monocyte / DC	LM22	BS_JJVH7WR0	-1.2646229809704874	Immune-desert
Monocyte / DC	LM22	BS_JMD386Z2	-0.4039837552125757	Myeloid-dominant
Monocyte / DC	LM22	BS_JP95KMRD	0.8308190824720201	Lymphocyte-inflamed
Monocyte / DC	LM22	BS_JQGJQ2QZ	0.5501402525985638	Myeloid-dominant
Monocyte / DC	LM22	BS_JQVAWTTM	2.954671895934167	Myeloid-dominant
Monocyte / DC	LM22	BS_JQXHHK0K	-0.2738322521081924	Immune-desert
Monocyte / DC	LM22	BS_JRYJGYC4	-0.3799355269062041	Myeloid-dominant
Monocyte / DC	LM22	BS_JS95PE0J	0.8020168469925836	Myeloid-dominant
Monocyte / DC	LM22	BS_JTWNJ8T7	-1.0052996110981436	Immune-desert
Monocyte / DC	LM22	BS_JVW2JJ39	-1.3160204961578088	Immune-desert
Monocyte / DC	LM22	BS_K0X3PZGN	0.6911524997278031	Lymphocyte-inflamed
Monocyte / DC	LM22	BS_K17VQECG	-0.770125810440247	Lymphocyte-inflamed
Monocyte / DC	LM22	BS_K2PCC777	0.923530766125048	Lymphocyte-inflamed
Monocyte / DC	LM22	BS_K74N1BXQ	1.4109553653718807	Myeloid-dominant
Monocyte / DC	LM22	BS_K81PZXP2	-0.04920611997588965	Lymphocyte-inflamed
Monocyte / DC	LM22	BS_K88T8SW7	-0.886963451860692	Lymphocyte-inflamed
Monocyte / DC	LM22	BS_KABQQA0T	-0.6054250425505189	Immune-desert
Monocyte / DC	LM22	BS_KBEX4RT2	-1.3160204961578088	Myeloid-dominant
Monocyte / DC	LM22	BS_KFD5128N	-1.0876386604475536	Myeloid-dominant
Monocyte / DC	LM22	BS_KKDTW11T	-0.5449431571119147	Immune-desert
Monocyte / DC	LM22	BS_KP735TJ6	0.5320333857245529	Immune-desert
Monocyte / DC	LM22	BS_KQ6ZW085	-0.43066625093460675	Myeloid-dominant
Monocyte / DC	LM22	BS_KRS4EV4X	-0.879264970458658	Myeloid-dominant
Monocyte / DC	LM22	BS_KS8HMGA6	0.3826260176947709	Lymphocyte-inflamed
Monocyte / DC	LM22	BS_KVPWHDR4	-0.2669839183353181	Myeloid-dominant
Monocyte / DC	LM22	BS_M0FA190Y	1.0320939463608088	Myeloid-dominant
Monocyte / DC	LM22	BS_M0XGZ53Z	-0.6007062018582714	Immune-desert
Monocyte / DC	LM22	BS_M1PVEHCM	-1.1567557831677442	Immune-desert
Monocyte / DC	LM22	BS_M54TWTH4	2.1854569010227576	Myeloid-dominant
Monocyte / DC	LM22	BS_M7XB258E	0.48148747209608644	Lymphocyte-inflamed
Monocyte / DC	LM22	BS_M85CXHDV	-0.9127557034897215	Lymphocyte-inflamed
Monocyte / DC	LM22	BS_MB7WN0ZB	0.41215764830812585	Myeloid-dominant
Monocyte / DC	LM22	BS_MD0937XT	0.9939817143365065	Immune-desert
Monocyte / DC	LM22	BS_MDBT7S5Z	-1.0515993196166329	Immune-desert
Monocyte / DC	LM22	BS_ME6VQGG4	-0.49595236760277184	Myeloid-dominant
Monocyte / DC	LM22	BS_MFGZH8FK	1.8755646516096591	Myeloid-dominant
Monocyte / DC	LM22	BS_MG78HQDM	-0.45138363494397665	Immune-desert
Monocyte / DC	LM22	BS_MWWZBQ60	-0.16554858708624795	Myeloid-dominant
Monocyte / DC	LM22	BS_N6TQBQ8M	-0.47795406026505693	Myeloid-dominant
Monocyte / DC	LM22	BS_N7SW36FD	0.4551109488567852	Lymphocyte-inflamed
Monocyte / DC	LM22	BS_N7VQ1GQB	-0.49557366745818504	Lymphocyte-inflamed
Monocyte / DC	LM22	BS_NB9XXBW6	1.6175488660492972	Myeloid-dominant
Monocyte / DC	LM22	BS_NEFAASTR	-0.5385215965572251	Lymphocyte-inflamed
Monocyte / DC	LM22	BS_NEVYM2FP	0.9268842732617943	Myeloid-dominant
Monocyte / DC	LM22	BS_NFKKDYSV	-0.4509827450386879	Lymphocyte-inflamed
Monocyte / DC	LM22	BS_NGSG2KB6	0.2155272915151805	Lymphocyte-inflamed
Monocyte / DC	LM22	BS_NNYXMSTX	-0.32039415442521246	Lymphocyte-inflamed
Monocyte / DC	LM22	BS_NPA6CZQF	-0.11894166091809744	Immune-desert
Monocyte / DC	LM22	BS_NQ54ST98	1.6705940949884146	Lymphocyte-inflamed
Monocyte / DC	LM22	BS_NR3P3GN2	-1.279958854187158	Myeloid-dominant
Monocyte / DC	LM22	BS_NX1R0BC3	-0.3903710204096151	Lymphocyte-inflamed
Monocyte / DC	LM22	BS_P0QF87WC	-1.3160204961578088	Myeloid-dominant
Monocyte / DC	LM22	BS_P4PMWFMV	-1.138649465363443	Myeloid-dominant
Monocyte / DC	LM22	BS_P7W3AYKV	-0.013572303046365764	Myeloid-dominant
Monocyte / DC	LM22	BS_PENM28KT	-1.3160204961578088	Myeloid-dominant
Monocyte / DC	LM22	BS_PJC6FH4Y	1.1997495731178893	Lymphocyte-inflamed
Monocyte / DC	LM22	BS_PS0P3QJ3	-0.8974325595254463	Myeloid-dominant
Monocyte / DC	LM22	BS_PXCPK5XS	-1.3160204961578088	Myeloid-dominant
Monocyte / DC	LM22	BS_PZVHMSYN	-0.9175969250108029	Myeloid-dominant
Monocyte / DC	LM22	BS_Q06J3RYW	0.6744655325079058	Lymphocyte-inflamed
Monocyte / DC	LM22	BS_Q35GFYDR	-1.2461655842543102	Myeloid-dominant
Monocyte / DC	LM22	BS_Q9N5PRD5	0.49208524352246186	Myeloid-dominant
Monocyte / DC	LM22	BS_QB84TBA3	-1.1466437171134038	Immune-desert
Monocyte / DC	LM22	BS_QGKEP3KB	-0.9286426598803985	Lymphocyte-inflamed
Monocyte / DC	LM22	BS_QH0VYVJK	-0.7944380823742935	Myeloid-dominant
Monocyte / DC	LM22	BS_QHY302E8	-1.315849437106084	Lymphocyte-inflamed
Monocyte / DC	LM22	BS_QMBS32Y2	-1.0029423174684104	Myeloid-dominant
Monocyte / DC	LM22	BS_QNNX91SM	-0.24872902575958877	Myeloid-dominant
Monocyte / DC	LM22	BS_QY2G1JZJ	-0.39948005869583986	Myeloid-dominant
Monocyte / DC	LM22	BS_QYA4TQXX	-1.3160204961578088	Immune-desert
Monocyte / DC	LM22	BS_R5JQE0VJ	0.7862867099557277	Myeloid-dominant
Monocyte / DC	LM22	BS_R5SNFB5B	-0.8563582223885151	Immune-desert
Monocyte / DC	LM22	BS_R9B92M75	0.7122136542201107	Myeloid-dominant
Monocyte / DC	LM22	BS_RHAWQJ48	0.6497937930402573	Lymphocyte-inflamed
Monocyte / DC	LM22	BS_RHM60031	-0.855123068882765	Myeloid-dominant
Monocyte / DC	LM22	BS_RJC3WDD6	-0.664245477808246	Immune-desert
Monocyte / DC	LM22	BS_RN0VAY51	1.0717388110861419	Myeloid-dominant
Monocyte / DC	LM22	BS_RX1YTZ7F	-0.5965418144082609	Myeloid-dominant
Monocyte / DC	LM22	BS_RZBFH1QF	-0.7192069662250002	Immune-desert
Monocyte / DC	LM22	BS_S2TA8R29	0.18956535722635603	Myeloid-dominant
Monocyte / DC	LM22	BS_S3C2PZAH	-0.9787833174177988	Myeloid-dominant
Monocyte / DC	LM22	BS_S3MET0JZ	-0.7351908599471401	Myeloid-dominant
Monocyte / DC	LM22	BS_S4V9E1XJ	0.19725990831942222	Lymphocyte-inflamed
Monocyte / DC	LM22	BS_S5P8VTN5	0.2630841314929226	Myeloid-dominant
Monocyte / DC	LM22	BS_S6B9DVNS	0.08024058293166227	Immune-desert
Monocyte / DC	LM22	BS_S6S7SK3P	-1.2058225554909263	Immune-desert
Monocyte / DC	LM22	BS_S8K878T3	0.247185423380496	Lymphocyte-inflamed
Monocyte / DC	LM22	BS_SBMAM00V	-0.7077479134401137	Myeloid-dominant
Monocyte / DC	LM22	BS_SBMCD7XZ	0.9781300091536601	Myeloid-dominant
Monocyte / DC	LM22	BS_SD0EMK7Y	1.1860326965797565	Lymphocyte-inflamed
Monocyte / DC	LM22	BS_SD8YBRBR	-0.13632842025923186	Immune-desert
Monocyte / DC	LM22	BS_SERDGASJ	1.1184441581177222	Lymphocyte-inflamed
Monocyte / DC	LM22	BS_SJVTZ5TH	-0.26132250750587754	Myeloid-dominant
Monocyte / DC	LM22	BS_SMWQR2F1	-0.4324960973928247	Myeloid-dominant
Monocyte / DC	LM22	BS_SNVM7CZT	-0.8654462814476801	Myeloid-dominant
Monocyte / DC	LM22	BS_SR2RGDXJ	0.23721311451657467	Myeloid-dominant
Monocyte / DC	LM22	BS_SW9Z10F9	0.3921385392907076	Lymphocyte-inflamed
Monocyte / DC	LM22	BS_SY3J3XR9	-0.4150920106202574	Immune-desert
Monocyte / DC	LM22	BS_T1YHK6B7	-0.7284667556370827	Myeloid-dominant
Monocyte / DC	LM22	BS_T2F48Z4E	-0.13134189385616582	Lymphocyte-inflamed
Monocyte / DC	LM22	BS_T9A8JJW5	-0.41847718439118314	Myeloid-dominant
Monocyte / DC	LM22	BS_TASG32Z2	-0.22724166834956852	Myeloid-dominant
Monocyte / DC	LM22	BS_TGS109T3	-0.7774158395289925	Immune-desert
Monocyte / DC	LM22	BS_TM9MH0RP	0.7175521238120711	Myeloid-dominant
Monocyte / DC	LM22	BS_TR2P8KRF	-0.4122200419879059	Myeloid-dominant
Monocyte / DC	LM22	BS_TRKH2SPE	-0.6547378828503533	Myeloid-dominant
Monocyte / DC	LM22	BS_TRPXB3AV	-1.263816470091769	Myeloid-dominant
Monocyte / DC	LM22	BS_TTDNZTZ0	0.9130817129357912	Lymphocyte-inflamed
Monocyte / DC	LM22	BS_TTE04ZP8	0.7769202190809431	Lymphocyte-inflamed
Monocyte / DC	LM22	BS_TV5B86ZD	-0.3344317961735551	Immune-desert
Monocyte / DC	LM22	BS_TVH33J9Q	-1.13415972998804	Myeloid-dominant
Monocyte / DC	LM22	BS_TXZ7KHTQ	-1.032056269265234	Myeloid-dominant
Monocyte / DC	LM22	BS_V0DQFC75	0.5276040346307334	Myeloid-dominant
Monocyte / DC	LM22	BS_V3Z3DB4N	0.39196104436105583	Immune-desert
Monocyte / DC	LM22	BS_V558NW3Q	-1.2867909773773472	Lymphocyte-inflamed
Monocyte / DC	LM22	BS_V6RSB5HQ	0.07898807760658497	Myeloid-dominant
Monocyte / DC	LM22	BS_V8QWBVS3	-0.6580984934271623	Lymphocyte-inflamed
Monocyte / DC	LM22	BS_VBMRQK4F	-0.33029513544684763	Myeloid-dominant
Monocyte / DC	LM22	BS_VDFXXMEX	-0.6510236947890545	Immune-desert
Monocyte / DC	LM22	BS_VF3NVT4G	1.6060800634746915	Lymphocyte-inflamed
Monocyte / DC	LM22	BS_VKH87DD2	-1.2408944235676327	Lymphocyte-inflamed
Monocyte / DC	LM22	BS_VKHJG2B8	-1.1178736096148618	Myeloid-dominant
Monocyte / DC	LM22	BS_VKYEM67A	-0.8985988452194719	Lymphocyte-inflamed
Monocyte / DC	LM22	BS_VMQMGSJY	-1.3160204961578088	Lymphocyte-inflamed
Monocyte / DC	LM22	BS_VVTHDRBD	-0.07000023078479096	Myeloid-dominant
Monocyte / DC	LM22	BS_W1385R8Y	-0.9342399275387099	Immune-desert
Monocyte / DC	LM22	BS_W4DB5RP1	-0.7315051288622447	Immune-desert
Monocyte / DC	LM22	BS_W7MFJZ5A	1.2142270999117117	Lymphocyte-inflamed
Monocyte / DC	LM22	BS_WBVSK3MP	-0.8467954177329376	Immune-desert
Monocyte / DC	LM22	BS_WEKK6SHP	-1.1547560174995497	Myeloid-dominant
Monocyte / DC	LM22	BS_WHBEXD5H	-1.2969736964011702	Lymphocyte-inflamed
Monocyte / DC	LM22	BS_WQ1YRTAT	-0.3626547942502388	Immune-desert
Monocyte / DC	LM22	BS_WTJEDTZC	-1.072385282589451	Myeloid-dominant
Monocyte / DC	LM22	BS_WVRX4C9Z	1.5265123478882296	Lymphocyte-inflamed
Monocyte / DC	LM22	BS_X0XXN9BK	-0.9620053146031405	Lymphocyte-inflamed
Monocyte / DC	LM22	BS_X1G0TKP4	-0.3064764836765804	Myeloid-dominant
Monocyte / DC	LM22	BS_X20JCR4H	-0.2875545859844869	Lymphocyte-inflamed
Monocyte / DC	LM22	BS_X23724NJ	-0.8609841807861097	Myeloid-dominant
Monocyte / DC	LM22	BS_X3HR4Z21	0.6919399415718673	Myeloid-dominant
Monocyte / DC	LM22	BS_X4DD4KSZ	0.6769523221295379	Lymphocyte-inflamed
Monocyte / DC	LM22	BS_X4X1SFSE	0.30517977322030654	Immune-desert
Monocyte / DC	LM22	BS_XG0DBWVT	-1.2351160435261106	Immune-desert
Monocyte / DC	LM22	BS_XGDPK33A	0.05812578601110095	Myeloid-dominant
Monocyte / DC	LM22	BS_XM1AHBDJ	1.5225625716677158	Immune-desert
Monocyte / DC	LM22	BS_XQ5SFW35	-0.1442842093115922	Myeloid-dominant
Monocyte / DC	LM22	BS_XQXXBWPD	-0.5957143808403298	Lymphocyte-inflamed
Monocyte / DC	LM22	BS_XYVCMF4A	2.8385751494322746	Myeloid-dominant
Monocyte / DC	LM22	BS_XZM79E42	0.4437129870245273	Lymphocyte-inflamed
Monocyte / DC	LM22	BS_YA0KMBRT	-0.988800355197075	Myeloid-dominant
Monocyte / DC	LM22	BS_YDEVMD24	-0.02382328709942375	Myeloid-dominant
Monocyte / DC	LM22	BS_YMKQT5V0	1.565290355953295	Lymphocyte-inflamed
Monocyte / DC	LM22	BS_YR12D1ZY	1.395620138243904	Lymphocyte-inflamed
Monocyte / DC	LM22	BS_YSZRQ95C	-0.8233822073392068	Myeloid-dominant
Monocyte / DC	LM22	BS_YTWEM5SG	1.2505016176891148	Lymphocyte-inflamed
Monocyte / DC	LM22	BS_YZ2QFDAN	0.695843910723934	Myeloid-dominant
Monocyte / DC	LM22	BS_Z0ZPD9S9	-0.6060726155374668	Lymphocyte-inflamed
Monocyte / DC	LM22	BS_Z3RCA1T9	0.6287196803257115	Myeloid-dominant
Monocyte / DC	LM22	BS_Z8F3GM85	-1.3160204961578088	Lymphocyte-inflamed
Monocyte / DC	LM22	BS_ZD5HN296	-0.4549640938637531	Lymphocyte-inflamed
Monocyte / DC	LM22	BS_ZF6BSFNF	2.741180409182903	Myeloid-dominant
Monocyte / DC	LM22	BS_ZM97KKXE	0.6747079729102101	Lymphocyte-inflamed
Monocyte / DC	LM22	BS_ZV1P6W9C	-0.3667805626684688	Immune-desert
Monocyte / DC	LM22	BS_ZVM8CAB0	0.49250466684514804	Lymphocyte-inflamed
Monocyte / DC	LM22	BS_ZZWMD6FA	-0.7181121627722528	Lymphocyte-inflamed
