sample	LM22_B cells naive	LM22_B cells memory	LM22_Plasma cells	LM22_T cells CD8	LM22_T cells CD4 naive	LM22_T cells CD4 memory resting	LM22_T cells CD4 memory activated	LM22_T cells follicular helper	LM22_T cells regulatory (Tregs)	LM22_T cells gamma delta	LM22_NK cells resting	LM22_NK cells activated	LM22_Monocytes	LM22_Macrophages M0	LM22_Macrophages M1	LM22_Macrophages M2	LM22_Dendritic cells resting	LM22_Dendritic cells activated	LM22_Mast cells resting	LM22_Mast cells activated	LM22_Eosinophils	LM22_Neutrophils	ssGSEA_Microglia_Core_Homeostatic	ssGSEA_Microglia_Klemm2020	ssGSEA_MDM_Klemm2020	ssGSEA_MgTAM_Antunes2021	ssGSEA_MoTAM_Antunes2021	ssGSEA_DAM_KerenShaul2017	ssGSEA_MHC_Class_I	ssGSEA_MHC_Class_II	ssGSEA_IFN_Gamma_Response	ssGSEA_IFN_Alpha_Response	ssGSEA_T_Cell_Cytotoxicity	ssGSEA_T_Cell_Exhaustion	ssGSEA_Chemokine_T_Cell_Recruitment	ssGSEA_MAPK_Activity	ssGSEA_TGFb_Immunosuppression	ssGSEA_M1_Macrophage	ssGSEA_M2_Macrophage	ssGSEA_Glioma_Inflammatory_Wang2017	ssGSEA_NK_Cell_Activity	ssGSEA_Tregs_Friebel2020	ssGSEA_Dendritic_Cell_Activation	ssGSEA_Neutrophil_Activation	ssGSEA_Cell_Cycle_Proliferation	ssGSEA_Stemness_Brain_Tumor
BS_00FD2KMP	0.1496051786715155	-0.6068953102641258	-0.370791755245268	0.3596929129241262	3.222205153614141	-1.4201809865395374	-0.1408734222202835	1.9244389670790216	-0.4079036002759198	-0.1585278138871224	-0.7745319388608707	-0.1111790593015822	1.3797319288268466	-0.3758411871729064	-0.5043245057492713	0.0326936786570041	-0.1420139649526557	-0.3728630296807749	-0.5862735419452659	0.6206593811314529	-0.3746095994758047	-0.5995708694470769	-0.4435352179021329	-0.6502687680271747	-1.200248437956277	-0.5547392743953687	-1.7363610666376867	-1.420761895100071	-1.6497857345483322	-1.5319642923183725	-1.1328660631836345	-1.2670299500586957	-0.4753026218711585	-0.2421056553758971	-0.7343149328473088	-2.0652826337831227	-0.3963963855043628	-0.5341347307696309	-0.3714560807248683	-0.7394559414102658	-0.0727773596333436	-0.0927231329601365	-0.3123217185894016	-0.6221997246970843	0.2695463024956324	-0.1126045036955519
BS_028YFYJ6	-0.4471393430061919	2.301699940926154	-0.370791755245268	-0.208492839511394	-0.193332071894507	0.8403641480858927	-0.1408734222202835	-0.6149355777657528	-0.4079036002759198	-0.1585278138871224	0.8691838845546296	-0.3048783719070555	-0.2015312176459023	-0.3758411871729064	-0.5043245057492713	0.0847586709633644	-0.1420139649526557	0.1374243445595601	0.3959799357769494	-0.6778638900370056	-0.2728443033852992	-0.5018686637581837	-1.045865672019903	-0.8439841773408142	1.0302970474349589	-1.0414548294333208	0.6214997818391358	0.8922030582493721	-1.1220154101666666	0.4553776146405807	-0.5367086425606277	-0.3607449339235283	-0.8510204603452829	0.3019387500693419	-0.9243087456557508	-0.3267912912839301	-0.8509920671047958	-0.224492794091605	0.2531612241231251	-0.2612993285205919	-0.0540288344617566	-0.4669677353736444	-0.1280840564854948	0.746541011075182	0.1576942020981188	-0.2965692388919305
BS_052PZFMK	-0.4471393430061919	-0.6068953102641258	-0.2359973558037219	0.0089721562615578	-0.193332071894507	0.203681473386921	-0.1408734222202835	1.0192126752244863	-0.4079036002759198	-0.1585278138871224	-0.7745319388608707	0.9009909162073984	-1.404766827970508	-0.3758411871729064	-0.5043245057492713	0.7956512335195892	-0.1420139649526557	-0.3728630296807749	1.5967821582343589	-0.6778638900370056	-0.3746095994758047	-0.4806168944778475	-2.1260564079988584	-2.4020245536127307	-1.2926909589344682	-1.893944941685125	-1.5585672278871845	-2.617683594738786	0.0775764357580559	-1.596161754452139	-1.4476078988724386	-1.558945976513591	-1.2983214882987668	-0.7975918739894353	-1.761626151912901	-2.7226101287382978	-0.7594836346676345	-1.487657374080292	-1.671756945695071	-1.3407641241177166	-1.3933961076941213	-0.7853324168863027	-1.1626095184354803	-0.5595392555746864	1.7394921730017163	-1.228755260495334
BS_056Q8577	-0.4283290460909039	-0.6068953102641258	-0.370791755245268	-1.0254388333387716	-0.193332071894507	-1.0953301690821446	-0.1408734222202835	3.360262268339312	-0.4079036002759198	-0.1585278138871224	-0.7745319388608707	0.7677807310986727	0.1758907755477358	-0.3758411871729064	0.8607334701793479	0.8307097655307455	-0.1420139649526557	-0.3728630296807749	-0.4740523149993906	-0.6778638900370056	4.470363544341553	-0.5995708694470769	-0.1627383363108294	-0.2893645678869841	-0.7655788670896444	0.0649827220696066	-0.6602423583419492	-1.2439980585045158	-0.6837551840426768	-0.97048015380704	0.9805326230106632	1.1706094191015133	0.128905839536578	1.1029229523915796	0.3414870849402644	-0.8869385863977935	1.430516017916906	1.6327708322971457	-0.6681539611528378	0.0978332496319883	-0.4181058577845004	1.3080893799805886	0.926372011718243	-0.1331992261317112	1.2592580983809127	0.1206225400273856
BS_08ST21QE	0.0661843784224666	0.8788230399998291	-0.370791755245268	0.0606477472174009	-0.193332071894507	-1.1927456052464147	-0.1408734222202835	-0.706011055186052	-0.4079036002759198	-0.1585278138871224	-0.7745319388608707	-1.1167514489788015	-0.5832687794446126	-0.2356326408329324	0.8689028639299649	2.382497794527784	-0.1420139649526557	-0.3728630296807749	-0.539612146015661	-0.6778638900370056	-0.3746095994758047	-0.4590764306058675	-0.2821585709287768	-0.278465919828577	0.9984392823263198	-0.4414799937694996	1.0431242875663296	0.982900109929267	-0.2228078843662451	0.7235224037465214	0.8197460210946236	0.7752711721670477	-0.1781539612220975	0.4959357366894338	0.5117761754030117	-1.501907859412796	0.5016359643957976	0.4757834136553861	1.1092218081460816	0.2801532168397259	0.4118094599364268	-0.2827151317647803	1.1707451840634435	0.7356136516923321	-0.1385428329398662	-1.1333434939373666
BS_0C7VZC0A	0.2909056465255765	-0.6068953102641258	-0.370791755245268	-0.749750211152502	-0.193332071894507	1.4134454035116313	-0.1408734222202835	0.4055574923014627	1.1824980776209812	-0.1585278138871224	1.0658912345225515	0.7202331843462534	-0.7906734007308694	-0.3758411871729064	-0.5043245057492713	-0.1941997667117373	-0.1420139649526557	-0.3728630296807749	0.9279713471082464	-0.6778638900370056	-0.3746095994758047	-0.3920450727888664	0.210807075166074	0.2596336314910462	-0.6928934401323958	0.020030727787663	-0.6344893981945864	0.3061309696092814	-0.1908920602677922	0.1152888897463074	-0.9879183796102746	-0.9082525900361776	-1.0244817783375275	-0.501999722531197	-1.3684626447719606	0.3946505782394517	-0.8287259065372113	-1.3278235583349398	-0.0201685861493761	-1.375229506123971	-1.1373325863804624	-0.822812643424792	-1.1718282632237311	-0.8579114902916039	-1.1340796833903903	0.2704306880243314
BS_0S8E7590	-0.4471393430061919	-0.3633253996232657	-0.370791755245268	0.4428115683583525	-0.193332071894507	0.6845918342987553	-0.1408734222202835	1.503199206759534	-0.4079036002759198	-0.1585278138871224	2.899451210128466	-0.2482437990324882	-0.1972460883582744	0.0512276298769078	8.858960593334974	-2.549972552958048	-0.1420139649526557	-0.3728630296807749	-0.1282633489160867	-0.6778638900370056	-0.3746095994758047	4.788166743040945	-1.0741733971390364	-1.2228641035347323	0.6596533998895187	-1.0260393850304894	0.8290977632029504	0.1953496689556533	0.2768358029612117	0.4654709070336496	1.9019602772808597	0.7301812844797151	0.9951863537114805	1.1728211341090573	0.9588828624309848	1.029895305993184	2.251312944501924	1.6552943556848878	0.9080037702121732	1.4018508114719308	0.8199500108232154	1.9917153747907053	1.36606729625719	1.6975329896969067	0.7346527751268117	1.9605428504657056
BS_0VXZCRJS	-0.0476732815992901	-0.5637431621514448	-0.370791755245268	0.289064545263847	-0.193332071894507	0.9125845329507432	-0.1408734222202835	-0.3677754155644733	0.2060780057484159	-0.1585278138871224	2.884746797777245	-0.268805021584659	0.1129763118079137	-0.3758411871729064	-0.5043245057492713	-1.0157976298906743	-0.1420139649526557	-0.3728630296807749	1.2898974783477093	-0.6778638900370056	-0.2746672822608245	0.0406268763047958	-0.2672580978314262	-0.2124094408384741	-0.8396812037735337	-0.1909223983318501	-0.3776280199206733	-0.0740010615201191	0.1348613466636186	0.2698241652231268	-0.7485790754458981	-1.3198277076833036	-0.6158118169242526	-0.5062256315040043	-0.5624335021030304	0.7169434540588202	-0.5660481050962413	-0.1666144888534202	-1.405879500462884	-0.4656972220454736	-0.5004266712182608	-0.8043758472130814	-0.768128270971076	-0.4447163135828506	0.6266101718987674	0.498521942937049
BS_0XEBS3PG	-0.2954695552018977	-0.0681698676334696	-0.370791755245268	-0.5655676035262199	-0.193332071894507	0.4693473294476535	-0.1408734222202835	-0.9872668175857844	-0.4079036002759198	-0.1585278138871224	1.2488642610577063	-1.1167514489788015	2.279853934246725	-0.3758411871729064	-0.3598058156452315	-0.6385600842233811	-0.1420139649526557	-0.3728630296807749	0.5140989139180071	-0.6778638900370056	0.7320821878689351	-0.4684889066536137	0.1017303082793255	0.2168053949052301	-1.5954151281359512	-0.0249072333877101	-1.7997424959044668	-1.8274187469080485	-2.1552313926511504	-2.9114632831982226	-1.568463170212398	-1.0321115901894868	-1.0531215422549969	-0.8583804941040526	-1.1443922746009794	-1.4346637598962009	-1.259330533656957	-1.2281659333877952	-1.600801350556509	-1.0633418023695982	-0.5675034371803883	-0.8264889705022459	-0.1053578579983648	-0.8178887813377735	-1.0211567113626905	-2.567741806256772
BS_0ZA67BBC	-0.4471393430061919	0.4102862818985655	-0.1217698926627266	-0.8289006619375135	-0.193332071894507	0.0549197465867357	-0.1408734222202835	-0.4034320732060771	-0.4079036002759198	-0.1585278138871224	0.076137008189033	-0.0568403414433531	1.9724029116075656	-0.3758411871729064	-0.5043245057492713	-1.896940097131731	-0.1420139649526557	-0.1286165884697936	-0.5862735419452659	3.287929934801844	0.461705809825363	-0.5995708694470769	0.6871700884567898	0.7269702134298374	-1.0951957771338487	0.6325077669247262	-0.4340790523437234	-1.0173561162243652	-1.204784281443265	-1.7092347789865936	-1.3472631694675352	-0.5664790349393614	-1.2122029548987756	-0.8566791274414355	-0.7957952948753625	-1.4538295358778626	-1.4675522459628134	-0.4856370774102792	-1.4541525909835564	-1.5102604046124266	-1.3088956942412568	-1.3115157948211127	-0.9527135908225474	-0.0970146954397669	-0.3757873000190738	0.7212998529775568
BS_12G04QJM	-0.4287530689687819	-0.6068953102641258	-0.370791755245268	0.6450043456422787	-0.193332071894507	-1.4201809865395374	-0.1408734222202835	0.1998524517248629	0.3086884345708874	-0.1585278138871224	-0.7745319388608707	-1.1167514489788015	-1.3981243586170553	1.2328520801220135	1.5032706814701362	-0.2488409754208508	3.51355839281356	-0.3728630296807749	4.234217071938204	-0.6778638900370056	-0.3746095994758047	-0.4821395229574415	-1.5031118107376051	-1.5625037033880271	-0.4001586913634153	-1.3485016193093946	-0.5746121762423461	-0.9965449390129176	-0.1248693669818434	-1.4598800853091645	0.7859497001563882	1.2065824855379486	-0.6954952919300305	-0.0360832264272612	-0.4234954102536666	1.3316633266696958	-1.3436296684377869	-0.2541577883588996	-0.7666174073099614	-0.171956223975951	0.2251675779459981	-0.4357117342203986	-0.4396463049805448	-0.3566708218081829	1.663064130732843	-0.6434116087049284
BS_17ZSMXFH	0.0542743729196088	2.092456267323956	2.303648459382106	0.4882745000320095	10.13146630686084	-0.9162670206926364	-0.1408734222202835	-0.9872668175857844	-0.4079036002759198	-0.1585278138871224	2.551028009097428	-1.1167514489788015	1.4024201053878218	0.4666796045698917	-0.5043245057492713	-2.549972552958048	-0.1420139649526557	-0.3728630296807749	1.57479994225886	-0.6778638900370056	-0.3746095994758047	0.3795208364932217	-1.0134795874473743	-1.1352273311503465	-1.5416906987769965	-0.9650679846324924	-1.4381927203322906	-2.2213063049669035	-0.4399367113819811	-2.409013171419097	-0.5448380912256136	-0.483073031336758	0.158149295119882	-1.1903720203469663	-0.8132486097991432	0.7403924845885069	-0.2705548147612627	-0.8428105636325205	-1.3363446875751497	-0.4210655623255482	-0.2446689411141128	-0.3667188880113572	-0.0606151994798525	-0.321966563740497	0.4547701079273056	1.2171291755560742
BS_1A6MQ9ZA	-0.4471393430061919	-0.6068953102641258	-0.1629104165524627	-0.693875601222739	-0.1633211013567372	-1.3925775799424385	-0.1408734222202835	-0.6168170644319888	-0.4079036002759198	-0.1585278138871224	-0.7745319388608707	-0.7706269011040398	-1.4276444028485284	2.201926314267709	0.3266700432057082	0.6696409928041871	-0.1420139649526557	-0.3728630296807749	0.8344163181673483	-0.6778638900370056	-0.3746095994758047	2.9666055922156014	-1.0073149146477212	-1.091563274643253	0.3428243696561949	-0.8474983242670044	0.4667610592573462	-0.5295216942905072	0.2675733917175962	-0.4454990488664912	0.8864314720113617	1.7398072847992114	-0.7835038594854838	-1.4624573468241455	-0.3775934723394302	1.2886913182110336	-0.4393545826849148	0.4834705922503766	-0.075818420093694	-0.4492967957966375	-0.4197331440559537	-0.4915755456636482	-0.4357108386251727	0.8389927431384826	1.050969880373343	0.6332220003162099
BS_1D93Z575	-0.4471393430061919	-0.5665290460994588	-0.370791755245268	-0.4102565522576525	-0.193332071894507	-0.1264549274779657	-0.1408734222202835	-0.976681762865652	-0.4079036002759198	-0.1585278138871224	0.1202519588384754	0.8028323994385775	0.8317184467376527	-0.3758411871729064	-0.5043245057492713	0.4288613778140757	-0.1420139649526557	0.6206817469270812	-0.5862735419452659	-0.2703247362969552	-0.3746095994758047	0.9645864834718356	-1.0441740707507543	-0.8881403361215296	0.3124545696172111	-0.9151249472892576	0.686887158447701	0.3750869884724898	0.4930730804052005	0.0322794524166381	-0.7208590378162275	-1.0316702065932526	0.0601794988857948	-0.6583744752704301	-0.2014902627312077	0.4814137899306522	-0.3708626792250272	-0.3576905863845704	0.2358766862679183	-0.2484857042026662	0.2847014010568202	-0.3951667750518121	0.0297029514049882	0.8892301042635447	0.9064607068650864	0.2369819388350766
BS_1EN5V3XW	-0.4471393430061919	-0.3127371626844998	-0.370791755245268	-0.776386746872159	-0.193332071894507	-0.1943698086462839	-0.1408734222202835	1.0594010688775175	-0.4079036002759198	-0.1585278138871224	-0.7745319388608707	1.859053679836516	-0.2633724632841449	-0.3758411871729064	-0.5043245057492713	0.8458804686660206	-0.1420139649526557	-0.0854334192096461	-0.5862735419452659	0.366155891906042	-0.3746095994758047	-0.5995708694470769	-1.3196840411367052	-1.388924947780546	-1.266198202533624	-1.3192356511135288	-1.373341397472677	-2.5318621723720023	-0.0295956284503037	-0.5832161762364241	-1.2339782654625542	-1.3254526709263896	-1.899955679980799	0.2619491874229132	-0.9126629308966488	-1.743219831872698	-1.1998589153924808	-1.6002736123450163	-1.3959352073236484	-1.5306001125100546	-2.0354101145084265	-0.9133063778955016	-0.8742341841048691	-1.9656837240162943	0.9833862476033488	-0.4894755975316943
BS_223BM91B	-0.4471393430061919	-0.3804461308998056	-0.370791755245268	-1.0254388333387716	-0.193332071894507	1.9398878456149269	-0.1408734222202835	-0.4464806287801935	0.1030540940859894	-0.1585278138871224	0.0237803447843509	-1.1167514489788015	0.2387701936688626	-0.3758411871729064	3.7277811524018256	-0.0858000666823547	-0.1420139649526557	-0.3728630296807749	-0.5862735419452659	0.1122318655481059	-0.3184121503723015	-0.2275144165937925	-0.3417179118693593	-0.267267285698082	1.1310690119885418	-0.3902454817869176	1.3506222862500747	0.7884102274048455	-0.0374683557417655	0.8739847386540388	1.439615594161256	1.1223656728561493	0.4888528371806155	0.484656690691633	0.5576949470581039	0.0774182617335084	1.583463377900851	1.4414751500830378	0.437767186891253	1.240250782520909	0.9705952087093672	0.6405297886302791	1.4495284933805186	0.7581367866679585	0.6042576542050301	-0.2558887898347662
BS_25HNKZ79	1.4978648234550174	-0.6068953102641258	-0.1915492314693244	-0.7578730950737849	-0.193332071894507	-1.4201809865395374	-0.1408734222202835	-0.7048420661132755	-0.4079036002759198	-0.1585278138871224	-0.7315412859193365	-1.0494558713221265	-1.270585215185045	2.182381708006054	0.3153542806888517	1.3780656237316171	-0.1420139649526557	-0.3728630296807749	0.712128822018836	-0.6778638900370056	-0.3746095994758047	-0.5995708694470769	0.1241226190047323	0.2553754979493873	1.2073259555303066	0.1961307358388364	0.9515747446028654	0.9844720659438306	0.3458230457302043	0.6893785425311576	0.4282702494567474	0.5728173543891335	0.6586985038317049	0.3759670702654741	0.5529194889877432	1.24896590338807	1.2350616826434098	0.508631752363024	0.9095807278840282	0.5329228314760459	1.1453003456520217	0.3906462686798803	0.7841352899096102	1.6350428760051952	0.7997240389386706	-0.1864729134114113
BS_2853394H	0.9018856526473752	-0.6068953102641258	-0.370791755245268	1.039163984916547	-0.193332071894507	-1.4201809865395374	-0.1408734222202835	0.1340147822295968	-0.4079036002759198	-0.1585278138871224	-0.7745319388608707	-0.2693687498241142	-0.7009454294184113	-0.3758411871729064	-0.5043245057492713	-0.1996124140345431	-0.1420139649526557	-0.3728630296807749	-0.5862735419452659	2.129252588298028	0.5507773518214633	2.2592179307797102	-1.1002685169138295	-1.3461950004504877	-2.031537033176276	-1.1308688006461087	-2.257894368818544	-2.2592737912414207	-1.1594441237729505	-2.0333627624042965	-1.7317744556132924	-1.7383594037151695	-1.0654284435674737	-0.8799167576152556	-1.5515337009006225	-3.115258998284803	-0.8808819775667249	-0.580663893863188	-2.0790783585763943	-1.0453272480328435	-1.056104005036088	-0.0517979527786326	-0.7206462701105767	-0.3611837831502427	0.8112639694189109	1.4488529092704483
BS_297H8BT4	-0.2703122076063469	0.3348390446709454	-0.370791755245268	-0.5171761818900976	-0.193332071894507	1.1345223315169344	-0.1408734222202835	-0.780898553092498	0.1584958923521131	-0.1585278138871224	4.13216296589143	-1.0362427492157364	0.310298570015274	-0.3758411871729064	-0.3087918476303475	-0.7197624297285011	-0.1420139649526557	-0.0482130572943804	-0.5862735419452659	0.0582814345216452	0.2726157336193349	-0.1854809443037108	-0.460520846773316	-0.3650719656232257	0.6769080812794426	-0.1605133863581663	0.9986397263697344	-0.0561703358131468	0.051147029453565	-0.1365446740292836	0.2875820574710868	-0.6617657043721802	0.1631565961431406	-0.4462314084217217	0.4013421448334179	1.3772139549024225	0.2426514279992631	0.9223817170418884	0.1865046009850516	0.0485241259765378	1.2193971847643397	0.6300777819090017	1.173484080392782	0.8615374594016737	0.7402129473223574	0.2659130186238184
BS_29X4ZX6Q	-0.4471393430061919	0.136545052884848	-0.370791755245268	1.090286922482187	-0.193332071894507	0.3413541814894374	-0.1408734222202835	-0.3705227803938353	0.5972699145524575	-0.1585278138871224	-0.4221916151663848	0.0148397640817624	-1.0815911410940755	1.691825016272691	-0.3654630394425328	-1.0397213576209308	-0.1420139649526557	-0.3728630296807749	2.393065035732984	-0.6778638900370056	-0.3746095994758047	-0.5995708694470769	-1.3297164308237843	-1.2744767408379782	-0.5286309435931726	-1.2200907086852202	-1.032241972272894	-0.8127102216452141	-0.4712623211873175	-1.381807711229628	-1.2803021059795403	-1.5683740106385415	-0.8286869198164836	-1.1908788101977683	-1.2583497884249302	0.6936594558197123	-1.791599607891361	-1.4000116580382724	-0.4352517270521537	-0.7272442776967126	-0.9418957615539658	-0.6726827270398694	-0.944303121926114	-1.589178046015962	1.0257615343271893	0.5738548377557915
BS_2A5R9MEJ	-0.2812194707547526	-0.515472256737387	-0.370791755245268	-0.4966223881077024	-0.193332071894507	1.949812069672974	-0.1408734222202835	1.0478972765324155	1.016844852522039	-0.1585278138871224	2.2663944930299755	1.2227703948609554	-0.7395164534460886	-0.3758411871729064	-0.5043245057492713	-1.694938441468411	-0.1420139649526557	-0.0151131045585547	1.96311278126426	-0.6778638900370056	-0.3746095994758047	0.1876636277325285	-0.0903630316515571	-0.1023947817589025	-2.363418536035281	-0.1001273026472776	-2.1637526369116933	-0.9724857962697064	-0.5504327788041512	-0.5114399033219229	-0.2809750145335331	0.3653375558236386	-1.12865339856989	-1.3429132682183018	-1.7921570747805995	-1.2776655967733943	-2.7435483683127475	-1.0435097893073146	-2.358992073130165	-1.4036563384959042	-0.9845354637789392	-1.97098169652896	-1.9913008921452489	-1.5866386253480411	0.651786018182312	0.5498917558561981
BS_2ARXK0TD	0.8324263916838298	-0.6068953102641258	2.115484649944238	-1.0254388333387716	-0.193332071894507	-0.8957212991503017	-0.1408734222202835	2.1976596372455366	-0.4079036002759198	-0.1585278138871224	-0.3600401225682148	-1.1167514489788015	0.317449686801281	-0.3758411871729064	-0.5043245057492713	-0.7999979281109377	-0.1420139649526557	2.059153972897884	-0.5862735419452659	-0.6778638900370056	9.21638655739999	2.5553922113473986	0.1321632514141025	-0.0094212567627566	0.6702986642346298	0.1362814434412362	0.6717657940335601	-0.0300026152882966	-0.1501667913857528	0.0259794245709187	0.4075306846056154	0.1544380326137545	0.5662264914838608	0.9182559271032216	0.4628127028796645	0.3745053472846458	1.9838433935823696	0.8352825758621413	1.0414425518912478	0.661740861759773	0.5118965934815192	1.3379943773605352	0.5421441076226516	1.3717907713400823	0.9916704034468448	0.830806412524036
BS_2AV1H5TV	-0.4471393430061919	2.159838994896876	-0.370791755245268	-0.6879342339455726	-0.193332071894507	-0.3391202758828435	-0.1408734222202835	-0.5971773077311335	-0.4079036002759198	-0.1585278138871224	-0.7745319388608707	0.6029323046485845	0.8514943621930473	-0.3758411871729064	-0.5043245057492713	-0.6305125291565625	0.2164233496864725	-0.3728630296807749	2.7661462208223586	-0.6778638900370056	-0.3746095994758047	-0.0381456610525835	-0.7844249129154797	-0.6989061059629209	-0.4343784653188664	-0.7472929046479471	-0.2297843952157689	0.0863238835734072	-1.7314884666561818	-0.1968719753782598	-0.8794253988210912	-0.6141388157223275	-0.030756296370886	0.5373127879540561	-0.5611968681591427	0.0452449359057352	-0.4143715456123879	-0.1281165161351259	-0.4201970853874619	-0.094130608674289	0.1795601476698199	-0.0237186977037425	0.3944191352152743	0.5249347311159491	0.9926762186652088	0.9586935431754774
BS_2DMBCHNF	-0.2990335470322753	-0.0950272532339027	-0.370791755245268	-1.0254388333387716	0.2772265063556773	-0.7159952940030857	-0.1408734222202835	-0.3558851489605339	-0.4079036002759198	8.811255980420368	-0.7745319388608707	1.953498152388084	-0.3820943449451773	0.0710011944791948	-0.2643241376121763	1.018806975125993	-0.1420139649526557	-0.3728630296807749	-0.5862735419452659	-0.5668003326183874	-0.3746095994758047	0.7038472467150065	-0.4310579604642865	-0.2877603465447734	1.3636244777230235	-0.2624436441502982	1.3851124792620413	0.62216173097059	1.3010064789930125	0.4274998028966366	1.1796654815154528	0.2684390928843819	1.7859502082751868	0.3355506390135765	1.1423195901630092	1.408744092961501	1.6947541543019524	1.5517051424383164	0.9604686416777836	1.522249338891793	2.349096289280295	0.8869983090656218	0.385653679630385	1.0698008528559568	1.6073946571054885	-3.0448048148682934
BS_2EN3X6HB	-0.2087908773936719	-0.6068953102641258	-0.2650785792518862	-0.1193298835271518	-0.193332071894507	1.882575812776137	-0.1408734222202835	-0.2202939857060858	-0.4079036002759198	-0.1585278138871224	-0.3510037425088304	1.8508499717074136	0.3069619335156649	-0.3758411871729064	-0.4578760111891375	-0.4375568039920278	-0.1420139649526557	0.0006121513098919	-0.5862735419452659	-0.3432731091395138	-0.3746095994758047	-0.2430728345539232	0.3225847529089494	0.2633716013166886	0.7812922710501928	0.4070621072875572	0.5574950939732012	0.0760610353173523	0.1983158866725163	0.6054871535212843	0.1643446998531457	-0.3279804194524214	-0.0969730604416567	-0.1040253804214801	0.4452094507024374	0.9598879762250562	-0.0364965504927399	0.0251200509155339	0.1364709027185321	0.0415337647222928	-0.1758906276024279	0.2510306946247143	0.0035430701876796	0.2298535988678609	1.309411889766335	-0.3992551196177898
BS_2FEZWH1F	-0.4471393430061919	0.1654007639295494	-0.370791755245268	0.0165668028622787	-0.193332071894507	-1.2225899979607615	3.3861882580125955	-0.5387896789659483	0.3392797732515057	-0.1585278138871224	0.2681501719094473	-1.1167514489788015	-1.4276444028485284	0.253910236065377	-0.5043245057492713	1.784281665392325	0.6424216054139981	-0.3728630296807749	-0.5862735419452659	0.1030137160059088	-0.3746095994758047	0.5644544151827318	-0.3750867918485223	-0.2845014091621313	1.4238585582236416	-0.2817182509761843	1.5979911730601266	1.5003075090621698	0.9493049312517003	1.2156389718453369	1.1092267656158794	0.8770146718698164	1.0366583733359878	0.7393141691202246	1.1929100873045697	0.102760599385413	0.7738264724786589	1.4783102831651247	0.705599139488139	1.605246780390424	1.7861040009777296	0.5878144652135748	0.7886094525313213	1.322542815782377	0.7922896227545875	0.5156189908664939
BS_2HNXVFAS	-0.2835722899219217	0.5332930210222419	-0.115228246667864	-0.5197760598751564	-0.193332071894507	1.7382298091197528	-0.1408734222202835	0.2367060139463545	2.880529059149662	-0.1585278138871224	1.5101170030110591	-0.7604117334229552	-0.8242878985835458	0.845238526801204	0.233848163675094	-0.4931218018623093	-0.1420139649526557	-0.3728630296807749	-0.3551904410341741	-0.6778638900370056	-0.3746095994758047	-0.5995708694470769	-0.6345187796876904	-0.567173937179232	0.0525787319102318	-0.5320641736974625	-0.5467623519700606	-0.5669092908530982	0.491214659701385	-0.3055807233593854	-0.1273878758274148	0.4765401081190694	-0.7293615212675089	-1.4644826162545062	-0.7866290722286916	0.2381525957216509	-0.9346325129810068	-1.068171401344418	0.1297614623813786	-0.4537149020301864	-1.0070740688765742	-0.5390527442267532	-1.0855731728703075	-0.9147715646197254	1.0151002953360535	1.0470662874757746
BS_2JH1QMT1	-0.4286346997568923	0.5759290789052561	-0.370791755245268	0.0361714742492166	-0.193332071894507	-0.4935688273906804	-0.1408734222202835	0.1557321762591193	1.6615973133935185	-0.1585278138871224	-0.4910365391754327	-1.1167514489788015	-0.7586462222236531	-0.3758411871729064	-0.0507595150177194	1.4300253318872795	-0.1420139649526557	-0.3728630296807749	0.6390645711485692	-0.6778638900370056	-0.3149267053528687	-0.5065687589189827	0.6118854530365458	0.6509890298192688	-1.1952485483571909	0.6198841054024788	-0.8557568806663903	-0.3934010176922343	0.5401233585088159	-0.0040193713807526	-0.3081162348072267	0.9725299044437996	-0.8289192017749449	-0.0334340899096867	-0.8092914843512103	-0.4917472964836925	-0.3747430444915257	-0.6725817331001614	-1.0872535100156036	-0.8320265740589043	-0.576831521719895	-0.4602085900333462	-0.2067477895898822	-1.1602296468085336	0.4640674332095146	1.1951458369021657
BS_2JP7RBMB	0.0138292459731791	0.7922080780271695	0.1005229046543047	-0.5964319833519742	-0.193332071894507	0.0612016779803106	-0.1408734222202835	-0.3050459614721272	0.100936251707045	-0.1585278138871224	2.059001286742397	-1.0207075714291178	-0.8583974583170336	0.6033881864876188	-0.5043245057492713	-0.1323384307695987	-0.1420139649526557	-0.3728630296807749	1.411848833332458	-0.6778638900370056	-0.3746095994758047	-0.1263388860952798	0.4023223603252444	0.4916344734782123	-0.7069011298368996	0.3892848912228557	-0.3558568979039595	-0.0204363730031588	-1.6132026127745125	-0.6401618627698316	-0.8574044595336693	-1.2629564904506707	0.1443248392718225	-0.6895383392550479	-0.7781672390044474	-1.3407171713635724	-0.0567840422605088	-0.3882323244531678	-0.4382111809651553	-0.106918611150857	0.756630177061224	-1.0994665358214657	-1.1731617287002731	-0.4487241785698089	0.6283609658842585	0.8253578428826367
BS_2K01T8K6	-0.3933880460503628	-0.1719071455436877	-0.370791755245268	-0.471857744916587	-0.193332071894507	1.5325183283823889	-0.1408734222202835	2.577417853446128	-0.0373911888424339	-0.1585278138871224	-0.2756176848650388	0.21033255091493	-0.2984099604579237	2.647215003407794	-0.4474157041401212	-1.6760300098666607	-0.1420139649526557	-0.3728630296807749	-0.1082911039255945	-0.6778638900370056	-0.1279762781559782	-0.3511099201075013	-0.3468275907579231	-0.3554093857179245	0.9013336254808816	-0.3196035442471965	0.9092448123281178	0.5872716024201854	0.3492904242211412	-0.7077005698609952	0.6271248665550084	0.357479720228799	0.8890712279126842	0.7005435544621557	0.2380833956405312	0.684649028703071	1.3669116174833278	0.6481005740524433	0.8618198240962791	0.6067533722411808	0.9073433567019838	1.5510450888883676	0.8693453526623279	1.5114913705377646	1.7708533488383325	1.9280360222888269
BS_2PDS3MSS	-0.4471393430061919	0.0819120692425118	-0.370791755245268	2.1817619981933127	-0.193332071894507	-1.369445911177077	-0.1408734222202835	0.3529443028815703	-0.4079036002759198	-0.1585278138871224	0.0491554829641707	-1.1167514489788015	1.4596998315359966	-0.3758411871729064	-0.2832910740579605	0.6048679806926963	-0.1420139649526557	-0.3728630296807749	-0.5862735419452659	-0.6778638900370056	-0.3746095994758047	-0.5995708694470769	-0.5431988316832069	-0.4787891062297409	0.5937271970422547	-0.617733666346548	0.8254605865929662	0.7895877504104032	0.5757879265513002	0.724506176036366	0.7856862149060316	1.222870838287894	1.1281577780572465	0.0203755318520001	0.0099675172997405	-1.293564353442375	-0.4291529910746841	0.4114429694128464	-0.1696096952601847	1.317481387364791	0.1492216764739637	0.2461797062122284	0.0433945405563227	0.6406366801007339	1.2521410222585598	-0.1340925375692635
BS_2T5PJAW8	0.3451231771959638	-0.6068953102641258	-0.2980863864666189	-0.974307095136752	-0.193332071894507	-0.1569095484795254	-0.1408734222202835	-0.9784155293499198	-0.4079036002759198	-0.1585278138871224	-0.7745319388608707	1.0459167198433348	1.9295211659043296	-0.3758411871729064	1.3702889519746546	-0.3396973961077489	-0.1420139649526557	-0.3728630296807749	-0.5862735419452659	0.1741841917947866	-0.3746095994758047	1.215109521889209	0.5406407141779418	0.5712823484056329	0.0130546716301447	0.4864116667848293	0.4039934770285543	-0.7957265383018393	-0.8978404087353283	0.1134565763918528	-0.0874727275716929	0.5449076039215097	0.2279285101160732	-0.0286324534954527	0.3737959748254477	-1.108852395524149	-0.0043061198736231	0.7161640860475749	-0.5163336983118627	0.2859814685338192	0.0194952558654467	-0.2599081983171086	0.868278167261805	1.0961812262474706	-0.5508211288538419	-0.6364041068335641
BS_2WANPFBJ	-0.28491826212117	-0.5609681600246966	-0.370791755245268	-1.0254388333387716	-0.193332071894507	1.3403473589772203	-0.1408734222202835	-0.1552560983714621	-0.4079036002759198	-0.1585278138871224	1.0678069050821497	-0.6143797678699966	-0.3379694628792452	-0.3758411871729064	-0.458941093765403	0.695791093030165	0.0905022868342666	-0.3728630296807749	-0.5862735419452659	-0.6764131345736202	1.4799729202300012	-0.2355497410732644	-1.041140303507455	-0.9673425910190636	1.0904652688872238	-1.0027276947158932	0.9576292626145612	1.2701412104630456	0.2317768133161065	0.5164142931660384	0.0598790340934846	-0.8473207360058451	0.5387396160423272	0.506429886846782	-0.0631204094774778	-0.4020695043157546	0.5512456427060877	0.6912607488822595	0.7458019676645451	0.8026600635470134	1.026824103188425	0.6824428781315128	0.8460103477000639	0.9502134924134188	1.2275378175462082	0.377635300803944
BS_30F3Z9FS	-0.1536656278877021	-0.6068953102641258	-0.370791755245268	-1.0254388333387716	-0.193332071894507	-0.4037698701731242	-0.1408734222202835	0.8159797679430527	-0.4079036002759198	-0.1585278138871224	0.592337462915988	0.0662085452940988	2.593674644559876	-0.3758411871729064	-0.3243218319273457	-0.5624317409755533	-0.1420139649526557	-0.3349267621756892	0.8739413279570218	-0.6778638900370056	-0.3746095994758047	-0.5995708694470769	0.2888092422943464	0.2513030821445168	-0.6364424367811141	0.4470636330291733	-0.4065655553932814	0.3943692977772356	-0.0644199865178491	-0.0357708273441069	1.0709701387616202	1.6598068252585525	0.3789923881396209	0.5339128503921878	0.1556380725380896	-0.3343046699101136	0.3295907727175067	0.7090864751854413	-0.2011654327426418	0.2395014838284999	0.5377651289354867	0.9403901097697708	0.7873041369062519	-0.022397993042526	1.168254044672299	1.977380682479904
BS_30VC3R2Q	0.0050101264709394	-0.6068953102641258	-0.370791755245268	-0.1460508750745975	-0.193332071894507	2.717910267969034	-0.1408734222202835	1.0210631781809891	3.388128720698034	-0.1585278138871224	-0.3360582684179938	0.8645515712220565	-0.2719477383644285	0.4686259820115456	-0.4286347052998607	-1.3622737792388182	-0.1420139649526557	-0.3728630296807749	-0.3819840424804842	-0.6778638900370056	-0.3635975875334193	0.1330318107291341	-0.0422928805621657	-0.0102614258189095	0.1919402094383014	-0.1712178314328585	0.6221998389052836	0.0311691444982314	-0.4534342410803288	-0.9081305638731696	-1.26662952829927	-1.3044399806220437	-0.4702110557296636	-1.1316051926219983	-0.7479083151348961	0.9967920938181276	-0.8041202991616688	-0.4217654186597269	0.0912134540824277	-0.7167813616080596	-0.5152898434494524	-0.9903332938112548	-1.5055414276451555	0.0201384347154426	0.0331992930468861	1.1345132027958975
BS_30YWQ3FY	-0.2773719343002325	-0.1233600618142894	-0.370791755245268	-1.0254388333387716	-0.193332071894507	-0.6973185316127056	-0.1408734222202835	0.654824748543773	-0.4079036002759198	-0.1585278138871224	0.291828773356484	-1.1167514489788015	1.591557839686616	0.0611864651922761	-0.5043245057492713	-2.3385863681780585	-0.1420139649526557	-0.2005793840357161	-0.5862735419452659	0.0844419795372416	2.222449056874406	8.833736804419967	0.1038108399189887	-0.0476095206185438	0.9083932155459756	0.2388568418261145	1.036677394507136	0.0288586802136985	-2.54264655578108	-0.5465416642476676	-0.7401725708407716	-1.513193583516938	0.5895039128198065	0.4350438939315673	0.3717570285927581	-0.3685112216390886	1.1408632960932352	0.6936165489101571	0.4868228204148052	-0.0344493185843087	0.0490023751526089	0.9008514606082584	0.987650593830023	2.5221139930751217	1.3249054076284594	1.1954412488488473
BS_31MBRWC4	1.050823323644631	-0.6068953102641258	-0.2539359328958464	-0.2995559868603546	-0.193332071894507	-0.4287773169776387	-0.1408734222202835	1.8766638206636423	-0.4079036002759198	-0.1585278138871224	-0.7745319388608707	-0.3209958979955412	0.956045327630288	1.1392092616682508	-0.1461526646568541	-0.7519292257136707	-0.1420139649526557	-0.3728630296807749	-0.457128069223471	-0.6778638900370056	4.066150347937407	-0.2002185483270379	0.1162876152071876	-0.0198235891765237	0.2142215014217852	0.2161667330354155	0.0247177983130547	0.1688846841485894	-0.8360048167844634	-0.2042490747931196	0.092336623022943	-1.1986222543527207	0.9801385847405516	1.0366439126590308	0.5741097826686231	1.1491444749823752	1.0952957168226327	0.9005698996340403	0.4798419150966083	0.8585968152676855	0.3696822244239047	1.3940101373431284	0.1392235651259779	0.8692283319136707	0.8160878575442844	1.0889891688526503
BS_333KCNDP	-0.408393759852343	0.3051640784823614	1.6609126939722985	0.084104222222787	-0.193332071894507	0.6050352952874064	1.6720233317422546	0.8530516869110776	-0.4079036002759198	-0.1585278138871224	0.2127613416692129	-1.1167514489788015	0.3952029210715777	0.8954837042592403	0.054068538997837	-1.3563330100203603	0.2107232996637335	-0.3728630296807749	-0.5862735419452659	0.1256565687248141	1.2965050982874962	0.5077177032731369	0.5318986415127201	0.4555603235666725	1.6991799069085225	0.6251064309476163	1.852626629631149	0.7773717502518971	0.3990783698156648	0.6495276429853367	0.925132063065086	0.2265871210879652	1.170935916483265	1.488438327503103	0.9221480300416192	0.4431324478622688	2.25191460271825	1.804575115506469	1.890608254982835	1.2541952323488108	1.0347012557659816	2.3946951440851176	1.5723022156327713	2.0580804119487204	0.8931037975370998	0.5606113532300644
BS_399RPKC9	0.1738741751183926	-0.6068953102641258	-0.370791755245268	-0.4731440079929431	-0.193332071894507	0.3384966987807284	-0.1408734222202835	0.4715542597501183	-0.3085826114379013	-0.1585278138871224	1.4532923894268663	-0.3252164981065713	1.540803188269759	-0.3758411871729064	-0.5043245057492713	-0.3498122760415932	-0.1420139649526557	0.607096153331326	-0.5862735419452659	-0.3454678554865864	-0.2008416328902218	-0.2987328450497277	0.2820808489155401	0.3401162014196706	-0.550669307476361	0.2307745956990951	-0.404534268842596	0.0308000252965447	0.2395342589504529	-1.139817637278149	0.4147026924448289	1.4093935891871547	-0.979689214465068	-0.9603776610517756	-0.7934770687907656	-0.5689065571714788	-0.3303404593761812	-0.3183061035771914	0.241629437661348	-0.6257929297801188	-0.9673640855739862	-0.8682125429795955	-0.9585236271673748	-0.6319373660358046	0.098468923003812	0.2485713698814236
BS_3AC3SRWH	-0.4471393430061919	5.102208075097739	-0.1184931690107442	-0.9433482884961694	-0.193332071894507	-0.0974935904531459	-0.1408734222202835	-0.9872668175857844	-0.4079036002759198	-0.1585278138871224	0.1931938343823318	-0.7271093262522813	2.4993454392633643	-0.3758411871729064	-0.5043245057492713	-0.4762391710961133	-0.1420139649526557	0.3577778202566794	-0.3066738516242718	-0.6778638900370056	-0.3746095994758047	-0.5995708694470769	-1.414227886399542	-1.2434186936172893	-1.977385251630986	-1.5589708708335617	-1.841273132303732	-1.5166643641479218	-3.2787608849562546	-1.4639021940729828	-1.279933069837079	-0.6082931237562663	-1.391167018077545	-0.8353991902342816	-1.1722039402619695	-2.306366281056965	-0.9681204039931992	-1.1913440705796174	-0.7427767034343928	-1.3981716517327507	-1.3230539449848124	-0.0058602375466557	0.1415060557155601	-0.4610867643960347	-1.260266563095167	-2.3119253785478766
BS_3MS8WVNR	5.084629469708868	-0.6068953102641258	1.4083142415431946	-1.0254388333387716	-0.0905288953333415	-0.1589680365696828	-0.1408734222202835	-0.0093344540932834	-0.4079036002759198	-0.1585278138871224	-0.7745319388608707	0.7600510150382408	-0.8526752263289034	-0.3758411871729064	-0.1035144642974297	0.3473215869169359	-0.1420139649526557	-0.2957583929468976	1.014587355156128	-0.6778638900370056	-0.3746095994758047	-0.458708803977125	-0.1072720572633698	-0.0535705544289661	-2.172313971539578	0.0872382819207847	-2.253978338953813	-0.4778730811457373	-0.6102110054802592	-1.6684874858263747	-0.4945045351936442	0.2144436189339187	-1.958131909029597	-0.7712969632339909	-1.1765771224822408	-1.8131579545216572	-0.998591869818636	-0.938368327580816	-1.5383561029811397	-1.3552233189533998	-2.303366730960009	-1.349053534387633	-1.6347013842488358	-2.5081032106936125	1.5068553329958576	-0.6435926864893979
BS_3ZPJAK9A	-0.4471393430061919	5.093947732680879	-0.370791755245268	-0.818334785331679	-0.193332071894507	1.2714609183876122	-0.1408734222202835	-0.9872668175857844	-0.4079036002759198	-0.1585278138871224	1.7526613527106245	-1.1167514489788015	-0.9164166439214608	0.531949576657633	-0.5043245057492713	-2.255188308655033	-0.1420139649526557	-0.3728630296807749	2.312462340055376	-0.6778638900370056	-0.3746095994758047	3.197710710110137	-0.0573242522784996	-0.3094865257561823	-0.5048795576967822	-0.0945053336142229	-1.1320888282665098	-0.8786679267885267	-0.4841184901756879	-1.562526527246239	-1.1736478330748052	-0.8634823272511878	-0.6290735682158429	-0.235179838144703	-1.0407035444080803	-1.1575163949876954	0.6673956707892593	-0.1674333122753462	-0.0243031272633916	-0.3069910162174953	-0.0582435505134427	-0.3912641821604237	-0.0724661697737707	0.4225354312614037	-0.2457433323138197	0.332373490242359
BS_45J79YTF	-0.4471393430061919	0.2213263161101824	-0.370791755245268	0.7402273103889141	-0.193332071894507	0.2432577706048412	-0.1408734222202835	-0.4826108683727933	-0.4079036002759198	-0.1585278138871224	0.8231177075113923	0.0163794491064015	-0.4864198212976722	-0.3758411871729064	-0.5043245057492713	0.3826894709108068	-0.1420139649526557	0.5289928050766659	0.6018942437243531	-0.6778638900370056	-0.3746095994758047	-0.3925596901475556	-0.7006246623469109	-0.7487090459816997	-1.790734394316544	-0.8104788318118636	-2.333544045453619	-1.5311393827920556	-2.731860121282186	-1.9308642175804525	-1.8537949305330976	-1.92079011228302	-1.5713471224507063	-1.9324417241949985	-1.834214447542136	-0.2975117873999854	-2.1848587903714978	-1.8075099104322587	-1.4535153423401534	-1.512001728535359	-1.4791391392029012	-1.913268839118785	-2.1717151057858053	-2.359581873535611	1.587186362151674	0.6297372438130052
BS_49BQS7Z6	-0.3985488900303686	-0.3352767108414613	-0.370791755245268	-0.6359678801268496	-0.193332071894507	2.0372574383709696	-0.1408734222202835	0.5604032058220452	3.002380972317539	-0.1585278138871224	2.04167287931958	-0.4079000684220513	-0.535849081816362	-0.3758411871729064	-0.5043245057492713	-0.3769338986062313	-0.1420139649526557	-0.1666722848796491	-0.2044440341989889	-0.6778638900370056	-0.3628014511108325	-0.1716064313812607	0.0523001249657599	0.0657943292974126	-0.9555438109665948	-0.0894749365104371	-0.9672847911453554	-0.56765577738598	0.0322314141035922	0.1556491415774986	-0.5578078964336554	-0.653664337049869	-1.2085851983889495	0.0416288013932889	-0.7178611588716597	-1.3578519108338496	0.8777900516807756	-0.9771973734366464	-0.4483733307377905	-0.9900992827371864	-1.3753480209789275	-0.1890774658063085	-1.070734241420935	-0.953931186278297	-0.4078181976685577	0.9979354853882896
BS_49CJNZ06	-0.3991642385878902	-0.6068953102641258	-0.370791755245268	-0.6283440498032113	-0.193332071894507	-0.6013875779950618	-0.1408734222202835	0.677272760987562	-0.1692610381882235	-0.1585278138871224	0.9001554895505478	-0.2002387135808858	0.4248592777558835	0.0109901090184983	-0.5043245057492713	-0.0179457063450024	-0.1420139649526557	-0.3728630296807749	-0.5862735419452659	0.1444550181705992	3.715922237878844	0.2152191168081685	-1.4764194979585046	-1.451164584317666	0.068215763416837	-1.4457837890400886	0.1341856758675818	-0.6141216297886525	-1.034486079905937	-1.8027150418504505	-1.4044279124293957	-1.3240500210121715	-1.2766090686104905	-0.5213857003871065	-1.119190420445798	0.5445848545652089	-0.9323119295425956	-0.4401358615481799	-0.5802947074147006	-1.3629899567464203	-0.444545726571335	-0.7658326139704168	-0.9506423474432206	-0.6475017386916451	0.1381782872291579	0.4934924991127121
BS_4B0BAVTX	-0.0581921624066801	-0.1271323435113261	-0.370791755245268	-0.9477200975821112	-0.193332071894507	-0.8781803587175523	-0.1408734222202835	0.2640447226218502	-0.4079036002759198	-0.1585278138871224	-0.7745319388608707	0.6000720297502534	0.0405092775288465	-0.3758411871729064	1.1636955559713111	1.2932442315924888	-0.1420139649526557	-0.3728630296807749	-0.5862735419452659	0.3645231720954993	-0.3746095994758047	-0.3540142844772345	0.983168183679086	0.8945871259771295	0.1310878058825346	1.0169814185386632	-0.0395900186922646	-0.1233340490399477	0.2561960804158308	0.3111908597780425	-0.1277112046883372	0.3649461164479822	-0.4696482746575784	-0.6092244403183711	0.0755281638990424	1.2775895874021268	0.510614828673914	0.4856097946999695	0.9024446443025196	-0.526777678790173	-0.9140553698845736	-0.4107429631592774	-0.2080250340140836	0.161389246777822	1.154244815305208	0.1512810381333587
BS_4BM3F6XJ	-0.4471393430061919	1.9525562569095671	0.2339719910123144	1.37368542194888	-0.193332071894507	0.7940238944118433	-0.1408734222202835	-0.3322695678090441	1.467981733134437	-0.1585278138871224	-0.7745319388608707	-0.344693632278279	-0.7101551167306174	0.3251983878371713	6.8039742628478646	-0.7968848092274329	1.7664819014286033	-0.3728630296807749	-0.0823080634548561	-0.6778638900370056	-0.3329443763712111	0.0777643993088219	-0.6484286849412537	-0.6379162852180416	-0.0646152217193221	-0.3893138454076513	-0.0036397218768307	-0.7836587501207345	-0.4248185018380403	-0.5227075324369722	-0.1988189397362152	-0.4484001470148983	0.3128829460824862	0.534879642564297	0.2739998445766544	-0.4655050592937099	-0.2952596292408094	0.3245921669648928	-0.4551723447693377	0.5217079014461258	0.2257270496598804	0.7400407525790053	-0.0283397887007971	-0.3292707805527289	0.2289267427848033	-0.2476855609427
BS_4C6B11E4	-0.1743837570762653	-0.2563097310925551	-0.3616695327036073	-0.57546465965363	-0.193332071894507	-0.3115973858259795	-0.1408734222202835	-0.2512964726855575	0.1097547432644021	-0.1585278138871224	1.9301567712219767	-1.1167514489788015	-0.0783663406915245	0.8052770116607518	-0.3062491585535782	0.1456668307962011	-0.1420139649526557	-0.3728630296807749	-0.5862735419452659	-0.4865222338806064	-0.3746095994758047	1.673350983753677	0.7509802569959334	0.7566193359224813	1.4529132031955512	0.6477581321848128	1.385690151109437	1.5609709279734576	1.1598690097072524	-0.5457117881656105	0.9426347894350616	1.8543855046456028	-0.4082099795075644	-0.6820303732109548	0.1210580412066414	0.7976142753614609	1.140380813407522	0.0708989540938729	1.689904361731786	0.0533063985304133	-0.1544692816119068	-0.1311900517973494	-0.4169515060588393	1.7917508160782352	0.1877580934774499	-0.2582692986899359
BS_4GNN7J8E	0.7875738855510098	-0.6068953102641258	-0.370791755245268	-0.6325839862496938	-0.193332071894507	-0.0181853619429933	-0.1408734222202835	1.0666984593425357	-0.4079036002759198	-0.1585278138871224	-0.6398473237711715	-0.8256440830390488	2.1351343766583115	-0.3758411871729064	0.9828424110698633	-0.2639544063003906	-0.1420139649526557	0.1821386721704036	-0.5862735419452659	-0.4661155248408296	2.1192028459292422	-0.5995708694470769	1.1392573252392335	1.1418094332923554	0.8682751328315501	1.1664053687588438	1.3163536876550053	1.5004292966249453	1.054225168473084	1.2340532655232077	2.242441973669845	2.0450621949278136	1.326030713068031	1.4594831858566109	1.3670073615481582	0.702660024723077	2.055734718699008	2.278237557739929	0.6245738345076073	1.254893279794792	1.313701336249937	1.8844393464603688	1.7247462368196422	1.2253291314187416	-0.0612090760219059	-0.1362877461926344
BS_4KNBXM3C	1.4025659590080344	-0.6068953102641258	3.4902043694726608	-1.0254388333387716	1.792670744481777	-1.3080993077930334	-0.1408734222202835	-0.4273565493075805	-0.4079036002759198	-0.1585278138871224	-0.6298907733840072	-1.1167514489788015	-0.6527500567306003	1.91956154447132	-0.5043245057492713	-0.7814354221192915	-0.1420139649526557	-0.3728630296807749	-0.5862735419452659	0.5903132709226118	-0.3746095994758047	3.998214424686181	0.3085360008348349	0.2248709324427807	1.6042732562556046	0.2939170538510762	1.3692636364604691	0.647514301179748	1.248047376203656	0.2789244335436803	0.2750873167577851	0.2465246278637005	0.4399160242540011	0.3778833044121231	0.6278708914952912	-0.5640901603820034	1.4908646004541275	0.7070324840777007	1.7903028245234511	0.4164031900011589	1.6025405210341148	0.8218421818427005	0.1300686758533897	1.9233643403913865	0.5621465399620328	0.972500373871315
BS_4Q3KRCZT	-0.3700586675774179	-0.3599213591074249	-0.370791755245268	-0.5274542696968035	-0.193332071894507	0.3922844169162938	-0.1408734222202835	-0.1459534130911555	-0.0402012173454286	-0.1585278138871224	1.5948823131857934	-0.2726184497187779	-0.6357424442400481	1.9658179279080548	-0.5043245057492713	-0.5133124580932803	-0.1420139649526557	-0.3728630296807749	-0.5862735419452659	0.3272771968161438	-0.1651372976710979	-0.4390227948944828	0.8563487811089799	0.8143228775610989	1.1721285555354206	0.8233608112088078	1.210126965983701	1.2998171364397118	-0.0572211695682601	0.5404519555846063	-0.0252713243458332	-0.5039778010274445	0.6898153692305095	1.20708907985771	0.2963396406189011	1.3930207021943013	0.9563507811742464	1.2083055555720763	1.2335057378818215	0.063700717387373	0.5111926775920932	1.479995143377936	1.0040318184721744	1.623371343295361	-0.0267774952312532	1.3358675443854706
BS_4QW2S1Q8	-0.2088104628317212	-0.1828568318306321	-0.370791755245268	-0.0436547980261032	-0.193332071894507	0.3737711374656882	-0.1408734222202835	-0.1370861326937502	0.2184834518975817	-0.1585278138871224	-0.7745319388608707	2.300108653936584	-0.9937866864089576	-0.3758411871729064	1.331375883955977	0.17945330483279	-0.1420139649526557	0.564962288329523	-0.5862735419452659	0.6531738090215528	-0.2483469136839624	0.2296608508079498	0.6402047169659554	0.6389929351565526	0.1028454303560973	0.6197666368652331	0.2992232240279512	0.3491527068647636	0.9321297923459544	0.2095763179573423	2.5280749089372474	1.83486118104602	0.0788136490910786	0.1801201975865494	1.2600781785832456	1.2671212206427669	1.4037219470576754	1.2032395016917776	0.342154015452512	0.787841381804247	-0.2468571806991412	-0.8686815764985376	-0.0331528606359092	0.3699836102332399	0.9759439114767792	0.4054242955517367
BS_4T0HQ9QF	0.9383019036440428	-0.6068953102641258	-0.370791755245268	2.611107408586049	-0.193332071894507	-1.1765730445277378	-0.1408734222202835	-0.8304988408858136	-0.3442068994113502	-0.1585278138871224	2.57651012570538	-1.1167514489788015	0.8741118673388353	-0.3758411871729064	-0.089031504705394	-0.0780498205636892	-0.1420139649526557	0.1569097485500996	-0.5862735419452659	-0.2567008048572861	-0.3746095994758047	-0.5995708694470769	-2.103302003407077	-1.990627374287036	-0.5879461078984718	-2.1194768958067365	-0.1347472205908798	-0.5747066433144679	0.2418685906016903	-0.1779402406888124	0.5061726024691137	1.2173208150220876	-0.4138760399307866	-0.4084652924016845	-0.6182246547605381	-0.153866625874377	-0.9737128911756112	0.0538133244903159	-1.0566340099776006	-0.0071710020610457	-0.0906925425427834	-0.9470358135188438	0.2022030095624528	-0.495668573910286	0.5543860067953753	0.6376465269832359
BS_4V42BXBT	-0.4471393430061919	-0.2209314451393868	-0.370791755245268	0.0626707871155924	-0.193332071894507	2.5543044201018694	-0.1408734222202835	0.1676014122626559	-0.2134719135038373	-0.1585278138871224	-0.7745319388608707	-0.107291596135334	-0.4425836279365597	-0.3758411871729064	0.7452415308945888	-0.4286407187212888	-0.1420139649526557	-0.3728630296807749	0.5026506328982401	-0.6778638900370056	-0.1828001290365586	-0.3136851347533494	0.8019454109174183	0.7272295795450981	0.1296309567013531	0.7688864705127832	-0.4963180013161103	-0.9206580791388568	-1.042247846200135	0.3712783902587929	-0.5922792796216946	-0.807504505913162	-0.7207693935950068	-0.6135457012210417	-0.3563242259369434	-0.5950602702776345	-0.4592048947321564	-0.4867602345968993	0.0285617330093963	-0.2741432689582233	-0.8923304651575912	-0.466087352130692	-0.2156838979028242	-0.2093615843432773	0.955743989284837	1.03963341736271
BS_51RA1PGE	-0.2981619753347079	-0.4915470283866876	-0.370791755245268	-0.3420124710392713	-0.193332071894507	1.6257817734301565	-0.1408734222202835	-0.3740925715130967	-0.4079036002759198	-0.1585278138871224	2.922337143461052	1.2574943026876113	-0.7011101633739846	0.3801105412399875	-0.5043245057492713	-1.362245899645759	0.3222645561030984	-0.3728630296807749	1.362965935086483	-0.6778638900370056	-0.3746095994758047	-0.200206521266969	-1.3878603339157345	-1.1456764601204033	0.1137240601144157	-1.2152351622756763	0.068377127230375	0.339844053681977	0.8601822752240376	0.613068132539505	0.5708391746258479	0.184114191728215	0.1981673627766763	-1.4778047229717184	-0.071030794337568	1.258076772188944	-0.0717275875662889	0.1832669391843945	0.1582105190815687	0.3653907141543308	0.7260403123220478	-0.915427114152604	-1.1442800472155827	-0.3623879500525995	0.319807478857616	0.8043056174291887
BS_52C576HH	-0.3522905699060666	-0.2388183029673353	-0.370791755245268	-0.2900009586963372	-0.193332071894507	1.624889957617251	-0.1408734222202835	-0.700345886675804	0.6276636510384216	-0.1585278138871224	1.574628485978179	0.2862565181203406	-0.6181030175989408	-0.3758411871729064	-0.5043245057492713	-0.5308933858141741	-0.1420139649526557	-0.3728630296807749	1.278917850206376	-0.6778638900370056	-0.3746095994758047	-0.053598662873088	-0.7320010222365864	-0.6690835567624198	-0.0982990883393363	-0.5840689442412612	0.1451211503911136	-0.5579689199463775	0.6181218810820776	-0.1004486811208313	-0.1665632976701891	-0.4283050025200988	-1.1037863003857906	-1.0692655938985107	-0.4428399790436257	1.4614004291107825	-0.4375023320584573	-0.8280740156704639	-0.1385007922322997	-0.6916137189763896	-0.9184813394615714	-0.8828158211231604	-1.0070155611588505	-0.7653968928374159	0.7172840960181124	-0.4080475054473582
BS_5965SFPZ	-0.4407162941425468	-0.4745042710389465	-0.370791755245268	-0.1649068947471802	-0.193332071894507	0.8335184758989563	-0.1408734222202835	-0.3001702834295847	1.8171751874148028	-0.1585278138871224	1.617156870655197	-0.5380347190544322	-0.9009858140920004	-0.3758411871729064	0.2439778699071567	-0.8496607102438424	-0.1420139649526557	-0.3728630296807749	3.085293899011116	-0.6778638900370056	-0.3746095994758047	0.1580871237523378	0.0146011148773247	-0.0255877360194847	-1.6520514673329878	0.0153607613797378	-1.4265318402566056	-0.5872145134585224	0.3243595774294594	-1.0012842861050268	-0.3505120451340364	0.6905033290349072	-1.7344855447509633	-0.6935440608230623	-1.331865110011978	-2.7302163885181034	-0.612773091675429	-1.0289587363832204	-1.398630669675453	-1.145847356225421	-1.7342025649014567	-1.3695537890777747	-1.263920734415422	-1.3757962157440329	0.1843198034293316	1.362669356429757
BS_5EFYPZT0	-0.4471393430061919	-0.3542242780730171	-0.370791755245268	-0.3327858437737474	-0.193332071894507	-0.7245519091561775	-0.1408734222202835	-0.7057906173291378	-0.4079036002759198	-0.1585278138871224	-0.5093768866435896	0.0718618371045127	-1.2439188508890855	0.4772972238769741	-0.5043245057492713	1.6480986021427853	0.8870101532356448	-0.3728630296807749	0.830475085525243	-0.6778638900370056	0.0471162108924885	-0.5995708694470769	-2.160539403992497	-2.088751698587985	0.4985659023745606	-2.110563336922428	0.3521119762107657	0.0004105316315812	0.0349528970877583	-1.5245746151941213	-0.8258256425482092	-1.0567175558693285	-0.1100373616526504	-0.4888523662226349	-0.6384950037583973	-0.3749317678662324	-0.1831295994841446	-1.0627137021542628	-0.3300653157334078	-0.2804432637912198	-0.0764187174972495	0.1703464600536878	-0.338597892916933	0.4799008111878605	1.661184100740148	-1.657387398146588
BS_5G5BD2MD	-0.143804440426636	0.5111678783632106	-0.370791755245268	-1.001836162506699	-0.193332071894507	-0.0297533020232541	-0.1408734222202835	-0.9872668175857844	-0.4079036002759198	-0.1585278138871224	-0.7745319388608707	0.5950828164407738	0.8550434974990656	-0.3758411871729064	-0.4940429889391988	0.5941248395212925	0.2271109650415769	0.6537380046684512	-0.5862735419452659	0.1154910336276128	-0.3746095994758047	0.1227251020754826	0.941863734667476	0.958894900365318	1.5721845835108466	1.039746072275089	1.3566953636297836	0.9032101718776636	0.6810823008463034	0.9942619491238088	0.3468304002535275	-0.5025280392503153	1.1043804148402017	1.3911542567160164	1.44434930398183	0.6466262373247175	1.1236875817628738	1.4508687560035791	1.3696012230829206	1.130685268032222	1.6499523484885998	1.3387077417399884	1.3311186937749486	1.328512830837009	0.2855143737348523	-0.7433754053275156
BS_5K95FX4C	-0.4471393430061919	-0.1615614602353298	-0.258828356023572	0.2628077742020048	-0.193332071894507	0.2098203188592445	-0.1408734222202835	-0.3751166272294765	-0.4079036002759198	-0.1585278138871224	-0.1229565217390187	-1.1167514489788015	1.3950424080588328	-0.3758411871729064	-0.5043245057492713	0.4493722735657671	-0.1420139649526557	-0.3728630296807749	-0.1782513935291201	-0.6778638900370056	-0.3746095994758047	-0.5995708694470769	0.6698299640810124	0.5280674311881557	1.1637356372705596	0.5708911005556135	1.1598016797270672	1.768153729614549	0.9854365815615344	0.9305916589134507	1.0976053904283434	0.845967759140378	1.47697542553698	1.5368103982581098	0.6017966219349795	0.6643660351314177	1.4932706844512935	1.424610378201591	1.7285690862102707	1.160646615302482	0.9127859074564588	2.234121734463999	1.250886934689352	1.432939734658993	-0.0274427141913739	1.059762789800095
BS_5KBXD2GQ	0.3274562445002241	-0.6068953102641258	-0.370791755245268	-0.1562418434698039	-0.193332071894507	0.9710441347453396	-0.1408734222202835	-0.1464025067068202	4.403710715832577	-0.1585278138871224	0.9552870100622516	-1.1167514489788015	-0.8437645854887889	-0.3758411871729064	2.3373111347169218	-0.1736540792716299	0.443269097939964	-0.3728630296807749	1.0275035849004177	-0.6778638900370056	-0.3746095994758047	-0.0793429084049239	-1.489944890691679	-1.393274016184986	0.1974322023065072	-1.6484363052287876	0.1817294227922925	-0.5137186964761901	0.2402107327339157	0.053006582633676	0.1890136589595306	0.1520463202789512	-0.5037785921668803	0.4376894062736922	-0.7723497427337797	-1.439283069305803	0.1866967432042587	-0.8334247543200138	0.2758879853634176	-0.0775368626166491	-0.3125006020073642	-0.1973730616637247	0.4507725802433435	0.5848211152775997	-0.6042995276779584	-0.42819444666774
BS_5PXZ8F7W	0.211444039420825	-0.6068953102641258	-0.370791755245268	2.684619869745399	-0.193332071894507	-0.8459741250503897	-0.1408734222202835	-0.4129173652573897	-0.4079036002759198	-0.1585278138871224	-0.7745319388608707	-0.5673629367307811	0.6325947535805144	-0.3758411871729064	-0.5043245057492713	0.7169060793301975	-0.1420139649526557	0.5419704040194327	-0.3821515434277509	-0.6778638900370056	-0.3746095994758047	-0.5995708694470769	-0.760476659380858	-0.7443772086473479	-0.6791431719114068	-0.8323734962311509	-0.5009121338660382	-0.2385089870432594	0.0335805604462939	-0.055329207334093	0.1369343213558327	1.0206628391562291	0.941858510490566	0.3133036735356937	-0.4047022337436699	-2.752719711144449	-0.850785634334092	-0.0542838353131812	-0.8344368685461119	0.6383366985911231	0.4925763972278833	0.4209455203534663	0.4890633557054272	0.3064206054371835	1.4029093238216823	0.592967840287599
BS_5VPM0F36	-0.4471393430061919	0.6013672438341865	-0.370791755245268	-1.0254388333387716	-0.193332071894507	-0.0578655488685707	-0.1408734222202835	-0.356410433884353	-0.4079036002759198	-0.1585278138871224	-0.6520667779241617	0.7373822482376713	0.551198035159071	-0.3758411871729064	-0.3490805142407777	-0.6593637406790633	-0.1420139649526557	0.0187047568452185	-0.5862735419452659	2.61686415387329	0.4780388906762921	-0.4197206257308241	1.5969480279201664	1.515568988117678	0.8483089360814999	1.4380359989401756	1.3152307149297346	1.0608539038315727	1.0904843227690204	1.1376091250128175	1.8241918595707347	1.941756909581301	1.254918060677813	0.7688965959115931	1.4422856729999425	1.3364986944117174	0.8857239678005417	2.007131233651473	1.353408947841108	1.4063427903562191	1.2418421222066716	0.2836653735244994	1.7182179925751868	1.1418138393476076	-1.4261906937686448	-0.7480932630070344
BS_62SW4CC5	-0.4471393430061919	-0.6068953102641258	0.8256618821622242	-0.2087846968901166	-0.193332071894507	1.278911517613589	1.681685173091109	0.2810353305905502	-0.4079036002759198	-0.1585278138871224	-0.011552519589574	-1.1167514489788015	0.6568460615088907	0.6847226618741951	0.3828242014364987	-1.3595224265100911	-0.1420139649526557	11.809835716217322	-0.3870426649548656	-0.6778638900370056	0.3292207185679944	0.1610827945442237	-0.5488764699848124	-0.6396023981546112	1.420546511572499	-0.3309236334020723	1.305024918232186	0.289517411055328	1.3129644159516534	0.3511573076720214	2.974619472881721	3.0856141545725504	1.7465551820506098	2.118790773346764	1.665911528192941	-0.2591435614810721	2.417131138890202	2.122370695691606	1.482304672676666	2.053030931230301	1.545178500182426	2.4649749385822743	2.3888740797793595	1.83504481828766	1.8390563965256883	-0.0386017676816459
BS_65WPD3DA	-0.102774047323193	-0.6068953102641258	-0.370791755245268	-0.2424875700803538	-0.193332071894507	-0.8659006839145643	-0.1408734222202835	3.1128171690832303	-0.4079036002759198	-0.1585278138871224	-0.7745319388608707	0.4784420058990495	0.1754393316275712	-0.3758411871729064	-0.5043245057492713	0.5795256963929184	-0.1420139649526557	-0.3728630296807749	-0.2805123160062056	-0.6778638900370056	3.7796882980273336	-0.5995708694470769	0.0290336952086461	-0.097665732677085	-1.4167979649146476	0.1434481891029835	-1.4621653761308289	-0.8385855468581358	-2.633446392449042	-1.53654067231402	-0.37402398811101	-0.0281687724285798	-0.0432927626727493	0.6795521005171394	-0.6773628065712043	-1.1377139868389137	0.3792091924460697	0.1027523648502089	-0.6629172424676502	-0.8568054428389091	-0.0877365394666453	0.7338427335106563	0.418692290994318	0.0201732045400992	0.6354527560386936	2.143119969147908
BS_68KX6A42	-0.3046214094045282	-0.6068953102641258	-0.370791755245268	0.0157838061795666	-0.193332071894507	-0.3108550824102514	-0.1408734222202835	-0.5970796422587875	-0.4079036002759198	-0.1585278138871224	-0.7745319388608707	-0.2435922875993474	0.6868621313535775	-0.3758411871729064	1.477275601191771	1.2895204777352662	-0.1420139649526557	-0.3728630296807749	-0.4199812282956535	-0.6778638900370056	-0.3746095994758047	-0.5995708694470769	0.95686101629943	0.9694762885596088	-0.2536239031290326	0.987633683915784	0.2014701276123002	0.2651440090536343	1.0654954370439964	0.7129446239167435	2.014144040719334	1.9416124576775229	0.6370759292803424	0.5876392141494071	1.043229729919392	-0.1124991186695563	0.3347946138572732	1.2647152378832176	-0.3964473857036721	1.072399909377798	0.4525619689141139	0.0817972457429437	0.3889434567901234	-0.7040295190161127	1.4361305735539802	0.9247914874688068
BS_6DCSD5Y6	-0.4471393430061919	0.2561907844083229	-0.2428134883868796	-0.8812549031673012	-0.193332071894507	1.6164074438548457	-0.1408734222202835	0.3065350631770224	-0.4079036002759198	-0.1585278138871224	3.045485985389062	-0.3894275900389	-0.6297222518021471	1.551455977117167	-0.2149626425868417	-2.289512743090646	-0.1420139649526557	-0.3728630296807749	2.3179073977664144	-0.6778638900370056	0.1501589409951687	-0.1180898991153282	-2.308691261605264	-2.0574188066892782	-0.8573124107980348	-2.333164963025174	-0.6994149004472018	-0.7842636105587665	-0.8265173827445161	-0.8517387744325047	-0.8744576390183693	-0.6927403199486009	-1.9203354759103115	-1.500626096060693	-2.9988182347238324	-0.5711005559467859	-1.193813312456139	-1.7254723286326796	-0.5111274634714948	-2.1720191780571705	-1.235383456457559	-1.1751916637982642	-1.8089313266545004	-1.4382851984179847	-0.2262676492887601	-1.6125325706675728
BS_6H4Q24WA	-0.4471393430061919	-0.3970641528394174	-0.370791755245268	0.2645434514936459	-0.193332071894507	0.8590314256825858	-0.1408734222202835	-0.5501019258034149	-0.3958826195354039	-0.1585278138871224	0.4325913064477454	-0.0556701715233064	-0.1745841105676104	-0.3758411871729064	-0.0428503984036691	-0.2352729246353692	-0.1418795417028562	-0.3728630296807749	1.7927994726804473	-0.6778638900370056	-0.3389608351723963	-0.5891651092577578	0.554339325066169	0.565446912185453	0.7195565277350845	0.6002129493044597	0.8216960447694914	0.8814345334114291	0.0896031396935223	0.5953852652200567	1.3983014662661053	1.8863667724636493	0.90998210459858	0.9636574683186164	0.6786298032948588	-0.2147074313983461	1.4697045978003045	1.1172406337728222	0.7431777141062123	0.7649849672485367	0.8342993979953923	1.6396884174068789	1.1753914189365429	0.8112348949305528	1.113766007466514	2.0723081944210766
BS_6M2053M0	1.277419498682987	-0.6068953102641258	-0.1609723428512064	-0.8560296881855346	-0.193332071894507	-0.6864893340077302	-0.1408734222202835	0.872864243715752	-0.4079036002759198	-0.1585278138871224	-0.7745319388608707	0.4379601619923273	1.850163201054845	-0.3758411871729064	1.4298583487097427	-0.2771391436229179	-0.1420139649526557	-0.3728630296807749	-0.5862735419452659	0.4947026875163257	0.512700121170557	-0.5995708694470769	0.6906161517405646	0.8419091669849167	-0.7439218180930703	0.719647281705562	-0.0449612316813944	0.0831098533392157	0.2236125165655216	0.2179845676595907	0.7989158735734053	1.717899226832506	-0.0595249919249861	-0.2907803667234162	0.2868105935468067	-0.4928584427469127	-0.4624455201491906	0.763281732137068	-1.2241006858298495	-0.2307424158073763	-0.2608219583416171	-0.660394519526479	0.0304774304414035	-0.4487448676471892	0.685227666582851	1.1544440652618897
BS_6SY64H5J	-0.3220729926982482	-0.2893085885049596	-0.370791755245268	0.2927108445244768	-0.193332071894507	0.5452371649997765	-0.1408734222202835	0.9597709368497536	-0.4079036002759198	-0.1585278138871224	-0.5281353380398495	-0.0539218681488855	0.4020501189789588	-0.3758411871729064	-0.5043245057492713	-2.160551368456919	-0.1420139649526557	0.4625709754808507	-0.5862735419452659	2.982804352797156	2.068710276045916	0.9433681965095304	0.2033035869468878	0.1651419595419135	1.3571311200249392	0.211519840198271	1.680543352476043	0.9377257682773968	-0.5644726223742024	0.4104908669439677	1.1486034687044266	0.4510273838414104	1.4186639184447702	2.245785333821632	1.3686051851217695	0.6940986524745664	2.053398810320432	2.3873055723148564	1.3278783794635245	1.0750335243294504	0.6873651534770109	2.076194184125384	2.100070630475597	1.620622363548234	-0.7843100788145067	0.3026086936888097
BS_6VRG1XFB	-0.4471393430061919	-0.6068953102641258	-0.3120601046017084	1.780852802460004	-0.193332071894507	-0.1426987838149297	0.4639756558653386	-0.9872668175857844	-0.4079036002759198	-0.1585278138871224	1.371879213462786	-1.0717632328483	-1.0435388199565534	1.2601449331511676	-0.5043245057492713	0.4301214465078015	-0.1420139649526557	-0.3728630296807749	-0.1288710493277778	-0.6778638900370056	-0.1495546859530788	-0.5995708694470769	-1.1584510812096898	-1.178303939007904	0.0036448527978332	-1.1234747722103298	0.0244370920652619	-0.9769077841052588	-0.9773830515982838	-0.4725076853109237	-0.6562938448413883	-0.8512458759848767	-0.1535968053543592	-0.7807834666559241	-0.4612383536321447	0.9300222846947988	-0.8976659933421484	-0.1707704841483866	-0.8639995251480053	-0.0566706230507758	-0.1098712868399993	0.3155609163836447	-0.138777667953816	-0.1985191922841949	1.7205213145393563	0.7908185527815034
BS_6WP1FHTE	-0.3622980661970084	-0.2443324679564082	-0.370791755245268	0.2346488707954299	-0.193332071894507	-0.1632541352031792	-0.1408734222202835	-0.078145985474856	-0.2812573392575393	-0.1585278138871224	0.0560387643674763	0.0656658600193318	0.4024731101028846	-0.3758411871729064	4.074136178316046	0.6699569498875957	-0.1420139649526557	-0.3728630296807749	-0.5075875380208228	-0.6778638900370056	-0.3746095994758047	-0.4004871644567013	0.3532266946764008	0.3481980805286172	0.1053582289131727	0.3778409585444107	-0.1108309026051587	-0.0246753382624584	0.7629656369577218	0.7874904317953675	1.7962268000261277	0.9455838164075822	0.1027310466072642	0.1873436551465647	0.6965048112749415	0.2636804170482014	0.6652118366571189	0.7399519644060416	0.0937624907204867	0.9886751121941	0.4432135113034815	-0.2958036167134059	-0.3402445327143632	-0.2683727180635359	0.6356150114068111	1.2642911042764473
BS_7327SDAQ	-0.2788480862313887	-0.4395633818756226	-0.370791755245268	-0.3435009903978948	-0.193332071894507	3.668126769330847	-0.1408734222202835	0.8343894446054695	2.0675576947093783	-0.1585278138871224	-0.509284939656352	0.7999014121312709	-0.6463731186986876	-0.01040807765948	-0.5043245057492713	-1.4074564078997962	-0.1420139649526557	-0.3728630296807749	0.2599939286763012	-0.6778638900370056	-0.3746095994758047	-0.0214950299050996	-0.0054703632074052	-0.0078233027376446	-0.4766891416180483	0.1142245182246266	-0.6076396587077871	-0.2828276877411521	-0.6728542073735505	0.1333512740185974	-0.4384739768664887	-0.4437591015671832	-0.9083820361903864	-0.7716023195525534	-0.6995905172348087	0.9778950405813148	-0.6456988788521422	-0.6757350959371236	-0.1909512005968061	-0.4620980984321017	-0.817336694894613	-0.8412742679394066	-0.948230279962932	-0.7534246304692985	1.1975495344292006	1.0252910726656974
BS_75YRDXET	1.4004461702363495	-0.3971067243849066	-0.2041312909533171	0.1405319990919581	1.5323282498228226	-1.4201809865395374	-0.1408734222202835	0.3142617430139611	-0.4079036002759198	-0.1585278138871224	-0.7745319388608707	0.7192251462952692	2.371103090663481	-0.0905213518370775	-0.4938728519465461	-0.9794915031132628	-0.1420139649526557	-0.3728630296807749	-0.5862735419452659	0.5017835133122543	1.090606441499087	0.4317475468888667	0.8829895237504102	0.7774329511332664	1.2567534520712649	0.8000449803401881	1.7706722171252107	2.000027553674022	0.563523629160479	0.5691061168557148	1.5787886299423977	2.403034858319012	2.9032806894928527	1.5369624541343647	1.688247973545323	-0.8961305697127877	1.8446015305286312	2.6902849815451373	1.0294495935468726	2.0900753258782583	2.503926186264451	1.776475976004004	1.5814410970556532	2.17185895086309	0.1220327443710566	-0.2235525257679143
BS_77SBTNPN	-0.1330256677225411	-0.6051292921360488	-0.370791755245268	-1.0254388333387716	-0.193332071894507	0.0407476388156185	-0.1408734222202835	2.087533153901034	-0.4079036002759198	-0.1585278138871224	-0.7745319388608707	-0.4831457091957524	1.853392627790232	-0.3758411871729064	-0.5043245057492713	0.0321969930068042	-0.1420139649526557	0.8533636688793957	-0.5862735419452659	-0.207692565234353	-0.2289053587074923	-0.2933467226316569	-1.3572916404693114	-1.2426558379833863	-0.3892410630628969	-1.2224220439932094	-0.2355814310958721	-1.251050748985698	0.211103183129152	-0.177439795066871	-0.8051489477482701	-0.9310646707392372	-0.3462910352796999	-0.7112686259735053	-0.6738167357934975	0.9764999975375576	-0.4502101363889323	-0.3140298563002398	-0.1368943634368916	-0.4757645999269632	-0.1296346906573695	-0.0774179924476901	0.0003762201220594	-0.0048038253566123	1.656216885838038	-2.6482680834059003
BS_7AEF4D4G	-0.4471393430061919	2.6801016979449117	-0.370791755245268	1.5922352578716328	-0.193332071894507	-1.3013223265802811	5.922579718949812	-0.9872668175857844	-0.4079036002759198	-0.1585278138871224	1.401479482184494	-1.1167514489788015	1.3905017348624835	-0.3758411871729064	0.3108029405890906	0.0474555523424394	-0.1420139649526557	0.8960079605355031	-0.5862735419452659	-0.6778638900370056	-0.3746095994758047	-0.5995708694470769	-0.5480947414321783	-0.488892688403909	0.2306781715973743	-0.5407973723621416	0.6560935900953426	0.2354055950257085	0.4973886687094618	0.4566173792378805	1.5774493753404122	1.874770498160355	1.0302039612631488	0.2796656513940372	0.3515137136781772	-0.3245333317316087	0.1374691469915324	0.7069216814754093	-0.0679766958024204	1.5688322996805693	1.1534418409335585	0.3092339469841965	0.3856639137595355	0.6462205117596203	1.1011583129307505	0.0825564667681995
BS_7APCGCVF	-0.4471393430061919	-0.2716559096134938	-0.3619450720004928	1.6389851188804343	-0.193332071894507	-0.8897760455326175	-0.0793495293292094	-0.9872668175857844	-0.4079036002759198	-0.1585278138871224	-0.3776719081252868	-1.1167514489788015	3.22905274014665	-0.3758411871729064	-0.5043245057492713	-0.6453230261032248	-0.1420139649526557	-0.3728630296807749	0.6539671172364795	-0.6778638900370056	-0.3746095994758047	-0.4227101701366406	-0.738479799128111	-0.5840740255351281	0.2079406252397744	-0.6761001439586225	0.865504045776594	-0.1212308802540184	0.1204727813241013	-0.4934571978597513	0.488564675243979	0.3691106002044856	0.3428687484980386	-0.4033017339284117	0.2841538877811533	-0.5279702546566791	0.2824361799783429	0.19190180716341	0.0893721190186694	0.4045642214082108	0.9445533377603236	-0.2211108663186831	0.2345310492398805	0.8145569558722905	0.4668250922342322	-0.6825814137446681
BS_7GJT4A6A	-0.4471393430061919	0.2923087143384626	-0.245053729831513	-0.5808346247947649	-0.193332071894507	0.6664940083149621	-0.1408734222202835	-0.1308965645872954	-0.4079036002759198	-0.1585278138871224	-0.6977589853241518	1.1607769849744989	-0.7722869353528472	1.229397810053852	-0.2555374307950528	-0.4658847096607284	0.2371581533465445	-0.3728630296807749	1.525065675832552	-0.6778638900370056	0.1324729492850237	-0.5995708694470769	-1.86283688402808	-1.8735719139722025	0.0440211683851747	-2.11679778542557	-0.7358721362855218	0.0968716680047147	-0.1887198545031498	-0.8003303406789088	-0.9269171938550834	-0.8174822661401302	-1.4003184452501154	-1.8237387702875143	-1.8746151680273588	-1.75967803405118	-0.9535909652407362	-1.438567923502039	0.0978525334736599	-1.6149661924211125	-1.0804040672474762	-1.5617076016509674	-0.9690868479040092	-1.476345914760463	1.143832483514202	1.7196648961244334
BS_7GKWKGPH	-0.4471393430061919	-0.5460696873648767	-0.370791755245268	0.3785333584058669	-0.193332071894507	0.6078207717266563	-0.1408734222202835	-0.8861387863112091	-0.4079036002759198	-0.1585278138871224	-0.7745319388608707	-0.3205278805022749	-0.1681330802107037	-0.3758411871729064	4.562479438925295	0.439405294353404	-0.1420139649526557	-0.3728630296807749	0.2533967279907926	-0.6778638900370056	-0.3746095994758047	0.3753942806185204	0.0931610063371948	0.2012947321863864	1.3578780244517883	0.0925865137213509	1.327199194952264	-0.6117493013407252	1.2860948605763145	0.6757518917149299	1.7781675282719318	1.136958964203352	-0.1430487320313445	0.7975536402169124	0.815142404747061	-0.532087686572552	0.6389425055149482	0.6585907804712375	0.5388353333263263	1.309518721918031	-0.161360808303376	0.9111967834664758	0.6082529304615807	0.2263934964404849	-0.724570544620494	-1.0793620532385704
BS_7PVJ6Q3D	-0.4471393430061919	2.709032045691397	-0.370791755245268	0.0289935605585476	-0.193332071894507	-0.5120014879328196	-0.1408734222202835	0.1411894013067791	3.1840779479637096	-0.1585278138871224	1.967899652662734	-1.1167514489788015	1.608458454072801	-0.3758411871729064	0.0707891072610438	-0.9072183661445664	-0.1420139649526557	-0.3728630296807749	0.4387023331429235	-0.6778638900370056	-0.3746095994758047	-0.2878408239189274	-0.4034216072152255	-0.3006829786117113	-1.5669201132422883	-0.3753340360845352	-1.2004075854432938	-0.8539075651923161	-1.5917437655344215	-0.7523568063131365	-1.3950863051871825	-1.0644639466481636	-0.8674824990943387	-0.243569229577239	-1.2064744316479608	-2.759464104044673	-1.1603600432493937	-1.2191471685924196	-1.6825043619859252	-0.8019981958459783	-0.8010803377006833	-0.2802997623444687	-0.2530985211950718	-0.578002880789901	-0.103964249097599	-1.607440163018586
BS_7WKNNRHK	-0.4471393430061919	1.493707149425891	-0.3381905588173042	-1.0254388333387716	-0.193332071894507	-0.460294515788451	-0.1408734222202835	-0.2581287122459524	1.0309865018585784	-0.1585278138871224	3.5075831015309564	-1.1167514489788015	-1.4032005485901118	4.755130059356499	0.3043118882325911	-2.3269681527275683	-0.1420139649526557	-0.3728630296807749	-0.5862735419452659	1.4226137820149671	-0.3746095994758047	0.2854911645613182	-2.035015541693637	-1.971592887229524	0.4459357394461994	-1.9123635280623437	0.8025133400146923	-0.0837196129196326	0.3082754498198253	-1.5787089312604388	-0.3468307378941799	-0.435815338530206	-0.8019094657725582	0.3037547701183993	-0.2209668670465013	0.1443530652478983	0.0595649406436825	0.2619677841409895	0.0201921017779406	-0.3203885381775602	-0.3819861494525479	0.2097331103636309	0.7080989934691115	1.069731758778394	0.9517230102035026	-1.4142385834887754
BS_84VZX732	-0.4471393430061919	-0.0229881338183763	-0.370791755245268	-0.1318822480203867	-0.193332071894507	0.0439035743569575	-0.1408734222202835	-0.8295343817274808	0.1180917821984175	-0.1585278138871224	-0.7745319388608707	1.096849828892563	-1.0587586059868224	-0.0228156303735606	-0.5043245057492713	0.952087794711342	-0.0410598287946426	-0.3728630296807749	1.2196131367992693	-0.6778638900370056	-0.103544788867021	-0.5995708694470769	-0.8864074244894623	-0.9112337570901882	0.4379984882537132	-0.8798340596242729	0.5783936332743007	0.636617338369737	0.4747033394376214	-0.0177037830714093	0.827380859773248	1.6331779540568525	1.1404190127788816	-0.2895489808060585	-0.0122347327906972	-1.4994220067933368	0.3503583431406575	0.1876150164745484	0.2345565774308262	0.8980421771535718	1.050268683720484	0.333716253671196	0.599131153799107	0.8408814435255186	-0.1960050406337166	-0.2080380898076075
BS_84XCR9GG	0.2927637566034473	-0.6068953102641258	-0.1883587162007743	-1.0254388333387716	-0.193332071894507	-0.7865550224822899	-0.1408734222202835	-0.0233686829069896	-0.4079036002759198	-0.1585278138871224	-0.7745319388608707	-0.6186519857061562	0.5447466385169052	-0.3758411871729064	0.9557923000468084	1.679660949669264	-0.1420139649526557	-0.3728630296807749	-0.5862735419452659	-0.6263352081248068	0.1238002715653537	0.0507860863936534	-1.0767746144441268	-0.9558530443556364	0.35667678936337	-1.0029915629881303	0.4525077171385835	-0.1726039518838403	-0.0590584846706186	-1.0166174617508197	-0.0520729096011263	-0.3180297117989548	-1.519688269678093	-0.9794013754755416	-0.4831647004673385	1.3093897650553092	-0.4078036004101304	-0.0218814505860633	-0.2235645746237871	-1.0684263886411989	-1.368185487818343	-0.5009417650732513	-0.6883420044450115	-0.1852890710192909	1.6011670615262985	-0.4099779268877616
BS_8E8JKP01	-0.4471393430061919	-0.2647130428027103	-0.370791755245268	-1.0254388333387716	-0.193332071894507	-1.029734694222391	-0.1408734222202835	1.424667493036086	-0.4079036002759198	-0.1585278138871224	-0.7745319388608707	-0.0844079398597327	-0.3150036780278963	-0.3758411871729064	-0.5043245057492713	1.8041694442865168	-0.1420139649526557	3.1031931186862103	-0.224803767746639	-0.6778638900370056	1.1226325833062796	-0.5995708694470769	-0.8917058333336643	-1.0361049677165552	-2.733662307658072	-0.84356146896253	-2.750223530316789	-2.337660381425011	0.5201034935348157	-0.8987844343933409	0.0709171410827946	0.8288164381875266	-2.2904943121796366	-1.553488171816862	-1.725739537187743	-2.0017735863687616	-0.5523941165986166	-1.1740169951378845	-1.877083628577606	-1.7695502836892585	-1.312592186298197	-1.0986330226527337	-1.7388131471585466	-2.2560758438000272	1.5374073673026198	-1.390561592535965
BS_8ERBDF7D	-0.4471393430061919	-0.470957127641253	-0.370791755245268	-1.0254388333387716	-0.193332071894507	-0.0584461294063475	-0.1408734222202835	0.159995531073027	-0.4079036002759198	2.657401655869155	-0.7745319388608707	0.2483256701756758	-1.3845953449541453	-0.3758411871729064	2.1642611872700632	1.6116306532305826	0.5977236549510305	-0.3728630296807749	0.7521148897673436	-0.6778638900370056	0.2462301617458439	-0.5995708694470769	-1.7041963363472543	-1.631851564157236	-1.97225903428525	-1.5276503215893755	-1.888086729768168	-0.8049000651254261	0.023903442649638	-0.3644697297368275	-0.3843263233789179	-0.3162233432093714	-0.8186041291934923	-0.8048478050301601	-0.5873432652543418	-3.4939582921902472	-0.966520506387234	-0.8484840145762672	-2.2036312932509894	-0.3346429008917994	-0.0527877421984533	-1.205662982357671	-0.6750909089996865	-1.9649385256097096	1.1662074163112226	0.617215397950777
BS_8JK9TXH2	-0.0740743193221995	1.390373766923656	0.2367074985455874	0.4239243914717707	-0.193332071894507	0.6543700103806565	3.4663490450498093	0.1504368297484909	-0.4079036002759198	-0.1585278138871224	1.5492706072292428	-1.1167514489788015	0.1603348912712755	-0.3758411871729064	-0.5043245057492713	-0.6660185123809086	-0.1420139649526557	-0.1395010319857474	0.2899983861122906	-0.6778638900370056	0.6857478906403836	-0.0523943472618391	-1.5306760949289755	-1.3914524364696654	0.4373572841910888	-1.5849785819588489	0.6582165118444755	0.2740844764502649	0.1352233522672817	0.2318939983663347	-0.33945969145916	-0.4384228797348468	0.8919116624492672	0.6614021315444284	-0.0391709915516776	-0.9294145156136298	-0.480097737117478	0.2622724298219639	-0.5033609137955755	0.8944848863728326	0.5574612818818352	0.3975850265934337	0.4688551899823339	0.2870462234508082	-0.2548677637314891	-0.9004101149409454
BS_8VD670NP	-0.063822553108319	-0.4653218613852174	-0.370791755245268	-0.3680253905277653	-0.193332071894507	1.5993758750030105	-0.1408734222202835	-0.4557224527739345	-0.3530765401532666	-0.1585278138871224	-0.4248593287941712	2.845044278803153	1.3394685010447596	-0.3758411871729064	-0.5043245057492713	-1.5109479221479958	-0.1420139649526557	-0.3728630296807749	0.4896765490358045	-0.6778638900370056	-0.3746095994758047	0.7810238417723671	-0.852322605504287	-0.7038721542033298	0.1660225074668283	-0.7739828639112106	0.6706084480763158	-0.1023585865445473	-0.9618256332367012	-1.2087140043128164	-1.2408433412477666	-1.3950254594171656	0.0305041513845939	-0.7215445338407391	-0.6165370694643226	0.2370029829876594	-1.1730041528888235	-0.4450079131628072	-0.6853569606672709	-0.5179864173153156	0.7369464257275848	-0.5292233792020915	-0.1790269485933815	0.701156285205572	1.8215874644922	0.2395625065931881
BS_8YWYN7VH	-0.4471393430061919	-0.3629216235304755	-0.370791755245268	-0.8049674118159392	-0.193332071894507	-1.346067137714082	-0.1408734222202835	0.7520559856331293	-0.4079036002759198	3.933527942584276	-0.7745319388608707	-0.2505286985053592	-1.0715180247303588	-0.3758411871729064	3.304651433891212	1.8017318752486464	-0.1420139649526557	-0.3728630296807749	-0.5862735419452659	0.6511579797444368	-0.3746095994758047	-0.2123390373613808	-0.6120598063136387	-0.556749196854239	-0.3190150877654055	-0.5617931241845711	-0.2077553014146161	0.5976178205491961	0.5993549294119801	0.5163423500000852	1.905549876577344	1.9422563125677763	0.682795014667035	0.3013460742577006	1.1480792002457845	-1.6563477804974438	0.0086364113119287	1.1570126928726914	-0.5746391646357515	1.0965477303161315	0.7810379892622954	0.1677950412495697	0.4358506317509851	-0.4380974942098294	1.7038317455450551	0.5049034682333048
BS_8ZE4Z9G5	-0.4471393430061919	-0.6060026073267304	-0.1476146275502549	-0.7552274873657561	2.2788912205790437	0.7533539680557785	-0.1408734222202835	-0.9872668175857844	-0.4079036002759198	-0.1585278138871224	-0.7745319388608707	0.8982148995169926	-1.4276444028485284	4.245066317364261	-0.4826833744912921	-1.2948522500083517	-0.1420139649526557	-0.318745373839775	-0.5862735419452659	0.9636925819224148	-0.3746095994758047	-0.5995708694470769	-1.1794128795950645	-1.427070957578857	-0.9674622935790224	-1.1696949109785388	-1.1716613745327522	-1.587290754072613	1.8567302590931372	-1.3022505563000346	1.54473137095594	1.0862255779211651	-0.0437164299106989	0.8305895509671772	-0.1335187979283492	-0.0903922829384839	1.1223903844014	0.9348755053436856	-0.3255612824849401	0.2629201870761609	-0.1002437082107849	1.1103223033120162	0.6259348817379253	-0.0715795358681029	1.5515477987322384	-0.4367014913950178
BS_8ZY4GST0	-0.2593502586205167	0.4059036560201854	-0.370791755245268	-0.117909462377278	-0.193332071894507	0.0010988413106823	-0.1408734222202835	0.345049495230316	-0.4079036002759198	-0.1585278138871224	0.2110017237102408	-0.3681382488926597	1.5347784752991058	-0.3758411871729064	-0.5043245057492713	-0.6700714156994184	-0.1420139649526557	0.0444946520758656	-0.5862735419452659	0.8159328690091124	-0.1961016199797121	-0.1667826261590853	0.2035865366416611	0.2244532750771181	-1.6771458603368772	0.1980119397228606	-0.9405220465114866	-1.2046582165893518	-1.7395402854595354	-1.6081118466064304	-1.8660937956686272	-1.2001649051984984	-1.5556334051157013	-1.1887438926208185	-0.9037755623769316	-1.5782636548388014	-1.1292255193601568	-0.4327404997104315	-1.985550152189719	-1.923053530940668	-1.3887239113535406	-1.6317628387387235	-1.2708461821899355	-1.0728291366634133	-0.2727000849990313	1.269076900434844
BS_91VYM11A	0.6478159680579052	-0.6068953102641258	-0.2014407866098192	2.6438924649799147	-0.193332071894507	-0.3125445803765528	-0.1408734222202835	-0.2511120572260943	0.7810414544445443	-0.1585278138871224	-0.7745319388608707	-0.1846477971174074	-0.7744424497052521	-0.3758411871729064	-0.4761981441349714	-0.3153536454768131	-0.1420139649526557	-0.0187685825793658	0.7594484027468188	-0.6778638900370056	-0.3746095994758047	2.2204042992092585	0.1920693733108603	0.2616693852796941	0.5172444148851849	0.1691918505955236	0.33410904271467	-0.1891954839245397	0.0646414567260813	0.1738184914381615	0.1886487934240391	0.5536462797655198	-0.2937206324518554	-0.2840284420969762	-0.4582298388559802	-1.159987484851437	0.0526420341764802	-0.6906972326862706	-0.0396312652882761	0.4902571782799949	0.1000354873114721	-0.3279021369807602	0.2833291631050325	0.378110191222536	0.4832575851529973	-0.8120918440426191
BS_956G6QPJ	-0.4471393430061919	1.1139331344022103	-0.370791755245268	4.718443052384362	-0.193332071894507	-1.4201809865395374	-0.1408734222202835	-0.2422433184943294	-0.1806939741754674	-0.1585278138871224	3.3905721554982944	-1.1167514489788015	-0.8908280720050121	-0.0179735935503841	-0.2910508111669058	-0.3995643012120323	-0.1420139649526557	0.0169493899021864	0.3470942533880419	-0.6778638900370056	-0.3746095994758047	-0.5995708694470769	-0.8110595738722142	-0.6736011884082606	-0.4583716041738111	-0.679699047124349	-0.4087998037803658	-0.0001988175220979	-0.6162760168556678	0.1841564083987555	-0.1210191979702858	0.0544282424828108	0.3242790689023648	-0.4483039902617022	-0.0878056090218764	0.5238729923599857	-0.742356578614157	-0.251373217169664	-0.6525615351195293	0.0527785260493643	0.9374197763255208	0.0774043458739199	0.1772129041152449	-0.7209681145188603	1.0517358265371453	0.6493126217493828
BS_97M1E2DW	0.7292232673285923	-0.2499422478978445	-0.370791755245268	0.8007985932547775	-0.193332071894507	-1.079675056359706	-0.1408734222202835	1.9530074573687448	-0.4079036002759198	-0.1585278138871224	0.9091206374391656	-0.8305124962942603	-1.2892129749399737	1.191522439871715	-0.5043245057492713	-0.4407412097516291	-0.1420139649526557	-0.3728630296807749	1.476520729825768	-0.6778638900370056	-0.3746095994758047	1.000472839901452	-2.4114676976765925	-2.465226130354104	-1.410667967144091	-2.7598597666263545	-1.132479115348261	-0.8474480902444909	-0.3424075328895491	-0.7095879230354813	-0.4832363060527671	-0.4017028659102375	-1.4629593434872223	-2.140889002271693	-2.085938315424519	-0.6423551010356566	-1.2939834116438005	-1.5458945020178338	-1.4271272980255898	-1.3000811434258606	-1.0065297019924264	-1.615563500144023	-2.0595459637355265	-0.9510508342777638	0.9363215922442648	1.3479840986687022
BS_9A1YTHFF	-0.4471393430061919	-0.3221678427113433	0.9275033057329288	-0.0096995474591381	-0.193332071894507	-1.140008206985872	-0.1408734222202835	0.4446632439887297	-0.4079036002759198	-0.1585278138871224	-0.4437793674755091	-0.5709536821802149	1.3819391952908875	-0.3758411871729064	1.1756986042473907	0.6964046015541845	-0.1420139649526557	-0.3728630296807749	0.1716146843961022	-0.6778638900370056	-0.3746095994758047	-0.5995708694470769	0.8326719664608581	0.807914221874588	0.1385061278755982	0.9144599799415812	0.1985156895259348	-0.022244873310141	0.2720073235746661	0.3624468790037313	1.445797308881267	1.6302949197322296	0.9265409802703212	1.5529594845238714	0.3789348118301683	-0.8677399362149327	1.402984061511912	1.349224524632164	0.5752601827219584	0.8411332282409162	0.5630753632476129	1.6354848335522227	0.8312499809202913	0.7203471654890427	0.8636321690271919	1.1916263522053268
BS_9B0A62MT	-0.4471393430061919	-0.3963265554560166	-0.370791755245268	0.7211772511244035	-0.193332071894507	-1.221817294449641	-0.1408734222202835	-0.519197606436804	-0.4079036002759198	-0.1585278138871224	0.6502315059916726	-1.1167514489788015	-0.2803839712064471	0.7849731596730675	-0.2760261785412859	-1.383694279548345	-0.1420139649526557	-0.3728630296807749	2.9643635788282485	-0.6778638900370056	-0.3746095994758047	4.224591639024935	-0.3663479281543161	-0.459444006201432	0.991357957895954	-0.459881457278286	0.90683373412154	0.7815700814879701	-0.0289102571987682	-0.5668308167181048	0.3390084510384237	0.1686188855275653	0.2498395162492947	0.5643807743334076	0.0295295928265149	-0.7031551748306116	0.9175174868173146	0.5703977382848923	0.6337635051252711	0.202548012000357	0.0878386393027063	0.6566696270757105	0.1902104852399189	1.689353763076158	0.2241007939695849	-0.020652944907845
BS_9CA93S6D	-0.4471393430061919	5.686477021220582	0.8366832413022556	0.8639840753466902	-0.193332071894507	-1.4201809865395374	-0.1408734222202835	4.406234853983427	-0.4079036002759198	-0.1585278138871224	-0.7745319388608707	0.2185802206852668	-1.1887516255509698	0.977287510910718	-0.5043245057492713	-1.4203884349977984	-0.1420139649526557	-0.3728630296807749	2.2773801226821555	-0.6778638900370056	-0.3746095994758047	-0.5995708694470769	-2.220309709702873	-2.1767005080574258	-2.4222318071798825	-2.6038222607130304	-2.301595734532699	-2.2651196703253347	-1.6519320959659745	-3.0577510504130165	-1.294621444399784	-1.9962816098206044	-2.358817983522187	-2.1730145037175688	-2.3217335039691083	-2.327052181103522	-2.522379996560224	-2.543503360056968	-1.882547233092797	-2.071341201706596	-2.15998448635654	-1.7796843996511735	-2.326062926826671	-1.5982865404995523	0.1610084169873316	0.7235783642451138
BS_9FHEFJNP	-0.2918335100081115	-0.6068953102641258	-0.370791755245268	-1.0254388333387716	0.7625551759128092	-1.2127203353412517	-0.1408734222202835	-0.0608388293888507	-0.4079036002759198	-0.1585278138871224	-0.7536850373462568	-0.2134241238632645	0.4161081119878164	-0.3758411871729064	-0.1893696705076649	1.919445069855435	-0.1420139649526557	-0.2961221902457875	-0.5862735419452659	0.0264161984389862	-0.3746095994758047	-0.5995708694470769	-0.4840835047203783	-0.3501985539717992	-1.2521185023818509	-0.1018161330561414	-0.8693600549330368	-0.947580822976732	0.4748385576784123	-0.0975767571753124	0.0215941667352732	0.5470389782514062	-0.424235136706291	0.4883128715989808	0.0301674817075869	-2.872111809498082	-0.5508309858221361	0.3262180017023322	-1.438394832239035	-0.2948203630753662	-0.1847971999532361	0.5676193896110917	0.209847291428871	-0.6534403733918792	1.6144756385864834	0.044946522973719
BS_9FX3YREK	-0.4471393430061919	3.445902118296394	-0.3198932523253006	-1.0254388333387716	-0.193332071894507	-1.4201809865395374	-0.1408734222202835	3.939693652286824	-0.4079036002759198	-0.1585278138871224	-0.7745319388608707	0.4807503006000414	0.3074427353300398	0.546296983806191	-0.5043245057492713	-0.7430000347804507	-0.1420139649526557	0.2228607103692958	-0.5862735419452659	1.1601177713505018	-0.3746095994758047	0.0864014987132523	-0.1037949681262449	-0.201390550233722	-1.6126326987240251	0.0290161633837621	-1.454698505714928	-1.6983763039757782	-1.7954641783027163	-2.053907638531298	-1.933212382341499	-1.690243244524437	-2.1038914368163413	-1.7941982229386544	-1.638000472776303	-2.2453639959355174	-1.4349407810995538	-1.5285678400770262	-1.953880062499363	-2.341692181325872	-1.8776027469581813	-2.067654642980047	-1.2428292871726905	-0.6095073282105828	0.0589954254466985	0.6566683267990943
BS_9GJ3DB1H	-0.4471393430061919	0.7525594936505817	-0.2632470219204202	-0.6088660474903732	-0.193332071894507	-0.0657927982905305	-0.1408734222202835	1.1478976603662183	-0.4079036002759198	-0.1585278138871224	1.611974551798185	-1.1167514489788015	2.2600725500749284	0.1003344398280572	-0.5043245057492713	-1.4858167760004168	-0.1420139649526557	1.469053698146184	-0.5862735419452659	-0.6778638900370056	5.598181323831099	-0.1698934435675921	0.0072146624609482	-0.1305804787468989	0.4104025795646903	0.1484101137407328	0.3582381557832033	-0.6339855589926469	-1.0501852063363648	-0.4000065228861278	0.1759234089988102	-0.0597150285386906	0.845268827922343	0.6612954240490864	0.2528634889499122	-0.0705557524485502	0.9701831389857112	1.123180378695529	0.6052975631731646	0.4313625449479972	0.9861951287841282	1.28436448053107	0.5608739668354792	1.1794273971449287	0.903657088929037	1.900736375584761
BS_9JPQZQNG	-0.433151924592511	-0.6068953102641258	-0.2121962041852535	-1.0254388333387716	-0.193332071894507	-0.4905251620439507	-0.1408734222202835	1.2077906428972498	-0.4079036002759198	-0.1585278138871224	-0.7745319388608707	0.1061092190119212	-1.4172662260405453	-0.3758411871729064	-0.5043245057492713	1.878385034362486	-0.1420139649526557	-0.3728630296807749	1.1995278462513514	-0.6778638900370056	-0.3746095994758047	-0.5635633888746376	-1.4796356588297892	-1.4257742961108513	-0.6827578191945542	-1.322542209402681	-0.3427557177711507	-0.8615695627929691	-1.2915481468927077	-1.026015230281904	-0.2227146643386986	-0.0578820856654834	-0.1888661025381817	1.145100206090557	-0.3755664383921309	-1.757589163327308	-0.9701533580974172	-0.7672816989827512	-1.415212657164702	-0.2622931032010257	-0.0489084462853735	0.2862743504979814	-0.2727162432677686	-0.6395719118775979	1.4178284953615956	-0.3287747108979494
BS_9TXEDSWB	0.3201202233695557	-0.6068953102641258	-0.370791755245268	-0.5943477466687386	-0.193332071894507	0.1361265069548052	-0.1408734222202835	-0.789467646418794	2.1571568919610087	-0.1585278138871224	-0.1117613351401364	1.190660760103517	0.9257051048477092	-0.3758411871729064	0.2396199935513914	-0.2534163078845832	-0.1420139649526557	-0.3728630296807749	0.8188394785479959	-0.6778638900370056	-0.3746095994758047	0.0409551237718829	0.7308051213129979	0.640106432616899	0.7398825924120492	0.4889228126636862	0.4441537472013661	-0.1165201045140569	1.5682863674229646	-0.990544750879713	1.6108247325784892	2.477314687830149	-0.4175649360483955	-0.1334955229304373	0.0331950820164634	-0.9049214673730208	-0.0816228891539919	-0.3154948901581698	0.7620048221538813	0.0771415733242228	-0.4635910492976414	-0.5254517721330432	-0.7736643455816408	0.6753698512739794	0.4799673034331969	-0.3678300967675619
BS_9XVACXP0	-0.4471393430061919	-0.2588347807270422	-0.370791755245268	-0.6448567851743168	-0.193332071894507	0.1638933174128083	-0.1408734222202835	-0.9872668175857844	-0.4079036002759198	-0.1585278138871224	1.4874301643361492	-0.988603017963234	0.0520932843716582	-0.1219014784636777	-0.5043245057492713	0.8860451492054916	-0.1420139649526557	0.2313424918146786	-0.3924258569061082	-0.6778638900370056	-0.3746095994758047	0.6845553281182016	-1.0262439847336469	-1.0858376172720343	0.118394750754317	-0.9522056740876972	-0.1824974854197132	-1.3917128475719989	-0.9499299598288098	-2.164394035183543	-1.3856210216493283	-1.4867184656097072	-1.3733787290092738	-2.599819801108642	-1.4240871872952126	1.4192110279738863	-0.706516490131732	-1.2277786589903077	0.4435393500865489	-1.6991396243957049	-1.6156666026077946	-0.4701119184687475	-1.233030784900516	0.0986125936561827	1.0495234909214723	-0.8511655356041257
BS_9Y1K14Q5	-0.4471393430061919	1.012279778280147	3.2070700637105563	-1.0254388333387716	1.8556277963255647	-0.9762686512905376	-0.1408734222202835	-0.5818692302583894	-0.4079036002759198	0.4171911593447858	-0.7745319388608707	0.4444030741029505	-1.4276444028485284	-0.3758411871729064	-0.5043245057492713	0.8654655946708469	2.2792835043735487	9.456594243133903	-0.5862735419452659	0.4074362600744114	-0.3746095994758047	0.4951108803383197	-2.563772362987683	-2.5176836914442893	-0.3036298473115646	-2.459692718567544	-0.0753893327768679	-0.6055288332602644	0.8154070141688402	-2.946527246752678	-0.0448417764270282	0.5142365140909665	-0.1284240344236806	0.3843436701615742	-0.4150727001148832	-1.7667597540972817	0.246291835238069	-0.4628866073365184	-0.8276539781386354	-0.0717290664997318	-0.2583925096328045	-0.0887691054561592	0.3739162869274309	-0.3601001365908909	1.3848973686014383	1.241108803474768
BS_9ZJT0CP0	-0.4471393430061919	-0.4601635756127674	0.2000849280226037	0.910332752037727	-0.193332071894507	-0.1635507608638202	-0.1408734222202835	0.8741061844052244	-0.4079036002759198	-0.1585278138871224	0.9898725633118056	-0.8231018105185172	-0.8896887459017171	-0.3758411871729064	3.5335088009997797	0.43589487483068	-0.1420139649526557	-0.3728630296807749	-0.1512811653613307	-0.6778638900370056	-0.3746095994758047	0.9240854088737208	-1.2209772514637796	-1.3545197411527914	0.475380780197892	-1.301124076050225	0.4447802289167476	-0.6813779450111689	0.3690999269340818	-0.2523965029862136	1.3495987670474798	1.3388435154815306	-0.547533624576794	-0.906751748729872	-0.2756711029458165	0.3834275696098029	0.0056438101315105	-0.2294609169737865	0.0107563517597982	0.3363371486181892	-0.0095938845761546	-0.0862200234199947	-1.452386594622895	0.1323494888972306	0.1423308598686805	1.275522997973357
BS_A4PF49V0	-0.4091425914973139	-0.6068953102641258	-0.370791755245268	1.9850548185159589	-0.193332071894507	0.1005066596163603	-0.1408734222202835	1.4251436660702317	0.0005774523534723	-0.1585278138871224	-0.6691224720856025	0.7175559104771524	-0.8071325171078281	1.857834921204028	-0.5043245057492713	-1.5361353348874318	-0.1420139649526557	-0.3728630296807749	1.9283202527720555	-0.6778638900370056	-0.3746095994758047	-0.5995708694470769	-2.3010354403102538	-2.2470154382978778	-0.9298890210824564	-2.4114714493563087	-0.5500225808817167	-0.336920245285846	-0.7296458633469399	-0.8558618493179649	-1.114799620332082	-1.4879211402245691	-0.6017799825859432	-0.8121450036932849	-1.071743962557693	1.1844752942819834	-1.3419213224599225	-0.7365672008517489	-1.323172536627096	-0.3697253118887417	-0.1707819830333065	-0.6359735093413972	-0.1338927292084956	-0.5896552863726834	1.1425322392929418	1.0232041107763834
BS_A6NXR7RC	0.4667591295165502	-0.6068953102641258	5.987179560852006	-1.0254388333387716	0.0329134402646191	-0.828611186092663	-0.1408734222202835	-0.2152980192821752	-0.4079036002759198	-0.1585278138871224	-0.3137664965563049	-1.1167514489788015	0.6187539102601517	0.5882798932244263	0.0556714899986853	-0.1939274602329774	-0.1420139649526557	-0.3728630296807749	-0.3540166047230432	-0.6778638900370056	1.1488520315997095	1.3429888380984991	0.3590582196823333	0.2656331343478758	1.217490638394923	0.5731606892428354	1.1756084334831929	-0.2292465462571455	0.2736451492045332	-0.4516167949308801	0.1955630423632572	0.2517839962170598	-1.107814814579924	-1.2781786273432831	-0.4947100226594997	-0.2518677813951113	-0.0865896816351365	-0.1197710598626378	0.87992805315577	-0.3941023073121504	-0.835265294032308	-0.3507858249843634	-0.5072680267855191	0.7013142515638077	-0.3372561353278575	-0.2221272530659283
BS_A7Q8G0Y1	-0.4471393430061919	-0.0893073320475368	0.2196325986775483	-0.2356318418571419	-0.193332071894507	-0.6108827740091043	-0.1408734222202835	-0.9872668175857844	-0.4079036002759198	-0.1585278138871224	2.0032076924086084	-1.1167514489788015	-0.2266374296686709	-0.3758411871729064	-0.5043245057492713	0.4632328372497623	-0.1420139649526557	-0.1041391293903132	0.1807985607352257	-0.6778638900370056	-0.3746095994758047	2.804974434389072	-0.4434948936190305	-0.3424423672220232	0.2739425862941286	-0.4978688381358091	0.2882708122408738	0.554277614691804	0.2027921190375932	0.5676435204884209	-0.6996184486346738	-1.6596807504387407	-0.7786008344328649	-0.4982714855056099	-1.4352378466872198	-0.8804864629226807	-0.0123055286277591	-0.887157835405415	0.4462664173719141	-0.567495478442367	-0.1587543192581553	-1.3387727602578108	-1.6929246395055455	2.22328586993466	0.5058003379956112	1.0510154235562816
BS_A8XW5S0W	-0.4327884225048325	0.0200567757543037	-0.370791755245268	0.3049423798055707	-0.193332071894507	1.2515628153457097	-0.1408734222202835	0.1836838486207504	-0.4059895629889306	-0.1585278138871224	0.443797428027666	-0.9954513764862502	-0.9333360707450112	2.610942892102659	-0.5043245057492713	-0.8027064300494822	-0.1420139649526557	1.10925564700275	-0.2142227988063633	-0.6778638900370056	-0.3746095994758047	-0.4183661536343653	-0.2130160343264213	-0.338818143660711	-0.1860910686098544	-0.1246982365256342	-0.3319381124621898	-0.34951160421863	-1.1031289657146282	-0.7210114034066343	-0.0688673940785798	-0.7551263476796323	0.7150674851341964	0.8570561534143758	-0.0034185137404712	0.7349963810029642	0.1996013874478313	0.8635716405340139	-0.235072239983901	0.2372693258166029	0.8059023435842987	1.412985411372793	0.2675092424961746	0.8313424409581902	1.2136401502187526	2.212628803827753
BS_AWH9757B	-0.236611413944597	-0.1113530109062382	-0.1564295252671038	-1.0254388333387716	-0.193332071894507	0.1629281773183658	-0.1408734222202835	0.2403398150435124	-0.4079036002759198	-0.1585278138871224	-0.6215556010591602	2.212648747621348	-0.2329386952014007	-0.3758411871729064	0.2349597984981988	0.1808094312074397	-0.1420139649526557	-0.3728630296807749	-0.5862735419452659	0.7905381871968159	-0.3746095994758047	0.2462823980695066	-0.0463306628495117	-0.0484026767824738	-0.6065137163309242	-0.2308671223268349	-0.7154600278224965	-1.178085050123443	-3.2009486696056872	-1.5656794931944098	-1.9180388532278296	-2.5140845903479554	-0.9357974495930664	-2.1761247064872817	-0.6246645023540498	-0.5013262918476571	-1.0844987134665691	-0.8246526122409232	-0.6983500645174447	-1.1130934189321786	-1.209116482329571	-0.8737855915439277	-1.404687734530881	-0.2214662905666803	0.9622624508774232	0.4185477209337827
BS_AYSXRQWY	-0.3838374882326945	0.4648158550744085	-0.0144356606983447	0.5809927699954824	-0.193332071894507	-1.2585677046848611	0.7696358954746717	-0.3792598994846834	2.4211211370642203	-0.1585278138871224	0.231491434305233	-1.1167514489788015	-1.4276444028485284	4.835331471870225	-0.5043245057492713	-0.4673124612341123	-0.1420139649526557	-0.3728630296807749	-0.2593630404961259	-0.6778638900370056	-0.3746095994758047	-0.2221670006872489	-1.0056830467893236	-1.0236800616174837	0.5455744966088301	-1.068621834267122	0.8825791920397025	1.005223780808198	0.0402160028622136	0.2049585007232673	0.0119123602623033	0.2884010899804734	0.8232890597540758	0.5438224657347832	0.1182961899701242	0.1608058303782011	-0.2562695520148993	0.3048567236083819	0.1035117919022485	0.8879300370995481	0.990215196557952	0.3949729237411407	0.5670221150719592	0.8286272028702137	1.0838121568321852	1.3141639643726848
BS_AZQM1JJH	-0.4471393430061919	0.1819607648641522	-0.2798211636272228	-0.4132202708933011	-0.193332071894507	-0.1970498838257565	-0.1408734222202835	0.8680705854225964	-0.4079036002759198	-0.1585278138871224	-0.2559376831253236	-0.9404297488025176	1.9147712104255024	-0.3758411871729064	-0.5043245057492713	-0.1714741238381872	-0.1420139649526557	1.4229509571145196	-0.2091328265308888	-0.6778638900370056	2.7387122156763724	-0.5995708694470769	0.7084792245653453	0.6752607930791833	-0.0671674526288325	0.8461709622504898	0.1604127831395785	0.3762829409337171	-0.5988110650877576	0.3390970766063833	-0.1236555595543327	-0.5277535805140519	0.7626701550298678	1.1199696416728169	0.404249737638318	0.6485344306183641	1.176833005833695	0.9654153113255142	-0.0651919543031025	0.4277067648218673	0.4975850030544453	1.3867457640529317	0.8716916819954961	0.8971508962277871	1.010856012234021	1.6547217639406415
BS_B1C6GZ84	-0.2249410723197457	-0.3092669614215365	-0.370791755245268	0.2752407881752696	-0.193332071894507	2.0703940834397088	-0.1408734222202835	-0.9529457571928264	-0.2357293374294093	-0.1585278138871224	-0.7745319388608707	1.9913478057966607	-2.288806538425213e-05	0.2668452390429467	-0.5043245057492713	-1.3007790707055569	-0.1420139649526557	0.0609812700419074	1.0309675935477698	-0.6778638900370056	-0.0818779704719124	-0.0549181512121162	-0.4819690814832154	-0.4561933511520226	-0.8807202378794752	-0.3889110477241915	-0.5049292030633493	-1.007868131010299	-0.1556877505833494	-0.999892416808663	-0.201362355504081	0.3780291511312939	-1.5578533801801646	-1.574170659439173	-1.2426604090065092	-0.2890049495401411	-1.2089689783008917	-0.5595077119034197	-1.9397883067883903	-1.135173445406866	-1.0590356526424476	-1.845951424336846	-2.088620559722277	-0.610149340390552	1.6302997455491453	0.7297301430697313
BS_B3MQFFYP	-0.0116042774474298	-0.6068953102641258	-0.2256059197525568	-0.4308171512726824	-0.193332071894507	-0.6426253161746167	-0.1408734222202835	-0.301460842158536	-0.4079036002759198	-0.1585278138871224	-0.7745319388608707	1.6612449428086753	1.5608165092123778	-0.3758411871729064	-0.5043245057492713	-0.199211127108032	-0.1420139649526557	0.3578168320908534	-0.5862735419452659	0.5777709722617628	-0.1084867150431154	0.3544772413584485	1.268378792022044	1.1499200335550417	1.509337035988375	1.1346592001671785	1.471697737919886	1.0872880832713103	0.3658835995380023	0.6496628496569061	0.8456812921998842	1.0691845212222817	1.4107670413299045	0.5495945172492533	1.0138022068563812	0.2855042775190545	1.7560279869672564	1.476143250601477	1.548856384824146	1.5351580713429984	1.0175042471754443	0.4993049698103548	0.4926859362995013	1.5510818192002678	0.1904212485213479	-0.6870720424221054
BS_B4R7X1KE	-0.4471393430061919	-0.1083667850341822	-0.370791755245268	-0.8218314981029827	-0.193332071894507	0.5185522091272544	-0.1408734222202835	0.3010602611847691	4.4732551330729615	-0.1585278138871224	-0.4135353147343973	0.1831487024367537	-0.7717191478426745	-0.3520371962502211	-0.3403649516791305	0.0417627583520667	0.3348772625099795	0.2127224903579772	2.1576681376305844	-0.6778638900370056	-0.3746095994758047	-0.5977394926119761	-0.8898428503610409	-0.969183279051239	-1.6509197496001615	-0.8108613897004673	-2.068849366487417	-2.7370437147335265	0.8425075844761356	-0.8886531390808565	-0.5181191079919447	-0.2183914881267493	-1.905222713053001	0.8917067582779866	-1.39793233495237	-2.0556762306005867	-0.6449798364821603	-0.8853836864615459	-0.8506223739024978	-1.4363658313242489	-1.4526391272527754	-0.9585964732705504	-0.9107998153997084	-1.9543787058962887	0.6226107066912423	-1.151361869351578
BS_B57327NA	-0.0130691161089325	0.194295071642136	-0.370791755245268	0.1138409142778102	-0.193332071894507	-1.2614091050873568	-0.1408734222202835	-0.4907609430814728	-0.4079036002759198	-0.1585278138871224	-0.3624946201972477	-1.1167514489788015	0.5931452470347637	0.0818787128278313	-0.5043245057492713	0.0724149702826395	-0.1420139649526557	-0.3728630296807749	-0.5862735419452659	0.622860127382622	1.8407283585647591	1.8230731125146895	0.403742383377619	0.3485940716828564	0.0187879197079434	0.5966196538109665	0.4098880358448963	0.1249992758702826	-0.1875120167502014	-0.505981680807373	0.4390362955966666	1.1718972972305095	-1.1003784967268044	0.0641308143604021	0.273363624277228	-0.3201017131364819	-0.2662817308686296	0.2979395395819468	-0.0381159438418	-0.0784452353733903	-0.4496944822228493	-0.4966569758653399	0.2978448602428337	0.9221550654054136	0.0842875728026339	1.296461911579716
BS_BBAEMXRD	-0.4471393430061919	0.6315197526494198	0.7293791315302126	-1.0254388333387716	-0.193332071894507	0.0596531236631729	-0.1408734222202835	1.1701836120644635	-0.4079036002759198	-0.1585278138871224	-0.7745319388608707	1.200092115977886	-0.8035423085618563	-0.3758411871729064	1.356812349254998	0.9348784828186968	-0.1420139649526557	-0.3728630296807749	-0.5862735419452659	-0.0077755469060617	-0.3746095994758047	-0.3715644836080502	-0.3826459935529899	-0.3611037351116593	-2.733642533390837	-0.343959976239739	-2.631371034721634	-0.3820783440804514	0.1617352797204004	-0.1272481636193295	-0.7540248814351531	-1.251636422855927	-1.3675397988801452	-1.3402042010121058	-0.8888921598226294	-1.714709748936613	-1.1997829939709557	-0.7894107243326283	-2.2086004924236464	-1.015391932348401	-1.321091456835754	-1.433292068527922	-1.5420167321656604	-2.355710251274147	0.989795179080737	0.1518215445790949
BS_BBQ6BHGN	0.7046693973050425	-0.6068953102641258	-0.370791755245268	-0.292980137055075	-0.193332071894507	-0.6064075389421535	-0.1408734222202835	-0.9872668175857844	-0.4079036002759198	-0.1585278138871224	0.088155310676544	-1.1167514489788015	0.7885288448335511	-0.3758411871729064	-0.5043245057492713	0.8312842996747735	-0.1420139649526557	-0.2282330911632038	1.0927389839891102	-0.6778638900370056	-0.3746095994758047	-0.5995708694470769	0.3196210440481891	0.3982074830522454	-1.270093362951793	0.3998400556799004	-0.8821864652326837	-1.229818839449718	-1.0462006918562956	-0.2989189997513834	-1.1534342815943577	-0.9859204874276324	-0.2403470222867204	0.0816017460651537	-0.621684024357278	-2.184780868844504	-0.6774223487281037	-0.6062252807502369	-2.400911040275941	-0.3232589877392221	0.0914057356244158	-0.2874721094046444	0.1263974465591917	-0.4320977365741079	1.060401277495636	2.065107251805162
BS_BK0HGRXM	-0.4471393430061919	-0.10134461326683	1.1622229599735845	1.606125169105274	-0.193332071894507	-1.1917310136458603	-0.1408734222202835	0.149514295585812	-0.2828726070626992	-0.1585278138871224	-0.7745319388608707	0.0859923362386739	-0.6817965781429406	0.7618952234641796	-0.2886917675669296	-0.8215849508606831	-0.1420139649526557	-0.3728630296807749	3.585056488366372	-0.6778638900370056	-0.0797761773999306	-0.5995708694470769	0.3746561148410773	0.30854056181853	0.7186617920360829	0.2660755106956434	0.6412808118455707	0.4294443292643541	0.1763249342125884	-0.1035289134679085	0.9555368116776368	1.1385949898287269	1.0967578529433544	0.5800128697026051	0.3236757994981588	-0.5404862539571801	1.004996204251947	0.4553644089382734	1.3547406162277646	0.7381975295172418	1.2978384753906702	1.578978862990735	0.4511936886453344	0.9014343170046908	0.4170736876531609	2.3069925796019675
BS_BMMY0H73	-0.4032504003117064	-0.3851643853454232	-0.370791755245268	-0.3660325741330979	-0.193332071894507	0.737254417785736	-0.1408734222202835	-0.1891958758122032	1.162439203358692	-0.1585278138871224	0.9342167863293782	-0.2919085443719367	-0.7392424950307199	-0.3758411871729064	-0.5043245057492713	0.5515516904644876	-0.1420139649526557	0.423736565376867	-0.5862735419452659	0.0639690174280379	-0.3746095994758047	0.2415272223618488	-0.0246024093878331	0.0472651161895336	0.08056349387394	0.098870029015456	0.3086492596052932	-0.4245874213594875	0.0730623510964586	0.0250556863135069	-0.1354522637471014	0.1153715042123148	-0.359612253176443	-0.5951933470073649	-0.0906877601094679	0.2203913218798701	0.0083697950693312	0.0078174356345885	-0.3987333279559466	-0.4567633208827654	-0.089737252464402	-0.6005109520501021	-0.4264523323797343	-0.0408661082345003	-0.3942327354565403	0.6097258888570857
BS_C6ZZ3FY5	-0.4471393430061919	-0.1441885983857162	-0.370791755245268	-0.6697080929561626	-0.193332071894507	-0.8498966722182222	-0.1408734222202835	0.667256219640106	-0.4079036002759198	-0.1585278138871224	-0.7745319388608707	-0.0452876845324282	0.5627848564856548	-0.3758411871729064	-0.5043245057492713	1.3376590821025989	-0.1420139649526557	-0.1010965313947696	-0.5862735419452659	-0.1114915092625899	0.3761330282893197	-0.5995708694470769	0.6206731846782868	0.6689637802128335	-0.452694178544243	0.7383946169885255	-0.6298827382167047	-0.0369542808864929	-0.4094680788745602	0.1648213751669256	-0.1901484303714161	0.2799597573059975	-0.2676453000785715	-0.6927374976686858	-0.0461693791265186	-0.4568409228272243	-0.7686057648261785	-0.5360920339706309	-0.3119326010003057	-0.4732868821821946	0.0280508128429564	-0.6946585523474748	-0.6143131638952329	-1.027761611114714	0.794371732904916	0.0335387640914568
BS_C83TK159	-0.4471393430061919	-0.2092323020449519	-0.370791755245268	-0.4849050653587923	-0.193332071894507	-0.7012624026551888	-0.1408734222202835	1.3977575616573972	-0.4079036002759198	-0.1585278138871224	-0.7745319388608707	0.90438211816409	1.2076544859551384	-0.2816832852476818	-0.5043245057492713	-0.8679202112197253	-0.1420139649526557	-0.3728630296807749	-0.5862735419452659	2.246593138117893	0.5646473819900522	-0.5995708694470769	0.3239754522644222	0.4028335982450002	-1.1359308507869672	0.3640174590475241	-0.1422622549154401	-0.3085226426806082	-0.5532146899667576	-0.1124434255324513	-0.9683939669712878	-0.930811335598004	-0.2919971894606318	-0.8133333377819881	-0.0249878511150903	-0.6191958330973039	-0.7774506746677139	0.188767281338904	-1.8095120401605072	-0.4528493105005182	-0.237306797892102	-0.7682911421209371	-0.6147665341256503	-0.7580338545176487	-0.0630034083152739	0.9896676121432834
BS_CBDQZ8PP	-0.4471393430061919	3.063460396096161	-0.370791755245268	0.5000916062758763	-0.193332071894507	-1.083620989364797	-0.1408734222202835	2.007201627070001	-0.4079036002759198	-0.1585278138871224	-0.7745319388608707	0.924770930840168	2.311222606892798	-0.3758411871729064	1.8838247954717031	-0.724337066487752	-0.1420139649526557	-0.3728630296807749	-0.4758053893727704	-0.6778638900370056	-0.3746095994758047	-0.5995708694470769	-1.6370826094268949	-1.7085570936882608	-3.107245701508996	-1.7416848007969636	-2.812232010829885	-3.215591684496223	-2.0068884682953514	-3.280739027688352	-0.6487248955064618	0.8130074053610039	-1.7796552945427837	-0.6407474402582023	-1.3070490020234211	-2.0187754870996515	-1.6163033046297988	-1.4890129225958084	-3.2124877803500675	-1.184883033072632	-1.2770240797337205	-1.103979058998252	-1.0393041404784866	-2.092122877733617	1.0164118055917808	0.0957492831980611
BS_CF63VG3S	0.1519493866457753	-0.6068953102641258	-0.370791755245268	-0.533676399307126	0.4661240652230086	-0.7635941902033754	-0.1408734222202835	0.7954000006077013	-0.4079036002759198	-0.1585278138871224	0.8848342158363449	0.3265896945617625	0.6739370066902056	-0.3758411871729064	-0.5043245057492713	0.2445205633693822	-0.1420139649526557	-0.3728630296807749	1.111086643895585	-0.6778638900370056	-0.3450531546430098	-0.5995708694470769	-0.3276146819672326	-0.3984957113241219	-0.6797606722890108	-0.5216689302762911	-0.683271175958935	-0.146277324414935	-1.6223699507884428	-0.8779673146074839	-0.4732967310574196	-0.3003390180257614	0.5216967475754234	0.6056101406799025	-0.5705992624945095	-0.109919741169933	-0.1221133018493396	0.2967806117050284	-0.5548731117028066	-0.2539861507693069	0.3280841121815744	1.5421394713385792	0.2896149938724884	-0.3314375245106681	0.793191762384647	2.172178481424309
BS_CFD3WHAY	-0.4471393430061919	-0.4584917790310995	-0.370791755245268	-1.0254388333387716	-0.193332071894507	-0.6116468701199669	-0.1408734222202835	-0.9872668175857844	-0.4079036002759198	-0.1585278138871224	-0.7745319388608707	0.1430949092953941	1.3523270150138014	-0.3758411871729064	3.3750066458818586	0.579648245975242	-0.1420139649526557	-0.3728630296807749	-0.5862735419452659	0.7513533564363203	-0.1799385330188366	-0.5995708694470769	0.6058112982392392	0.7212314687054067	-0.8081402221476811	0.5791164557236445	-0.4418247689858754	-0.4379914576405954	-0.111896465907541	0.3208061401464668	-0.0384444825173589	0.3948247427417771	-0.6524301564643646	0.14380167085903	0.4616949254053919	-0.424294121611285	-0.2923133089097556	0.9937114847733278	-0.949400371085905	-0.2068511188468045	-0.6349598881516958	-0.0590045387808424	0.2624838779630325	-0.6869370876306682	-0.4306353070089117	0.2945168292000827
BS_CG1RG607	-0.4471393430061919	-0.4627801982637844	-0.370791755245268	-0.1577726125235509	-0.193332071894507	-1.1840235010160804	-0.1408734222202835	1.5874663140348235	-0.4079036002759198	-0.1585278138871224	-0.7745319388608707	-0.3038418777728832	-0.1486162988590235	1.6966404479991508	-0.3055795875863057	0.2258203826432186	-0.1420139649526557	-0.3728630296807749	-0.5862735419452659	0.6628484936770025	-0.2293497929979854	-0.5421790870049266	0.9787257359366348	0.8974694772477442	0.8877136636181285	0.8386431283709699	1.0382895667392704	1.5880244836721895	-0.1337372345427974	0.5031651854727198	0.9354102160712512	0.5982794206409656	1.051092567848078	1.298602228245159	0.873729062735913	0.0673259168191728	1.7100730655686465	1.8434015026954025	1.604874277267201	0.8114018600458089	0.4175120172487818	1.1052599660380833	1.3066989920204308	1.1081044185475062	-0.7452161861973706	0.6129312480152209
BS_CVEDJGHZ	-0.4471393430061919	0.9250302222682654	1.2612962130343723	-0.842706449040159	-0.193332071894507	0.1583787043801751	-0.1408734222202835	0.5267138949462986	-0.4079036002759198	-0.1585278138871224	-0.1636573250761287	-1.1167514489788015	3.34826713447794	-0.3758411871729064	-0.4034609081797606	-1.0615667718635773	-0.1420139649526557	-0.3137432417530729	-0.3459375062561413	-0.6778638900370056	2.149998315142497	-0.5995708694470769	1.5399422859505965	1.3682580348831752	0.8587516505318905	1.3423434906816565	1.0568121434524544	0.4453898074940779	0.7787378518327724	0.8285517539130509	1.4132270538288283	1.870966275639342	1.3432377706568974	1.707774168312766	0.8827311232107495	0.1471660465439664	2.289300101898843	1.2680659589096712	1.129145813987754	1.1424890893140658	0.7760993961427156	1.9463167880069476	0.8210148411496205	1.3788968789717189	-0.4080289168318071	-0.2053253654515403
BS_CXAQDK7S	-0.1241215399341437	-0.6068953102641258	-0.370791755245268	-0.5536928342659102	-0.193332071894507	0.2564185554478381	-0.1408734222202835	-0.972437778869505	-0.4079036002759198	-0.1585278138871224	-0.7745319388608707	0.8648905256223055	1.7833911739773958	-0.3758411871729064	3.570309954197556	-0.5092625431104214	-0.1420139649526557	-0.3728630296807749	-0.5862735419452659	0.2696094787588586	-0.2397183113629269	0.3846162897559855	1.5166371418497704	1.4178437787096885	0.4108439872403006	1.4952328631493483	1.19028830565277	1.2314635625821724	1.451426972754725	0.719537085395344	2.3415060413082185	2.396841906991125	1.5533064574518047	1.259078513868349	1.734243280176239	0.0732447908401755	1.3601885502860294	2.04801413850168	0.0369190614405144	1.5592584182842228	1.1274589747105437	0.6217001480916261	1.1649591676587698	1.2238686652614164	0.3321435331907161	0.662036203084422
BS_CZPQ493E	-0.4471393430061919	1.7412059775665427	0.6128519456735632	-0.2541143328056114	-0.193332071894507	0.7297345073255214	-0.1408734222202835	0.5042744627873593	-0.4079036002759198	-0.1585278138871224	-0.7745319388608707	0.0637121659352805	-0.6013510849155382	-0.3758411871729064	-0.5043245057492713	-0.9471445083560692	-0.1420139649526557	-0.3728630296807749	-0.5862735419452659	2.0811432427672605	-0.3746095994758047	0.8146255544534425	-0.5462104137635369	-0.658864915118107	-0.1457363215670141	-0.5248899977820111	-0.0560632098414247	-0.6279241712913297	-0.3185384181714549	0.0301175445604656	-0.336610817826988	-0.750376830317481	0.7265062297323525	0.2567930218940398	0.5093913392878968	-0.5663555614357335	0.8307756842428129	0.3709753199763635	0.032600882529388	0.6053274536856497	1.0591390114087629	0.6516413153678863	1.2675431572234848	0.4221636243917819	0.5425815251838868	1.4925739978891637
BS_D29RPBSZ	-0.4471393430061919	0.2059560615340397	1.395604411505878	1.5678018287511588	-0.193332071894507	0.6255674340043094	-0.1408734222202835	0.0133178259223508	0.0735698268511674	-0.1585278138871224	0.2113110132723455	-0.1751556871985083	-0.8235634444746875	-0.3758411871729064	0.4496452939655547	-0.9829279815899478	-0.1420139649526557	-0.081970062927101	2.045564371840209	-0.6778638900370056	-0.3746095994758047	0.2467581787723757	-0.4803022549651802	-0.4763625900439328	0.6470984108727158	-0.5802896681272873	0.4274217420062752	-0.228945999691528	0.9329691691434948	0.036617942868375	0.6937066415848859	0.8469459264251044	-0.4729529232087844	-0.8519743905757695	-0.5998200312549794	0.5829397526129274	0.0705234484743378	-0.1444175911503117	0.5566001792526476	-0.0687907278194702	0.1746068205980178	-0.1618436192973621	-1.1661871244361317	-0.7833700914015129	0.124781816598181	1.4483582109275228
BS_D4VNDNQA	-0.4471393430061919	2.248672094231235	-0.370791755245268	1.1414177865608923	-0.193332071894507	-1.4201809865395374	-0.1408734222202835	1.679008434582936	-0.4079036002759198	-0.1585278138871224	0.046491925488794	0.938108024647662	2.013646902898392	-0.3758411871729064	2.21331241938735	-0.72418510564416	-0.1420139649526557	-0.3728630296807749	-0.2147147115534464	-0.6778638900370056	-0.3746095994758047	-0.5995708694470769	-1.7334807748885217	-1.667857430494354	-1.1369922581013572	-2.049073123817764	-0.8819580064357382	-0.9334801636458194	-1.873718154242001	-1.2115133266726714	-0.9400782468075874	-0.7569579631095852	0.2240534212933359	-1.0585139951541087	-0.5728176227559685	-2.329912196999824	-2.0848673281374515	-0.7924178466800699	-1.6046828161675433	0.157583798347125	0.5981179706171369	-1.272149342185335	-0.4850214104762058	-0.5529272794312793	-0.9812148185201224	-2.2986550845530083
BS_D6J2BGDJ	-0.4094394071894913	-0.5154755184333075	-0.370791755245268	0.6308796364906087	-0.193332071894507	-0.5898307330761349	-0.1408734222202835	-0.4740502161411717	-0.4079036002759198	-0.1585278138871224	0.4547960437032723	-0.5085850289203683	-0.9165629046022368	-0.3758411871729064	-0.4317952376250684	1.8142564124617413	0.908227719415565	-0.1007491557155506	-0.2089388037177079	-0.6778638900370056	-0.3489921572944325	-0.4112420260672155	-0.6940351765572076	-0.8714442628316216	-2.025408111933656	-0.7596522321959108	-2.1776743661226567	-0.2809529771894107	-0.2670184122992847	-0.0626604755129342	-1.913807015623332	-2.074348251121345	-1.6394241280779442	-1.307365950017265	-1.7530100364522965	-0.4560782223424112	-1.9624410430347428	-1.3885728312705328	-0.9693339709101018	-1.8339983706659404	-1.4836938068599006	-1.830770664432172	-1.455455276325395	-2.447727262708624	0.152742447972324	1.1996070295626515
BS_DFGS950G	-0.4471393430061919	0.5178918229406598	-0.370791755245268	-1.019781475829659	-0.193332071894507	0.4248822104163287	-0.1408734222202835	-0.1956495005784208	2.740372344835517	-0.1585278138871224	0.45922664839644	-0.3781643245285713	-0.9584808260373264	0.8420364534262161	-0.172548651881806	-1.17864539650398	-0.1420139649526557	1.1785192974794598	3.758467336977438	-0.6778638900370056	0.2998651537138257	-0.5995708694470769	-1.9066980204248265	-2.1210212202245757	-1.3808201631092132	-2.067111390724919	-1.4418821453523822	-2.468018068803001	-0.4598117702152225	-2.900944583615831	-0.3525274458771626	1.137720928757284	-2.51616816717284	-1.7549095926575553	-1.9195797510118384	-0.1723634772389513	-2.6979575761545247	-1.2672913053711674	-1.833598807857045	-1.885716769532884	-1.9961688681659495	-1.8431046662921164	-1.5387118863758762	-1.5770740323406205	1.7164626919871564	-0.0779219517718522
BS_DNZVP92S	-0.4471393430061919	1.0620992532218303	-0.370791755245268	-1.0254388333387716	6.2386104110329565	3.4505104451170303	-0.1408734222202835	0.3632022790448215	-0.4079036002759198	-0.1585278138871224	0.4243425103635553	-0.5923915746550025	-1.1269005034021229	3.299700248262959	-0.5043245057492713	-2.549972552958048	-0.1420139649526557	-0.3728630296807749	-0.5862735419452659	-0.2049217990388853	-0.3746095994758047	-0.5995708694470769	-1.6102345916368996	-2.022730379493017	-1.1694547785864091	-1.7580157375703611	-1.0856728842794878	-2.0403641853629506	-0.1041635792148033	-1.3082203121450693	-0.6835069398404291	-1.7823481171753035	-0.586081353378102	1.010313564549733	-1.0062163533224284	1.317435178742604	1.202444419465937	0.3276416921800277	-1.57582331884093	-0.6225422990243765	-0.4783136261221742	0.4250392479430651	0.205295871150625	-0.5421816591110278	1.6250340809034038	-1.6557059504338063
BS_DR079H0D	2.014647479987512	-0.6068953102641258	-0.2298554519895453	-0.994092079848948	-0.193332071894507	-1.0317309326740014	-0.1408734222202835	4.118861314393259	-0.4079036002759198	-0.1585278138871224	-0.7745319388608707	0.7946428477825136	1.8134445704061728	-0.3758411871729064	-0.5043245057492713	-1.5891319658296084	-0.1420139649526557	-0.3728630296807749	-0.5862735419452659	-0.6727933638059911	10.809538094857215	0.1656003931306515	-0.3713185317622165	-0.5846275686788633	-1.22192299477581	-0.2676049407663408	-1.0652810334486127	-1.5046947600609335	-2.0788371430720565	-2.3343134646580523	-1.4723092942684286	-2.013619672363297	-0.5643408604812743	-0.6624220901485595	-0.6710145885656459	-0.3208321582063471	-0.2823063398567819	-0.2336016662902456	-1.237727457102511	-1.0021946330506055	-0.5336476924140229	-0.4410899558507411	-0.7420213601860655	0.1919035204478615	0.7893137365803073	1.1855683363789236
BS_DS438CXE	0.4668069426629712	-0.6068953102641258	0.2624494856984856	-1.0254388333387716	-0.193332071894507	-0.4079125040877694	-0.1408734222202835	2.8052260598122825	-0.4079036002759198	-0.1585278138871224	-0.7745319388608707	2.472839866448205	1.016423272858184	-0.3758411871729064	-0.5043245057492713	-0.7889943994279451	-0.1420139649526557	0.3752177042940329	-0.5862735419452659	1.0159080518101833	0.0023557818236467	-0.5995708694470769	-2.5887742400628064	-2.651693369243909	-1.77418153127859	-2.676645390875409	-1.8857728300848595	-3.669883931436766	-1.7654205753915233	-4.20786058918011	-2.595311122425496	-2.789263847014707	-2.1529529845477557	-2.039379051253976	-2.408756018872136	0.7157411061380838	-1.1286973422386537	-2.526227077666544	-1.8074723157690664	-2.5010242567931376	-2.062228195827775	-1.815209768122598	-1.7844773733651047	-2.131939851922408	0.6475331322039606	0.5092386417325286
BS_DSPVSM7D	0.2373749689688213	-0.6068953102641258	-0.1892958920419132	-1.0254388333387716	-0.193332071894507	2.2747653885355463	-0.1408734222202835	1.3623028250422022	-0.4079036002759198	-0.1585278138871224	1.306196588038609	-0.2852271997278761	-0.8394135758542005	-0.2832090994857209	-0.5043245057492713	-1.9452374712565577	-0.1420139649526557	0.0271806714479656	-0.5862735419452659	1.4532882532285611	-0.3746095994758047	2.947446997734218	-1.1111021497710356	-1.2946069303464216	0.0569994318634373	-0.949627352086036	0.2432125998513165	-1.2000834032964334	-0.5056592679777869	-1.171812284899816	-1.191078900299441	-1.3732947634634745	-0.7454404656669945	-1.2050590999903796	-0.6976004102243478	-0.587219536240491	-0.4841266363599567	-0.7096500172870105	-0.2215263143288587	-1.1038276431328575	0.5858270118981319	-1.3255118779182142	-1.1601421984334173	0.8943977811371031	0.46264210730708	0.9278359985090372
BS_DZNXFPH1	-0.3228743714658047	-0.6068953102641258	0.2824523460422433	-0.5767558529312559	-0.193332071894507	-1.1150050690131053	-0.1408734222202835	-0.2163394591291962	0.3669862614724858	-0.1585278138871224	-0.7745319388608707	0.1037438189049623	0.7760079881152931	-0.3758411871729064	1.5195922511400155	0.3126708312602447	-0.1420139649526557	-0.3728630296807749	-0.5862735419452659	1.75731935092339	-0.3746095994758047	-0.49233923346383	0.3802639945985638	0.4632964763801395	1.1457573116708486	0.5116784654149795	1.3694870547489817	0.7800216312919308	0.6351295739019324	0.3798414972390886	0.8024152537585029	-0.0978784588363229	0.9993970168780768	1.0483926868083355	1.4437290068486313	1.1021715761396231	0.9039222282976064	1.5264635592974227	1.2744350943419065	1.2270089550772405	1.6398278225741674	1.628579707442133	1.423086463149107	1.1841720462101817	1.471870547727672	0.2200932547947667
BS_E7NVYA6G	-0.4471393430061919	0.3139931802315956	1.1268284435480398	-1.0254388333387716	1.4814294418478564	-0.1591215491583113	-0.1408734222202835	-0.84668037914225	-0.4079036002759198	-0.1585278138871224	-0.7745319388608707	-0.508787012401259	0.207360927492398	1.7645664473651854	-0.1754673148102819	-1.2074168905366385	-0.1420139649526557	-0.3728630296807749	-0.5862735419452659	1.545457836424634	-0.0201881777090783	1.2999495435735209	-0.0529573211880118	-0.1694593535992875	1.6874892065591431	-0.0478232123059119	1.3246305389162167	0.3751230745927359	0.5912735350974757	0.2588219843905592	0.4541976121809067	-0.7349588379000627	0.806317742521207	0.3553533102277987	0.8551326288117006	-0.3821483102582946	1.9133695057165176	1.3855924365719772	1.926060880002876	0.8443856341122071	1.860615697838916	1.1052554942362485	1.7877581631242605	1.8637962576267624	0.617463482475022	-1.012429317921173
BS_E9CYN4NP	-0.4471393430061919	1.4127786360964634	-0.370791755245268	-0.1575989081528139	1.244813749632729	-1.074342422440842	-0.1408734222202835	-0.7774968695384261	-0.4079036002759198	-0.1585278138871224	-0.7745319388608707	0.733170136914827	1.057774909971138	-0.3758411871729064	-0.5043245057492713	0.328955691584179	-0.1420139649526557	-0.0824824560171977	-0.5862735419452659	0.6595144509677208	0.6787449377993364	-0.5995708694470769	-0.1884938558515573	-0.1719464769069151	-1.87460825288132	-0.213670452091558	-1.7336884173592295	-1.914684290622752	-2.4752242917236207	-1.9221479436094584	-1.1832855650987213	-0.2592521079744727	-1.2572182724997472	-0.2677392620351143	-0.978724746163718	-1.317556449829881	-1.033150416937411	-0.7161691171360733	-1.9345175293475512	-1.0203379393351806	-0.8499466594952412	-0.9555075101034264	-0.0166323684513504	-0.8012198624347481	0.8529320842916841	-0.3166593331901766
BS_EB0XRBT9	-0.3188476443384354	-0.3867149357658303	-0.370791755245268	-0.0568631194818417	-0.193332071894507	1.6266759642102735	-0.1408734222202835	1.311399112661589	-0.4079036002759198	-0.1585278138871224	1.254050587049935	0.2953246703955137	0.6325421034079506	-0.3758411871729064	-0.4157734503263935	-1.192068675866788	0.0047577455792589	0.0213617998721317	-0.5862735419452659	-0.4327922423577898	2.909062978287364	-0.4445624549603065	0.9716828607253096	0.898212798054053	0.7624531398730822	0.9486812180389396	0.9931738562654504	0.8852059491300454	-0.1149973396650004	0.536352909537207	-0.0359674162109857	-0.639007382033719	0.8499240248660684	1.2900394828331103	0.8436618973167714	1.2130691604679646	1.6499761485748767	1.4692524423439255	0.733563898814316	0.3110315043293512	0.3751376491796624	1.6502896997412089	1.403246022716507	1.1618009879921978	0.4640763669049035	0.7977207721096832
BS_EDJ5TV0P	-0.4471393430061919	-0.342845282499337	-0.370791755245268	1.257596290830976	-0.193332071894507	-1.2682918496553894	-0.1408734222202835	2.937532244128293	-0.4079036002759198	-0.1585278138871224	-0.7745319388608707	2.3659360003761543	0.7956067990832604	-0.3758411871729064	-0.5043245057492713	-1.6632712327205266	-0.1420139649526557	0.4557499968581087	-0.5862735419452659	2.678398972683585	-0.1467602922498513	-0.5995708694470769	-3.707727385850188	-3.5816930935553906	-1.5579403093379611	-3.848437536702643	-0.4393743281522341	-2.3357258420340927	-2.5814977887445543	-1.8036111810858049	-1.341032427585278	-1.0749863382820126	-1.7061135897576407	-0.9762468402040604	-0.5259865805189438	-1.1750361998309935	-2.4325925876656127	-0.5129598632163659	-2.250146462647552	-0.9168842894949574	-1.5679307012389077	-0.7235062579027765	-0.3392622304348647	-0.535974296500879	-0.1085817918157802	-2.2819610246967263
BS_EMQM7HTA	-0.3042966553370934	-0.6068953102641258	-0.3365142601504594	2.027362275588497	-0.193332071894507	0.4840300386008216	-0.1408734222202835	1.3447383838605038	8.391809839842063	-0.1585278138871224	-0.7745319388608707	2.0682582449577023	-0.943106675976598	-0.3758411871729064	1.1850823890288007	-0.7709874652092062	-0.1420139649526557	-0.3581258169064713	0.0843462565330417	-0.6778638900370056	-0.3746095994758047	-0.254538391210643	-1.2559296385068142	-1.1358650051875996	-1.5355789184447708	-1.1117538357408248	-1.267808545008544	-0.8202128493651807	-0.0191380384697982	-0.4606337187987444	-0.0120005408777257	0.0024177684543244	-0.0497574671465225	-0.5206996515761478	-0.1571794128496601	0.7520585893658681	-1.5258126286844709	0.4235375687951748	-1.7752427464576188	0.1943682403375248	0.160083127548574	-0.3390760295176913	0.2561507007270683	-1.1138252020009918	0.6838142914597815	-0.2862652002041915
BS_ENEYB4TG	0.0520949884537234	-0.2518972180604009	-0.02302113783778	-0.9946272183798768	-0.193332071894507	-1.0832916646923274	-0.1408734222202835	1.150588900970603	-0.4079036002759198	-0.1585278138871224	-0.7745319388608707	-0.0070234827833345	3.6059806280010704	-0.1966279764460992	-0.5043245057492713	-1.6838170254925855	-0.1420139649526557	-0.3728630296807749	-0.5862735419452659	0.6254912078972871	-0.3746095994758047	2.8872199576885973	1.2758459000266174	1.199239656660276	0.4516314579962043	1.2126257776544762	0.9690016049630522	0.5378720559323197	-0.644714726702213	0.0469618626312783	0.1948452673840666	0.2619589963277314	1.0237831322623918	1.0883028742551937	0.6476535224628835	-0.6842667271986298	1.1787831655037877	1.4049593279220312	0.5493036687823126	0.3436579224428294	0.6706883473912398	1.1266200752488484	0.8853965759078808	2.0416923829360294	0.2360383508562324	1.8305870121066363
BS_EXPJQZTH	0.5755521000186136	-0.6068953102641258	4.181980785764688	-1.0254388333387716	-0.193332071894507	-0.8770509001604373	-0.1408734222202835	0.0378620857734299	-0.4079036002759198	-0.1585278138871224	-0.7745319388608707	-0.7130118752288814	-0.2347891618260252	-0.3758411871729064	0.159736566524154	1.0246814301632097	-0.1420139649526557	-0.290860199571389	-0.5862735419452659	0.1071472833753671	1.3266578438731862	0.0539399594606753	0.7552186386310669	0.7503194400331588	1.1226670424622962	0.8360893945436816	1.0928558968437636	0.2868127151224309	1.1844040982692248	0.9940635916069404	1.7282952669422806	2.007758616733629	-0.4604814622502909	0.8149455248076731	0.4913386167904642	-1.0641882174649338	0.9243500933705208	0.7782785724186415	0.9045884549606308	0.5735381391815805	-0.0783834766066448	-0.0957410724249691	-0.2058004479783809	0.2902950110726304	0.8763647948814742	0.6018946554315427
BS_EZ3147MX	-0.2211205930830302	-0.455770477711845	-0.370791755245268	-0.0833043138296361	-0.193332071894507	1.2285006868065498	-0.1408734222202835	-0.8894839118860384	-0.4079036002759198	-0.1585278138871224	0.2888656902073897	0.7382281250662954	-0.7568815795527247	-0.3758411871729064	-0.5043245057492713	0.2985841227201799	-0.1420139649526557	0.2224480209238184	0.943580751256516	-0.6778638900370056	-0.2952661710492534	-0.5995708694470769	0.5263656335113884	0.5609185757486964	-1.3738075986906049	0.5881111261994417	-0.9509072716609088	0.0748605010063509	0.7739959064116554	-0.2906786493706754	0.8380663342805619	2.173242533182314	-0.2367175734031188	-0.4599052923790431	-0.7827838133317861	-1.552803745814165	-1.643595074520413	-0.1413196767805291	-1.2145605664469783	-0.0145080382843971	-0.038895056726752	-1.2353160178262792	-1.1186978651029236	-0.7367589694263703	0.658693988019285	-0.3658603512114092
BS_F0JB4EAK	-0.2084541138709358	-0.4453870881355055	-0.370791755245268	-0.8786229297186047	-0.193332071894507	0.7382732822620396	-0.1408734222202835	-0.2359514166422295	-0.4079036002759198	-0.1585278138871224	-0.0056663106645629	2.615914028527223	0.1180808007234464	-0.3758411871729064	-0.1499603753480926	-1.8119510601888569	0.8449922270462755	-0.3728630296807749	-0.5862735419452659	3.26879973510884	0.8903747303820432	-0.3567842828448002	0.8961691573733904	0.8861601995730213	-1.4324306188404936	0.7979472892703123	-0.5517080290496924	-0.8478649636512995	-1.791458777733134	-2.068083068957587	-1.9748905171607385	-0.9251306890032838	-1.2112840439826391	-1.107510173955524	-0.9872681971285177	-1.074609867794732	-1.1617619544252498	-0.3006513942169544	-1.0953891856956697	-1.952638867425124	-1.637063204658146	-1.0721459559316169	-0.8965863636516174	-0.8565287481047658	-0.3942897673072143	0.6343195982294267
BS_F21R36MM	-0.4471393430061919	2.88763343895727	0.2913628251798301	-1.0254388333387716	1.4169063770957986	-0.8755558829310878	-0.1408734222202835	-0.0890374119266535	-0.4079036002759198	-0.1585278138871224	-0.7745319388608707	0.0599417287548047	0.8551769775444736	0.1594413015424584	-0.5043245057492713	-1.445973435052731	-0.1420139649526557	2.2868113304488147	-0.5862735419452659	1.9290438201259104	3.846868157560873	0.2570911608300344	-1.7653445465519553	-1.985085392120622	0.2978579742033269	-1.789484352161592	-0.0890478630981033	-1.155267924194915	0.1622278835515491	-1.5354165148087169	-0.2447809599517901	-0.8027818606685291	-0.3276663369953895	-1.0541025339131949	-0.1681526732014103	-0.2430072025262515	0.8910079660465101	0.2636127851293084	0.6120263720339053	0.0224676360872345	0.064256455705414	0.6461906355489697	0.4241240770257632	0.2700997287863284	0.779259147032867	0.4507008925748429
BS_F65GWS21	-0.4471393430061919	2.477224754127736	-0.370791755245268	0.9064219258800438	-0.193332071894507	0.5942461227447832	-0.1408734222202835	0.2416919633440116	-0.4079036002759198	-0.1585278138871224	1.387333138897484	-1.1167514489788015	-1.057909275050987	-0.3758411871729064	-0.423254514400737	0.4166116047613134	-0.1420139649526557	4.278771739839267	-0.5862735419452659	-0.6778638900370056	-0.3746095994758047	-0.5995708694470769	-2.577060885604108	-2.353145737901107	-0.5263748876552284	-2.3069926098417333	-0.11473321472312	-0.9873224763458234	-0.6474425503652714	-1.5555076080588224	-0.2583519543594569	0.0394676803299933	-0.2998499823418687	-0.7871598396002998	-0.847852863919651	0.5712549588762937	-1.402342235466263	-0.9013099463168124	-0.7530433203301651	-0.3602819243643792	-0.0551788758290715	-0.6596098532707775	-0.3448724898224675	-0.6874003697676351	1.5231421400820686	1.0709052123931808
BS_F6V1Y4QS	-0.4148260216161585	0.0722674517816067	-0.370791755245268	-0.862995691270825	-0.193332071894507	-0.198260453043587	-0.1408734222202835	-0.2697861673806093	-0.2926900748299536	-0.1585278138871224	0.6904421900822738	-0.8408528647541121	-1.3125878507183644	4.928827721784656	-0.5043245057492713	-0.8446913540925834	-0.1420139649526557	-0.3728630296807749	-0.5862735419452659	0.3009730712286281	-0.3746095994758047	-0.5134855535010017	-0.8516336793075343	-0.6768646989461291	0.6736210691973694	-0.6953949507424833	0.9754578704887048	-0.5151837206502476	0.3628573126307621	-1.921014500593059	-0.4462035032325931	-0.5239414552184002	-0.8674538916183977	-1.7015016202204776	-0.5225579663878982	1.4243942369354274	-0.3029237248751574	-0.4040070029121846	-0.0574929945253139	-0.8889614592839199	-0.5608740050093556	-0.3096160180125543	-0.6066926956520703	0.0616627476842968	1.235982994809001	-0.9850372065678874
BS_F9Y4Z92G	-0.4471393430061919	0.9346313461954684	-0.2340905120924923	-0.0779397970935224	-0.193332071894507	-1.025413023567373	-0.1408734222202835	2.4094819920217456	-0.4079036002759198	-0.1585278138871224	-0.7745319388608707	0.9886209677492668	0.6074022266263072	-0.3758411871729064	4.927383766486524	-0.1796351927884807	-0.1420139649526557	-0.3728630296807749	-0.5862735419452659	0.4684360136538264	-0.3746095994758047	-0.4847649486842749	-0.431329021009137	-0.3739538858230715	-1.253744677062394	-0.5936106194474888	-1.5516437888151768	-2.1899219920676063	-2.157762421160186	-1.2772328537904627	-1.313999600578343	-0.7707895763168698	-1.905404897438261	-1.964968402884339	-1.0397198002347536	-1.2593877261007955	-1.6564686495065508	-1.7583877329095152	-1.465608488301499	-1.5195915884529994	-2.282723946454453	-2.1778318217767367	-0.845016636657642	-1.522228653187223	-0.518504670992032	0.0439140841121719
BS_FCDAH728	-0.4471393430061919	-0.6068953102641258	-0.370791755245268	-0.8155982842106068	-0.193332071894507	-0.6954269243134722	-0.1408734222202835	1.952745165170083	-0.4079036002759198	-0.1585278138871224	-0.7745319388608707	-0.0261388487435012	1.4885951437975216	-0.1196037257936211	0.2222469009062168	-1.86274777825027	-0.1420139649526557	-0.3728630296807749	-0.5862735419452659	3.825778511134011	1.2881128277232383	-0.5995708694470769	0.0603669451080815	0.1516987284840801	-1.453283668324275	0.1821064554689856	-0.7244225110825161	-1.0051977411077602	-0.2882189255776372	-0.6936254284534942	0.4117941496723665	1.397861694000504	-0.79347369760181	-0.9077666294002568	-0.0381191209106587	-0.6495784604806273	-1.8968276026257167	0.5120838978908782	-2.016624178992088	-0.530209578442068	-0.9384841551862994	-2.2265469372848683	-0.7404298178564102	-1.139507764087591	1.1150522351197816	0.4841961162655088
BS_FEV5A0HN	-0.4471393430061919	0.3673758733911264	-0.370791755245268	2.865408916749311	-0.193332071894507	-1.4201809865395374	-0.1408734222202835	2.703116940188456	-0.4079036002759198	-0.1585278138871224	-0.7745319388608707	1.358852517808515	-0.9781762810544288	-0.3758411871729064	-0.5043245057492713	0.5424660322008347	-0.1420139649526557	-0.3728630296807749	0.2744033109425923	-0.6778638900370056	-0.3746095994758047	-0.5995708694470769	-1.3755267638565287	-1.3756433508945007	-2.5856791037299254	-1.5449195466607	-2.8364595291343813	-2.924303538309306	-3.539040332670989	-2.5990637948511384	-1.3808654435474872	-0.9137556008548936	-1.8792008199672556	-2.425165133146625	-2.1245669688583297	-2.478407015093446	-2.87865503778417	-2.3586791108894065	-2.9380543807998354	-1.172904012179626	-1.024752860624387	-2.590587259706877	-2.007273652318305	-1.4754420840708602	1.0868728718207892	-0.2459954793050954
BS_FGJH1X0S	-0.3487316823786097	-0.2877807585453726	-0.370791755245268	-0.0355739693307272	-0.193332071894507	1.0621611547399823	-0.1408734222202835	-0.5430581523555934	-0.4079036002759198	-0.1585278138871224	-0.2526569483411431	-1.1167514489788015	0.2568385616537745	-0.3758411871729064	0.4740639821643467	-1.032899829329563	-0.1420139649526557	-0.3728630296807749	0.6659146044894685	-0.6778638900370056	0.3876714475904118	4.224730765422737	-2.192217685670341	-2.18493770285692	0.0961520301828152	-2.153025271773523	0.2792039795250041	-0.7187670411516914	-0.4020308379701222	-2.555989169935295	-0.9149346915641714	-0.8215189433923129	-1.8343343570503692	-1.325294995663301	-1.3259346876126283	0.6660563767297917	0.553467775318636	-0.9755414409248606	0.3819134336083427	-1.3945976990482238	-1.710372211020308	-0.0749868840760389	-0.9607611494760884	0.2668676956836444	0.3927485556660373	-1.877173138769608
BS_FKASA3MN	-0.4471393430061919	0.2029243232331912	-0.370791755245268	-1.0254388333387716	4.659200203129986	1.1594112619441794	-0.1408734222202835	0.3645360006720369	-0.3697538791129244	-0.1585278138871224	3.237011719262608	-1.0965718005447438	-0.7481318706702672	-0.3758411871729064	-0.5043245057492713	-1.0306890545104244	-0.1420139649526557	0.4708934107035702	2.277400460010028	-0.6778638900370056	0.2116227840914504	-0.5995708694470769	-1.7388437258379783	-1.9173978514679293	-3.4226237333833165	-1.6054707986075836	-3.974431857709256	-3.415061537290557	-2.874664003299616	-2.67267809016336	-2.5865860555819458	-3.028122918768651	-2.461370522828459	-1.9088373319889136	-2.4114064255820367	-1.6651795585680766	-1.9204258183289853	-2.328706282356425	-2.9317598322979976	-2.2404344296643064	-1.8543663718843173	-1.3158930884918305	-1.837079017924698	-3.2878655721127976	1.6121243298292225	-0.099597694739049
BS_FN07P04C	-0.4471393430061919	-0.6068953102641258	-0.0505096404900993	0.7918955591427539	-0.193332071894507	-1.4201809865395374	-0.1408734222202835	3.073793255469722	-0.4079036002759198	-0.1585278138871224	-0.7745319388608707	-0.2306867115711084	-1.4276444028485284	4.216913011840004	-0.3749511476389645	-1.858061707990768	-0.1420139649526557	-0.3728630296807749	2.93931594577387	-0.6778638900370056	-0.3746095994758047	-0.1441913832770931	-2.839406389153773	-2.838866696384616	-1.6308392694501157	-2.477251071726547	-1.513770474726133	-1.598955293225918	0.2730624644371252	-2.931198669831047	-1.437458865774935	-1.3156767545796664	-1.5023832324305109	-0.949183135560375	-2.6802075330481605	0.9649556269097106	-1.7053479135958929	-1.7697836719705555	-1.5785170945500469	-1.5871892460932135	-1.177791007392265	-0.6986038949486417	-2.0730368191138906	-1.478963416690504	1.1453197053891218	0.2324074084993515
BS_FX2P2WEG	-0.1664028871608602	0.1326788800611563	4.525015733047326	6.190336417698922	-0.193332071894507	-1.4201809865395374	0.1347399547174462	0.3578139622118791	-0.4079036002759198	-0.1585278138871224	0.9524321414975916	-1.1167514489788015	-0.6904689087296791	-0.3758411871729064	4.526921049362473	-1.024303376147519	-0.0073905706526037	-0.3728630296807749	-0.4408037442136355	-0.6778638900370056	-0.3746095994758047	-0.0771350331019799	0.254581856854841	0.1965900654324799	0.2306786433612475	0.1074556804590713	-0.105380881739977	0.0983748339262579	1.870950388021296	0.8672676871407858	1.4271404615563683	-0.4794182099091728	1.2450654391388205	0.887382292263603	0.8952505547342081	0.289351527963725	-0.6738792918841483	-0.0216739828636523	0.5685009026390092	1.9557794737569747	1.331839408509274	0.4977294629264728	-0.4546255557914551	-0.1531287472630885	0.8782842209921996	0.9164965768891624
BS_FXJY0MNH	4.747739646617667	-0.6068953102641258	1.4697186588951372	-0.0330133314631132	-0.193332071894507	-0.737910650209065	-0.1408734222202835	-0.4346907003983168	-0.4079036002759198	-0.1585278138871224	-0.1101542097172216	0.6913784566206929	0.8472686442994941	-0.3758411871729064	1.9983673766523653	-1.3972679941799646	-0.1420139649526557	-0.3728630296807749	-0.5862735419452659	0.339207107555075	-0.3746095994758047	2.5572793557921205	0.9022501149828468	0.8946699656837938	0.1441667548805468	0.8421191746118598	0.4451254521265908	0.0476966486876698	0.3074470900498245	0.2390509726572474	0.7799516984274958	1.303678773108338	0.771833455951166	0.0334174797405485	0.3056405901803652	-1.4896808632425511	1.1156354908280444	0.3945575090017607	-0.6975352620792595	0.5778126378977827	0.4354663951348635	-0.0790195019830853	0.5425151652367909	1.144077491931914	-1.476973281535438	0.4913419722594002
BS_FYP2B298	-0.0561032858553832	-0.6068953102641258	-0.370791755245268	-1.0254388333387716	2.0080371553449896	-1.10103699811306	-0.1408734222202835	0.2162232452454923	-0.4079036002759198	0.6973913464847052	-0.7745319388608707	-0.5497889066331244	2.651744430356853	-0.3758411871729064	-0.1106424672881064	0.8076575728334957	-0.1420139649526557	-0.3728630296807749	-0.5475450635280075	-0.6778638900370056	-0.3746095994758047	-0.5995708694470769	-0.1622276862573946	-0.2131555549794133	-2.225083291159453	0.039401358635938	-1.6813420658124372	-2.4695663044227603	0.9436059711247844	-0.7207622654698468	0.5033031978286973	1.3010493780919097	-1.9077433381694355	-0.0244602795558515	-0.9810406318988352	-1.687799029175297	-0.1283316641120291	-0.5295902850874736	-2.197125574549326	-1.2840219341259735	-1.38899754644426	-0.8627727193179638	-0.4941607799521625	-1.92735880305386	0.3427810715542859	-0.4145156140570581
BS_G19QZG4S	-0.442672681240105	-0.4998651435432378	-0.370791755245268	-0.6000555889118211	-0.193332071894507	-0.5928747404320612	-0.1408734222202835	-0.9872668175857844	-0.3540146436785948	-0.1585278138871224	0.2367705646634855	-1.0839238484598888	1.0506055751132504	-0.3758411871729064	-0.5043245057492713	1.4118031216061249	-0.1420139649526557	0.1630282476665566	-0.0527826701835556	-0.6778638900370056	-0.3746095994758047	-0.5995708694470769	1.1262994372117137	1.0872968863233508	-0.6407678834651053	1.1300405069375794	-0.1709872000474127	-0.0568374319359447	-1.1439172098891492	0.4872028014627477	-0.5520487336428461	-0.2552389051605488	-0.8879439480232254	0.2161217837103372	-0.606629099409929	-1.8738270777474693	-0.0278756528475667	-0.1971624342213183	-0.4820419011037094	-0.6030590236908167	-0.5362963457334381	-0.2872910064774941	-0.0318799424423497	0.1810256640471355	0.9129474702044218	0.8494638071065708
BS_G1E5DATJ	-0.4471393430061919	4.526168428778512	-0.2472088730358695	-0.9990675274485789	-0.193332071894507	0.2767134620804187	-0.1408734222202835	0.2210996401090181	-0.4079036002759198	-0.1585278138871224	2.0967037534621418	-0.8325114118196634	0.6200048641764279	-0.3758411871729064	-0.5043245057492713	-1.2948685383978698	-0.1420139649526557	-0.3728630296807749	1.1352336656537303	-0.6778638900370056	1.113978989145879	0.5798959768704386	0.1558867837347596	0.0882929512653632	-0.4906425333934947	0.1091147555266353	-0.3169479794960741	-0.4642254266804554	-0.1021295282932057	-1.5121746130981366	0.1470516540522652	1.7733017053327391	0.2841818416522046	0.6190811721489052	-0.2645182322968152	0.2927498488729406	0.8901974578341411	0.1928467549434221	0.388368650784064	-0.379302140573208	0.5139827445720699	1.0607643932173931	0.352408740353097	0.8516830520553668	0.709663741280438	1.5650346583217962
BS_G257VSS9	-0.3759103231567425	-0.6068953102641258	-0.370791755245268	-1.0254388333387716	0.8992725701293223	-0.0954506500591945	-0.1408734222202835	-0.3101011687100392	-0.4079036002759198	-0.1585278138871224	-0.7745319388608707	-0.3686760695798444	-1.4276444028485284	-0.1570152756472088	2.731356128946593	-0.2562765054058067	2.01646505867384	-0.3728630296807749	4.574110686843759	-0.6778638900370056	-0.3746095994758047	0.6282305318108888	-0.5047218451978799	-0.4042308181251719	-1.1453486729108675	-0.4928307671827021	-1.1605631902283242	-0.889125677346572	0.1083226978865735	-1.3895677995054092	-1.4895879650072728	-1.0162444410057627	-0.9052101377538208	-0.6387292588073634	-1.1009158779435495	-1.808632147579952	-0.7507819094397461	-1.099506781749112	-0.9071796493439884	-0.6295585701999623	-0.4298381224732971	-0.263813658338819	-0.0751710073120471	-0.6842191874106229	1.215217331601275	-0.2872964488924255
BS_G3NN392N	0.4086385697220611	-0.6068953102641258	-0.370791755245268	-0.7852180374716434	-0.193332071894507	-0.9772411089921896	-0.1408734222202835	0.9092159125789412	-0.4079036002759198	-0.1585278138871224	-0.7745319388608707	0.3177913591143971	0.073110012526952	-0.3758411871729064	0.8623470487527717	0.176946539051757	-0.1420139649526557	-0.3728630296807749	-0.5862735419452659	1.363674569777165	4.139180376650165	-0.5995708694470769	-0.4910171280308052	-0.3206030353317088	-0.7775389148473235	-0.4739513018014435	-0.3374575288480985	-0.2468782517051854	0.0468387190190679	0.149748636468801	0.4287519087590896	1.4363773207694115	-0.1145206652373706	-0.5646021276569467	0.3707262929426129	-1.7603769860718437	-0.6659781562619721	0.6741504233744289	-1.2946280414721825	0.02572909705951	0.2192771216559008	-0.6110841406706535	-0.2184427133279618	-0.6668301613243589	-0.0869782104265953	-0.1820210419422531
BS_G3RJTBZD	-0.4471393430061919	-0.3408733221871319	-0.370791755245268	-0.5360356214417203	-0.193332071894507	-0.1014763027017998	-0.1408734222202835	2.044362242767533	-0.4079036002759198	-0.1585278138871224	1.0481216373445388	1.837485774644088	0.1324316150493234	-0.3758411871729064	-0.5043245057492713	-0.5963057946988194	-0.1420139649526557	-0.3728630296807749	1.549276861623977	-0.6778638900370056	-0.3746095994758047	-0.3607613362297827	-1.093295766194633	-1.1528739088038018	-0.9032173637546506	-1.1670694861270914	-0.8937284093753628	-1.0409338427063126	0.2753263913393756	-0.9192685516235816	-0.2420898380167404	1.0533980630492978	-2.0563707932382456	-1.6590599082409554	-2.511154563533875	-0.4739917683822821	-0.7628116454428078	-1.7224655689102375	-0.5060248100712516	-1.6565161362463876	-1.869065331320385	-2.0881103943352937	-1.5263950267978672	-0.9316413841686207	-0.3473510560412362	0.2539706663659083
BS_G5NHSFD4	-0.4471393430061919	1.4668247138486568	0.3829822201458345	-0.5666751400087756	-0.193332071894507	2.2330051945221565	-0.1408734222202835	0.2240627192341134	2.639049452671708	-0.1585278138871224	1.997631129912164	-0.5804921390516369	-0.6301666282788286	1.4248061075458969	0.0983602882521764	-1.8141442060390764	-0.1420139649526557	-0.3728630296807749	0.2950200284921769	-0.6778638900370056	-0.1439924775952624	-0.5995708694470769	0.3115743547866416	0.3376893976327639	-1.4347842553023995	0.2392364770505059	-1.5985425210076842	-0.5062353539246576	-1.7102559000367303	-0.8321682577535442	-0.9148922781164696	-0.8788899085704283	-2.2084702023385723	-0.5578823258317145	-1.2632379147185857	-1.206765420760191	-1.0597600522852584	-1.313585634182241	-1.521920647214183	-1.49498334050142	-2.0483396603560498	-1.1360118153526526	-1.015008526353411	-1.815374624362727	1.1614936203991268	-0.1115361360901949
BS_G8TXTX0H	-0.4345149199217898	-0.5242025175482492	-0.370791755245268	1.6552086578405845	-0.193332071894507	-0.3988199582404544	-0.1408734222202835	-0.1755051855391461	-0.4079036002759198	-0.1585278138871224	-0.7745319388608707	1.02290933130944	-0.9238644455999652	-0.3758411871729064	-0.5043245057492713	1.3473550606685376	-0.1420139649526557	-0.3728630296807749	-0.5862735419452659	-0.3389173371852589	-0.1992161829216786	-0.5995708694470769	0.0616007880723872	0.0558295463294703	-1.00943103489858	-0.0024185784414799	-1.0618704744537433	0.1740080417955683	-1.519081249422105	-0.0909129922229914	-0.6130143092364579	-0.5701774672561614	0.0114094982868893	0.0881650803746611	-0.219406691999805	0.567389191104192	-0.5758213089901499	-0.355897412047418	-0.7540948758851289	-0.3187880837981899	0.439248289044075	-0.5468176934976665	-0.3008518332495141	-0.2487362896043927	1.4229203396324424	2.051261644113516
BS_GG9W3J9Y	0.5079531487369037	-0.4280922037189788	-0.370791755245268	-0.0566112460090549	-0.193332071894507	1.281470114231737	-0.1408734222202835	0.8046040080001776	0.7490113884728583	-0.1585278138871224	1.0168337390617113	-1.1167514489788015	-0.982328903894886	0.7193227693657813	-0.1417935329983619	-1.4862239226811853	-0.1420139649526557	-0.3728630296807749	2.682492723852969	-0.6778638900370056	-0.2089225583606801	-0.0150151589197255	-0.92756695757177	-0.9517859456196672	-0.7817300547521147	-0.9692154961344596	-0.9532089149418436	-1.1619829382985458	-0.6422853935818367	-0.8757384942011766	-1.5607373347034816	-1.5349097628396111	-1.813008257751665	0.1262171480984944	-1.3553079504867185	0.5319691283416614	-0.7024810744090535	-1.5316406116520989	-0.5513406779237766	-1.3217875673679005	-1.541699267247191	0.0295962539685517	-0.8880647130360003	-1.0526663307139383	1.2775668906434845	-0.3878905038197308
BS_GW0GKWMS	-0.4471393430061919	-0.4635345505401261	-0.370791755245268	-0.6523496165150974	-0.193332071894507	-0.6747702546309178	-0.1408734222202835	-0.2442016449257669	0.9913280145320448	-0.1585278138871224	1.2706943892366038	0.027460206957279	-1.1282886175582554	-0.3223939848975988	-0.5043245057492713	0.0761977647145236	-0.1420139649526557	0.0937175970201876	3.611539642091248	-0.6778638900370056	0.0182262489093622	-0.0329045807180162	0.3440901468447874	0.2954214924764111	-1.1499343450620425	0.3626111199496699	-1.4695655367719802	-0.4062228818018272	0.3451811234925697	0.4005209985781838	-1.5531636217028246	-2.18736663384252	-1.2360841882888312	-1.1910862538710767	-1.5304022761182787	0.4220558214926186	-0.9835840462974812	-0.9511038496191904	-0.4872430456029385	-1.408490211540749	-0.3672057183126544	-0.8635473515012919	-0.4500965091416227	-0.990301356911197	0.7676392395250581	1.216465131616876
BS_GWHYM3R4	4.588684662284906	-0.6068953102641258	-0.2395286829756418	-0.2688131083831602	-0.193332071894507	-0.7521400311812827	-0.1408734222202835	-0.2825595454664655	-0.4079036002759198	-0.1585278138871224	-0.7223748125554459	-1.0378018368543085	1.199814337679545	-0.1868399001586957	-0.5043245057492713	-0.3489474436692067	-0.1420139649526557	4.67173991887295	-0.5862735419452659	0.2087336787600689	-0.3746095994758047	0.4757221245153903	-1.6010544038316032	-1.4506354661359642	0.1333151785798374	-1.6490122142759391	0.4324059292019107	-0.2951194026111701	-0.862499076564564	-1.120812707123655	-1.0160242863170847	-1.3934921401559428	-0.6961735276863613	-0.0224950071544012	-0.3163150748192983	0.047897515192309	0.2754390527466133	-0.2695387322450316	-0.3970212058506506	-0.368670476780154	-0.271312103474963	-0.0710477062657281	0.7592514992663651	0.4471876754569051	1.0382690718894902	-0.6557484555108665
BS_GWSJ4Z9H	-0.2554404593044445	-0.195707229105104	-0.370791755245268	-0.020968741615638	-0.193332071894507	0.4490023618425684	-0.1408734222202835	0.8107713532898724	-0.4079036002759198	-0.1585278138871224	-0.7745319388608707	2.4412540613887344	-0.3985591150437018	-0.3758411871729064	-0.0514501412466339	-1.924961790152432	-0.1420139649526557	0.1323025028517128	-0.5862735419452659	3.388892190338372	2.049585483789218	-0.2301053565662784	0.706604790422262	0.7212620555676005	0.2001543190213779	0.6629657913639206	0.9644715787247224	0.4790106956713564	0.4603080916534066	0.3775188911809694	1.55868621414562	1.6984315948586963	0.5540298231851563	-0.3482734958618249	1.127090143900626	0.0194833257510165	0.2709345324224032	1.7339999596414004	-0.2099134481603455	0.8804182768566824	-0.1042685788327723	-0.9092091994653838	-0.148713055523079	0.6790495155575139	1.3559480673556945	1.023904796122884
BS_H5VQJR7X	-0.3867381140710804	0.8013468315561597	0.4611391477507183	-0.102929655120756	-0.193332071894507	0.1667192379079704	-0.1408734222202835	-0.6534035314982407	-0.4079036002759198	-0.1585278138871224	0.2939011177360331	-1.1167514489788015	-1.4276444028485284	0.3462236101548362	-0.3904813338354827	1.163978734348325	0.1568468001048057	-0.3728630296807749	0.3732104038017663	-0.6778638900370056	-0.3746095994758047	-0.2946825674442008	-1.043131781313923	-1.0129309336149404	0.7616282554075228	-1.2243768917499929	0.641263186226456	0.652523485635379	0.2435615885469151	0.6807153344041192	0.2528186262595776	0.4196048397391095	0.9130007767563236	1.1747046922683382	0.0090241841132848	-1.6989837263099512	-0.1578260527886597	-0.192897164608219	0.5286954964880988	0.6414917219369723	0.7449372998563246	0.4753373544061651	0.9948276089680378	0.2137510727084835	0.3009600030588658	0.5785898553477329
BS_H97S5SQN	-0.4471393430061919	0.6326937775824802	0.0712726781568507	-0.2672231409594255	-0.193332071894507	0.0135035948520537	-0.1408734222202835	-0.6748120613407996	-0.4079036002759198	-0.1585278138871224	-0.7745319388608707	0.3960348713118687	1.1470398787007738	-0.3758411871729064	-0.5043245057492713	-0.1728359114370321	-0.1420139649526557	0.2880966644632914	-0.5862735419452659	0.6523549442749663	-0.3746095994758047	0.1610545272947519	1.0605605441933217	1.0377291459141718	-0.9806718789661952	0.941924665321856	-0.5198740534136208	-0.2858253450484447	-0.7133073964706741	0.1083130523808979	0.2396969399851413	0.671834814180809	-0.4903541322834511	-0.6898152211310149	0.1700804715602175	-1.077874574406666	-0.0861635708717126	0.1937539110214668	-1.1910803129383452	-0.331132192424403	-0.7536968360777418	-1.3998221216276163	-0.5976398262427607	0.05598343788238	0.781890215973296	0.8106820978893773
BS_H9JYKFTV	-0.4471393430061919	-0.5181224965992108	-0.2633787265441443	-0.5785855228850733	-0.193332071894507	0.9159856562254906	-0.1408734222202835	-0.7942620041127093	-0.4079036002759198	-0.1585278138871224	0.8642278695140465	-1.1167514489788015	-0.939303776537312	2.9132636998918016	-0.0567764367426576	-1.4699415546934016	-0.1420139649526557	0.1601272162697845	-0.5862735419452659	0.6703865686382262	-0.3746095994758047	2.0806301867817494	-0.7660576633939016	-0.7992156425478188	1.0169837979341223	-0.4700327250096405	0.9463271866844484	-0.123823115581563	-0.1056954796719735	-1.386515187589223	-0.5630091301748444	-1.5326674083441851	-1.2291404390291087	-1.0780854124565875	-0.3916917207397456	1.6939276164228916	0.0279387454924404	0.5737112607596974	0.8188673480035518	-0.7470364099766322	-1.0441156278580788	-0.8534398406376087	0.0276004791928686	0.8677371984133193	0.8867752494764913	-0.8991964113344818
BS_HDHXX8Q7	-0.4471393430061919	0.8660551015138104	-0.370791755245268	4.875051542722802	-0.193332071894507	-1.4201809865395374	-0.1408734222202835	0.0247579510950479	-0.4079036002759198	-0.1585278138871224	-0.659813296391529	-1.1167514489788015	-0.5690326294038224	-0.3758411871729064	1.6960489602917597	0.785585606892341	-0.1420139649526557	-0.3728630296807749	-0.4839932571209462	-0.6778638900370056	-0.3746095994758047	-0.5995708694470769	-1.2410624793158735	-1.217103833758084	-0.9249565404275264	-1.123871294018201	-0.2161371161124533	-0.777273968611915	0.2868254933271192	-0.3508349217908968	0.2327488744346816	0.6650294292821035	0.5915406820322604	-0.1884369470037565	-0.0900697149106184	-0.626237681245362	-1.089069557147841	-0.0051163250183682	-1.2552763508582114	0.7685448338398754	0.9419045871421698	-0.348077636376553	-0.2941612742006198	-0.9436522992229196	1.011740258284349	1.2671574572774054
BS_HDPCQETG	1.212350461604932	-0.6068953102641258	0.6638455579549837	-0.6045623351338573	-0.193332071894507	-0.4140306240452267	-0.1408734222202835	-0.3088727923393973	-0.2179397957249248	3.113816455802568	-0.5145512638760021	-0.3031801007884616	-0.0435550535907043	-0.3758411871729064	1.430357951918192	1.2451223152883588	-0.1420139649526557	-0.3728630296807749	-0.5862735419452659	-0.6778638900370056	-0.3746095994758047	-0.0595931434067387	-0.0673479861270111	0.0097918350058962	1.2293972675560376	0.0541817423581887	0.7053561031972965	0.7085355166878982	0.8253334330285114	0.5841926106590163	1.6111205838651927	1.4692294613885877	1.3446056919298557	0.746907961633867	1.408911890500164	-0.1791440805013261	0.0444671554758507	1.0029198994501565	0.4719618898008302	1.6176420139522378	1.1846843222049563	0.4523657014473755	1.04409026233289	0.5108598434515667	1.6861858668671637	-0.033177193986874
BS_HJRTC9JQ	0.1334469172801972	-0.6068953102641258	-0.370791755245268	-0.5759074511391817	-0.193332071894507	-0.6032581862415788	-0.1408734222202835	-0.387230051257214	0.7377687827976698	-0.1585278138871224	0.3179980402238628	-0.5235514073052736	-1.3373722046656302	0.5790797471052749	-0.3925884828157901	1.827064753719119	-0.1420139649526557	-0.3728630296807749	-0.0849035087788911	-0.6778638900370056	-0.3746095994758047	-0.4000346499405898	0.6759453127054296	0.6344531157266101	1.590126378778165	0.4546723017063141	0.7801190940340104	1.839589137595783	1.5721065766578606	0.681734344035463	1.7067739037618477	1.916855186062514	0.8072682810526413	0.6259666184727244	0.948740046355848	-0.0654529881219626	0.6752575541149967	0.0523532694320524	1.795232953945382	0.9886240110261866	0.7477395053296396	0.4740483629816038	-0.6588305839758121	0.8778387331380151	0.7510621557583991	0.964964964209292
BS_HJV0J603	2.77842295763438	-0.6068953102641258	0.9552458250454652	-0.1976484664285494	-0.193332071894507	-0.8119520234448419	6.957565573341015	-0.5145150351271248	-0.4079036002759198	-0.1585278138871224	2.779410937606119	-1.1167514489788015	0.3373910460207989	-0.0798835112044914	-0.5043245057492713	-2.549972552958048	-0.1420139649526557	0.0069471269629231	-0.448361817777182	-0.6778638900370056	7.784962710277634	5.994726484113628	-2.257522832830265	-2.56373423043681	0.1696882563882114	-2.134420267273152	0.4970372189808392	-1.5622902136088554	1.4295189175106668	-0.9958827173005756	0.6543824241829398	-0.2410652724107079	2.551990283880312	2.7353271339110607	0.2540746947783843	-0.1332920676601124	2.048012739850089	1.754340344509228	0.508093798854339	1.558465683006861	2.557540862298337	2.9285184575867413	1.9886106190608128	3.2294415675328088	1.1277732074347653	-3.8376270943416144
BS_HRJ9145M	-0.4471393430061919	0.0956283360573545	0.9911807760326752	-1.0254388333387716	2.911432609678554	-0.6643883763940066	-0.1408734222202835	-0.2689405066696037	-0.4079036002759198	1.1524292190017775	-0.7745319388608707	-0.3042686915886605	-1.4276444028485284	1.2716893688650084	-0.4370192871954532	0.2090328605699746	-0.1420139649526557	-0.3728630296807749	-0.5862735419452659	1.3675794892231214	0.0739474300272157	0.8843095808167971	0.2952832091725235	0.1524347041686166	1.9936803016847653	0.1722512383548165	1.7110924143128592	0.7123182702531431	1.3822994722971214	0.3215965116770234	0.7131404633890308	-0.3211526458653472	1.030408520005873	1.1033467020816323	1.044163297364073	0.1218536788239672	2.391948483984734	1.3218859117427753	2.463275306480704	1.1864546675278096	1.5673355388951742	2.4892704189681267	1.1306513499248625	2.1301554306888595	0.4321377096859842	-0.6462777053919427
BS_HWGWYCY7	-0.4471393430061919	0.8210613074417616	-0.0557734623111805	0.2553079672705322	-0.193332071894507	-0.9349209398780296	-0.1408734222202835	-0.4755312496925974	1.5024500928508706	-0.1585278138871224	0.2084019299772605	-1.1167514489788015	0.049790480280266	-0.3758411871729064	0.24853492716972	1.1653296752769666	-0.1420139649526557	0.2667057169231981	0.1971341632874892	-0.6778638900370056	-0.2275815991063076	-0.4584222419058822	-0.0272650968701713	0.1424761761372101	1.4751558615685112	0.0612679488646336	0.9281346578752055	1.104803601717766	1.38726748481763	0.6581155868157862	1.431181262207954	1.1196212795031488	1.1946940053144812	1.4911285349988534	1.1314281622134594	-1.412588600830025	1.1751155762674907	0.766557927980498	1.4098052395461649	1.4761895618363574	1.4443477322352027	2.039939181368126	0.7029147076127644	0.961634715356618	1.6347621554573422	-3.091984420052821
BS_HZ9AYDCQ	-0.4471393430061919	-0.2185045748181171	-0.2536148063559312	-1.0254388333387716	-0.193332071894507	0.5099634563440183	-0.1408734222202835	2.7638952952705704	-0.4079036002759198	-0.1585278138871224	0.1318772082410616	0.5126898422444212	2.89538617991654	-0.3758411871729064	-0.4933789456106442	-1.2789450384866536	-0.1420139649526557	0.0001482461410281	-0.3335450440995737	-0.6778638900370056	0.827404491523257	-0.5995708694470769	0.445996494498579	0.4052622796000415	-0.6372074834643036	0.5340123043452477	-0.4264325923872262	-1.030919703235755	0.6332664059956828	-0.734994508552379	1.111103639289822	1.853900266598012	0.3669444001369119	0.7352455387220271	0.2711624412368949	-0.2754842878459934	1.2549411618393322	1.027658902042355	-0.7613969115404359	-0.0069809167940252	0.2073847362316935	0.8094426484352706	0.9595534134293764	-0.0432942895854875	0.3140549464046265	2.406399461718165
BS_J4JY2F3H	0.7509342094428624	-0.6068953102641258	0.6806810478888229	2.6445126246833808	-0.193332071894507	-1.332971417334331	-0.1408734222202835	1.141556261942976	-0.0462914625292035	3.638947348868319	-0.7745319388608707	-0.7661609532843491	0.3132037126750535	-0.3758411871729064	1.914781104761943	0.3992777015779223	-0.1420139649526557	-0.3728630296807749	-0.5862735419452659	-0.5752121346903397	-0.3746095994758047	-0.5995708694470769	-0.236432827807209	-0.1335497603947887	-0.1692425213469982	-0.1775808925110606	-0.0314696364691928	1.1376291664618496	0.3454534017081137	0.9501923419368076	1.2924064609014951	1.2096089823864828	1.656147283125442	0.6884664857148157	1.4027809026133111	-1.3960896236060716	-0.0811499160556084	0.6990165005012976	0.0574690512411533	1.8893649622107491	1.3967076445620608	0.4422803326869191	0.8202330342550475	-1.0106659806238107	1.2500034991167734	0.4286799765349762
BS_J6212Y48	-0.4471393430061919	-0.4597249600196021	-0.370791755245268	-0.1384581120108657	-0.193332071894507	-0.0404349642109816	-0.1408734222202835	1.3673279026585137	-0.4079036002759198	-0.1585278138871224	0.3074018483354496	-0.2345076016285458	0.2508652910399259	-0.3758411871729064	0.3341084712401165	0.3506267920806081	-0.1420139649526557	-0.3728630296807749	0.6512524827583359	-0.6778638900370056	-0.3474949508055773	-0.5995708694470769	-1.37261195961003	-1.287851092019042	-0.6503233662163703	-1.4344841068015322	-0.5453290733326245	0.3032526497061914	0.0449946041568885	0.0967990608672798	0.8461104650581327	1.2490383651925911	0.2113848498837858	-0.9038874866729922	-0.7210448425259128	-1.4506614702962854	-0.812471194730965	-0.2199772527711329	-0.7810071156553519	0.4147323662875771	0.8496462749897584	-1.0631343921650367	0.0495099014727062	-0.3015996598304203	1.3364307678296945	0.181591595584758
BS_J6W1RB7A	-0.1298700713817942	-0.6068953102641258	-0.370791755245268	-0.2457596489444604	-0.193332071894507	-1.3686393109465802	0.249601797528627	-0.8823366846833023	0.5809893677396042	-0.1585278138871224	2.529378623735492	-1.1167514489788015	0.2633381281737297	3.3901164413032228	-0.5043245057492713	-1.4661228438051814	-0.1420139649526557	-0.3728630296807749	-0.5862735419452659	0.6581515284671086	-0.3746095994758047	1.442967220907448	-0.6867843792370495	-0.5373726021288424	0.8671962510180662	-0.562904083985133	1.1457002503846965	0.242131096461725	-0.945762740264016	-0.9918333501672176	-0.4677188930487904	-0.6153714307301563	0.1703591188907815	-0.5085726770624679	0.2912236167787974	1.2524168409400442	0.2802701434851222	0.2366093476453245	0.7524139752663637	0.015002350654297	0.7391013143905526	-0.0507388914845265	-0.0070147512951126	1.230642895327425	1.1640896358508432	0.505516134234781
BS_J9CBGP57	-0.4471393430061919	-0.2734801756165895	-0.2725484995761275	-0.402439785080565	-0.193332071894507	-1.2600074593159174	-0.1408734222202835	1.3431289272511362	-0.4079036002759198	-0.1585278138871224	-0.7745319388608707	0.7403317809745357	1.2271952001859172	-0.3758411871729064	0.0138604352741626	0.6401020468161337	-0.1420139649526557	-0.3728630296807749	-0.5862735419452659	0.3080526617322732	-0.3228966664509757	-0.5995708694470769	0.4428697202743883	0.4873933825108331	-0.7872313952114393	0.3632151153131936	-0.7237469038841482	-0.4734630717114848	0.180013449372421	0.2228368256376552	0.0634524808888536	0.1936166378746663	-0.9284691746765362	-1.022676033518266	-0.0040731042132677	-0.9761646832113808	-0.3304519622852359	-0.9643401861784592	-0.2975473395579402	-0.4786178459622123	-0.8011125657705094	-1.1948518525192424	-0.9649838520459344	-1.0306605523886123	-0.0747989239983323	1.3780917237563144
BS_JB43XBCQ	2.791299189888256	0.1199074897770081	-0.370791755245268	0.4291580414929437	-0.193332071894507	-0.5949207840955126	-0.1408734222202835	-0.9021686273001416	-0.4079036002759198	-0.1585278138871224	-0.7745319388608707	0.3611456576511777	2.964590667382013	-0.3758411871729064	-0.5043245057492713	-2.06092990643587	-0.1420139649526557	-0.0233778338221083	-0.5862735419452659	0.7047360425276105	2.362712763872283	1.1603582883526131	1.2029210587505286	1.216024150913167	0.8181188996625497	1.164287505384358	1.6660271013275407	0.9035053366389392	0.5008047114380392	0.7667024022265816	1.5550356830895482	1.4408748604326076	1.3989271249310362	1.2974192102161637	1.3094563305167144	-0.2313749193278232	0.7920122788862994	1.4968196491405348	-0.0574795730188443	1.442341255275457	1.428311280414992	0.5199846749866359	1.262774199200392	1.577327428144649	0.3492020886594796	0.3088653729691029
BS_JDSNFYQ0	-0.4471393430061919	0.3260469404316616	-0.370791755245268	0.3273175820729008	-0.193332071894507	-0.2931730610853705	-0.1408734222202835	-0.9872668175857844	-0.2312337003038248	-0.1585278138871224	-0.3749211961172282	-1.1167514489788015	2.767550539031887	-0.3758411871729064	2.4099636174515178	-0.191646117419436	-0.1420139649526557	-0.3728630296807749	-0.0932456315601963	-0.6778638900370056	-0.3746095994758047	-0.5995708694470769	-0.6618121547072496	-0.6592496719396125	0.8021319089623891	-0.6257196665058079	0.9102498501615824	-0.3868776496457916	-0.941604296510428	0.391142039226738	0.2734256053799575	0.5427786937685274	0.0352713141051083	0.0736851082154742	-0.0341121836568778	-1.7471156638333565	0.1285414216280816	0.7235365072648923	0.5644302532883938	0.8579824207713556	0.131211181123786	0.7241024959027449	0.9283642890859736	0.942782339593114	-0.6595783777811622	-1.4033660459653348
BS_JJVH7WR0	-0.4471393430061919	-0.3584765765721636	-0.3633763527424605	-1.0254388333387716	6.2930560289073565	0.1819674015041917	-0.1408734222202835	-0.9181575438575252	-0.4079036002759198	-0.1585278138871224	-0.7745319388608707	-0.4590756297578084	-1.3819249190969516	0.3361922599067412	-0.5043245057492713	-0.8203546150106459	-0.1420139649526557	-0.2409800381138492	5.373822287441673	-0.6778638900370056	0.4576831421973068	-0.5995708694470769	-1.1785290237575117	-1.1986514445037435	-2.7425035710778025	-1.0593367529990718	-2.724345809297202	-2.013033495491883	-0.1565217889188681	-2.158686835258042	-0.008954042766719	1.2194317386636868	-1.7788997255294008	-1.7789484368254291	-1.8175506482636856	-0.4549369708034753	-1.449863512744464	-1.2449919886141887	-2.16064322326261	-1.6819833023100197	-1.5548883239864726	-1.2235537170285002	-1.7357620398729274	-3.08073702587261	1.1872882330398618	-0.2241624103708075
BS_JMD386Z2	-0.4471393430061919	-0.4501085470916955	-0.370791755245268	-0.1815141483207409	-0.193332071894507	1.2872519681790002	-0.1408734222202835	-0.8652862598895571	-0.4079036002759198	-0.1585278138871224	0.4413647623851197	-0.8840315595309775	-0.4011446603898929	-0.3758411871729064	-0.5043245057492713	0.2344073258549102	-0.1420139649526557	-0.2261235134110532	0.639918751987813	-0.6778638900370056	-0.3746095994758047	0.7999854312689529	-0.2733224636369922	-0.1440506717119986	0.5667912997424379	-0.0872577486035252	0.0015303106136982	0.2913202116887691	0.5251167349583775	-0.0759050982940824	0.7193687684774229	1.44368415861264	-0.8697173173326055	-0.148567980605153	-0.9849186267248548	-0.1425986697293012	-0.6106658360687258	-0.2550575574381516	1.0661258587238294	-0.3121099361338791	-0.7340774656452553	-0.1869926372403713	-1.117212213101819	0.0682136621340831	1.456862158257046	-0.0957611348180905
BS_JP95KMRD	-0.1621471026740105	-0.6068953102641258	-0.370791755245268	0.0312683074305116	-0.193332071894507	-0.7977169887951224	-0.1408734222202835	0.7069172606262631	-0.4079036002759198	-0.1585278138871224	0.0617716551068688	-0.8319913736606128	0.7993786495821718	-0.3758411871729064	-0.5043245057492713	0.8945391122292681	-0.1420139649526557	1.9013770794331972	-0.2043519182649966	-0.6778638900370056	0.7576278252131886	-0.5995708694470769	0.3956808431889655	0.3772953932772856	0.6751469819771206	0.4691822072908429	0.7106992367004982	0.0431606163001075	-0.0790294666995091	0.2042502594340261	0.9828726951449004	1.546866994670685	0.8241052025552102	0.6579661715953821	0.2898995927203766	-0.3155555811317233	0.758746384529208	0.8603776608675167	0.5751957556663924	0.5343121384209049	0.6028823978459275	1.1912680883907978	0.7260124945726577	0.8801998639352548	1.0577040545598906	1.4752426884154537
BS_JQGJQ2QZ	-0.4471393430061919	0.6688008962972851	-0.1827359870972772	-0.339602285501258	2.612985556460014	0.4142098602459425	-0.1408734222202835	0.6402604315143301	-0.4079036002759198	-0.1585278138871224	2.8432967066384167	-0.6952664552360266	0.7021840084184526	-0.1532383143687389	-0.5043245057492713	-0.9858912422848302	-0.1420139649526557	-0.3728630296807749	0.7823573597450286	-0.6778638900370056	-0.3746095994758047	-0.5728007152200351	-0.1459044136178117	-0.2685340393901603	-0.2925264259183553	-0.0251337488364196	-0.5765010303663574	-0.720936010237053	-0.9563738250561686	-0.523394227567036	-0.6295949887918774	-1.270907045974348	0.7610558641777403	0.5974689751912219	-0.1238228425822711	0.3651519744889782	0.4052331816575888	0.3989735792248953	0.1232019738303088	-0.0243694839175979	0.7795590139953621	1.750960298900041	0.5400434656995671	0.5475684953163199	1.1449386218945523	2.0721970359784603
BS_JQVAWTTM	0.0214063100880291	0.7686880701667365	-0.370791755245268	-1.0062237175564996	-0.193332071894507	-0.0095290314594786	-0.1408734222202835	-0.0243552713802162	-0.4079036002759198	-0.1585278138871224	-0.7745319388608707	1.521350125119862	3.446449106256082	-0.3758411871729064	0.1545471146548975	-1.311211191783454	-0.1420139649526557	-0.3728630296807749	-0.5862735419452659	0.1114002354899619	1.082886894921986	-0.5995708694470769	1.0381307443166423	1.0790153034610308	-0.6281220589159962	1.040747313392844	-0.1269634825757846	-0.0245152732931646	-0.8046806448189707	0.2462905274302013	0.0653032966820919	0.8174823774368252	0.1019902745938488	0.4703510145752312	0.2320952859905461	-1.35845716765642	0.7972092343108987	0.0061345513711462	-0.6382437744210865	-0.0098834012712671	0.1416300442577541	-0.2253982741943118	0.2385250611282342	-0.0964284143046521	0.1325329923295664	0.7647452168891697
BS_JQXHHK0K	1.3932088049400515	-0.6068953102641258	-0.370791755245268	-0.9263925323767802	-0.193332071894507	-0.0877349111539362	-0.1408734222202835	0.8417402609288899	-0.4079036002759198	-0.1585278138871224	0.878137023445141	-0.6269202316374081	-0.4108135610340556	-0.3758411871729064	-0.4019862566682912	0.9478832423014364	-0.1420139649526557	1.386337269154828	0.2084399450273733	-0.6778638900370056	-0.3746095994758047	-0.5912380609446916	-1.0266137329209426	-1.065031955425434	-0.8255858336832813	-1.0990700888897027	-1.266201744223026	-2.494586635651023	0.4153594743900811	-1.7292180550742722	0.738274722471574	1.3246375204994023	-1.3447342814450252	-1.7773396498510197	-1.3263741727470713	-2.8799658068684515	-1.7767354839787457	-1.465592114064337	-0.6996591062562438	-0.7477269073925863	-1.090194344124372	-1.6756713195080486	-1.805995290811613	-1.6324058939948465	1.0285048555085865	0.0549028367776444
BS_JRYJGYC4	-0.4471393430061919	0.6816140497848844	7.918744245649146	0.1634268367023107	-0.193332071894507	-0.2019611475558847	-0.0564975876324804	-0.9026587458320596	-0.4079036002759198	-0.1585278138871224	1.0607729908033017	-1.1167514489788015	-0.3593010866574301	-0.0485020884594386	-0.4008621150537977	-0.4196248314561785	-0.1420139649526557	-0.3728630296807749	-0.5862735419452659	-0.1841973867994974	1.3579077896949054	0.1876792404336948	-1.6042027528270744	-1.340741523229397	1.3168383206517469	-1.5739799932906762	0.9410846840002473	0.1236953209220916	0.1731372671767465	0.4062817661841005	-0.7605539312991633	-1.2549197963066316	-0.4421306628306973	-0.4765182759734395	-0.335385553180938	0.8530862397974992	-0.1527302938735562	0.0150269201842975	0.7389909847448224	0.1036024469619247	-0.3417729773689916	-0.1854502794965843	-0.5804454925871975	0.0487424054826445	-0.404558900007638	-0.7471329367446204
BS_JS95PE0J	-0.4471393430061919	-0.1370879814924533	0.0064909366413172	-1.0254388333387716	-0.193332071894507	-0.4072098321750918	-0.1408734222202835	-0.9872668175857844	-0.4079036002759198	-0.1585278138871224	0.150456171244131	-1.1167514489788015	0.9750696866164636	-0.3758411871729064	0.0013244595701582	1.0438876775187291	-0.1420139649526557	-0.224282183851948	-0.5862735419452659	0.0693264243037217	0.7949864093427425	-0.4204496064133963	-0.7236979563162279	-0.550954962201776	0.8620742892355291	-0.6310107862720216	0.9065085930596408	0.1589156259723621	-0.4853294522209141	-1.0276673028449648	0.5609784844607145	1.0311983279947627	-1.456603559432103	-1.559067948847952	-0.3980983925758272	0.9050847221142608	0.738975129837287	0.3438574938688106	0.7292550022747976	-0.5684394995698465	-1.4919106710865542	-0.4272370366300073	-1.455130468393414	0.1002298622847697	-0.3944083036043396	-2.6855136658422447
BS_JTWNJ8T7	-0.2140578176261858	-0.6068953102641258	-0.370791755245268	0.1053505222905513	-0.193332071894507	-1.0628002383870032	-0.1408734222202835	2.485109827257024	-0.4079036002759198	-0.1585278138871224	-0.7745319388608707	1.1067946031495817	-1.2850688805327897	1.1632737136255655	-0.5043245057492713	0.672744509824769	-0.1420139649526557	1.7883054268752028	-0.5862735419452659	0.193879061064438	-0.3746095994758047	-0.5995708694470769	-1.816735910697609	-1.931673246023279	-1.6687055575722185	-2.2068148294821914	-2.343070509005255	-2.0432245548078107	-3.586436627504595	-2.7601938230354723	-1.6446653847134851	-0.8761589282854894	-2.3345044613838333	-1.956955090007365	-1.728659890080226	-2.930259931444182	-2.423030198601487	-2.671913175794652	-0.792151058698522	-1.7046080921648106	-2.8201543456586844	-2.036887938793242	-2.0387690860871364	-2.397451635049148	-0.719983235859845	-0.9132209413037928
BS_JVW2JJ39	0.9816433397823364	-0.6068953102641258	7.202772610812934	0.4794398511728494	5.067723678553397	-1.4201809865395374	-0.1408734222202835	2.493069075378544	-0.4079036002759198	-0.1585278138871224	1.2211940580054326	-0.2730008934217545	-1.4276444028485284	-0.2508203925569772	-0.5043245057492713	-0.1668114324959348	-0.1420139649526557	-0.3728630296807749	-0.5862735419452659	-0.6778638900370056	-0.3746095994758047	1.3272113385264983	-3.038810830525487	-3.164159063297838	-1.0781372618981415	-3.010618993326727	-1.2732226491223717	-2.151926783290826	-1.6398895544950567	-2.2292469164257054	-1.841348415794135	-2.9927510441894927	-1.2320360852259318	-2.253650166407973	-2.104274246469449	0.4617703562019876	-2.14238622639227	-2.3319967851238084	-1.780838623729558	-1.355029352733056	-1.6586984970050342	-1.031490917510697	-2.019952340804447	-0.8892384777772625	1.4019437611622063	0.088730808749592
BS_K0X3PZGN	-0.3167638621265588	-0.2947295980633492	0.151459046618766	-0.6566139164077166	-0.193332071894507	1.375819072505369	0.029740378175893	-0.9872668175857844	-0.4079036002759198	-0.1585278138871224	0.4124417658977598	-1.1167514489788015	0.3912689372090867	-0.3758411871729064	1.4376492197979045	-0.2119882825186824	-0.1420139649526557	4.436213260150227	0.6335540148812685	-0.6778638900370056	-0.3746095994758047	-0.4126177704109576	0.5856830544719668	0.5658551731199177	1.8257147825351956	0.6785400911140186	1.6075833793520011	1.4905394367640696	1.8266028970644064	0.6478709661186312	3.1552028886373757	2.906221300275395	1.9983156360210124	3.0814777917170417	1.9289355362851224	-0.1626101860205831	3.0298572405870963	2.2053394185832267	2.2257947456604708	2.1331150532408176	2.3795014068775298	3.451046405373134	2.430293666792735	1.5291115214343622	1.5009384948263451	-2.090084049167128
BS_K17VQECG	0.6926298738759278	-0.6068953102641258	-0.3549359899310921	0.5654754108160078	-0.193332071894507	-0.0319981417479235	-0.1408734222202835	0.0481320123686758	-0.4079036002759198	-0.1585278138871224	-0.7745319388608707	-0.6878694309571403	-0.821678705590118	-0.3758411871729064	1.233251729944463	1.4186653392741104	-0.1420139649526557	-0.1990108183394225	-0.1290123697535285	-0.6778638900370056	-0.3746095994758047	-0.4490573356653002	0.5066586316464846	0.4492686913005692	-0.1931260087587679	0.3816814545462091	-0.6405672475477048	0.5716463465040262	1.6061237793729948	0.6533530298300556	1.817713895849584	2.2025705719550337	0.3522517007345274	0.272536104791274	0.8510715744930144	0.3072626969367504	-0.0166512743682131	-0.1554560516849978	0.2628383592925035	0.8897460052223758	0.9412429321622846	-0.2651006088920809	-0.1315738458768106	-1.3744790876827575	1.5546967346777736	0.961171536851538
BS_K2PCC777	4.453656424068759	-0.6068953102641258	0.3068208188676194	0.5571514090338613	0.41100204900941	0.230033237910751	-0.1408734222202835	-0.9872668175857844	-0.4079036002759198	-0.1585278138871224	1.0303030445077246	-1.068743011635441	1.032364343633182	-0.3758411871729064	-0.5043245057492713	-1.1142404260236212	-0.1420139649526557	0.6052178683622245	-0.2703485402357922	-0.6778638900370056	-0.3746095994758047	1.687888645334629	0.9243874444954894	0.9405542912287408	0.9367619463265398	0.9656513627502172	1.2288535042099735	1.0113296401126344	0.7067349274036056	0.771963280575707	1.8397438766277685	1.6526617663246463	1.7826215285455342	2.0513340592727465	0.9310745362084976	-0.1832416782605051	1.847192416625889	1.3468691108495887	1.35993356551147	1.7567333149773234	2.1722941195928542	1.9603614450820763	1.4949599940414882	2.1281872348994977	0.4693163742440538	1.4527023070543812
BS_K74N1BXQ	3.3033821764583235	-0.6068953102641258	2.1166503100773784	-0.8231893405165136	-0.193332071894507	-1.0263932642534856	-0.1408734222202835	2.1979164545439143	-0.4079036002759198	-0.1585278138871224	-0.3303802060134818	-0.8318633193750774	1.6846226784281968	-0.2701065465522297	-0.5043245057492713	-0.0425254028572286	-0.1420139649526557	-0.3728630296807749	-0.3730269475743887	-0.6778638900370056	-0.3746095994758047	-0.5995708694470769	0.7143267221987013	0.6264204014685049	-0.1635817410174832	0.648738024960526	0.0448016254255442	-0.3535563783139483	-1.5309286655767944	-1.2858367590094972	-0.1969011855883886	0.2255482931902564	0.2484951199182054	0.3891509496395204	-0.1496083273876416	-1.4018691153686895	0.2753613686213982	0.2346224907718472	-0.3811446205558343	-0.4441612616675575	-0.0131560748896837	0.7482462782064423	0.434000039165602	0.910803332294929	0.96584072977924	1.9081862664594529
BS_K81PZXP2	-0.2197125554012428	-0.6068953102641258	0.1809511501108585	-1.0254388333387716	-0.193332071894507	-1.0926164754594796	-0.1408734222202835	0.1408872670914369	-0.4079036002759198	-0.1585278138871224	-0.7745319388608707	0.1840579043292161	0.0181566901129142	-0.3758411871729064	1.3968070015317828	0.381388084829481	-0.1420139649526557	-0.3728630296807749	-0.5862735419452659	2.169381884234895	0.9328700206482714	-0.1761249353493673	-0.3964388132777695	-0.2820986652173855	0.8911788932220222	-0.2391390017724703	1.242213977245262	0.2484628861409431	0.7920622731102204	-0.1114551932713572	1.0540429794122628	0.3193221922519472	0.0469241917037352	0.3529227731126296	0.938309336237158	0.2481200640261165	-0.0542167088980025	0.8907428263551503	0.0870822690449726	0.4451923840520641	0.3283479290406462	0.0800997538233322	0.5960017748233499	0.3947318779970095	0.9605654679917	-0.006103366721846
BS_K88T8SW7	14.778654540033369	-0.6068953102641258	1.7083079397700711	1.6084924209933025	-0.193332071894507	-0.3225318840491712	8.089726180511777	1.2890299280337283	-0.4079036002759198	-0.1585278138871224	-0.0312432219471787	-1.1167514489788015	-0.9621711459956636	-0.1002728207207243	4.551591540058655	-2.270992691642743	0.2594862881929534	-0.3728630296807749	-0.1731533798976898	-0.6778638900370056	-0.3746095994758047	-0.5995708694470769	-1.224821755150377	-1.5518805993910612	1.4212176440654594	-1.485542721451658	1.2571346655084297	-0.4152399504458375	2.554169805769658	1.5084909144277143	3.2527536593114124	1.8930382749129813	3.013474550792039	3.0536157002227613	2.025325093279637	0.4383106225286406	2.0647496934037437	2.6840699790399847	0.8214957103944794	3.231528051787504	1.8982110248004016	4.168166621794517	2.8642392735004165	1.4634203763957	1.7176188425510863	-3.0209821971900657
BS_KABQQA0T	-0.2146517775436567	0.2075565239819437	-0.370791755245268	-0.3516354170928091	-0.193332071894507	1.490040886403967	-0.1408734222202835	0.3402759997118071	1.5164585350365525	-0.1585278138871224	4.334682800690774	-1.1167514489788015	-0.6166497513864129	0.3614437900885243	-0.3392577593173453	-1.8927225710137656	-0.1420139649526557	-0.3728630296807749	2.29685264019137	-0.6778638900370056	-0.3746095994758047	-0.5995708694470769	0.2972385593483096	0.2252115447966049	-2.380382277803727	0.2958958103090965	-2.2700937421784038	-1.1974363287833305	-2.1329091538469123	-1.69098059248056	-2.165061183477831	-1.9769418616150585	-1.0649669316907409	-1.0891917255957648	-1.8555426967181263	-2.4559952270725898	-1.1410422998080754	-1.252687732251185	-1.405875662309598	-1.5886307786159777	-0.5381861630644682	-1.0853019726668942	-1.6097218756331055	-2.0171800140293006	1.0143224645433784	1.9216669153398211
BS_KBEX4RT2	0.4695359319307338	-0.6068953102641258	-0.370791755245268	-1.0254388333387716	-0.193332071894507	-1.1033775639823966	-0.1408734222202835	-0.4086947637170381	1.7554320397917775	5.843799988716512	-0.7745319388608707	-0.7020600658271822	-1.4276444028485284	4.58221126757539	0.5048415057352532	-0.6914629680444286	-0.1420139649526557	-0.3728630296807749	0.0243262331689146	-0.6778638900370056	-0.3746095994758047	2.318063681344986	-1.113698053547495	-1.1530140233724548	-0.8540904037106758	-0.9928972327032708	-0.855365890593929	-0.8215681647841192	-1.3140204742905868	-0.9190912364710112	-0.4489801024926806	-1.6135743899389223	-0.9228598098216968	-0.9130963427481144	-0.8490751195040331	0.8248096423560994	-0.9582903970825551	0.2264906140062327	-0.9481916981396616	-0.8706350239901813	-0.8623568969919087	-0.3838958320552068	-0.7530252637649305	-0.1657923629495087	1.1680964073677835	1.073875370647983
BS_KFD5128N	0.2869872051874788	3.3045577291870485	-0.370791755245268	0.2354486719498571	-0.193332071894507	0.2629040912280645	-0.1408734222202835	-0.9872668175857844	-0.4079036002759198	-0.1585278138871224	2.479030156361603	-1.1167514489788015	-1.2664396919587706	-0.3758411871729064	-0.5043245057492713	-0.6892790680938247	-0.1420139649526557	0.6406740139015803	0.0324360919174967	-0.6778638900370056	-0.3746095994758047	4.306156143620443	-0.2603181543293943	-0.4315869221183436	-0.7287706184147547	-0.1015983807922069	-0.4450887070263349	0.1206713129728892	-0.5587402651097808	-0.698571540064171	-0.3857550936488296	-0.3023161114679269	-0.2179182573724385	-1.0437694195903682	-0.9131726710065612	0.3577049384921246	-0.8484842710313467	-0.7455426632672169	-0.60876788310539	-0.3999076852679157	0.1397986087191071	-0.3072036303558197	-1.1223003918267842	1.0173847442918418	-0.0864851579302292	0.2504994324327532
BS_KKDTW11T	-0.4471393430061919	2.6794641407752007	1.3028870013359004	-1.0254388333387716	10.743273073063328	2.1775137540117293	-0.1408734222202835	-0.9872668175857844	-0.4079036002759198	-0.1585278138871224	1.6095259166009503	-0.4967791877412735	-1.4276444028485284	-0.3758411871729064	-0.5043245057492713	-1.9512399941277871	14.455491934893738	-0.3728630296807749	-0.5862735419452659	-0.0391459516544815	-0.3746095994758047	2.336335649590786	-2.9401560836061	-3.272164415622109	-0.9929676349871824	-2.913595598431425	-1.1936662476175992	-2.6277095516430973	-0.8394745701967082	-2.036403670679151	-0.877330653797249	0.5977377776256675	0.0643202740876559	-1.9985865438449557	-1.180971741152499	-2.2075856162482235	0.1360890674998428	-0.9218496084442094	-0.3683290410488353	-0.5318864163618744	1.874034825571876	-0.1180570470766078	0.9107043386245912	0.3613289065133845	-0.5886402465649789	-4.063792530184114
BS_KP735TJ6	0.8703124223079599	0.2737272547091357	0.034317118961322	-1.0254388333387716	-0.193332071894507	-1.221807836401957	-0.1408734222202835	5.226918860147677	-0.4079036002759198	-0.1585278138871224	-0.4607649361408363	0.2339104984343988	0.4321036442251643	0.5297605629206915	-0.5043245057492713	-1.053776599140038	-0.1420139649526557	2.169162520390358	-0.5862735419452659	0.1433738166941777	3.77077041392251	0.1775785837579949	-2.3465976186438087	-2.282355964367359	-0.6966558516646324	-2.3388997642515963	-0.6645732902916505	-1.171713159194416	-2.0971888626810373	-2.31324040927416	-1.8079484580641447	-2.5538050069526848	-1.858219704400003	-2.1479610739529438	-1.2586593439537852	1.6462103475389247	-1.20191253633326	-1.4739463172811813	-0.4068416166213303	-1.460736526880909	-2.268563131636114	-1.0681083476846631	-0.8246822253390803	-0.6028644734300472	-0.296306657538533	-1.3687749169630443
BS_KQ6ZW085	0.0207451677794116	-0.6068953102641258	-0.370791755245268	0.5609558959949918	-0.193332071894507	2.2639099697491982	-0.1408734222202835	0.3953474544309375	-0.1619386720896305	-0.1585278138871224	-0.51338747893997	0.7427664452317235	-0.4448970541306166	-0.3758411871729064	-0.5043245057492713	-0.9019987833163068	-0.1420139649526557	-0.0905710812863214	0.945284840168956	-0.6778638900370056	-0.2465734840966973	-0.178471270679333	0.526557356673602	0.5841260128940959	-0.6151644375439101	0.4345463745742178	-0.7216755318692215	0.0940717981157639	-0.9429429808538216	0.4494084055631963	-0.86394577234555	-0.5325040401405051	-0.2750409473234337	-0.4959064313782585	-0.5202645393107739	0.1355603429955403	-0.2580998134403472	-0.7612162442949645	-1.0172080533775645	-0.1938173978207376	-0.5998187806584679	-0.894453059260379	-0.6632294097124906	-0.3399303967329069	-1.2086034895020852	-0.6446542869837958
BS_KRS4EV4X	-0.4471393430061919	0.8607852035859908	1.0817898718071997	-0.00559309671204	-0.193332071894507	0.6629646231958244	-0.1408734222202835	-0.7566853613598472	-0.4079036002759198	-0.1585278138871224	-0.0786357994655804	-0.2622197440710355	-1.0148067452806029	0.545359689440096	0.1482151489333958	-1.130088159622864	1.2783301268936746	-0.3728630296807749	3.597539090583725	-0.6778638900370056	-0.2060566379633703	-0.5995708694470769	-0.7476728350822179	-0.9536171253494858	-0.9417283901956546	-0.8434674113500424	-1.4691802648811756	-1.3544522196737816	0.7418223804397889	-0.957332766511884	-0.2004280831792065	-0.9319969609804456	0.0418067739445839	0.0218278231618604	-0.3311289963378057	-0.8612677853334533	0.4025095427862237	-0.1413891237488185	0.2384787340278096	0.1744499752671655	0.5053047876083724	0.93483971671612	0.636241871711694	-0.6530164645720108	0.8017617684792501	1.3159115134419073
BS_KS8HMGA6	0.320601677397323	-0.6068953102641258	-0.2937652154614995	-0.0139319327417413	-0.193332071894507	1.6648697285820149	-0.1408734222202835	0.6829489618495517	-0.4079036002759198	-0.1585278138871224	1.869703724624944	-1.1167514489788015	0.5110018838198571	-0.31485619648344	-0.3978180964413665	-0.6277488365394691	-0.1420139649526557	-0.3728630296807749	-0.3457609226170428	-0.6778638900370056	-0.3746095994758047	-0.100398791346391	1.1766013998836893	1.131272511917071	1.3053623521663742	1.1680280612589935	1.1899723003359468	0.9530965014608846	0.4349880898895855	0.6439092645228104	0.5070061613352063	0.4868828312413152	0.6528263744527572	1.0337330122371982	0.2903819946267711	0.2334510937014551	1.9121995774955376	0.8967961525118032	1.4180819937784326	0.5466456250936029	0.7068381147600303	1.529722782828126	0.9905898770920016	1.693397397983666	0.6898591678397823	1.1807453464400226
BS_KVPWHDR4	-0.4133226686847833	-0.5709515650825218	-0.370791755245268	-0.600512321072152	-0.193332071894507	0.299726518442599	-0.1408734222202835	-0.6301528146446174	-0.0956351694018648	-0.1585278138871224	-0.6016483835202938	-0.5309949249699993	-0.3551283544040772	-0.3758411871729064	1.0902699174238193	1.6694647421116318	-0.1420139649526557	0.8984562872810931	-0.5862735419452659	-0.6778638900370056	-0.3746095994758047	-0.139335794853193	-0.3476906818464538	-0.2734392049748885	-0.5544385822580611	-0.2510495414799004	-0.4482792489998585	-0.2205239404646971	0.0479842125868792	-0.4177185980156971	-0.1972448375438519	-0.242139433773583	0.0597288218668917	0.0580724284127388	-0.0502073920600009	0.2996468011591783	-0.4102317140129294	0.2201358494346118	-0.897444273382638	-0.0890666587030988	0.627896702197319	-0.6026368314343717	0.5741066010492739	-0.2949780950981137	1.874293756073708	1.6105609086080404
BS_M0FA190Y	-0.4471393430061919	0.1344040679062371	-0.370791755245268	-0.5673386030314749	-0.193332071894507	-0.5150623866662898	-0.1408734222202835	2.428636631070741	-0.4079036002759198	-0.1585278138871224	-0.7745319388608707	0.283384212517493	1.2522323740664545	-0.3758411871729064	-0.5043245057492713	-1.67590214893792	-0.1420139649526557	-0.3728630296807749	-0.5862735419452659	2.3269290526573343	5.150376607884893	-0.5995708694470769	0.2214071602572599	0.206488831535523	-0.6515993034468095	0.1929051830968423	-0.081506297552251	-0.7063136877632311	-0.4440407589558753	-0.8042138823922357	-0.596152626236675	-0.5845774998349009	0.5158372043642215	0.8918343919164935	0.4335731661742998	-0.6099084668498186	0.1895001825654971	0.7266751469540244	-1.3207880205785478	-0.2070850839197041	0.241104454166704	1.1574840478785648	0.8534778680767813	0.5722542936002349	0.6651547912304957	2.1618597246484983
BS_M0XGZ53Z	0.3701590171070392	-0.6068953102641258	-0.2353289051912864	-0.78316897843026	0.0387731006184523	-0.7818682881281004	-0.1408734222202835	-0.6631168634432529	-0.4079036002759198	-0.1585278138871224	1.840965562106757	-1.1167514489788015	-1.0440096216838946	-0.2481072078057805	-0.5043245057492713	0.7653897634279948	-0.1420139649526557	4.037653826477392	2.044506063611133	-0.6778638900370056	0.6241804178710177	-0.4308536622261469	-0.9883190112809386	-1.1227138534047083	-1.8714144594985185	-0.8969076915058509	-2.1726223680199443	-2.3856588444936406	-1.0443351950283015	-2.8165729249191536	-1.8536583618102536	-2.128390699467199	-1.1771800927263154	-1.588032451920685	-2.6050948787956822	-1.3473713878138884	-2.747613501397221	-1.7984616292557762	-1.5077681670550802	-1.920983915717392	-0.677705308188508	-1.2295920259062465	-1.3425362552849125	-2.026263281852765	1.012384559243826	0.4126887882738652
BS_M1PVEHCM	0.2737554604531571	-0.6068953102641258	-0.370791755245268	1.135306876973371	0.6089755947565839	-1.1577389890687122	-0.1408734222202835	0.5911430436748101	-0.4079036002759198	-0.1585278138871224	-0.7745319388608707	-0.4180904292556026	-1.3549629190354826	-0.3758411871729064	-0.5043245057492713	0.7112928314500654	-0.1420139649526557	0.7389307387998593	2.560140346937858	-0.6778638900370056	-0.3746095994758047	0.0733348865664948	-1.4165523784460383	-1.3466505312096757	-2.209154803465147	-1.7778062240827224	-2.132479230563051	-1.9381601464214275	-2.9888833548120206	-2.526887981194627	-1.4563071024705665	-0.8954488919060919	-2.5903749569800176	-2.5240927875093773	-2.322078997364381	-1.5834947059255864	-1.944751153428944	-1.7570431917715077	-1.3489021245474642	-2.3552935253824288	-2.37166313580755	-2.087308418595535	-1.6501639008807123	-1.2373471107192395	-1.7885609753778795	-2.3264347879964693
BS_M54TWTH4	-0.2945077423192346	0.1209765303558913	-0.370791755245268	-1.0254388333387716	-0.193332071894507	-0.5519772360612559	5.347343263727043	-0.2077414314151618	-0.4079036002759198	-0.1585278138871224	-0.2168550352704471	-1.1167514489788015	2.5685526272809014	-0.3758411871729064	-0.1532882267304918	-0.1478024832827532	-0.1420139649526557	-0.3728630296807749	0.1296253598247361	-0.6778638900370056	2.929589648464383	-0.5995708694470769	0.4795269331894074	0.458234932247442	-0.5040472403145949	0.581451118736957	-0.510846386205345	-0.6346116271206893	-2.2051583224045688	-0.229257853159889	-0.0189890635547661	0.3063956986045135	0.0874816326489926	0.7924228431351337	-0.1687945856238515	-1.438147155454229	0.5993937708162336	0.5039451234930973	0.1224488838462268	-0.2379995338423466	-0.2048396051393781	1.127571292543814	1.0933919559851333	-0.1966028845504531	1.424759291607533	0.7678252158842248
BS_M7XB258E	-0.1517649250396238	-0.1987322739635513	-0.370791755245268	-0.6783132849457798	-0.193332071894507	0.0205307413721452	-0.1408734222202835	-0.3616074649688751	-0.4079036002759198	-0.1585278138871224	-0.7745319388608707	1.98810374396723	0.5142073978763485	-0.3758411871729064	-0.5043245057492713	-0.7151254725898348	-0.1420139649526557	0.7444181384783275	-0.5862735419452659	1.8544116294239608	-0.0576981411968774	0.3926705953188804	0.8503287344897127	0.8653648271011546	1.7314353185293074	0.8677725233017822	1.7597451425388135	0.9415922541369008	0.8766663302865253	0.9285278058172154	1.1014792487462628	0.5362723413943281	1.6973978886115693	0.9332467262528876	1.573255136379613	-0.0012846817655469	1.9079955569162383	1.7975780656332188	1.4273246855600472	1.747995400858518	2.1666739383205726	0.8912391334710085	0.9680197282001876	1.839000753647616	0.2866825800609536	-0.538279494032824
BS_M85CXHDV	0.1310264717841331	-0.6068953102641258	0.0659554744456953	-0.4181376462218078	-0.193332071894507	-0.7984345043122482	-0.1408734222202835	-0.839186119455889	0.5927255323312283	-0.1585278138871224	-0.7062380484650996	-1.1130456314628985	-0.9674028007997496	0.768517455660523	1.8977570792059373	1.7715801255764068	-0.1420139649526557	-0.3728630296807749	0.0901848379347765	-0.6778638900370056	-0.3746095994758047	-0.4721640856603966	0.6693542264042142	0.5198491133233664	1.241411878375449	0.4165929931166431	0.9204914151040426	1.3717965854587908	1.1631894385287394	1.017842514606579	0.976859939943344	0.0405504509959253	0.5553509986828673	0.7688760325144572	1.0870469410698518	-0.0387768893485136	0.9282707162894244	0.4786658405410997	1.1337323870758005	1.171996048693818	0.6508790592374553	0.8707333068733079	0.4088705241141498	0.4748264934428001	0.9516720195427468	0.7234353351144254
BS_MB7WN0ZB	0.5143543662005134	-0.6068953102641258	2.352104426524961	-0.0517072179391767	-0.193332071894507	0.3282350698295711	-0.1408734222202835	-0.2030215833639036	-0.4079036002759198	-0.1585278138871224	-0.4263063462848089	-0.4031720664805718	0.5447060038712942	-0.3271505619421799	0.4930312309455132	0.3114419412982011	-0.1420139649526557	-0.3728630296807749	-0.5862735419452659	-0.3999385122322578	-0.3746095994758047	-0.4634763391428398	-0.7272922023403491	-0.7597218961187843	0.699822852107315	-0.6862604592933061	0.4626239186387986	-0.0126901258552603	-0.7316848170616225	0.3944695603065084	-0.6161040234670158	-1.3190358288505382	0.122202905258011	-0.3947158730934593	0.0280646383484497	0.6166560884088594	-0.901365895517142	-0.3397156451373901	-0.0226701972442133	0.1519198846007938	-0.0324578351695419	0.898011221935046	-1.0087969937940886	-0.283007928031218	1.4279812792766078	2.375089435436065
BS_MD0937XT	0.6002486692275614	-0.6068953102641258	-0.3613492439061158	-0.7563750447196937	-0.193332071894507	0.6317356940068218	-0.1408734222202835	-0.5129460806300421	-0.4079036002759198	-0.1585278138871224	0.6180148461422147	-0.1959564029172823	0.4957736133956335	-0.3758411871729064	-0.5043245057492713	-0.1976971812232922	-0.1420139649526557	6.893602095457047	0.3309401707985038	-0.6778638900370056	-0.3746095994758047	0.1474310140240671	-1.6011574813138236	-1.614007211376855	-0.6688902525721898	-1.537382850157082	-0.7941515963596801	-1.9314361538633664	-1.0253253690402886	-2.41835850801774	-0.5016895986644396	-0.2638903486552015	-1.888100832295792	-1.9123568035829028	-2.043660246227033	-0.58795790505666	-1.6336778183202525	-1.926137634378164	-0.1192871448578798	-1.5734124642887346	-1.5201090515404494	-1.939929799782809	-1.1729244101201997	-0.90123983970149	1.3663013529987065	1.6420011825803291
BS_MDBT7S5Z	-0.4471393430061919	-0.5275948085230628	-0.370791755245268	-1.0254388333387716	-0.193332071894507	0.4278042663126331	-0.1408734222202835	2.751195848142981	-0.4079036002759198	-0.1585278138871224	-0.6272242283554	0.8142808273303546	-1.1258634685354785	-0.3758411871729064	-0.5043245057492713	1.1745766878260369	-0.1420139649526557	-0.3728630296807749	0.1714479697405844	-0.6778638900370056	-0.3746095994758047	-0.5995708694470769	-1.7445125074661725	-1.8777266004307656	-1.034060211550646	-1.926732719233777	-1.3806143618588955	-1.388407571328049	-2.133676807829945	-1.138377382956876	-2.3304391675773504	-2.666319646334219	-1.5827154813165845	-1.6866754240601909	-1.6968271610430752	-1.43603411818267	-1.7355463931899648	-1.6861463685351123	-1.4147556135040138	-1.480245962723562	-1.9908178501874028	-1.425357101708708	-2.081826947645874	-1.914896808072361	1.315039007647032	1.1108199404400447
BS_ME6VQGG4	-0.1746523647284705	-0.4636039523555762	-0.370791755245268	-0.7058048527466856	-0.193332071894507	2.242957658459153	-0.1408734222202835	-0.1910745107476316	-0.4079036002759198	-0.1585278138871224	1.3890492610182748	-0.1505290354640114	-0.5474925893894704	-0.3758411871729064	-0.1408723014146709	-0.0595042650515435	0.783291864521044	-0.3728630296807749	-0.0772948036270297	-0.6778638900370056	-0.3746095994758047	-0.2257409646783789	-0.6905417625351128	-0.6596991749305533	0.0135684304305265	-0.4029348966981483	-0.0377703949195898	-0.1580836637029919	1.451510889570662	-0.0935457171533146	0.5488735737024121	0.932415891189134	-0.9928259673445804	-0.973675155008016	-0.6526807369641425	-1.6600650382609752	-0.0923655309437208	-0.7150205160387625	0.1330839486692116	-0.3182313341423371	-0.98945149799562	-0.9379856553891304	-0.5105168002594014	-0.0524613105241684	0.8744966210254503	0.9580306365529984
BS_MFGZH8FK	-0.4105116383664991	1.908745404537867	0.7283704106414514	-0.2462875632109996	4.025467395933927	-1.4201809865395374	-0.1408734222202835	-0.2599827663422228	-0.4079036002759198	-0.1585278138871224	-0.7254007367427457	-0.4525764825359492	2.2148760655638613	-0.3758411871729064	-0.5043245057492713	-1.2385014180349507	-0.1420139649526557	-0.3728630296807749	-0.5862735419452659	0.0630848937865719	2.5109966343017063	2.952375181745212	-1.4844171557541836	-1.4264461447120391	-0.0064918095764941	-1.4331726505923552	0.2875789468347876	-0.8516975575037498	-0.0491546821541744	-0.893978108332594	-0.5647403512052983	-0.3280564182834276	0.0596937977402954	-0.2622076487014651	-0.3199252681687074	-0.7219511347221172	-0.9091863811746232	-0.2993073726778458	-1.188557136914124	0.0283758353292308	0.601424281777701	-0.8338825687751275	-0.1395399659909332	1.0083778940934889	-0.415054446367527	1.323496664624618
BS_MG78HQDM	1.0190353736688704	-0.6068953102641258	-0.370791755245268	5.240994404710091	-0.193332071894507	-1.4201809865395374	-0.1408734222202835	3.7678010998316576	-0.4079036002759198	-0.1585278138871224	-0.7745319388608707	3.281903017492431	-0.8209530868250957	0.8293977618718721	-0.5043245057492713	-2.549972552958048	6.1631065185278135	-0.3728630296807749	0.9501681724268604	-0.6778638900370056	-0.3746095994758047	0.602434470923294	-1.8130044291925824	-2.097752513540432	-2.5451739029662828	-1.7642504423077172	-2.7380349419368923	-3.5280745202028205	-5.4505211887379135	-3.9536604664394392	-3.131319432878265	-3.452846363044228	-1.6976199266480922	-2.326785662873538	-2.6441551018726037	-1.9535386429913928	-3.319498056350208	-2.038257598720805	-3.398021464540904	-2.072476218805697	-1.500525324392717	-1.8892601964343123	-1.826401903807455	-1.7371668873428827	1.408296827351739	-0.3917330758896745
BS_MWWZBQ60	-0.4471393430061919	0.6282927927480915	-0.2511232798968074	-0.6224545181771668	-0.193332071894507	-0.7213990169985804	-0.1408734222202835	-0.6714275705970606	-0.4079036002759198	-0.1585278138871224	-0.4497221138014813	-0.1952966909549342	-0.1364246181318792	-0.3758411871729064	-0.5043245057492713	1.0457645256203818	-0.1420139649526557	-0.1506689803541947	-0.5862735419452659	1.046658558863556	-0.3452835965539432	-0.0473944830805007	-0.0085899667123214	0.1088624313398623	0.2939488334926654	-0.0491175360452173	0.6121969545824444	0.259681746525096	0.196764015958911	0.1914027406771317	-1.634038953640867	-1.803812119130924	-0.8517994729686829	-1.220681768864668	-0.646375587164527	-0.2095972216834902	-0.2488457960979285	-0.1441211031036885	-0.0446480710759519	-1.0701235610329725	-0.6125657543464977	-1.13960971893702	-1.631718390585049	0.3144898559880691	0.354534301232652	0.9348873932704436
BS_N6TQBQ8M	-0.0717786489966654	-0.6068953102641258	-0.370791755245268	1.778226940573541	-0.193332071894507	-0.4779235939858692	-0.1408734222202835	0.5945216703332149	-0.4079036002759198	-0.1585278138871224	1.5831333304728057	1.377468695105376	-0.5232291238013126	-0.3758411871729064	-0.5043245057492713	0.1143912421311219	-0.1420139649526557	0.1577354479312123	-0.5862735419452659	-0.0827065923007331	-0.2683787262185124	-0.5995708694470769	-1.5630612089912814	-1.5156679933167252	-1.5527668699689186	-1.3776742045262125	-1.2265843004481458	-0.9612239433750877	0.4332068969416408	-1.3044319666734996	-0.1024373561930622	0.6309351286846238	0.7431099353715711	-0.4723579390677708	-0.2245487520354533	-0.0670199710409316	-1.91256735742711	-0.3896755709208908	-2.195770828293341	0.1300496636825658	0.6317404467002022	-0.4619089911798231	-0.551394617132484	-0.87994856898765	1.762914814829478	0.0339962478363975
BS_N7SW36FD	-0.4178049871477527	-0.5731411785727047	-0.370791755245268	-0.8192686511026284	-0.193332071894507	-0.8847501814322862	-0.1408734222202835	-0.9872668175857844	-0.4079036002759198	-0.1585278138871224	-0.5134442533766099	-0.3220121018173512	0.5726924688808257	-0.3758411871729064	-0.4822528788524465	1.903657486356714	-0.1420139649526557	-0.1584688081950368	-0.5862735419452659	-0.3995293856838698	-0.3533359175939823	-0.0125016445175308	1.040505007246364	0.9375869584083256	0.4714854623993916	0.972167882968636	0.3412913712823017	0.8065787578415232	0.1222019602519173	0.5728358730770672	1.2381650132994004	2.0118908877995207	-0.1378031489478877	0.2761656578861675	0.5854788433822473	-2.3292921121767947	0.8038724715690191	0.5505441672890955	0.6172407151165306	0.1333128252653737	-0.2637878616064173	0.1660798549760775	0.9073757105563672	0.117343824972834	-0.5162052165608568	0.0827224683919632
BS_N7VQ1GQB	-0.4471393430061919	-0.1495952693869627	-0.370791755245268	-0.1784814471304795	-0.193332071894507	-0.0892047469416018	-0.1408734222202835	-0.9063200541128158	-0.4079036002759198	-0.1585278138871224	-0.7745319388608707	0.7586847769580708	-0.4912776044026578	-0.3758411871729064	-0.5043245057492713	1.543753670023971	-0.1420139649526557	-0.3728630296807749	-0.5862735419452659	-0.1202394012783451	-0.3746095994758047	-0.359734668570265	0.6977802621826784	0.7059646740962082	0.5663372484882349	0.8365111424317779	0.3638785620591092	0.5387395878590432	0.1335549048649618	0.7265702457666461	0.134315237487902	0.3309104547529202	0.5632483672109009	0.4401243347908761	0.5937428101502715	-0.1158514158958948	0.2378684732067193	0.0429822613277169	0.5472251843370936	0.5119598965652652	0.5361965167890757	0.2991458551731399	0.1876964913439226	0.5034509837236103	-0.5640049726458527	-0.688601554986785
BS_NB9XXBW6	-0.3725759627130203	0.8392413088436287	-0.0643013394035222	-0.8062708930251764	-0.193332071894507	-0.5034748461143526	-0.1408734222202835	-0.1187523104337955	-0.4079036002759198	-0.1585278138871224	0.1781517573881471	-0.1804355012273553	1.920405532407466	-0.3758411871729064	-0.5043245057492713	-0.7445992673919393	-0.1420139649526557	-0.3728630296807749	-0.5862735419452659	1.3818742237403598	-0.1530360374086135	0.053409980511462	0.6812791212297304	0.6935660010723914	-0.4482973544135099	0.675992986721773	0.4375027411266676	-0.0898097677457757	-0.5555000784706354	-0.7081809675965519	-1.3195476569827755	-0.5044282266754088	-0.6832059279162997	-0.7018587808789797	-0.3538282081037673	-1.3634363853599831	0.0335858950671394	-0.307796341694133	-0.6919646467773244	-1.2018932038277272	-0.5941231891913457	-0.9969151277330432	-0.3792459624775268	0.9795395587718092	-0.8556226129769811	1.3007508517915245
BS_NEFAASTR	2.8695668916304897	-0.6068953102641258	5.317257635214587	0.258994306454608	-0.193332071894507	0.1859999862931383	-0.1408734222202835	0.2819007353668681	-0.4079036002759198	-0.1585278138871224	-0.5544107124650559	-0.4976167083004743	-0.5402935960106547	0.976999331805515	-0.5043245057492713	-0.5531531471919325	-0.1420139649526557	-0.3728630296807749	-0.210102022181161	-0.6778638900370056	-0.3746095994758047	-0.5995708694470769	-0.6516264596933861	-0.8186642602038435	0.4671452484515532	-0.527882413035412	0.4783967204764123	-0.2318034845624158	-0.7520725116651021	0.3734624252369799	0.1660511855327758	-0.1211505983484278	0.9502710484564724	1.1976341768968894	0.2729562883376885	0.3396840312623999	1.0538910362662732	0.6785273932487635	0.3216279453314762	0.5549505331760057	0.3561493876372796	1.4559289154636796	0.7125143605554377	0.558611326968532	0.3509658797434525	1.5334732428433484
BS_NEVYM2FP	-0.2188114346103959	-0.4357963142081303	-0.343638456120546	-0.3849853853161927	-0.193332071894507	-0.0463893893916345	-0.1408734222202835	0.9700512915589188	-0.4079036002759198	-0.1585278138871224	-0.7745319388608707	1.2263622614019538	1.1207053949162096	-0.3758411871729064	-0.5043245057492713	-1.4232047675330404	-0.1420139649526557	-0.2561412799389204	-0.5862735419452659	2.216390346823184	1.2770545087609508	0.0950572812249441	0.8957854941329306	0.914597250657268	-0.6408823718136016	0.8673697959784845	0.0547247799439605	0.5304480038087647	-0.8834349001435585	-0.4399271045686654	-1.300721325431421	-0.8550238370380222	-0.5614611706916657	-0.2528473155371405	-0.2317645138612107	-0.9145279515803596	-0.7212023966249839	0.0675022021834431	-0.82783636356606	-0.7714734512172061	-0.7252784203273528	-0.872727206392322	-0.2002440914708373	0.3973353635474868	1.1135336645150646	0.8480890236909832
BS_NFKKDYSV	-0.2712478949766304	-0.1057401990191142	-0.370791755245268	-0.4592265894508624	-0.193332071894507	0.3183822281361853	-0.1408734222202835	0.0182327248418693	-0.4079036002759198	-0.1585278138871224	0.7271695217064659	-0.6568494136299237	-0.4460567596868933	-0.3758411871729064	0.1426375664258512	0.8602137472149455	-0.1420139649526557	-0.3150718903769102	-0.0841504597138153	-0.6778638900370056	-0.3746095994758047	0.615004772811921	-0.133319843753638	-0.0273005906801486	1.0962095489098953	0.0507850754931134	1.055589490459541	0.6326151690658179	0.3306179259273889	0.6417939982394579	0.9281849231437702	0.8842459274322594	0.7334449277478314	0.3510774515872896	0.882811265488918	0.4790039704934167	0.1766266427096962	0.7865346670551068	0.2396035535105866	0.9928614173266476	1.4719292454915858	0.6778431577486083	0.7197445697136894	1.0703504804105044	1.444421789613694	1.376041947969471
BS_NGSG2KB6	-0.0713366460403977	-0.0761556470732356	-0.370791755245268	-0.3574112915622085	-0.193332071894507	0.5424099945274646	-0.1408734222202835	-0.0034591167170361	0.5707677140085619	-0.1585278138871224	-0.7745319388608707	2.023083619681193	0.2276502247928807	-0.3758411871729064	-0.2843853444644751	-1.9319060938721664	-0.0168424077766649	0.4944477501657531	-0.5862735419452659	2.7513249123667043	2.053563890541532	0.4885276621033935	1.051333767906958	1.087974529695195	0.1025083800548169	0.996227752201568	0.9504701785033486	0.1932696413884191	-0.0077298576027642	0.2160394308464289	1.4432089752339177	1.4990407549566953	0.6815696129271575	0.773904356309288	1.0452135241370768	-0.3800473405629272	0.9302106021975786	1.6836390997815616	-0.5979525525551211	1.0435359344625768	1.1352666852622673	-0.1874590250748607	0.7341111627908715	0.9219673118919016	0.5084961210903681	0.7652350724980709
BS_NNYXMSTX	-0.4373607112025028	-0.5700369071129252	-0.370791755245268	-1.0254388333387716	-0.193332071894507	-0.8634819557829272	-0.1408734222202835	-0.9101986269676368	-0.4079036002759198	0.423971729650326	-0.7745319388608707	-0.3412200545194151	-0.2913471835221531	-0.3758411871729064	0.2812495774350395	2.7511307747189653	-0.1420139649526557	-0.3728630296807749	-0.5862735419452659	-0.6778638900370056	-0.3746095994758047	-0.5995708694470769	1.0284192511803094	0.8770819068259796	-0.2605085334112127	0.9837420472578138	0.0701976013565371	1.2804142621229426	-0.4669331091694877	0.9013137507787528	0.1048863127175179	0.0564101337855562	0.8708015370500352	1.045921296878703	0.8690939158935116	-0.8218750855547831	0.2640662546454135	0.5840638190770825	-0.2053125974825047	0.7220029111332685	1.2998847965014282	0.3503196779582776	0.9003221645637866	0.3045593736582002	1.4457718100053791	1.194011828236275
BS_NPA6CZQF	-0.4369994857439641	0.1208803618589915	-0.370791755245268	-0.7083240453742198	-0.193332071894507	0.9609534620476052	-0.1408734222202835	-0.0537969985208716	2.5691465233546493	-0.1585278138871224	2.4204593754755503	-0.189467138730837	-0.0614317035840188	-0.3758411871729064	-0.3248123570575232	-0.632130460775812	-0.1420139649526557	-0.3728630296807749	1.1571990281716893	-0.6778638900370056	-0.1366860817748849	-0.4392452792294276	0.776729255497924	0.8087735744978394	-1.818254997892491	0.7849328885282878	-1.7397587877973253	-0.9421994067177822	-0.9803698253765456	-0.9500658257306904	-1.2408772325038298	-0.3125979454263566	-1.5251298425892976	-0.7359281142771656	-1.7431996492031403	-0.6686167225775693	-0.300514356244191	-0.8566775835517381	-1.1920838426428986	-1.8593067584457088	-1.476845024834291	-0.6575789195820249	-0.7670518624568057	-1.4478020472057185	0.8991793394400266	0.9989406662084096
BS_NQ54ST98	1.7413467746005655	-0.093178952486677	0.2256336740518474	2.5969025251885225	-0.193332071894507	-0.9766489553465648	-0.1408734222202835	-0.5642569761785343	-0.4079036002759198	-0.1585278138871224	-0.7745319388608707	1.3385641911190156	1.980945459502161	-0.3758411871729064	1.390009455629035	-1.296716081274854	-0.1420139649526557	-0.3728630296807749	-0.5862735419452659	-0.4645056445750883	-0.3086201308926669	1.090524831475585	0.2093832415708103	0.2780792869400512	0.1320579914303684	0.2674523816415518	0.5843567219831904	0.8864592279451279	0.0015398541748018	0.3320533070278563	-0.8066185879812671	-0.5421802828465266	1.58190749680795	0.3792755734770421	0.6482188177539547	-1.1964981454296753	-0.4862734500764121	-0.1313574140510023	-0.7717923129465034	0.6265817738694285	1.6548900393906771	-0.0606731941757385	0.6111747747410097	1.2382091021949004	0.9713792919554396	0.2622630055257697
BS_NR3P3GN2	-0.0247922331884765	-0.6068953102641258	-0.370791755245268	-0.4313459185528787	-0.193332071894507	-0.5484674192711928	-0.1408734222202835	-0.0174262880102576	0.0245941277216546	-0.1585278138871224	0.1863056018536444	-0.6991574885769838	-1.4206280105073483	2.4487032973221576	-0.5043245057492713	0.5040635999636089	-0.1420139649526557	-0.0249064525601969	-0.5862735419452659	-0.0877911935984583	-0.3746095994758047	0.6473206174434057	-0.7037735154020347	-0.5797230220374949	0.9864228913612662	-0.803616320238276	0.7015672255046179	-0.0985726848931309	0.2064222191342032	0.3418982811409831	0.1400904982109971	-0.3135180679258546	-0.3883880422493703	-0.8103810772669588	0.564443670801043	0.4527817139847275	0.6252219561263086	0.1968323153702227	0.6200002323842495	0.1707546659936288	-0.246164543943657	0.1321722397921612	-0.1618028464431253	0.7275704456416524	1.3957265512572707	0.9979252794145246
BS_NX1R0BC3	-0.4471393430061919	-0.1819723714071988	-0.370791755245268	-0.8757452743112247	-0.193332071894507	0.2872676520034417	-0.1408734222202835	0.6866916230175186	-0.1854166028041519	-0.1585278138871224	1.1519403128960315	-0.9035876031201262	-0.3712109987933315	3.9747376388571474	-0.3786436685607137	-1.0228206163816975	-0.1420139649526557	-0.3728630296807749	-0.5862735419452659	-0.6355308436820627	-0.3746095994758047	-0.074712657439429	-0.3135290086307236	-0.3454517870778982	1.2570141317785153	-0.3017405010514679	1.2506836097567764	0.1521230928745894	-0.1823913292197645	-0.8972292410675724	0.0048116469858334	-0.7734151358029692	0.7594985416115487	0.9181265101484912	0.2640038994502549	1.0345257934414285	1.83359173044339	0.6416023737928308	0.8951277413152114	0.2352141537997338	0.6781233268936178	1.183500185388917	0.8803034627418077	1.5877910041919108	1.2871069681231482	0.2035204665571782
BS_P0QF87WC	0.5027995489690429	-0.4583723178956421	0.148472591096148	-0.5369664314861036	-0.193332071894507	-1.4106625456274566	-0.1408734222202835	0.8636150160270297	1.0586578791143435	-0.1585278138871224	1.2305216066107771	-1.1167514489788015	-1.4276444028485284	5.98770514932493	-0.5043245057492713	-1.783669738021482	-0.1420139649526557	-0.3728630296807749	-0.5862735419452659	0.2522776671467866	-0.3746095994758047	1.4016759139400443	-1.9201278994713236	-1.6718607994555317	1.1156081799991469	-1.8741145594341952	1.315617338252856	1.15859060830619	0.6040008422579476	-0.8307354745928794	0.2189554097703599	-0.2363300529161827	-0.263915394632021	-0.4107263946654323	-0.457976644816304	1.718246227703881	0.3301623916587441	0.1790812734066106	0.9303236853266108	0.3385626582457437	-0.2077992950597431	0.1930689923674221	-0.2101480107191588	1.7158407397419595	0.1868126869500733	-0.9041578715057907
BS_P4PMWFMV	-0.2634101084371957	-0.6068953102641258	-0.370791755245268	-1.0254388333387716	-0.193332071894507	0.9536460601191838	-0.1408734222202835	0.6014169067009438	-0.4079036002759198	-0.1585278138871224	-0.7745319388608707	2.9324469709833165	-1.2252128272335656	-0.3758411871729064	1.372465934803584	0.908862612824934	-0.1420139649526557	-0.3728630296807749	-0.5862735419452659	-0.5860801865690195	-0.3746095994758047	0.1963950456231666	-0.5133844922763069	-0.3730600292001825	-0.4865813775297232	-0.5504383836638203	-0.2036891745190388	-0.4181567306399548	-0.1273630547438534	-0.4953683004171035	-0.6083526435828291	-0.2630229188607687	-0.0464192832007196	-0.4314977262282159	-0.1623838734951702	-0.1156422805496012	-0.5301478914812744	-0.3714319048347983	-0.6074654557668391	-0.4652179921140714	0.3155322028123138	-0.0038156358905046	-0.1857835896364987	-0.0776041880522883	0.7321214104307834	0.9541153814866504
BS_P7W3AYKV	2.2798837223703403	-0.6068953102641258	5.5957267486194855	2.870385607888473	-0.193332071894507	0.1853431897539029	-0.1408734222202835	-0.3384237946484555	-0.4079036002759198	-0.1585278138871224	-0.7745319388608707	-0.2739360278823232	0.0588251672250621	-0.3758411871729064	-0.355977876294904	-0.8983140869436205	-0.1420139649526557	-0.3728630296807749	-0.2118396994808048	-0.6778638900370056	-0.3746095994758047	-0.5995708694470769	-1.104733391023398	-1.3210236593605038	0.4687752917694089	-1.2345133154211492	-0.1488286257586153	-0.8862067102071652	-1.906988698275271	-0.6807503724454194	0.0676696257048189	-1.212036069757835	1.1400901344846672	1.0162812704999056	0.5401336880017938	-1.2170590607801337	0.8127937982560007	0.2059328282252619	0.5532879913587088	0.8228109906112882	1.0114560653380646	1.4414817313817143	0.6967704747073662	0.5460179269158933	0.1854432662858999	0.7055005663977669
BS_PENM28KT	-0.2399433705453857	0.9613264984490766	-0.370791755245268	-1.0254388333387716	1.171169088690356	-1.4201809865395374	-0.1408734222202835	0.8988223128853469	-0.4079036002759198	-0.1585278138871224	0.6046224111112918	-1.1167514489788015	-1.4276444028485284	1.0181273651664389	0.6900904141023062	1.825999977428317	-0.1420139649526557	-0.3728630296807749	-0.5488275250314583	-0.6778638900370056	-0.3746095994758047	0.2035941807311346	0.2756343780577512	0.2048140476714436	-0.5275893301850407	0.4501586510119176	-0.7500378499508165	0.0158178536032994	0.4228633571985996	0.0332302490910302	0.5212465442686142	0.6227642545108095	-1.249775319143667	-1.185402864227036	-1.2043806141057445	0.2201739421016879	-0.3507328011208661	-0.5599988632492889	-0.0111895180681816	-0.6717255898485677	-0.9107743761563672	-0.074008121084663	-1.1120214320717412	-0.4266333730193893	0.5906099882753797	-0.5907163945876055
BS_PJC6FH4Y	-0.4471393430061919	-0.2971725144412308	1.0455222402148554	-0.5619932781734499	-0.193332071894507	-0.7907944889035184	-0.1408734222202835	-0.5320392687952311	-0.4079036002759198	-0.1585278138871224	-0.7745319388608707	-0.1796274678295086	1.443575867607385	-0.3758411871729064	1.5737884454350703	0.407291072647977	-0.1420139649526557	-0.3728630296807749	-0.5862735419452659	0.2815740817528337	0.7929116513986062	-0.3225306705234897	1.3133681238390005	1.2620440462559197	1.76866681171673	1.2352182602075548	1.4314426100785416	0.9004827405104974	1.059151337143834	0.7583201685187224	1.2460639264474314	1.177374845166567	0.6223765956989075	0.4435707317166282	1.084403147162182	0.6721816335045679	1.4542794278584583	1.3730294982635578	1.653392779336945	0.8869478584685847	0.6110502295711951	0.8720577119862494	0.8628240548752014	0.8813692823128497	0.6278576996675458	-0.2696816430727843
BS_PS0P3QJ3	0.0361080217809955	-0.6068953102641258	-0.370791755245268	-1.0254388333387716	-0.193332071894507	-0.6239702068294483	-0.1408734222202835	-0.3655582722031775	0.2758847447161676	-0.1585278138871224	-0.7745319388608707	-0.6132018927678611	-0.9499146678043492	2.8216085229613026	-0.5043245057492713	1.084852286067135	-0.1420139649526557	-0.3728630296807749	-0.3410234031872051	-0.6778638900370056	-0.3746095994758047	-0.5086485581197392	-1.2403313469099126	-1.176352937881565	-0.0143859422360425	-1.1231448709007656	0.3408646087784105	-0.3962215141524194	-0.5112352123125109	-0.6869957453211659	-0.5863853478531466	-0.6814244409849782	-1.132028489241053	-1.2829772722099733	-0.7849839437814576	1.0690703075417978	-0.9380689138003228	-0.7235531015722351	-0.1663340272353741	-1.1135907184757086	-0.7956457532832848	-0.3441727563609764	0.1758856604728171	-0.4428182148899945	1.224191913803622	-0.6591113480992302
BS_PXCPK5XS	0.2663412102433113	-0.6068953102641258	-0.3565086128838481	0.2979586244258206	-0.193332071894507	-0.834698516255518	-0.1408734222202835	0.041168658454386	0.8186860838182443	-0.1585278138871224	-0.1325107761097601	-1.1167514489788015	-1.4276444028485284	1.8479803977024252	2.791124772138029	1.0889691268916577	-0.1420139649526557	-0.3728630296807749	-0.4284272651896296	-0.6778638900370056	-0.3746095994758047	-0.3604715603698368	-0.6362047923783155	-0.6061446229630841	-0.1068952324704963	-0.6171289458152681	-0.1992994592582419	-0.3373731974715103	0.3249181667125624	-0.6508946841554621	0.074922717433244	-0.5419923402894183	0.109591130787479	-0.5309443025144411	0.3226576383040023	0.6083105261432706	-0.4736600713167393	-0.283688726681174	-0.6817310049174309	0.1474724205907211	-0.1337844994543206	0.4691554019949019	-0.0773606904772164	-0.7218619250371893	1.7005280135360614	0.1517505339114315
BS_PZVHMSYN	-0.4471393430061919	4.343497458137131	3.3373515035442787	1.3174591778163045	-0.193332071894507	-1.4201809865395374	1.0395642101464295	1.2545195025328968	-0.4079036002759198	-0.1585278138871224	0.7993996175337255	-1.1167514489788015	-1.3673648824138396	0.0418807957307653	-0.5043245057492713	-0.0300099711394751	-0.1420139649526557	3.647214945394857	-0.5862735419452659	-0.5492033300829884	-0.3746095994758047	1.109650681335539	-2.3853916272986417	-2.3685722538124385	0.0259226624672878	-2.497236792967252	0.1267881257023668	-0.5243965820758457	-0.4351024317388172	-0.3085932710585402	-0.6192702676260186	-0.7487885505295497	-0.4397850729211057	-0.4541124112231927	-1.327635656633152	-0.1778133026387288	-0.3566075254737745	-0.7622067974300641	-0.34544193488464	-0.3130996579452108	0.1640866536503225	-0.6294061985146681	-1.0821484370961976	-1.045368233647559	-0.4407035940813112	0.0905955846980235
BS_Q06J3RYW	-0.3489861696651832	-0.2783188847536003	-0.370791755245268	1.3624185457181737	-0.193332071894507	0.0354592511743745	-0.1408734222202835	-0.7797562303715199	-0.4079036002759198	-0.1585278138871224	0.3370083058205147	-1.1167514489788015	0.7853462348563324	-0.3758411871729064	-0.4080253565292874	0.3365289827040577	-0.1420139649526557	0.2256978343116585	0.1112630101707866	-0.6778638900370056	-0.3746095994758047	-0.5995708694470769	0.7215713620231797	0.6909920029798586	0.6115582109961671	0.6675258728143956	0.7322036574716156	0.5668834193550624	0.1918284819965938	0.5203882759713054	0.5385317795220662	0.6729118468541309	0.9915820537491332	0.7875853239824405	0.484381811603824	-0.3965182305816375	0.6434063233709328	0.6468477545760818	0.3376127050150825	0.5686073418714885	0.6193206699809843	1.7048393629117953	1.0117708145204198	1.1626641780023217	0.5024853605467025	0.6698119026236239
BS_Q35GFYDR	1.005783140881424	3.408054206105541	3.1364068984100406	1.5832369457732745	-0.193332071894507	-1.4201809865395374	-0.1408734222202835	1.6193088622143672	-0.4079036002759198	-0.1585278138871224	-0.7745319388608707	0.4233544542116044	-1.3479197724072487	-0.3758411871729064	0.9283722616941528	-0.3032887684129469	-0.1420139649526557	-0.3728630296807749	-0.5862735419452659	1.1210494542960836	-0.3746095994758047	-0.5995708694470769	-2.9127631621946537	-2.699918686644185	-1.343899899005694	-3.110823562509572	-0.8016707202800172	-1.2199827450469458	-0.1720316006792854	-0.6543279990226415	0.319609621905454	0.5038407365756818	0.1603231351637898	-0.9941148671358204	-0.5096046787808575	0.3142927702315738	-2.1302380232807363	-0.2152752842316371	-1.5372626598871115	-0.1141315270663736	0.1399477574742867	-0.4416693021794006	0.1205837511217144	-1.1587960784150084	1.5286097075639975	-0.1271724447765699
BS_Q9N5PRD5	-0.4471393430061919	-0.1880341678876148	-0.370791755245268	2.8147385814702752	-0.193332071894507	-0.4023940156542349	-0.1408734222202835	0.2697266740049986	0.3815651745453998	-0.1585278138871224	-0.7745319388608707	-0.9564900004663736	0.6359264752295012	0.9161013468659778	0.0948033754451491	-2.078341146755398	-0.1420139649526557	-0.3728630296807749	2.698496361380315	-0.6778638900370056	-0.3746095994758047	0.7213458980586677	-1.5493391451777287	-1.4335958550844614	0.1385992849861629	-1.648598143312605	0.6776633809149617	0.0525733510267491	-0.9632258131813282	-0.9909714699661026	-0.234743524518754	0.1659676195251591	-0.0526060906351019	-0.7268587029749313	-0.5188803656803572	-0.9690215899785096	-0.6204762964508357	-0.3140727598337621	-0.7173575796310602	-0.0728337392539539	0.2944928381682646	-0.5851013817255134	-0.2144651760042041	0.6819550736790144	0.6211475723392127	0.3988333898258361
BS_QB84TBA3	-0.4471393430061919	0.7981667766290661	-0.370791755245268	0.2499142473936641	-0.193332071894507	0.4174628470960416	-0.1408734222202835	2.663508807993024	-0.4079036002759198	-0.1585278138871224	-0.7745319388608707	-0.6498157815535974	-1.234336577433131	1.4302359744624602	-0.136595312278166	-0.0091384312551646	-0.1420139649526557	-0.3728630296807749	0.0853604853594521	-0.6778638900370056	-0.1291101348159991	-0.5995708694470769	-3.018318467738482	-3.0376169307262924	-1.568928147332756	-3.1023847675354737	-1.454948161271603	-2.0433371922591745	-2.089077050620291	-0.7486956474816735	-0.7608832594891407	-1.168531512691226	-1.6182169556886197	-2.135531387710686	-2.260503949573142	-2.0976774155431355	-1.9962744796924607	-1.4882057152170425	-1.1097362109371265	-1.4655973039696484	-1.0077428315560113	-1.1942319379899655	-1.3864470914429208	-1.770742764426029	0.477557845531552	0.6848490832619344
BS_QGKEP3KB	2.352116937884169	-0.6068953102641258	4.554823690467784	0.0470407509433133	-0.193332071894507	-1.0688532768189951	-0.1408734222202835	-0.4949775560958783	-0.4079036002759198	4.413079556309708	-0.7745319388608707	0.0360711189195569	-0.9855344066177224	-0.3758411871729064	2.059259777393032	1.0716947687471008	-0.1420139649526557	-0.3728630296807749	-0.5862735419452659	-0.4578175435573506	-0.3746095994758047	-0.2553939070470951	0.4387632651064538	0.3711978943265483	0.8347378507768805	0.4118446134594604	0.4520174238361452	0.7158545742904088	1.145557711893579	0.7031509148538461	2.1234715096797485	2.3262434200083404	1.277333685787526	1.3328230265132326	1.6441851791815492	-1.7905794054408155	-0.0003288360528353	0.8781986396058791	0.2453871125365318	1.7006592591647045	1.4470150697512132	0.3791854285408037	1.1109257096473006	0.4365698761712067	1.317369766780618	1.0254828167117966
BS_QH0VYVJK	-0.2071007475832819	0.4427264944099567	-0.370791755245268	0.218443360666471	-0.193332071894507	0.8611718281863334	-0.1408734222202835	0.0853963889893235	3.828392060157089	-0.1585278138871224	2.087846643643037	-0.5803135587034295	-0.8832026227366466	-0.3758411871729064	-0.4979450708471817	0.1154678794863269	-0.1420139649526557	0.14523829805042	-0.1559642426936511	-0.6778638900370056	-0.3416763428614408	-0.3890631334268285	-0.0993269076563865	-0.0618279135024823	0.2695637133234505	-0.0014723354459576	0.554718205155254	-0.1309080004815589	0.6705683180980389	0.0487580092830613	0.4572543959444229	0.914612226841762	0.4344601075018282	0.5891243571925819	0.3406930776538451	0.8830241532401643	0.3072645227362804	0.3317444035081403	0.1954049472734125	0.3618099895044236	0.0837677631543961	1.0225430671688704	0.3041041014287682	0.2448207906710846	0.0834242000805867	-0.3870031465292861
BS_QHY302E8	0.0290310367926316	-0.6068953102641258	-0.370791755245268	-0.5670983042269319	-0.193332071894507	-0.440467883409719	-0.1408734222202835	-0.1715172792576818	-0.4079036002759198	-0.1585278138871224	-0.5929165587581078	-0.2085762536761873	-1.4274491750640996	1.508470951408875	-0.4496579565241969	0.7838821465239909	-0.1420139649526557	-0.3728630296807749	-0.5862735419452659	0.8330596018102083	-0.2715715730152265	0.0271124157453945	-0.279032901014693	-0.2177765489046674	1.1024285836977554	-0.1863695567179409	1.2643106276573677	1.105343130936114	-0.4978709227136377	-0.4288871816048956	-0.2535975256486831	-0.4720944662879588	0.9101878320213184	0.2318368134045306	0.5213470158925905	1.0481883604272515	-0.4606258518948899	0.6034973550921318	0.8276304804955494	0.4189285785529124	1.1687311409827077	0.1221487987573179	0.92377091902901	1.7624335833873472	1.7055270788757972	0.2975520542173062
BS_QMBS32Y2	-0.3574227596067653	-0.6068953102641258	-0.232898475698914	1.7542770265912846	-0.193332071894507	0.1679944862076485	-0.1408734222202835	-0.9316670728145016	-0.4079036002759198	-0.1585278138871224	-0.4537375222308157	-1.0924690759272109	-1.1030334264111448	0.7062424846626437	-0.2928746007535109	-0.502588579279518	0.400429935623547	-0.3728630296807749	2.5105458304638835	-0.6778638900370056	-0.3746095994758047	0.524499173905627	-1.13720703161251	-1.1726093161881486	-0.2468798129378275	-0.9150352952559552	-0.0911879031246738	-0.2126387469269393	-2.2010325771504293	-0.9914881314146478	-0.9773016422393898	-1.3784163895335988	-0.0217570575363738	-0.325327137553889	-0.433017425888559	1.3186315580758252	-0.1198882408417217	-0.2940105745272522	-0.591348919879513	-0.2790756032145124	0.2177195940352859	0.2116541661274573	-0.0342587958157971	0.5550927555869332	1.436060345263698	-0.3897510664598794
BS_QNNX91SM	-0.2471294478891008	-0.4172001773947623	-0.370791755245268	-0.5678950787349452	-0.193332071894507	0.9391424497660736	-0.1408734222202835	0.6659680826454979	-0.2171235853712886	-0.1585278138871224	-0.7745319388608707	2.887958766097115	-0.2422071584470036	-0.3758411871729064	-0.5043245057492713	-1.951424218161592	-0.1420139649526557	-0.040090115834605	-0.5862735419452659	3.424813634150894	0.6607943099545087	-0.2391107798977498	0.0783199883199071	0.1904389530087304	-1.0436814968311057	0.1315158602246335	-0.4614098429034303	-0.9470007540286914	-0.8116777724947083	-0.6324545857358245	0.4637247062783255	1.343704291540144	-0.6869216029261938	-0.4719610180938445	0.1749812199459887	-0.8269645987708502	-1.3760272127543196	0.6063274583734479	-2.033466552130861	-0.4446558506953325	-0.6170261007259528	-0.7951898328227367	-0.1802467953477686	-0.7201824025572878	1.5392822176390484	0.6906540875132168
BS_QY2G1JZJ	-0.4471393430061919	0.022291229737027	-0.370791755245268	-0.7860220630943044	-0.193332071894507	1.2252355086901248	-0.1408734222202835	-0.5627286051312193	-0.2958832823039224	-0.1585278138871224	0.6272940593205159	0.0785750306081066	-0.3816070424108219	-0.3758411871729064	-0.5043245057492713	-0.5217705558344725	-0.1420139649526557	-0.3728630296807749	2.67307459630074	-0.6778638900370056	-0.3746095994758047	-0.4268001038521666	0.8491646742110335	0.83845017759546	-0.6534985476356175	0.8433949519788477	-0.6041434152667331	0.0650957636322962	-0.7457914513372498	0.2206035060391659	-0.5464301706665372	-0.6942515710977956	0.4299634273908254	0.9337513330038184	-0.1565870321215786	-1.0546960832065484	0.6552932703380178	0.7398645766711818	-0.645277599727034	-0.3591666759718399	0.1212086127574101	0.9885962371537362	0.2289056399988717	0.4130741825456299	0.7086971524941711	1.6114025226452402
BS_QYA4TQXX	-0.4471393430061919	0.8101003691226839	0.2351016509428968	-1.0254388333387716	4.815444618178431	-0.4791205634451223	-0.1408734222202835	-0.2600110135569224	-0.4079036002759198	5.861072422874814	1.0899619649530017	-1.1167514489788015	-1.4276444028485284	-0.2540644597714118	-0.5043245057492713	-0.2594813793011135	-0.1420139649526557	-0.3728630296807749	1.685975025544495	-0.6778638900370056	-0.3746095994758047	3.411624543982671	-2.626170094995898	-2.9129060440351804	-0.7982123303552651	-2.491301943386988	-0.3745722259459232	-1.9618004258504231	-1.277425768385853	-2.011344434045008	-0.5930656269033058	-0.4062788803761046	-0.8044712361811147	0.0236078736866143	-1.0044163303279263	-1.8741754742014047	-0.7481414690711282	-0.5488942408754407	-1.5898944465483114	-0.6288398771518179	-0.6695262124118047	0.0392513654968708	-0.4750830474928239	0.4026524644421623	1.1543538365117183	0.2170411740999712
BS_R5JQE0VJ	0.0405449883758562	1.248251507922669	-0.1667644067861798	0.0193728082589788	-0.193332071894507	-0.6151509187761969	-0.1408734222202835	-0.6638897182757635	-0.4079036002759198	-0.1585278138871224	-0.7745319388608707	0.3217186684304452	0.9716953216504484	-0.3758411871729064	-0.5043245057492713	-1.2396130028937362	-0.1420139649526557	-0.3728630296807749	-0.5862735419452659	1.0666262003758062	-0.3746095994758047	4.288023631355959	-1.8190058808872664	-2.045261638070125	0.7250052348818745	-1.7699015434545384	0.6214174468502552	-0.741171937737379	-2.299106010600961	-1.413771115217308	-1.5687380347553626	-2.071548819927091	0.3151641315455277	0.2112302047476242	0.3975898986444884	-0.609470645540632	-0.1286687183756283	-0.4005669624676855	-0.526751958360493	-0.0470977731701923	0.637224350630435	-0.3892150587642409	0.1054935248022169	1.3727630600278633	2.036058900999783	-0.8041027057826343
BS_R5SNFB5B	0.3626811716191613	-0.6068953102641258	-0.370791755245268	2.2222998638635065	-0.193332071894507	1.9297371370265897	-0.1408734222202835	0.5104301723305155	0.9249986037233012	-0.1585278138871224	-0.7745319388608707	1.1701940743528978	-0.9030369857683868	3.324334371492363	-0.5043245057492713	-2.549972552958048	-0.1420139649526557	-0.3728630296807749	-0.5021646771812933	-0.6778638900370056	-0.3746095994758047	0.2080640888302413	-2.86512591101898	-2.7874047750645383	-0.954937830535668	-2.927874534977285	-1.4248321990371915	-2.270937143055712	-2.4304712518610416	-2.652540531746052	-0.7022661699189755	-0.2920670026181877	-1.7088864465890097	-2.0516983214329283	-1.9313192856941703	0.958664087687506	0.2073113700641339	-2.147827701674407	-1.0026967841635626	-1.5757544547272893	-2.278343013314607	-0.6144508206061083	-1.900043759848299	-1.9682618758119736	1.7733050839806783	-3.629758768826864
BS_R9B92M75	-0.3749945218042791	1.0585990435853667	0.4279631988859682	-0.5287269182810849	-0.193332071894507	-0.2598580059259618	-0.1408734222202835	0.3040510998235903	-0.4079036002759198	-0.1585278138871224	-0.7745319388608707	0.9123588201030296	0.8817139229886991	-0.3758411871729064	-0.5043245057492713	-1.8669653044989791	-0.1420139649526557	-0.3173918723771535	-0.5862735419452659	2.6918056597856506	2.255159341457242	1.0433484236531183	0.6351758099632966	0.6583078346168757	-0.3429640210956505	0.5817359671645373	0.4586677280840183	0.1113536308325159	-1.689318476482407	-0.9099271496214312	-1.0696399945274766	-0.5402617901586223	0.3449244995187028	-0.3435750618924148	-0.0764109217304756	-0.4836084754854498	-0.8342784209238188	0.3293352278570414	-1.1568028947374935	-0.2230635912562483	0.2759900798311214	-0.787338655283599	-0.6650578420729112	1.0845147904534789	0.2549151823091817	0.7281418068534489
BS_RHAWQJ48	0.4942170348359526	-0.6068953102641258	7.334775063637799	1.0988211035373825	-0.193332071894507	-1.047305980196109	-0.1408734222202835	0.9236133960913948	-0.4079036002759198	-0.1585278138871224	0.5097538787498358	-0.8120836088120004	0.8159174806595247	0.0606038858141854	-0.086415838237594	-0.489050080697632	-0.1420139649526557	-0.3728630296807749	-0.5862735419452659	-0.6778638900370056	-0.3746095994758047	-0.5995708694470769	0.2921747878565577	0.2040292614929564	0.9379641088636472	0.0819347867940619	1.0336697608386591	0.7490619287351505	-0.4820639981731851	0.6496663270758115	0.3304453993810126	-0.4908997306029606	1.0803420991149244	1.4525768937353074	0.5620485658209456	0.440032052042396	1.4231875282981246	0.7777053928918877	1.478394546840876	0.7826439106659178	0.832829477654666	1.9536353590114544	0.7531281537132543	0.9131823043103692	0.7539930241650594	1.5223135463431523
BS_RHM60031	-0.4471393430061919	3.27794482701506	-0.0409772436986831	-0.1872199250382646	-0.193332071894507	-0.3335963212559791	-0.1408734222202835	0.1906293476181635	0.6858728369657124	-0.1585278138871224	2.7183045994061352	-1.1167514489788015	-0.9016273188730916	1.2852299300012544	-0.5043245057492713	-0.3922147338941088	-0.1420139649526557	-0.3728630296807749	-0.5862735419452659	-0.1725610313966143	-0.0016731148223751	-0.0890043039491259	-1.8298453928898424	-1.5007752199833102	0.6630325120196308	-1.7517124760412095	0.6683371712749019	0.56503816614285	0.3312329053659903	0.5843480340786497	-0.0960353862579256	-0.3414675348672462	0.2474951452967951	-0.6101705930910201	-0.1180392454101128	0.1112230785184903	-0.8306423320432161	0.2642499450737496	-0.2354100549960027	0.0953533689621556	0.9049888251336864	-0.1707832469962112	0.3383104779001396	0.4169273376321401	1.1559000958696162	-1.1542931105031424
BS_RJC3WDD6	-0.4471393430061919	1.0302620363185282	6.009925151197225	-0.999035845923362	5.256960059833768	-1.4201809865395374	-0.1408734222202835	2.132922114167343	-0.4079036002759198	-0.1585278138871224	-0.3015562169612258	-0.2794469351125014	-0.7228868877226128	-0.3758411871729064	-0.5043245057492713	0.8483358494272497	-0.1420139649526557	0.0257034158005138	-0.5862735419452659	-0.6778638900370056	-0.3746095994758047	0.213865160868248	-1.935262384056332	-2.009697825540107	-2.855310731962124	-1.9974635741620723	-2.948349259162489	-3.5676713623655565	-2.258609759608856	-2.554092246182573	-2.8468737729737508	-1.8661126853079144	-2.7689726319133827	-2.2704197526136016	-3.1329063713209946	-2.074809911831212	-1.6982164536032898	-3.114006265288616	-2.3143131422876686	-2.88635613865554	-2.623005116970158	-2.1725933534393893	-2.501217120241429	-1.854306001930826	0.1701983526958725	-0.082637886696131
BS_RN0VAY51	1.4111388161602534	-0.6068953102641258	-0.3013629668731779	-0.6273979015716952	-0.193332071894507	-0.1098488554597916	-0.1408734222202835	-0.4417078169924492	-0.4079036002759198	-0.1585278138871224	1.7565932892301743	0.0383621623695886	1.2974786152110724	-0.3758411871729064	-0.5043245057492713	-0.5568355108852985	-0.1420139649526557	-0.3728630296807749	1.2147062249352616	-0.6778638900370056	-0.3746095994758047	-0.5995708694470769	0.3715281181589482	0.3441706753632175	-0.5408421991248669	0.4430832038759235	-0.4800255595048939	0.1025345610835253	-0.142072607239084	-0.8266069921964113	-0.5003804411587545	-0.7736918418996751	0.7672796912604676	0.4013405832089247	-0.4243818471099682	-0.3951800413610211	-0.2280950092006688	0.213999915724332	-0.3830721880057845	-0.1151331241566065	1.0372820170857264	0.6981566656451688	0.4314297642536297	0.2998597599011435	0.888300447337755	1.8048264121343007
BS_RX1YTZ7F	1.2739266978244983	-0.6068953102641258	-0.3100125346745112	0.6190511765170031	-0.193332071894507	-0.0446884576970863	-0.1408734222202835	-0.9872668175857844	-0.4079036002759198	-0.1585278138871224	0.7502022985334312	0.8112171609774974	-0.6343009106361568	-0.3758411871729064	-0.5043245057492713	0.6917592295369205	-0.1420139649526557	-0.0896341430733451	0.2142701619933519	-0.6778638900370056	-0.3746095994758047	-0.4549914572342629	-0.3029131744595995	-0.1737643362953069	-0.1034355012971057	-0.2638805675123914	-0.0325270576473498	0.1072589755157728	0.54476869094912	0.471893124993592	-1.021191165059792	-1.128234474249533	-0.0757607463275498	-0.6672973232975683	-0.6438994134604992	0.2821395507052838	-0.6126089448544321	-0.7289104531046188	-0.2480745838354819	-0.3966070392412238	0.3026845851322038	-0.4613915632197951	-1.1955771721855073	-0.7672755910031507	0.3676736599985219	1.143708472090174
BS_RZBFH1QF	-0.4471393430061919	-0.6068953102641258	-0.247522142054794	-0.5431810728656935	-0.193332071894507	2.093347949218717	-0.1408734222202835	1.0020859243727331	-0.4079036002759198	-0.1585278138871224	-0.7745319388608707	1.9055173740158444	-0.7465077895495336	1.8711353255967036	-0.5043245057492713	-2.549972552958048	-0.1420139649526557	-0.3728630296807749	2.76050760468103	-0.6778638900370056	1.3330894631885275	-0.5995708694470769	-3.810718744137756	-3.980765998590216	-0.8875225465483338	-3.779426379567155	-0.9741429045901056	-2.76022649729152	-1.6967131487225795	-2.304821995626525	-1.564722813067622	-2.014014081647117	-1.395033730922204	-1.26663549589432	-2.3643822149138023	0.2770008528093759	-1.631192031432023	-2.0216613893885245	-1.458466332681743	-1.8762572397877169	-1.0378809656722283	-1.614278897954711	-1.7692176699776176	-1.2057650219426348	1.3752387443078775	0.5715957123286366
BS_S2TA8R29	-0.2508085871716546	-0.0686317823961225	0.9548361317345744	-1.0254388333387716	-0.193332071894507	-0.0946805276543048	-0.1408734222202835	2.3567910708738995	-0.4079036002759198	-0.1585278138871224	-0.7745319388608707	1.9266403864083756	0.0498918962159415	-0.3758411871729064	-0.5043245057492713	-0.9291735949168224	-0.1420139649526557	2.081071655390394	-0.5862735419452659	1.612350099717855	-0.0873339096398957	0.3208360788306641	0.6340933517240013	0.5597840994400058	0.2452297305260412	0.5109397633861797	0.2158965621807665	-0.0006815734899352	0.2850698891873442	0.8405564182051071	0.1017322683956379	0.4598358091540786	-0.1487393399589532	-0.0208039823821106	0.1823301737290217	0.4760276790005468	0.419949859382524	0.4319646635474584	0.607961838159585	-0.0449376540419938	-0.5680821454021819	-0.4107672108715218	-0.4790180987306813	-0.366466434954347	-1.0567099577314056	0.394524080967802
BS_S3C2PZAH	-0.4471393430061919	1.761073145857282	0.3658591565003142	-0.598140833665335	-0.193332071894507	-0.4348836262718694	-0.1408734222202835	-0.9872668175857844	-0.4079036002759198	7.2732388321263475	-0.7745319388608707	-1.1167514489788015	-1.4276444028485284	1.3342571043172216	-0.5043245057492713	0.8137959028425288	5.984365365841596	-0.2143630236691358	-0.3590901135185004	-0.6778638900370056	-0.3746095994758047	1.0248639000919209	-1.642869992912823	-1.6296900008185755	0.642245354340557	-1.8606740074752028	0.8858560755155422	0.6906020130514781	0.0834171151320152	0.2183932793696023	0.0647743066362427	0.3535362024414497	0.3782576648315894	-0.2999320494385866	0.1087775732292813	-0.989598842843416	0.1135410711989694	0.4977986756279196	-0.1452247185484322	0.5546341196073165	-0.0454956407621606	0.2056590074158782	1.4836581915939877	1.0534568531648378	0.558427872299586	0.0056818377730739
BS_S3MET0JZ	2.410176054452042	5.079589832943797	1.4239718085963764	0.6763857418176605	9.580280011095688	-1.1050899141330337	-0.1408734222202835	-0.2652867187021963	4.824390405298101	-0.1585278138871224	0.7674484320409687	0.066808682131525	-0.7647500288607886	-0.3758411871729064	-0.5002950222589125	-1.2304694977401154	-0.1420139649526557	-0.3728630296807749	-0.0184844132824702	-0.6778638900370056	-0.3746095994758047	0.5257837880604898	0.1580318233251126	0.2857858307104874	-0.5308996008872203	0.1180708896357547	-0.5204823905112984	0.4514930270793693	0.2221000790622143	0.7740101787793887	-0.0843059112724574	0.0410124228766299	-0.1086288096851988	0.2915818766778822	-0.5977111608287452	-2.7186863668952794	-0.4167678979052774	-0.9444697181715564	-0.4267817947301647	0.1446920627001228	0.0930557203912755	-0.1079464509173573	-0.0543123279776704	-0.1574708061665175	-1.1580240685487937	-0.2332986055776064
BS_S4V9E1XJ	-0.4471393430061919	-0.3838187734438072	-0.370791755245268	-0.4470802223553988	-0.193332071894507	-0.6894540414456151	-0.1408734222202835	-0.4944796828439083	-0.4079036002759198	-0.1585278138871224	-0.7745319388608707	0.5663978859181725	0.2994456143523221	-0.3758411871729064	-0.5043245057492713	0.6083411993255055	-0.1420139649526557	-0.3728630296807749	-0.5862735419452659	1.606971224435356	-0.136566417542445	-0.5976537408664158	1.029820445661577	0.9782023138606992	0.8758854966695616	1.0041537528073934	0.8558066946487163	0.7624945818834605	0.2536351735636646	0.8651724667600429	0.1805396414432217	-0.3424437570683099	0.8136859397452187	0.1495493456640442	0.8443056981634481	1.3014328309146683	0.6099202409015159	0.9285929001119578	1.338810672305308	0.5067117926577468	0.404368618648904	0.1452365373823083	-0.0539584525332617	-0.1219626177047811	-0.4236516984015955	-0.293085705354827
BS_S5P8VTN5	-0.1912553050172187	-0.6068953102641258	0.7073182602627273	0.2106920510840649	-0.193332071894507	-0.7816514945195995	-0.1408734222202835	-0.1377565771645483	-0.4079036002759198	-0.1585278138871224	-0.7745319388608707	-0.1346388302578746	0.3745700647823963	-0.3758411871729064	-0.4147534501414578	0.4724086464934973	-0.1420139649526557	-0.3728630296807749	-0.5862735419452659	1.149763940673936	0.5178280690528684	-0.5995708694470769	-0.1445726851422659	-0.1278053217036956	0.269217278510175	-0.1099382539774374	0.1019058059142181	-0.2898640149351306	0.4187374346866953	0.8408695034138248	-0.3558543780218035	-1.0683591031963642	0.0835725782073626	-0.160394030297509	0.5418232326171234	0.8682323814427596	0.0402194590633854	0.271172437260601	-0.0707460237854017	0.1710210197448345	-0.0039309704757151	0.2770941806232598	-0.9627699092763256	-0.9562796400845538	0.8655106591786342	1.1583387421909648
BS_S6B9DVNS	0.3199163988829147	-0.6068953102641258	-0.370791755245268	-0.7310178547166644	-0.193332071894507	1.4741257902771594	-0.1408734222202835	3.773374814399736	-0.4079036002759198	-0.1585278138871224	-0.7745319388608707	0.8649553969916297	0.1658927657864972	0.9265922558601376	-0.5043245057492713	-2.360231263474492	-0.1420139649526557	-0.3728630296807749	-0.3576965106974291	-0.6778638900370056	-0.3746095994758047	4.524320657941239	-3.070711681696222	-3.2740528149940102	-1.073770390955996	-3.1566834952293514	-0.8493752274446348	-2.627236500923145	-4.062805869867101	-3.498881381579592	-2.00662995432232	-2.248085829460923	-1.5735920541906163	-2.023932572811564	-2.2387973638498737	-1.493886373574816	-0.6448840156762932	-1.765863575737027	-1.5643365780354908	-1.9103586190964972	-1.4583448714453084	-1.184379427895501	-1.7281209949883036	-0.1444486600862735	1.3188547343023174	-0.9529769119582686
BS_S6S7SK3P	-0.4471393430061919	-0.0157195466190782	-0.3649903301868199	-0.7152358464114494	-0.193332071894507	-0.8361693192773726	-0.1408734222202835	-0.6149141201730597	0.3650760870126605	-0.1585278138871224	-0.1003998715603857	-0.5389486974785063	-1.3018767244468423	3.690390952935157	-0.3923877685757306	-1.1893249179660028	-0.1420139649526557	-0.3728630296807749	3.658084059986393	-0.6778638900370056	-0.3746095994758047	-0.2999339607303075	-1.631178391586891	-1.5593579530153725	-1.474943562489872	-1.6419836873267886	-1.0918784621487816	-2.12759906281582	-1.81152869301825	-2.439389949963659	-1.3563420214728692	-1.37992498742825	-1.4996679219259732	-1.3372146513772027	-2.068717367200089	-1.312613668935971	-1.436563811587279	-1.1198004085396611	-0.8830828863903538	-2.095433037598932	-1.4010015030575638	-1.2008112273902487	-1.6540617681827283	-0.9586205007724988	1.3965285901567095	-0.1425841317871475
BS_S8K878T3	-0.1942249991455575	-0.5611285002390168	-0.370791755245268	1.7584858213431118	-0.193332071894507	0.8232365406236575	-0.1408734222202835	1.4864446478158753	-0.4079036002759198	-0.1585278138871224	-0.6452791889296567	-0.5032638800368765	0.356425046855697	-0.3250606168240146	2.18884835514703	-0.6248730123595295	-0.1420139649526557	-0.3728630296807749	0.182238695515601	-0.6778638900370056	-0.2728512835675781	-0.3867340675146276	0.08843458419242	0.0802346591445026	1.3360937982679335	0.1316068386683506	1.275302633819785	1.2705310146283424	1.9452535027403075	-0.047034856629201	2.395148208398933	2.4850027463209163	1.3915193374597037	1.877194774071323	1.1992192334060907	0.4564577158080473	1.7907696761122387	1.6681606464362515	1.628585666257676	1.450483252100966	0.8558938513586158	2.4666768275824595	1.6553948775345595	1.8336571025339767	1.7231969925052504	-1.17379758059919
BS_SBMAM00V	1.513035634026921	-0.6068953102641258	-0.370791755245268	-0.2536568285165944	-0.193332071894507	-1.4201809865395374	-0.1408734222202835	3.050696631956472	-0.4079036002759198	-0.1585278138871224	-0.7745319388608707	-0.0365052900886081	-0.7334297006422811	1.995524045493714	0.7254828364956376	0.1695807305426812	-0.1420139649526557	-0.3728630296807749	-0.0697427677375237	-0.6778638900370056	1.1712070702622888	-0.5995708694470769	-0.3887590197021838	-0.4268078300272494	-0.67759477448126	-0.2777972572716528	-0.9083076556920644	0.1398380663936142	-0.816790184431207	-0.1672071754756088	-0.8308831226654796	-1.2479731809430914	0.1159080963620306	-0.5450638564387992	-0.1784945858453403	0.3252887057910798	-0.8436646419928224	0.024657180525272	-0.62565103168103	-0.2498584781468706	-0.2097827243591626	-0.0890651695020179	0.2928065948316298	0.5064709215283211	1.5172391550506197	0.6957997059303089
BS_SBMCD7XZ	-0.4471393430061919	-0.3673212380233544	-0.3331286647881114	-1.0254388333387716	-0.193332071894507	-0.7637778094227188	-0.1408734222202835	-0.809420653112542	-0.4079036002759198	-0.1585278138871224	-0.7745319388608707	-0.205761120625738	1.1906439354905145	-0.3758411871729064	0.047848653463668	1.6183278366980056	-0.1420139649526557	-0.3728630296807749	-0.5862735419452659	-0.3677423077113983	-0.2030784321496879	-0.5995708694470769	0.8026858711137091	0.8643569514365659	-0.7028671989398801	0.7851505931220144	-0.3022919106585657	0.5018526398443411	-0.4020039302888567	0.206992938906108	0.3095702439742596	0.2125715281781446	-0.3605701775141892	0.5340574673838047	0.7113204447926178	-0.2763016806623448	0.4046796697670021	0.7698233229749221	-0.6910045278761314	-0.2255832791570367	-0.0601833250122002	-0.1685552428310697	0.3737285421705062	-0.0184452504010478	-0.7473884249134223	0.7280226829302465
BS_SD0EMK7Y	-0.4471393430061919	1.16067474982159	0.1825948518586314	-1.0254388333387716	-0.193332071894507	-0.6584395162287094	-0.1408734222202835	0.9816291628419964	-0.4079036002759198	-0.1585278138871224	-0.7745319388608707	0.2535608399433266	1.4279209496780343	-0.3758411871729064	1.074379037830527	-1.592621915366187	-0.1420139649526557	-0.3728630296807749	-0.5862735419452659	2.5364853970971004	1.536004008762512	0.701729974297545	0.578353180736865	0.4191465627039969	0.1361506360510822	0.5251455463730649	0.455804314941526	-0.5438131310494774	-1.0763117578851702	-1.254276652666344	-0.8088982136807039	-0.9586152395324752	0.6792737125610182	0.8156275978555315	0.4778745068860565	-0.421942361299498	1.0893368401724677	0.7672921076830047	0.336017024810385	-0.383385046498611	0.2637838771949834	1.2565988028615476	1.3133172363077483	1.0969194574248893	-0.3627734533697193	1.305647850814876
BS_SD8YBRBR	-0.4471393430061919	4.910788401174316	1.0560918225417362	-1.0103496714063596	-0.193332071894507	-1.0663184147195817	-0.1408734222202835	2.1175768928484278	-0.4079036002759198	-0.1585278138871224	-0.7745319388608707	0.1515685271760344	-0.0812750177515071	1.3376001097250247	-0.5043245057492713	-1.4908167719504897	-0.1420139649526557	-0.3728630296807749	2.8970355224223603	-0.6778638900370056	-0.3428623332875201	-0.5995708694470769	-2.8811064820398693	-2.857137614853375	-1.630707032527039	-2.93811727170069	-1.8214664899465376	-2.0834731818068715	-2.625252422653888	-3.0476260765036622	-2.6377211824182942	-3.619314655056438	-2.023763898229752	-2.26819928728954	-2.113385484532697	1.024771368959701	-1.4666541680550311	-1.7055069459891143	-1.5096052208951445	-2.0681247768420574	-2.2069373976171813	-1.458871457009309	-1.4755065947376949	-1.4550629416474985	0.8017739590305739	-1.109403305029099
BS_SERDGASJ	0.7744455065496373	-0.6068953102641258	-0.370791755245268	0.4483764694620586	-0.193332071894507	0.5108890773489193	-0.1408734222202835	-0.2828145763302096	-0.4079036002759198	-0.1585278138871224	1.7416776951317092	-1.1167514489788015	1.3507829059224885	-0.3758411871729064	0.4771042582513018	-0.3176200102576579	-0.1420139649526557	-0.3728630296807749	-0.5862735419452659	-0.6778638900370056	0.1888469880201959	-0.5153840205051559	0.2680118517664209	0.1647552942065503	-0.1007521588485428	0.1887530230664867	-0.1099008967499238	-0.8349845176814602	-0.2115908529854986	-0.6882250623979556	0.619497431428604	1.5962047818403189	0.6091746843786464	0.541315165188471	0.4361307004484327	-0.7252903646463966	1.499996370458343	0.8352512351114411	0.5607516036725751	0.2829004951198461	0.3948003042172839	1.0052413867418175	1.2268277827716627	0.5640315611301947	0.4705843365203783	1.916954924329379
BS_SJVTZ5TH	-0.4471393430061919	5.024371641048877	-0.2259179107741626	0.8300803511380491	-0.193332071894507	-0.5223647530697664	-0.1408734222202835	1.8624442397717096	3.440454966249228	-0.1585278138871224	2.881833484539201	-1.1167514489788015	-0.2674450864706741	-0.3758411871729064	2.3484830858260004	-1.5229051789281356	0.5798099442812901	-0.3728630296807749	-0.5862735419452659	0.2172306247039558	-0.3147519447612001	0.4763935703359982	-2.5708728042842077	-2.433064681095862	-0.3942822315118281	-2.7607890093095486	0.1782372932059025	-0.8381269262439194	-0.4390909503897189	-0.3471214396160486	-0.3110180743390958	-0.6513784092746625	-0.0199996593435054	0.267518238937475	-0.9660900044484252	-1.711395556647457	-0.7687224327252533	0.4851103077157992	-0.8393986313014946	0.2275334753643212	0.1348370195980771	0.5702233604654908	0.177509881885905	-0.3377547440191014	0.6499242446115634	0.3587258421995304
BS_SMWQR2F1	-0.4471393430061919	0.9751307688882151	-0.0869272346463773	1.2843684308176109	-0.193332071894507	-0.0827932551462615	-0.1408734222202835	-0.3849819486498019	-0.1813954685826395	-0.1585278138871224	0.1029060325461779	-0.9174459550237466	-0.4416913157102947	-0.3758411871729064	-0.3572894101986248	0.3880036466504734	-0.1420139649526557	-0.1445284694383218	0.8510384242167836	-0.6778638900370056	-0.3192718030612509	-0.2286750994527605	-1.3620530100409545	-1.3206474828997636	-0.1068997656227159	-1.4127952794536	0.0629816928544702	0.3519925687003925	0.4957032742325781	0.182449267770651	0.4898040940589508	1.2676208490452088	0.1322107334075754	-0.4421779193429121	-0.2197546263753577	-1.5490996652017823	-0.8568602684832097	0.0868835481767865	-0.7414674686454079	0.4602117576588794	1.1396320301980136	-0.5646023152850895	-0.4003371678174323	-0.4518026460346057	1.6853387157248685	0.1450393847847519
BS_SNVM7CZT	-0.4471393430061919	0.9241418819399544	-0.1702992485927068	0.3298008061441893	-0.193332071894507	1.1070840230809167	-0.1408734222202835	0.3076257809873782	1.0617153283866556	-0.1585278138871224	0.0449092849617345	1.0136699463750791	-0.9134090860284428	-0.3758411871729064	0.094840587235289	0.3137758939763663	-0.1420139649526557	-0.3728630296807749	-0.5862735419452659	-0.4422221678726891	-0.3746095994758047	-0.5995708694470769	-0.0309629478316476	0.1251199796566968	-0.1960202393023098	0.0232340367847919	0.1358955519026358	-0.0750299410563958	-0.005031531818336	0.845203904887683	1.264640708477815	0.5645220275495132	0.1416666831417754	0.5226018116037313	0.9707323212780608	0.2347822987718562	0.2648739149127161	0.8163743002438324	-0.5077184442320162	0.7910125422022206	0.2994222220465539	0.982386301766675	0.3166424078194503	-0.3086400409044388	0.3782283994463156	0.3827854684330978
BS_SR2RGDXJ	-0.4471393430061919	0.5879170673276866	-0.370791755245268	-0.9468067231715932	-0.193332071894507	-0.9867672184577536	-0.1408734222202835	-0.2146891822707921	-0.4079036002759198	-0.1585278138871224	-0.7745319388608707	0.4277354428727808	0.3450437621735155	-0.3758411871729064	0.829601466297225	0.9011512278263232	-0.1420139649526557	-0.3728630296807749	-0.5862735419452659	0.8869642862739209	0.9796289473172574	-0.5995708694470769	-0.12150195626318	0.0215920959272502	0.3197928411127451	0.0796041101281398	0.7750417565557977	-1.121806721922807	0.09032293996191	0.156154743810927	0.0941637947832655	0.5678313933235124	-0.0218789260308792	-0.0059492555397264	0.5781864430832409	-1.441844381047993	-0.8641967848910013	0.1931727083703212	-0.8188027894607696	-0.0357107937746403	0.5340680124913633	-0.0951368952922316	0.2938861423947081	0.2722319847190403	1.3775473302959802	0.5303514949204133
BS_SW9Z10F9	-0.0675680429928506	-0.6068953102641258	-0.370791755245268	-0.99602619800663	-0.193332071894507	-0.716013302953243	-0.1408734222202835	-0.7158482375378871	-0.4079036002759198	-0.1585278138871224	-0.7745319388608707	-0.1102235075355304	0.5218584184304571	-0.3758411871729064	0.5010660938929368	1.1086274811091643	-0.1420139649526557	-0.3728630296807749	-0.5862735419452659	0.69787473571853	-0.3746095994758047	0.143558534548966	0.6393616597544743	0.6034225671348612	0.3772598889506199	0.588749791350226	0.6088816954043867	0.3395413174391734	0.1391614207637701	0.0664048630841093	0.8990559535736464	1.3892416471019462	-0.0017046847761425	0.1704894643418762	0.6014137438874909	-0.6267753947234265	0.4693584728170077	0.8720021429480882	0.3431485053180202	0.1539412724748251	0.090357772983003	-0.18022024874313	0.511716942188938	1.041298042006218	1.038191253937516	0.6424682668536272
BS_SY3J3XR9	-0.4471393430061919	0.2566382231256315	-0.370791755245268	-0.4612728134245668	-0.193332071894507	-0.1386861010280218	-0.1408734222202835	1.042985942821109	-0.4079036002759198	-0.1585278138871224	0.8628977177514267	0.5217676286448529	-0.3994247887041769	-0.3758411871729064	-0.5043245057492713	-0.240172773123405	-0.1420139649526557	-0.3728630296807749	1.2405283753356673	-0.6778638900370056	0.5120383581299683	1.1571688200269847	-0.4470231370439191	-0.3872412055115186	-1.530165470286992	-0.3665824528154463	-1.342978626140282	-1.198842772432323	0.2510609026030597	-1.3591952593312149	-1.1832046981133153	-0.5721351228607275	-1.550961081292552	-2.2156405493010585	-2.079757304752411	-2.4762754993513227	-0.7364046583053804	-1.7370321228090884	-1.4663998789218176	-1.8442924835234509	-1.278055446706592	-1.9542463056543515	-1.1228636990748628	-0.820413063863021	-0.1685770603376869	1.950410833214928
BS_T1YHK6B7	-0.4471393430061919	0.0213096691592635	-0.370791755245268	0.229256160973752	-0.193332071894507	0.1244023906609681	-0.1408734222202835	1.178663358024336	-0.4079036002759198	-0.1585278138871224	1.2571901195642643	0.376879103186757	-1.023951731835793	-0.3758411871729064	0.3330295190933691	0.7105001002551965	-0.1420139649526557	2.347120461031481	-0.2730958875449476	-0.6778638900370056	-0.3746095994758047	-0.5169025192045692	-1.5398006054726183	-1.4867093116824923	0.0250681762973008	-1.6227508002760938	-0.4547024875522477	-0.0660709674251878	0.461464400505032	0.3339806149912961	1.1851769178819085	0.8727345342428363	-0.3624922354126762	-0.8881455400280351	-0.851000883168244	-0.1086190065198835	-0.083101305218387	-0.5443327077256717	0.1024200020781427	0.4850507509076231	0.1475970599207448	-1.0870616793044008	-0.9521502688556917	-1.4143598088743687	0.6400839443903746	0.8009520055967793
BS_T2F48Z4E	-0.4471393430061919	-0.3285010211363915	0.5504429532642384	2.197129382668669	-0.193332071894507	1.2252050077918353	-0.1408734222202835	-0.6600984410441745	0.4863480488000913	-0.1585278138871224	-0.3682240385489455	-0.8884196202495399	-0.0755839508839505	0.4798463092207168	0.3106431705722416	-1.4701576686701066	-0.1420139649526557	-0.3728630296807749	1.6051777473439828	-0.6778638900370056	-0.3746095994758047	-0.167042807336916	-0.9828751515669034	-0.9509122074842264	1.4218759923164297	-0.7574695841070185	1.2502544889079643	-0.0116392316666007	0.973154082898264	-1.548209578989231	1.5524323156334705	0.8151610796998037	0.9273855136007648	0.527174978330197	0.7755684189889465	-0.7571952404704696	1.5718037625903647	0.6301635519755601	0.9822724103957003	1.1277022394812628	1.315823217278065	0.9909562376689678	0.8105429086841216	1.071428306402483	1.5788657996094717	-0.5187485226937303
BS_T9A8JJW5	-0.127349953232989	-0.6068953102641258	-0.370791755245268	-1.0254388333387716	-0.193332071894507	0.3704859630660062	-0.1408734222202835	-0.8339741262016526	1.533973937929786	-0.1585278138871224	1.246103341824531	0.2356403727440766	-0.5220415228457056	0.2970458253559621	-0.5043245057492713	0.8016030315625862	1.8278250854104965	-0.3728630296807749	-0.0795783429145085	-0.6778638900370056	-0.3746095994758047	-0.5995708694470769	-0.3081355383410019	-0.2517981368517498	-0.1988734269087885	-0.2046085121058622	0.0807367395119134	-0.1285345369564058	0.2492972420388718	-0.4596123564725546	-0.7246001977759938	-0.7768499384863027	-0.9411443775093908	-1.2026174234138645	-1.0710843314021634	-0.7830880003924497	-0.2321720302023609	-0.5734636974714789	-0.5035033267239521	-0.8762524138131291	-0.5916803426830252	-0.9231646034129184	-1.0776569563637235	-0.4760433821645672	1.2699671200378797	-0.5427895951672003
BS_TASG32Z2	-0.4471393430061919	0.2428650553668264	-0.370791755245268	2.102343532001331	-0.193332071894507	-1.4201809865395374	-0.1408734222202835	0.3919204805043251	-0.4079036002759198	-0.1585278138871224	1.452674377982854	-0.397109274160394	-0.253256723697119	-0.3758411871729064	-0.2262552598583671	1.0370402098379794	-0.1420139649526557	0.3224663125874939	-0.5216718090881458	-0.6778638900370056	-0.3746095994758047	-0.5934522146345022	-2.4036648197802446	-2.241441353152225	-0.1196594121926235	-2.411471334583031	0.1438278832086477	-0.8249263881598278	0.6233804733626972	0.2079347538686247	-0.3088876780586199	-0.246125995292379	0.4251897069738159	-0.2906212330232519	-0.4393058251414207	-1.4350940663543117	-2.0557531040720827	-0.6391328474913335	-0.5725303411452104	0.1529769319428309	0.8255882232934297	-0.714885474634254	-0.3665337091566706	-0.4484298349328527	1.2445480437342755	0.909040971621368
BS_TGS109T3	-0.4471393430061919	-0.4684444105845066	-0.370791755245268	-0.3827170239617792	-0.193332071894507	1.7106519396454956	-0.1408734222202835	0.3916772910037842	0.3642356445586108	-0.1585278138871224	-0.7745319388608707	0.4351249881930297	-0.9188396537565854	-0.113036858841153	-0.5043245057492713	-0.9247360493597832	-0.1420139649526557	0.706450788070436	3.0755922477378097	-0.6778638900370056	-0.3746095994758047	-0.4083312298294471	-0.5074503105976761	-0.3923895351437055	-1.639403554105913	-0.4361128867670769	-1.7575504821601369	-1.4606626466802586	0.3654872283379298	-0.3188975619850952	0.1627419472620319	1.1302522351372697	-1.2018010006552515	-1.2496696121944044	-1.2128626682236805	0.6033297557761134	-1.4127816066264192	-0.4365183040688952	-1.3612611391637115	-1.0478009409324465	-0.767349702479245	-1.231303471495538	-1.6812395439186536	-2.3412558657318847	1.187001811630934	0.6183916888886366
BS_TM9MH0RP	0.8665809511173014	-0.6068953102641258	-0.2091701898465963	0.1313644202848641	-0.193332071894507	-0.5497770212797315	-0.1408734222202835	-0.7836619258247823	-0.4079036002759198	-0.1585278138871224	0.1932788803281226	-0.3213197494323416	0.8932493064810714	-0.3758411871729064	-0.2118143163855033	0.6521174003799203	-0.1420139649526557	-0.3728630296807749	0.1904910953359257	-0.6778638900370056	-0.3746095994758047	-0.3848576908637791	0.4965230522650028	0.4598163336781389	0.2988860314984353	0.475438213574583	0.162513248403239	-0.1937885650353994	-0.5945880535504918	0.2150022572492477	-0.2277607321720182	-0.5199243020027324	-0.1562457938526785	-0.1585408680382138	0.0318382519749283	-0.7220032246676074	0.569085550698095	-0.2388489352612703	0.0798036138702906	0.0257875376097453	-0.0083553060138304	-0.6570267021246426	-0.6627040645945259	0.7607788760264017	0.1406771364206858	0.8805393840492527
BS_TR2P8KRF	-0.4471393430061919	-0.095567302743386	-0.2028575894912356	-0.3082301511120113	0.2130106195886482	-1.4201809865395374	-0.1408734222202835	1.4988935416165343	-0.4079036002759198	-0.1585278138871224	-0.7265610334423023	0.1889408862649309	-0.3961470429936183	-0.3758411871729064	0.748931909328957	0.195026787945445	-0.1420139649526557	-0.3728630296807749	-0.5862735419452659	2.123994539224596	1.9589734987522465	-0.23017672751592	-0.946932616779324	-1.024064222152725	-0.1602288630178002	-0.9259287666948134	-0.0331313966386066	-0.7153086362386537	0.4646954746439337	-0.1341733860845566	-0.2913090862980361	-0.4523600636804987	-0.1911660273262418	-1.404606333430779	0.0616808196073169	0.1931121103521927	-0.3661379687680693	-0.1333109943833027	-0.1456762946939153	-0.0118679466571445	0.1098485593063951	-0.6320935316664693	-0.8978294846781981	-0.5311650018613967	1.3540563244275146	1.318576244851717
BS_TRKH2SPE	-0.4471393430061919	0.4837203803855772	3.946529720274203	-0.576925930723735	-0.193332071894507	-1.270991669518008	-0.1408734222202835	1.187037159118736	-0.4079036002759198	-0.1585278138871224	-0.514828741793158	-0.0935101300753368	-0.6729299450304231	-0.3758411871729064	-0.0069548589185398	1.56553438330938	-0.1420139649526557	-0.3728630296807749	-0.5862735419452659	-0.6778638900370056	-0.3746095994758047	0.1676094976766207	-0.2851413043554081	-0.1389345773605323	-0.5359324684207362	-0.2517094751043498	-0.6906677882661123	-0.2053353202062491	-0.7482099147116315	0.3294278928462601	-1.2459717127471	-1.163668887198682	-0.9634452426414608	-1.698250919076005	-1.0634824519916972	-1.0447321890281038	-1.4169635873586388	-1.4038987129170593	-0.3125921306153396	-1.0171214830889912	-0.6101327681765106	-0.9759539569460488	-1.5065565224374913	-0.3106480440453223	0.286106143935782	0.4382869728112571
BS_TRPXB3AV	-0.4471393430061919	-0.4330053832622432	-0.3642869192044853	-0.9972801626541978	-0.193332071894507	-1.076248641084284	-0.1408734222202835	-0.9872668175857844	-0.4079036002759198	-0.1585278138871224	-0.7745319388608707	-0.6580191893224566	-1.4276444028485284	1.8165445987457465	-0.3639169721705996	-0.3465633098227548	0.8462767549350382	-0.3728630296807749	5.292465906311302	-0.6778638900370056	-0.3739179301752383	-0.1313389349061728	-1.3855345312735168	-1.4413726759502596	-0.6891684229413567	-1.187552346973762	-0.1764909154123224	-1.2035485101198888	0.5886932176629985	-1.8003214561788488	-0.0806384592316626	0.1874621489816572	-0.9324651521543412	0.2569619072330899	-0.7686723331499469	0.2073881831792453	-0.5734462737304387	0.0631136585390658	-1.2672781605709962	-0.6417213934995954	-0.818513394498456	-0.2240303853002281	-0.5327172705140584	-0.5702153371280223	1.5760480302587323	-0.9400187347643474
BS_TTDNZTZ0	-0.2090084323337728	-0.5527418193998765	-0.3652230641113714	-0.4887520009303409	-0.193332071894507	-0.7610707671232875	-0.1408734222202835	-0.5804210708660478	-0.4079036002759198	-0.1585278138871224	0.3094163326975475	-0.8619879191578088	1.013121692070762	-0.3758411871729064	1.0401284294543511	0.5273912973352533	-0.1420139649526557	0.679795006648428	0.9459318756864192	-0.6778638900370056	-0.3746095994758047	0.1370669244452971	0.8613909182621211	0.8635503934020947	0.8021500720819391	0.9955619621009116	0.6687118287282141	0.6815767558101811	0.6979849345209762	1.088562625467022	2.1198855032713464	1.5669737234728756	0.3988354392363159	1.0869643444136912	1.0341436192522997	0.7912085189065239	0.4152809750299549	1.3735845863464546	0.1640168670052249	1.1006818810609862	0.7364501006759835	0.1296880454509331	1.3690529063801598	0.7053973372723962	1.0062354400927194	-0.513123202702782
BS_TTE04ZP8	5.748769791017877	-0.6068953102641258	1.1988667989295965	-0.982630147382352	-0.193332071894507	-1.1972938993991848	-0.1408734222202835	1.2695950395871318	-0.4079036002759198	-0.1585278138871224	-0.7745319388608707	-0.182565360259871	0.913577700882356	0.7779916003718709	-0.5043245057492713	-0.2199717295357166	-0.1420139649526557	0.1105178991608365	-0.4710710366700575	-0.6778638900370056	-0.2777118237703782	-0.2083762836546385	0.6941849350059305	0.6430593908265527	0.6067388658095899	0.6531725222273802	0.9511715339560198	0.9318807786698328	-0.3000978032581915	-0.0308993963168763	-0.0648303773279948	0.0605726455549344	0.45823954905293	0.8395364426718341	0.251456988875972	-0.4004246564257741	0.7094041074644902	0.9900102115688082	0.5617657537184017	-0.0382734912618018	0.53603771552427	1.0759761906957763	0.9252238451237692	1.5518881640663893	0.367408947654217	1.318941732324362
BS_TV5B86ZD	0.4300210974420111	-0.6068953102641258	-0.370791755245268	-1.0254388333387716	-0.193332071894507	2.5051202603118825	-0.1408734222202835	-0.4423479217745614	-0.4079036002759198	-0.1585278138871224	2.4511954104998748	-0.9931154756444036	-0.3073681872018911	-0.3758411871729064	1.8334946191946613	-1.5955104865865792	-0.1420139649526557	-0.3728630296807749	1.9764858015358724	-0.6778638900370056	-0.3746095994758047	0.5863859559443577	-2.859913188817812	-3.1322341829868074	-1.7942852253145811	-2.895775931159206	-1.7287958236499363	-3.4262303629894726	-1.5201603183235195	-2.2863538111166744	-1.1194041174296825	-1.8037700161890595	-0.389234616837586	-0.8310179275699948	-1.036511792434637	-2.9055618101151928	-1.3497399259937397	-1.3435986429129998	-1.9238400559345976	-0.7922014729988448	0.195368225833569	-0.5679512001506903	-1.594113055276302	-0.868426658407467	1.573374535131093	-0.4267869979095033
BS_TVH33J9Q	-0.4471393430061919	1.3481548152765117	3.8704384475816496	-0.0207338803916562	-0.193332071894507	-1.2372311041780577	-0.1408734222202835	2.770620964439144	-0.4079036002759198	3.5112851871805457	-0.7745319388608707	0.3114702631887538	-1.255638203480302	-0.3758411871729064	4.15365052756373	0.5099813518117028	-0.1420139649526557	-0.0105449409812804	0.3457807393287995	-0.6778638900370056	-0.3746095994758047	-0.5803411745439472	-1.0373414305573485	-1.2980703593886165	-1.2557222376091448	-0.8693337823462012	-1.7025635317328036	-1.2368221445458447	-2.039520400771533	-0.4508897625809627	0.0970664879532434	-1.2497304414613828	-0.5955838131048845	-0.5320490555734739	-0.3033356283017983	0.8535138629447445	-1.2147909914808988	-0.2653011034598103	-1.0163543582706538	0.2645577227902361	-0.0653816606003423	-0.0880757162641436	-0.1773728485698228	-1.491279718212417	1.357582453271829	1.5034884566652975
BS_TXZ7KHTQ	-0.4471393430061919	-0.6068953102641258	-0.3233575078149402	-0.532440437523628	-0.193332071894507	1.2834924879650835	-0.1408734222202835	-0.6901214019923254	-0.3328865545327124	-0.1585278138871224	0.4942142903571628	-1.1167514489788015	-1.1035592035309938	0.9740691650857012	-0.1216797615635918	-1.5691817277714577	-0.1420139649526557	-0.3728630296807749	4.619752941862609	-0.6778638900370056	-0.3746095994758047	0.0482107254384996	-0.5043121293023827	-0.5160633624597923	-0.7331103663392083	-0.3516771220563928	-1.1674979757436093	-0.6113276112432064	0.1653199255387579	-0.9587461804211898	0.4670977263168564	0.9453534226873408	-0.622983891766328	-0.5149383019175167	-0.436713316652571	-0.426138325640322	-1.1542854156929012	-0.2958639221358795	-0.3826528899871802	-0.417411654769924	0.2893102884148885	-0.5495834183016959	-1.0186414948276077	-0.9287361857928752	1.0269869328339831	0.0549269511464946
BS_V0DQFC75	0.8476044382188872	-0.6068953102641258	-0.370791755245268	-1.0254388333387716	3.679757781972679	0.1786713437929172	-0.1408734222202835	-0.9872668175857844	-0.4079036002759198	-0.1585278138871224	3.39156702085579	-1.1167514489788015	0.676463674657078	-0.3758411871729064	1.520667253211555	-0.1435782472898345	-0.1420139649526557	-0.3728630296807749	-0.5862735419452659	0.0283117863977352	-0.3746095994758047	-0.5995708694470769	-2.4612969130716205	-2.455663677861597	-0.4001560229790863	-2.7472718321388547	-0.1378475479939795	-0.6204565573930922	-0.3374348211930579	-1.1641642934581986	0.0600228997910987	-0.7034404654024842	0.5572185647774017	-0.4993315267775725	-0.0967909384788305	0.0419638936407877	-0.850499730504834	-0.6802991131979472	-0.0478882174211024	-0.0565675821780459	0.8419861165630366	0.0442541932628786	0.0429704297839558	0.1765583652500862	1.5893768491988136	-0.8158541464265967
BS_V3Z3DB4N	0.7834309437392402	-0.6068953102641258	-0.370791755245268	-0.3740008254302742	-0.193332071894507	-0.0673985241165119	-0.1408734222202835	0.7624335523850526	-0.4079036002759198	-0.1585278138871224	-0.7745319388608707	1.2761526556644502	0.4513248413543104	-0.3758411871729064	-0.5043245057492713	-0.0137273969460376	-0.1420139649526557	0.3439465707140881	-0.5862735419452659	0.6276852994827513	-0.2920650466386521	-0.2584927239988836	0.6067002964906604	0.5892637843520412	-1.5109804213619866	0.5538323205746764	-1.4091659469425772	-0.4440823412722433	-1.5839153571739908	-1.048649813948686	-1.0110330581997653	-0.1904901534404346	-1.8908083101347464	-0.954465775965865	-1.428678574341279	-0.5357694036487491	-0.9482386858147296	-1.0958351747441049	-1.0694285485945847	-2.2372223150751114	-2.118888655908866	-1.7747672706899802	-1.3327221885120002	-1.289595124647016	1.0263806118620966	1.6080579063270666
BS_V558NW3Q	0.0408135785206	-0.207617974972369	-0.370791755245268	-0.6630373662253012	-0.193332071894507	-0.2895854217653862	-0.1408734222202835	1.0859788473319971	-0.4079036002759198	-0.1585278138871224	0.4602670191068672	-1.1167514489788015	-1.4276444028485284	6.496242967094778	-0.5043245057492713	-1.9419063974397917	0.4113391829629875	-0.3728630296807749	-0.5862735419452659	0.3976229243401045	-0.2328747887672196	-0.339779086957498	-0.3347776659788101	-0.4080007221377822	1.7427651836024034	-0.3168867129595594	1.6601079889235748	0.9653589831463484	0.7578359219127025	1.3829551343923787	0.6910962093063416	-1.190614475379977	1.1015612591089547	1.4070409188581057	1.0012915231932655	0.7691209319636607	2.1446564770379126	1.87477443938597	1.625635070134795	1.1061434235329222	1.215257672049862	1.6984201619213208	2.086450555812014	2.041174337091121	0.8186433834963913	0.6749307936093342
BS_V6RSB5HQ	-0.4466220529146109	-0.0638403799862817	-0.370791755245268	0.6629829868992568	-0.193332071894507	0.0666227643134121	-0.1408734222202835	-0.9872668175857844	2.8646107593946444	-0.1585278138871224	0.5650539445824609	-1.1167514489788015	0.0929017235772965	-0.3758411871729064	-0.5043245057492713	-0.0604539454274984	1.045025137713974	-0.3728630296807749	1.291711664214143	-0.6778638900370056	-0.3746095994758047	0.1684306354563712	-0.4555041447300042	-0.3384836356110237	-0.2485379456682774	-0.4945820242736786	-0.2278080110529616	-1.306960647642311	-2.1041171770622547	-0.7792225142976975	-1.394866571690609	-0.897020070681805	-0.6456741391800084	-0.2422544418487526	-1.172388974081734	-1.044822404884185	-1.2141945228034825	-1.104133075376215	-0.6076357539520804	-0.7789148645071384	-0.2240849624571458	-0.8442961249500287	-0.1033070613183176	0.4158826992026542	-1.276395461571107	-0.9611426854025976
BS_V8QWBVS3	0.1013958881028005	-0.1395553386098181	-0.1398129709931347	0.7736474671942772	-0.193332071894507	-1.0198441993047864	-0.1408734222202835	0.1752244075947363	-0.4079036002759198	5.441559359784782	-0.7745319388608707	1.9386600758195904	-0.7804051240137135	-0.2421439456783713	0.1432145025943364	0.1693986389271621	1.5771271132906923	-0.3728630296807749	-0.5862735419452659	0.4157099426188269	-0.3746095994758047	1.256272591539765	-0.0438891526044507	-0.074644305213418	2.195814909751737	-0.1838923154508233	1.9577494027879885	1.9018036019509212	1.189847427500324	1.0651658028964517	2.2512723153608456	1.1612997985982687	2.7617480604099165	2.117614138070941	2.1234630719680574	-0.2834334889165595	2.5778277851842906	2.581621948163473	2.1650236858828724	2.923935423841216	2.472313968802014	2.116206266102396	1.544306166222129	2.9602112453888667	-0.2164745651043058	-4.167090674117823
BS_VBMRQK4F	-0.1497562311944071	-0.6068953102641258	-0.370791755245268	-0.9165161870109624	-0.193332071894507	3.3811286456988365	-0.1408734222202835	4.7658857462099	-0.4079036002759198	-0.1585278138871224	-0.7745319388608707	1.215123286010293	-0.3026470625349059	0.6946987201927667	-0.2828753833714388	-2.526707364646734	-0.1420139649526557	-0.3728630296807749	0.6639355491204364	-0.6778638900370056	0.0929565011436017	-0.0196936882865553	-0.6453240401865591	-0.7826033037150997	0.0499673561362399	-0.5733234970104129	-0.0318724350127353	-0.3518806304739507	-0.8020705958072764	0.6169194859226171	-0.5471467576712303	-1.315937638852369	0.1054667909968279	0.3703818872756284	-0.0975512014466664	1.0171256588727615	0.9524797702535646	0.2931293820974791	0.0747075522717142	-0.204427516823205	0.0612691850051029	0.8544627897696389	0.5179883454138658	1.026649834723065	0.4437097921927293	1.188832824751156
BS_VDFXXMEX	-0.1420759100834982	0.140070181502	3.479446684682942	2.906357259129752	-0.193332071894507	-0.2907626648919173	6.09399686591318	-0.2396742813471376	-0.4079036002759198	-0.1585278138871224	-0.4285224502955521	-0.9233582507251614	-0.6686909836960285	-0.3758411871729064	-0.0036023547915321	0.3452609573536794	-0.1420139649526557	-0.3728630296807749	-0.5862735419452659	-0.6778638900370056	-0.3746095994758047	-0.5995708694470769	-2.427828363555038	-2.3741148704435857	-0.7787799344628162	-2.58517396021974	-0.3248841857569034	-1.5265351725210798	-1.7651672677164558	-1.2340193833503827	-1.0086399590202286	-0.6863729382222479	0.0073351973403128	-0.4719931010194152	-0.9788696531288448	-1.8096016110814843	-2.271437872486415	-1.0427408034906516	-2.294474556075503	-0.1161051517935558	-0.2001665119298784	-0.5881052630415292	-0.6903675809212032	-0.6385871227773481	1.5948579566934824	0.6696484655855367
BS_VF3NVT4G	-0.3777812329966062	-0.2576940036072191	-0.370791755245268	-0.8668880383541777	-0.193332071894507	0.1219864525703292	-0.1408734222202835	-0.562910613018423	-0.4079036002759198	-0.1585278138871224	1.0526152687045032	-0.0875069102380178	1.8720908569600168	-0.3758411871729064	-0.5043245057492713	-0.2607805648838699	-0.1420139649526557	-0.0138471494512553	-0.5862735419452659	-0.4862330868231782	3.6623437315752567	-0.5995708694470769	0.6013502313341803	0.5679798668154051	0.0803901365093654	0.586770928287721	0.6300932177157594	0.3626419677137122	0.1443483148816884	-0.3101463381938052	-0.2340387566789836	-0.0785885636127481	0.672449652822249	0.8020166283013992	0.1806957021435972	0.8373716560229164	0.7657018496229296	0.7545121200071409	0.1022769951182079	0.1096646672102364	0.567926161412573	1.2886661924355665	0.8722231308089353	1.0972119434915582	0.699329164258935	1.3460813591918928
BS_VKH87DD2	-0.2911147996159829	0.5053690408861583	0.7560906978908498	0.5083944672037386	-0.193332071894507	-0.8266531040607972	-0.1408734222202835	-0.5508263913551156	-0.4079036002759198	-0.1585278138871224	-0.1551043898467641	-0.8102134434548987	-1.3753501762964555	-0.2620430793906007	-0.5043245057492713	1.935881076022852	0.4127822678803332	-0.3728630296807749	0.1533859395616967	-0.6778638900370056	-0.3746095994758047	-0.3603882477383228	-0.4369041508511561	-0.4572110194998037	1.1135795499325962	-0.5674456632621236	0.8153244054054635	1.0319399016068749	-0.1060294263332199	0.7668894322442013	0.7506408339709026	0.9652088444700456	0.9238223574762582	0.4058142653130696	0.6813477206443322	-0.140315033685382	0.2528501994345289	0.5207285675060672	0.8622119689043577	1.12264297703424	1.1519430108236368	-0.1569679000731392	0.1879757339042963	1.3237303781554834	0.9505922051825402	0.6024542723368481
BS_VKHJG2B8	-0.3943689022220065	-0.3305461673298122	-0.370791755245268	-0.0682068028498923	-0.193332071894507	-0.2117797694754782	-0.1408734222202835	0.1900458249062619	-0.1337195665547088	-0.1585278138871224	2.1486280619592297	-1.1167514489788015	-1.201501575203857	4.661049674582096	-0.5043245057492713	-0.8773358973923336	-0.1420139649526557	-0.3728630296807749	-0.5862735419452659	-0.5965630355920173	-0.3746095994758047	-0.5154696157805051	-0.7816576413697844	-0.9534058469698452	0.4908075282537104	-0.6282615409046035	0.4827189881747817	-0.7492821827032535	-0.3286383270838159	-1.78645373722619	-0.0921161881143667	-0.2420214223804211	0.8419657741136924	0.417557077971244	-0.1145975630140594	0.9974984620125212	0.0405603490239347	0.1950662536086565	0.2371387017346329	0.0597627674978251	0.8506165863695463	0.9902329800278076	0.4184015503976147	1.1681725911820922	1.6287348676553446	1.7701314455130115
BS_VKYEM67A	-0.4471393430061919	-0.4356353231900828	-0.3560602808854153	-0.975052499874091	-0.193332071894507	-0.7671291749907352	-0.1408734222202835	-0.233553090458595	-0.4079036002759198	-0.1585278138871224	-0.7745319388608707	-0.0577604823060408	-0.9512457366356096	0.0471777520117287	-0.2331550381014338	1.889111549408146	-0.1420139649526557	-0.3728630296807749	-0.5862735419452659	0.481879874930486	-0.3746095994758047	-0.055439730196575	0.7972079585859118	0.7605693527914914	1.7693612096286158	0.6135119064421276	1.5074110973313306	1.0693337298223042	0.6847568294142028	0.4013824407349401	0.5613492521661954	0.4440487507968244	-0.6391531903032998	-0.4176963232600093	0.4567001517504333	0.8951780051767757	1.3080326536274345	0.572801763221288	1.9317939975821867	-0.2353787128063965	-0.335837198477373	0.4387044449494832	-0.7678121473305097	1.2567600278886255	0.5766756640029177	-0.9671780386533804
BS_VMQMGSJY	-0.2485022585429783	-0.6068953102641258	-0.3065334238677911	-0.8717471591538924	-0.193332071894507	-0.8953918547100042	-0.1408734222202835	0.3616993479870694	0.677315516871793	-0.1585278138871224	-0.1298564614569392	-1.1167514489788015	-1.4276444028485284	5.542520276788717	-0.5043245057492713	-1.0165974644653284	-0.1420139649526557	-0.3728630296807749	-0.5862735419452659	0.6315400987991896	-0.3746095994758047	0.4665912558974802	-0.4393527148662925	-0.2118305259540737	1.8349052899633067	-0.2560192462482082	2.030322179185533	1.2388146255069732	0.3705366821946606	-0.0160543865762644	-0.3653437885100899	-0.5327239197873	0.3221794803134626	-0.2773879278365971	0.1003849500071046	1.5221454443444915	1.5816264693557578	0.0505150743778176	1.9830100503465675	0.166635725055014	0.8406642952218147	0.9374264496521018	0.0155195383025295	1.732257888911849	0.0367823785478114	0.4670678670797071
BS_VVTHDRBD	-0.4471393430061919	-0.3812494329461909	-0.370791755245268	-0.069657223395435	-0.193332071894507	0.5368639131318111	-0.1408734222202835	1.164178766304358	-0.4079036002759198	-0.1585278138871224	0.7987329662742434	1.0335296089270325	-0.0055753962131668	0.0909617166679733	-0.5043245057492713	-0.9571911921355148	-0.1420139649526557	-0.3728630296807749	-0.5862735419452659	1.1073224290022972	0.0732443567716437	-0.2428920664918412	-0.5153687871423223	-0.5240995451203733	-0.8762690322775997	-0.5069601964863093	-0.3169138696767772	-1.1765402122006294	-0.2206808826335408	-0.843059775358227	-0.7289809456033325	-0.493258218009739	-1.868609603722884	-0.8076794164966262	-0.5939352832226625	0.5048973813115719	0.3098993219707136	-0.4110146092446143	-0.3488653259210423	-1.3506637166498334	-1.7098653020069634	-0.0658122902500619	-1.219528871387072	-0.7155727259145773	0.8124827901875339	-0.0131280624490955
BS_W1385R8Y	-0.4471393430061919	0.6730066159458178	-0.370791755245268	1.7287481021186202	-0.193332071894507	0.5992417349735389	-0.1408734222202835	-0.0719715847949476	0.5547699743285581	-0.1585278138871224	-0.7745319388608707	1.4856584407411335	-0.9919225056558576	0.947714342636456	0.4072676229010961	-0.901716827190481	-0.1420139649526557	-0.3728630296807749	1.097097748636952	-0.6778638900370056	-0.3746095994758047	-0.5995708694470769	-2.7135294442491875	-2.518257119154668	-0.4935425656989304	-2.5033068634948616	-0.537445458898724	-1.256628220104996	0.7873796062067624	-2.2636389967556547	0.672814196682512	1.409121574083557	-0.6672513326218775	-1.0552653785084551	0.0819101241988499	-1.6640668320069678	-1.700481296672632	-0.4235063874930749	-1.561856540107868	0.0742116518247546	-1.3052935897813294	-0.5617909708412335	-0.7056992846992649	-1.016373102008455	1.4735043020777052	0.1535899526027641
BS_W4DB5RP1	-0.0440408841496148	-0.6068953102641258	-0.370791755245268	4.265792533984529	-0.193332071894507	-0.3790833333066261	-0.1408734222202835	0.9479605624116816	-0.4079036002759198	-0.1585278138871224	1.828559169205655	-1.1167514489788015	-0.7605435451556034	-0.3758411871729064	-0.5043245057492713	-0.6526594287999994	-0.1420139649526557	-0.3728630296807749	1.0466588226999052	-0.6778638900370056	-0.3746095994758047	-0.5995708694470769	-2.5276210970277013	-2.512991144001412	-2.4256850819470785	-2.906425097397693	-2.141434592769321	-1.964456918020208	-0.8353769467587999	-0.6922830897902814	-0.6682132444666999	-0.3341943093809271	-2.008441621963372	-1.5879019962957237	-2.475657690873061	-0.992298776525452	-1.1367186880286135	-1.6179076129037124	-1.5076688585995472	-1.5633121807376271	-1.611362301590757	-1.3325981215660505	-1.9971272587408704	-2.353602709683949	0.6960500484224752	1.0870599328784891
BS_W7MFJZ5A	-0.1511253388627171	-0.6068953102641258	-0.370791755245268	-0.6986536681179575	-0.193332071894507	-0.4064966949082558	-0.1408734222202835	-0.444383363180685	-0.4079036002759198	-0.1585278138871224	-0.7745319388608707	0.0449440312155639	1.4059243632899958	-0.3758411871729064	-0.5043245057492713	-0.0826006279825054	-0.1420139649526557	0.179280845591668	-0.5862735419452659	1.4615570848941342	0.8647146232357003	-0.5995708694470769	0.9241052710334792	0.967032453613458	0.4997212758628851	0.9361959669472286	1.174302624841494	0.3849543101517072	0.3803893436886987	0.9203255356635568	0.8688272176153635	0.6897471121167904	0.9142251056932488	1.4858186443392316	1.0338636504800027	1.7184621888868488	0.8562896259872864	1.6498335626306049	-0.2796769959595179	0.8636122564723352	0.8215038052169641	0.2551017588702945	0.8530274858076098	0.732055181756373	-0.0670720875421516	0.1304477540380181
BS_WBVSK3MP	-0.4471393430061919	1.6292774986973917	0.5725667359991475	-1.0254388333387716	-0.193332071894507	1.326096226984154	-0.1408734222202835	2.009765868212811	-0.4079036002759198	-0.1585278138871224	2.293710919243203	-1.1167514489788015	-0.962465245927858	-0.3758411871729064	-0.5043245057492713	-0.0824322972956473	-0.1420139649526557	0.344060497968246	-0.1803515109131407	-0.6778638900370056	-0.3746095994758047	-0.0238070535547782	-3.3539940186190758	-3.524070920510168	-2.0475164532823853	-3.2084666620137527	-2.562226726935352	-3.2229646153461347	-1.9841560022049487	-3.2614129604056865	-1.9414750667272869	-1.9225511905205497	-1.5456738554400276	-0.3579974661887953	-2.606018656276268	-2.669043327258002	-2.408818111400296	-2.1793570168821303	-1.7829412132888278	-1.9568037067734645	-1.4077905979421454	-1.3869182933927189	-1.6759688665385943	-1.5223892655356868	1.2261191186871785	0.1633448589898157
BS_WEKK6SHP	-0.4471393430061919	5.9365133924952005	-0.370791755245268	1.164247206339624	-0.193332071894507	-1.4201809865395374	-0.1408734222202835	-0.935499702875058	-0.4079036002759198	-0.1585278138871224	1.519885774609789	-1.1167514489788015	-1.4276444028485284	0.8025116590700861	-0.1620764438103303	-0.6032555384878314	-0.1420139649526557	1.5029574711131772	-0.5862735419452659	-0.0563782145261949	-0.3746095994758047	3.60436600539336	-2.821905680559339	-2.912191983311339	0.4014951816190584	-2.9873223050660744	0.7297634751831705	-0.4458834103619453	0.2166597518043379	-0.0067229422032891	-0.2256334886185202	-1.0022665092920449	0.3302262701259761	-0.6807446533605246	-0.3291096366420628	-1.5403668072865644	-0.2311970571247352	0.5128113060132405	0.1785672249200146	0.4482913334329539	1.1394508385035471	-0.1528655042999911	1.450920435856203	0.9541396617435856	1.376384145720831	0.5917000016254367
BS_WHBEXD5H	-0.4220831626933545	-0.4913380921544835	-0.370791755245268	-0.8085202876994854	-0.193332071894507	-0.7652853035915504	-0.1408734222202835	-0.8939138484571039	-0.1816914123489524	3.358582150870761	-0.7745319388608707	-0.0671788656729736	-1.4276444028485284	-0.3758411871729064	0.3997319805137798	2.066384032809562	-0.1420139649526557	-0.1513115897400883	1.511510542970054	-0.6778638900370056	-0.3746095994758047	-0.5995708694470769	0.1585391393501962	0.0939714888864679	0.7059821519004374	0.1277876758319385	0.4836048701847054	0.5866146837658612	1.0819987249062852	0.8436059566531278	1.5535124213290712	1.3305512190155675	0.8927968506487758	0.9856914086738506	0.7587157664231439	1.119837960868054	1.120081865478436	0.2827330397218988	0.7550448425447215	1.0760277612347713	0.921850643060923	0.6537534796415861	0.808847755709518	0.0286002426007789	-0.2416716256156717	0.2192833128467409
BS_WQ1YRTAT	-0.3328737870882449	-0.6068953102641258	-0.370791755245268	0.8317471473180883	-0.193332071894507	-1.4201809865395374	-0.1408734222202835	3.2263148026392208	-0.4079036002759198	-0.1585278138871224	-0.7745319388608707	0.6900453535236808	-0.6254260384713469	-0.3758411871729064	-0.5043245057492713	0.1580046638621707	-0.1420139649526557	2.54047600289352	-0.5862735419452659	1.6072702447728773	-0.3525284530114813	-0.490449015591979	-2.456841556216593	-2.492920046971708	-2.8941342363832034	-2.7700930315582086	-2.8249770658908986	-3.564045836381455	-4.713514796067189	-3.086824617895944	-2.092386092050772	-1.4154950405580196	-2.696184059272768	-2.9410716887346013	-1.8974215531614265	-2.9727130786507763	-3.847021258076744	-2.6706241160812207	-2.6560352895799237	-2.789393850301475	-2.3568758062083908	-2.4911000654566093	-1.9121562067138769	-2.3788190371062274	0.9775277652411624	-2.2825632825884994
BS_WTJEDTZC	-0.4471393430061919	-0.0963312536735673	-0.370791755245268	1.202097080550461	0.3441368450455803	-1.4201809865395374	-0.1408734222202835	-0.3446519686415456	-0.4079036002759198	-0.1585278138871224	0.9818446121586066	-1.0248805485835517	-1.4276444028485284	2.342003276608334	-0.5030531417659698	-1.5210632447095012	4.470320346252875	-0.3728630296807749	1.1353104268169114	-0.6778638900370056	-0.3746095994758047	5.705938213669915	-1.5731078773304978	-1.5020477933944505	0.5148280571384849	-1.3743085877316703	0.8405019044786679	0.1996013662847931	1.085425576976304	-0.7912549977321119	-0.3996613793941526	-0.6900702013708079	1.4188045063064971	0.5665832170252177	0.1111038907543235	-1.2782367362438642	-0.3200949207090188	-0.1577807471214249	-0.3896467195880949	0.8482501092118372	1.9412066937514096	0.272505339320732	1.312972856676349	1.7911898117478535	1.6575485648960369	-0.1112392089620781
BS_WVRX4C9Z	-0.4471393430061919	0.3257043727650652	-0.370791755245268	-0.0160965583997416	-0.193332071894507	0.0269645066459355	-0.1408734222202835	-0.4823475223275444	-0.2284198208318741	-0.1585278138871224	1.166824184845801	-1.1167514489788015	1.816506571414167	-0.3758411871729064	-0.3465625660782997	-0.7314148335841733	-0.1420139649526557	-0.3728630296807749	1.4730731701966342	-0.6778638900370056	-0.3746095994758047	-0.5462246485280315	1.4601811786876449	1.317354603788051	0.7090333652671987	1.406559733704433	0.6416072834534313	0.6552822505368462	0.3178893887682309	0.6770071787378145	1.0149641605389723	1.5400382245579252	1.0485609058605496	1.5219960453567734	0.7840091029484106	-0.268924148703175	1.9254226868231168	1.1549520641333673	1.981213122338368	0.7523662228172217	0.980939485157351	1.4989514899798424	0.9748659675372336	0.9082129487474336	0.6141867950872468	1.1101340679544984
BS_X0XXN9BK	1.1315865872125257	-0.6068953102641258	1.1918444334624263	-0.6342273819700464	-0.193332071894507	-1.4201809865395374	-0.1408734222202835	3.008005098323384	-0.4079036002759198	0.4190345955723527	-0.7745319388608707	0.324231652158596	-1.0236108316797858	3.2371725653352947	1.1785662684193083	-0.9583982969999156	-0.1420139649526557	-0.3728630296807749	-0.5862735419452659	0.5141963273404689	-0.3746095994758047	0.435385019493504	-1.3620190357986113	-1.1445523665934432	1.2314892365287728	-1.3072895812872496	0.8744255938121883	0.4306846474132684	0.7295184641773664	0.5208794038702155	0.941068954327614	0.3850037764686186	0.5466223628999578	0.8433856281002302	0.8539417848367257	-0.1071624353962244	1.1840112806998908	0.6747660896157183	1.2539728434699835	1.026126709203195	0.8221032383022109	0.8529484227791367	0.013404797559608	1.018887979875932	1.9065883409798965	-2.7365256090835626
BS_X1G0TKP4	-0.3317970437327517	-0.4990922114225791	-0.370791755245268	-0.2495683621599347	-0.193332071894507	1.1579565560762626	-0.1408734222202835	-0.632329957641258	-0.4079036002759198	-0.1585278138871224	1.4439084507603244	-0.5071685429335938	-0.2754631014039065	-0.3758411871729064	-0.2787910686508732	0.5555403575240808	-0.1420139649526557	-0.3728630296807749	-0.1237569423443519	-0.6778638900370056	-0.3746095994758047	-0.4523593697638002	1.1107019265516358	1.071512175058853	-0.513692813731045	1.0201624351495404	-0.089725931085506	0.8417664336732572	-0.2182714983140386	0.2728698528067511	-0.2198278212829658	-0.0623904412598371	0.4570117980514967	1.1529230611553567	0.4916564974084872	-1.5926673842113637	0.3886283068944869	0.0066627958634918	-0.2234656553624931	0.0899706818760773	0.3945204948875923	0.4421935335858326	0.7078012204479464	-0.1969400987957063	0.0271615149865644	0.0240675421437906
BS_X20JCR4H	-0.1961724326403499	-0.6068953102641258	-0.370791755245268	0.5666912966808346	-0.193332071894507	-1.4201809865395374	-0.1408734222202835	0.9199549938359696	-0.4079036002759198	-0.1585278138871224	-0.7745319388608707	-0.7730365113299758	-0.2538677509891231	4.033996924698718	0.9061924797561152	-1.306792686830617	-0.1420139649526557	-0.3728630296807749	-0.5862735419452659	0.1077223207726881	3.54445662444557	0.3306757806202177	0.0041048999081393	-0.0410769813143954	1.0034040524072532	0.0557529159594267	1.0127968600230288	0.0166995106609829	-0.6362217307691341	-0.0189746699130476	-0.230815790485804	-0.4286811078052121	0.5595654075661717	0.6538447941824561	0.5912601174353773	0.8356722004920012	1.5162091111750269	0.9192069099681728	1.0699208870739094	0.3902941980008879	0.3552926129305677	1.4930905676678077	0.9127045147334336	1.8665819468977665	1.0242033589870858	1.272437295219199
BS_X23724NJ	-0.2052361232881336	-0.1205914320777353	-0.3255829161369004	-0.2050585600478	-0.193332071894507	0.1976594231529864	1.3654478806123818	-0.1144167559420889	0.7740214604235813	-0.1585278138871224	1.500967164830555	-1.1167514489788015	-0.9270768870127086	3.0772645248053005	-0.5043245057492713	-0.6499731466433987	0.169176306933299	-0.3728630296807749	-0.4222172987862528	-0.6778638900370056	-0.3746095994758047	0.4238256684308552	-1.292477779197838	-1.153466691612098	1.053795901440195	-1.099570951188546	0.7268160680538039	0.4903894027871839	0.5427136696505773	-1.04611863672705	0.0950562377105037	0.3434202527901752	-0.3780683545734941	-1.062241118752454	-0.5055005636638358	1.7414212340199695	-0.1841962518927569	-0.5237642841122482	0.8421388162754926	-0.4259955729210011	-0.4339827935962934	0.8100049718869056	-0.6171665290647464	0.7036760148753268	0.7539530914620935	-1.557532005553595
BS_X3HR4Z21	-0.4471393430061919	-0.5291247472625219	-0.370791755245268	-0.6940706525756518	-0.193332071894507	-0.4629136790072131	-0.1408734222202835	-0.8911608535125791	-0.4079036002759198	-0.1585278138871224	-0.7745319388608707	0.6972359693836566	0.8083889775856105	-0.3758411871729064	0.0448177562155106	1.2790124059788794	-0.1420139649526557	0.1941089773456127	-0.5862735419452659	-0.1675459716987179	-0.2920227887924245	-0.5995708694470769	0.1251963961042737	0.2057035061806291	-0.9569058629273074	0.2355765613752241	-0.8792485653282366	-0.5121357462126712	-1.3739336226282166	0.287351437729634	0.1789999350716938	0.5305945358716072	0.2746014732757093	0.3212354780547158	0.4448136296772261	-1.7507496566836809	-0.1346728014339948	0.1937262897150311	-0.6935517486479525	0.3655837170283855	0.3093741656342878	-0.1019577946097277	0.4223465785450941	-1.2111223696103588	1.135572051142035	1.0599843423152004
BS_X4DD4KSZ	-0.2485938459245532	-0.6068953102641258	0.2256181793242329	-0.3746369094499335	-0.193332071894507	-1.027753683114513	-0.1408734222202835	-0.0743374906761398	-0.4079036002759198	-0.1585278138871224	-0.7745319388608707	0.5269653601145083	0.8469132064570574	-0.3758411871729064	3.513568844641684	0.3282645633229465	-0.1420139649526557	-0.3728630296807749	-0.5862735419452659	0.8245916173749831	-0.3746095994758047	0.0090753849420254	1.2012414174395687	1.130323409466873	1.3945680338837383	1.1096098582575142	1.3401320421739848	0.621312484651571	0.5479228460293579	0.8104340491379585	2.0716150881723827	1.0176079032827432	1.1608170023480004	1.2374944077283865	1.8793504943061656	-0.2987611152835838	1.1279818169259448	1.990807557492984	1.2084765998467886	1.8044702183587595	0.8110340360942364	1.2003560836698384	0.721310577168247	0.6870877220500324	1.4346496990753757	0.7089026069518412
BS_X4X1SFSE	-0.4436676348819366	-0.2507893765065276	-0.370791755245268	-0.7691760488407289	-0.193332071894507	0.7449730792776239	-0.1408734222202835	-0.2465919689016614	-0.1845496750578529	-0.1585278138871224	1.898545142291732	-0.7998987378544278	0.3531444768473582	-0.3758411871729064	-0.5043245057492713	-0.8090172752529655	-0.1420139649526557	0.3351597845140171	2.337017890298404	-0.6778638900370056	0.1429076093642992	-0.2839471258173796	0.5872546094173442	0.5628355122522098	-1.5112698500408623	0.6034933062522259	-1.478307339151512	-1.273219899705671	-0.2016946189375353	-0.4227528544030466	-0.680818901060983	0.215981393296659	-1.3993399051982758	-0.9090314719851084	-1.1887239072473548	-0.872385746911912	-0.8445644398024139	-1.3214306176600104	-1.4971238412442198	-1.0777037434798955	-1.3562613021627363	-1.0657912359594388	-0.8397143684026629	-1.9086744541573464	0.5819164441803305	0.1546209379847797
BS_XG0DBWVT	-0.0437986321350687	-0.6068953102641258	-0.370791755245268	-0.6503462839254941	-0.193332071894507	-0.7408159183817877	-0.1408734222202835	0.9379157366600144	-0.4079036002759198	-0.1585278138871224	0.4012170583779361	0.0102730196449022	-1.3353090550346671	2.4229292386473307	-0.5043245057492713	0.737210404347491	-0.1420139649526557	-0.3728630296807749	-0.5862735419452659	-0.6778638900370056	-0.3746095994758047	0.2505903924650605	-1.6324006719677309	-1.609881879914319	-0.0425054622642008	-1.6393267135430216	-0.3562581428611767	-0.6148253116420467	-1.071991403816265	-0.6180772023207203	-1.9471667766606648	-2.363740273725268	-1.1654131410645543	-2.447826935811307	-2.2473176421792127	0.0476194503543353	-0.940098666675106	-1.1033038723604678	-0.042270342802806	-1.3895296709955305	-0.7419546603724774	-1.1544795951016782	-1.1135398388057232	-0.2380843044498427	1.121478715198827	1.1259675309486277
BS_XGDPK33A	-0.4471393430061919	-0.5067066070204996	-0.370791755245268	-0.5533574431965678	-0.193332071894507	-0.2361880245977047	-0.1408734222202835	0.9749853212213222	-0.4079036002759198	-0.1585278138871224	-0.7745319388608707	1.115083198581264	0.06755664977326	-0.3758411871729064	-0.5043245057492713	-0.2105727543303327	-0.1420139649526557	0.3721348488869804	-0.5862735419452659	2.090523268872145	0.029975810922015	-0.5995708694470769	0.2886271491618637	0.3437860549858438	-1.235889112034636	0.3015317212852054	-0.9491688451650196	-0.3705265142012715	-0.529684711676394	-0.1629542501890383	-0.0744607699033669	1.0035897407255885	-0.5037118417935661	-0.1469264678091839	-0.033541907881888	-0.9354978702744224	-1.3961229206986885	0.1597602438022924	-0.7820185802176637	-0.7629415385731185	-0.93116181602	-1.2507098934843128	-0.6564594309148285	-1.7847818145585297	1.183149203514554	0.524985143753294
BS_XM1AHBDJ	0.9519231856867588	2.077193004415711	-0.370791755245268	0.5907879620537939	-0.193332071894507	-0.5378669516187132	-0.1408734222202835	0.1234892222783204	0.0798487047746707	-0.1585278138871224	-0.7745319388608707	1.151698326186513	1.811998735945972	-0.3758411871729064	-0.5043245057492713	-0.545084425213033	-0.1420139649526557	-0.3728630296807749	-0.1241178529037528	-0.6778638900370056	-0.3746095994758047	-0.5995708694470769	-1.2744980228495344	-1.0531174325410018	-1.542311744157308	-1.3161155893708	-1.0605094319987431	-1.1545566228333377	-0.7537079980280643	-0.959658409242082	-0.9626886670101948	-0.7314306213251002	-0.2955703844021979	-0.3351720759980606	-1.1244806435670052	-2.3172450863323646	-1.6765554238690672	-1.1353986858941274	-1.9840883993881504	-1.1106112462723987	-0.8016181687101503	-0.6991527548409311	-0.305741253824875	-1.0643773852397072	-0.761280493314952	0.4411793216358647
BS_XQ5SFW35	-0.0152470724958723	-0.235854147954771	-0.370791755245268	-0.2787633993775573	-0.193332071894507	-0.0250847374292353	-0.1408734222202835	-0.1919294779297116	0.1944609030964326	-0.1585278138871224	0.0684760668782039	-0.7995493862007931	-0.0935618286281327	-0.3758411871729064	-0.4632299989716902	0.3431597962875712	-0.1420139649526557	-0.3401778986461909	0.1513649992999788	-0.6778638900370056	-0.3746095994758047	2.687316257708748	0.7729332708019807	0.8431872760416602	0.626824982490158	0.7845418286826359	0.7563005072036351	1.195029097774965	0.6966888475526377	0.5789874852706197	0.0029549399625679	0.0687836616784926	-0.3291447375253243	-0.4153538869460585	-0.2328361318961429	0.1951357688144186	-0.0301857194533967	-0.6506448826373487	-0.0841813715541249	0.1370848949622932	-0.0216959379812413	-0.2148360735325959	-0.4452167199490083	1.26201013410012	-0.6108254280820095	0.8553887121524123
BS_XQXXBWPD	-0.1615411974736502	0.2266632173930645	-0.370791755245268	-0.1806527377664217	-0.193332071894507	0.1177508200954221	-0.1408734222202835	-0.8732878961687373	-0.1095317772709793	-0.1585278138871224	1.1395829460031786	-1.1167514489788015	-0.6117963073928216	-0.3758411871729064	0.4698226221791393	1.0176595490232423	-0.1420139649526557	-0.3093751148800354	0.4889155342506274	-0.6778638900370056	-0.3746095994758047	-0.2859484541475271	0.8213130609752436	0.7814716452550373	0.2896415064695171	0.8692201837187876	0.3587286729612601	0.719596500940797	0.6457534504048469	0.8032322874505199	0.5522347246427306	0.3404071355590565	0.8990681949101712	0.8305378859384853	0.8162552930846204	0.5396997960381451	0.5151399454778925	0.584046486600547	-0.2376306792993761	0.8032581769145681	0.8512356766723836	-0.0348109016476488	0.9542233771551684	0.4906125757992353	0.1619178509457391	-0.5793283103093412
BS_XYVCMF4A	-0.4471393430061919	6.645621097930183	-0.370791755245268	0.3495766127135223	-0.193332071894507	-1.4201809865395374	-0.1408734222202835	0.7384004907744596	-0.4079036002759198	-0.1585278138871224	-0.5144779894021373	-1.1167514489788015	3.313949186664389	-0.3758411871729064	-0.5043245057492713	-1.1159644368350743	-0.1420139649526557	-0.3728630296807749	-0.5862735419452659	-0.0934577239271937	-0.3162733135517523	-0.5995708694470769	-1.3551290400601828	-1.2659937753835353	-0.4323709357357815	-1.3337553800949258	-0.0043942843737197	-1.2525162132185623	-1.5336768188505427	-0.3228877131584494	-1.0764800406301425	-0.7968232441282319	-0.4637961970992834	-0.0785946437911758	-1.1980393672698226	-0.8801194002969834	-1.5526272583332936	-0.7257719036149903	-1.0733447939617975	-0.8910504955569738	0.5220514970795107	-0.9844251616824968	0.1741854176313145	0.1975106946124016	0.7924193886024482	-0.4005419550038644
BS_XZM79E42	0.0992421754430418	-0.1762157870070138	-0.370791755245268	-0.3561922477203277	-0.193332071894507	-0.0900976708226051	-0.1408734222202835	-0.9872668175857844	-0.4079036002759198	-0.1585278138871224	-0.1493618161715915	0.867586668256987	0.5180853336563441	-0.3758411871729064	-0.5043245057492713	0.1964360875103329	-0.1420139649526557	0.2655034808378969	-0.5862735419452659	0.2494760576733141	-0.3746095994758047	0.974658100785216	1.2313777977471272	1.2068236197601858	1.2746213716116257	1.199030679266027	1.159831608634395	1.2544949359551762	-0.2142831906847338	0.7689905227438408	-0.4197486323430447	-0.8897429465260582	0.5305572224112567	0.7039072560064826	0.4520686919588969	1.027068355817306	1.2533457379499855	0.3719037767668407	1.563001044964049	0.2368448560086069	0.4837296057286988	1.0235297020052805	-0.0825261491652894	2.033486693857473	0.3459970837375188	-0.2511183310176531
BS_YA0KMBRT	2.064337201608427	-0.4670119081586908	0.1528823715024019	-1.0254388333387716	0.2751277662293889	2.0919409111282063	-0.1408734222202835	-0.6573382589774686	3.596142279381318	-0.1585278138871224	-0.7745319388608707	3.0061415082839007	-1.2677694296379969	3.086098194891856	1.7131914030194282	-2.3216757974727766	-0.1420139649526557	1.8039089404558253	-0.5862735419452659	-0.4830204208832776	-0.3746095994758047	0.3317641522588025	-1.5292530535388005	-1.5201109046754473	-0.5439260970794212	-1.7013221044193567	-0.6031605718682838	-1.302681152503104	0.5311421502216055	-1.6318952084381533	0.37593172774369	1.104236926595011	-1.050104767762893	-1.6750558497245327	-1.199305085416515	0.9724906395792792	-0.846639941288975	-0.5495736331664589	0.2046522029311685	-0.796682744444693	-0.8122160438957272	-0.9100162849035476	-1.5436396936551366	-0.9843749809451966	0.2892300384708328	-0.0986395932940061
BS_YDEVMD24	-0.2926859309259121	-0.6068953102641258	-0.370791755245268	-0.6495847605062107	-0.193332071894507	0.0602345144766592	-0.1408734222202835	0.4282564003938121	-0.4079036002759198	-0.1585278138871224	-0.7745319388608707	1.2389290429573634	0.047125833663257	-0.3758411871729064	-0.5043245057492713	-0.2742219367017095	-0.1420139649526557	-0.3728630296807749	-0.5862735419452659	1.8939009470787027	-0.0924390588611396	0.0868609889585745	0.9696797499772756	0.9530422468144012	-0.7048441202076059	0.8414357250793744	-0.0511971165594915	0.2555247024081771	-1.0875138270905065	-0.3696741624652032	-1.5461497920993212	-1.0079856161894662	-1.2517591547906997	-0.8941145626878545	-0.6243202864932648	-1.3925639661462952	-0.1917606642739757	-0.2172211835731386	-0.2621434410720492	-1.5239181189641915	-1.128678095125574	-0.7105746955046217	-0.3665551578484671	-0.1075944650753724	-1.3274883593037885	1.0030598516856242
BS_YMKQT5V0	2.681553588959403	-0.6068953102641258	1.768676320327068	-0.643686793038198	1.862847266918742	0.2590024128781779	-0.1408734222202835	-0.7141598364816203	-0.4079036002759198	-0.1585278138871224	-0.7745319388608707	-0.6542651180293988	1.8607634787381229	-0.3758411871729064	-0.2693123892349313	-0.4245734965983231	-0.1420139649526557	-0.3728630296807749	-0.5862735419452659	-0.6778638900370056	0.5219196126606135	0.1443804110421397	0.7149834249329172	0.6471597411746629	1.1533861839655102	0.5759019010557931	1.1167115230273137	0.9080874874640412	0.3650715181871273	0.506896413068317	1.1818256450597375	1.5196405644128856	1.2750373602784315	1.2855832152626605	0.9292291613630654	-0.4315650503759549	1.350585681589154	1.2579392252254329	1.2458690347693189	1.0385812062047364	1.0791252564853424	2.0546046531300424	1.469101803034614	1.266366047617637	-0.4021596343951313	0.4210020021446854
BS_YR12D1ZY	1.371977133934262	-0.6068953102641258	-0.3659536623137071	-0.6053994426918422	-0.193332071894507	-1.10731449713689	-0.1408734222202835	1.19233501586665	-0.4079036002759198	-0.1585278138871224	-0.7745319388608707	0.1495537432859036	1.667120755053074	-0.3758411871729064	-0.5043245057492713	-0.3849548660519066	-0.1420139649526557	-0.3728630296807749	-0.5862735419452659	1.1114488934343023	1.843778389968355	-0.5995708694470769	0.2063639558350734	0.2160557224455268	0.591317090742776	0.1684852265410278	1.110075243120204	0.0423994129570218	-0.4061500536878983	0.0138394766019899	-0.3433743457143597	0.4638902502407274	0.7708589702824501	0.4387873861069099	0.3667395894119666	-0.3625601621598878	-0.1564322778433532	1.0951887908050228	-0.1829253029852689	-0.0925472990288568	0.5855585274283929	1.4032645937220822	0.8549909197547597	1.0216826509060517	1.110955371762455	1.3792900213490762
BS_YSZRQ95C	-0.075233324552979	-0.3016777491266433	3.019833240068348	-0.5861198494741129	-0.193332071894507	-1.2463194406907396	-0.1408734222202835	1.0310852219445907	-0.4079036002759198	-0.1585278138871224	-0.7745319388608707	0.0423689026232683	-0.8654018282455488	0.657841151237606	-0.3362948824039888	-0.4072781205577652	-0.1420139649526557	-0.3728630296807749	-0.5862735419452659	2.812722754583206	0.1592570217337747	-0.4556539922483525	-1.488154183068275	-1.409386653636042	0.0046268312380215	-1.4514379833890487	0.5744892241913564	-0.1885529337727232	-0.5361524606988614	-1.4048479719007614	-0.2403390478542854	-0.343686294139422	-0.136983264119388	-0.3036112078283686	0.5604551155191102	1.3530322855030894	0.5347903861052783	0.074872016746688	-0.4771761215811504	-0.0214351510128284	0.1071525672981819	-0.1083403340039083	0.5142091300073353	0.3818149312973552	0.8174633357493002	-0.4784219887769367
BS_YTWEM5SG	-0.4471393430061919	-0.0383443196745633	-0.370791755245268	-1.0021947620536134	-0.193332071894507	-1.1616891633559028	-0.1408734222202835	0.9896533358585524	-0.4079036002759198	-0.1585278138871224	-0.5104147879018608	-0.1199792530605633	1.5014986090055835	1.226113639428018	1.5243710876913754	0.0906553607854732	-0.1420139649526557	-0.3728630296807749	-0.5862735419452659	-0.6778638900370056	2.2042623217798245	-0.5995708694470769	1.077906858163291	1.0392250537644698	1.022968217775574	1.0788781822476905	1.6246161856373893	0.8596468422431407	0.323685090490638	0.3038840658653503	1.4723823827262563	1.6848826843442812	1.1933762658107148	1.1314910611960751	0.9792687385842958	0.2265801664230821	1.8054399816698363	1.630490035381072	0.907618146969164	0.982386146785204	0.7739223291021967	1.2852969012623916	1.177923806720838	1.443561757016176	1.327607784373681	1.6314358958668234
BS_YZ2QFDAN	-0.4471393430061919	-0.4743262607443501	-0.1854406836017235	-0.7188971560619393	-0.0826862763614743	-1.3495733740407343	-0.1408734222202835	-0.1333302603964864	-0.4079036002759198	-0.1585278138871224	-0.7745319388608707	1.531466987321905	-0.2921901624655256	-0.3758411871729064	-0.1439486942868011	0.7883451423443893	18.012150275727794	0.302111384816251	-0.5862735419452659	0.8944616426975065	-0.194488301202969	-0.4363373022674804	-1.537046503941543	-1.495204882958017	-0.3993185577046019	-1.3842513991147505	-0.0601951069062789	-0.8940494913206231	1.0897758222008456	-0.5173473614347317	0.7044223042529526	1.5685861505373828	0.311167185022558	-0.3813756927998983	-0.1106687792089643	-0.8673749977466466	-1.857764620905698	0.1664969058819196	-1.3616065138633455	0.1811391901943401	0.6565703241807762	-0.3026595822490238	0.345696832396747	-0.3004486576756808	1.0946645036045928	0.4797475435984286
BS_Z0ZPD9S9	0.4719339251596391	-0.6068953102641258	-0.370791755245268	-0.6536669218169338	-0.193332071894507	0.1657791404031746	-0.1408734222202835	-0.7758222190130875	0.0586496068356452	-0.1585278138871224	1.1253123485575545	-0.7665314140959757	-0.6175473499197582	-0.3758411871729064	-0.5043245057492713	1.3536817395758938	-0.1420139649526557	-0.3712472935949357	0.044698920416254	-0.6778638900370056	-0.3746095994758047	-0.2799768630390972	0.6960576921738924	0.6994364338101972	0.4754754102144824	0.6986031230531248	0.8381933890498193	0.8161621576926883	-0.5093812998272673	0.5461021342970634	0.3369290548303614	0.672548378200105	0.6545103940299903	0.4106365953310125	0.4246173527784923	-0.8326751743711782	-0.1773423569585157	0.5252218533350997	-0.0800314409166956	0.4794986443437166	0.5356946202696137	0.0379651118887861	0.18678782879027	0.7428951475197937	1.2780054254228517	0.0920288791779113
BS_Z3RCA1T9	-0.4471393430061919	-0.4901155328008585	-0.370791755245268	-0.7750025498569667	-0.193332071894507	-0.2623348370263955	-0.1408734222202835	0.4242623484450158	-0.4079036002759198	-0.1585278138871224	-0.7745319388608707	0.8199018122452779	0.7890891675112078	-0.3758411871729064	-0.2767052576295544	-0.0814252749932617	-0.1420139649526557	-0.3445634301342901	-0.5862735419452659	1.2745204924476958	-0.2488822995145032	0.2788355195838876	0.3974889043698086	0.3947145115741465	-0.3524929845960403	0.3679603538706094	0.1666861495928561	0.3861674904921122	0.2578074498760266	-0.1853679340481875	1.373846197195526	1.6845533076081007	0.3248217522342413	-0.1039613181940387	0.7996152040570286	-0.7916378895828706	-0.3630965115759713	0.8319997980359206	-0.9214654269714398	0.3974489271588278	0.4507406978526749	-1.2876344765927057	-0.9482677870180996	0.1701350971227892	1.5972012745157511	0.3269752794268235
BS_Z8F3GM85	-0.4471393430061919	-0.2938504307078489	-0.370791755245268	-1.0254388333387716	-0.193332071894507	-1.1032304537179292	-0.1408734222202835	-0.6955863043957768	-0.4079036002759198	-0.1585278138871224	-0.1790083444363369	-1.1167514489788015	-1.4276444028485284	1.5553260125173327	1.2096167827177489	2.116010915562576	-0.1420139649526557	-0.3728630296807749	-0.0756308048683527	-0.6778638900370056	-0.3746095994758047	-0.3356254935922635	1.2799746871233777	1.208025314769836	0.4122241745732372	1.1431686499282394	-0.0241792540062476	0.7820161019233993	1.3669075324548752	0.3575944439942115	1.2073049528529538	1.3520090272834415	-0.5140398068206333	-0.228848918855357	-0.1313547418495283	0.6114437949534828	0.6868170967498874	0.0116326982753294	0.9895545702426384	0.098237767643624	-0.5229405064637372	0.034813301287647	-0.8519352120099337	0.1974390665758965	1.3811657615674244	-1.0194885253191113
BS_ZD5HN296	-0.4471393430061919	0.8917525271810456	-0.370791755245268	0.0203527653518058	-0.193332071894507	0.2776219772722633	-0.1408734222202835	-0.4265227518577103	-0.4079036002759198	-0.1585278138871224	-0.7745319388608707	1.58982478279128	-0.4711700499983889	-0.3758411871729064	-0.0944676944255138	-0.4873352108393119	0.0526627526629476	-0.2250445739729775	-0.5862735419452659	1.956169323863932	0.4265984004911504	-0.2959588196704509	1.3325183977656712	1.249888209512756	1.0504323458316298	1.2333703242761251	1.3625721350716722	1.5640287922226632	0.6930019877751543	0.9506363121917324	1.0289318266411756	0.3645598968073064	1.4787601631760448	1.6878948586166949	1.8654158277669888	0.6524367423210907	2.1487840094351345	1.9945186334519691	1.499531185416155	1.448087712640307	1.39331385471225	1.8709493316512105	1.901880467548802	0.6957233330071619	0.4038939544456846	-0.0557587359027063
BS_ZF6BSFNF	-0.4471393430061919	0.3238498448720148	-0.2689196936208091	-0.5242271074029524	-0.193332071894507	0.2588926087115096	-0.1408734222202835	-0.776174690669879	-0.4079036002759198	-0.1585278138871224	-0.7429301202552875	0.7466272554867972	3.151267597871581	-0.3758411871729064	-0.5043245057492713	-0.9826536017238237	-0.1420139649526557	0.1522876479430135	-0.5862735419452659	0.113166181234534	0.962567155897696	-0.5995708694470769	1.1497235687758147	1.1842117021324865	-0.7194898042344782	1.092449064090731	-0.1993521922408144	-0.0178364722071015	-0.9652415033619094	0.1607999455992119	-0.4378956437973724	0.5716395862464912	-0.3805659510527385	-0.0327720035541777	-0.4605844873854674	-1.4613946666102848	-0.2566169004818469	-0.4563188893490673	-1.1576807009996146	-0.6095855384229981	-0.5313848939908405	-0.6550169181581682	-0.2595585620949162	0.1463370409111431	0.2410392233161045	0.752277034195728
BS_ZM97KKXE	-0.4471393430061919	-0.0872949571642093	-0.370791755245268	0.6409835683196538	-0.193332071894507	-1.2829979047321989	-0.1408734222202835	0.3537441086003746	-0.4079036002759198	-0.1585278138871224	-0.7745319388608707	0.7296902297410675	0.8443517557699637	-0.3758411871729064	1.8781998610099293	0.8364356530255067	-0.1420139649526557	-0.3728630296807749	-0.5862735419452659	-0.2036369384163801	-0.3746095994758047	-0.4995772470747601	0.3866489119707078	0.4080184628248048	-0.1241906491421799	0.5927203417031652	0.0184564930943099	0.3041153094206307	0.8449193649476041	0.4766380835628783	1.0301371074005503	1.5356837304642	0.6157914125853655	0.5040007749006828	0.8672152906359206	-0.7823090363450242	-0.884582623566829	0.6170433673727186	-0.7342151789500738	0.8455818623584528	0.8733344011983005	0.2563011160383914	0.4855400675908058	0.0868078666208789	1.23981629958535	0.6254828345788022
BS_ZV1P6W9C	-0.3999136826634543	-0.3762714092764159	-0.370791755245268	-0.4580853639785925	-0.193332071894507	1.9192735746418148	-0.1408734222202835	-0.1785868184779661	0.2706612268619011	-0.1585278138871224	2.0580973826269706	0.1779657211458299	-0.3455419547597828	-0.3758411871729064	-0.5043245057492713	-0.8013959255524784	-0.1420139649526557	-0.3600774223864957	1.0261526408510062	-0.6778638900370056	-0.3746095994758047	-0.1455656804525714	-0.4222703011115831	-0.3636213511344054	0.0170796686721294	-0.5466195999205989	-0.3148752410570312	-1.0953845137633518	-0.3217447955437888	-0.1702262404176844	-1.0511452232527931	-0.5333809280778355	-1.791132330043388	-1.2083426714009178	-2.251298581692394	-1.8510108529453504	-0.4155065180794317	-1.259423720800637	0.0423456939762497	-1.426858311486474	-1.097339884767188	-1.0902286354206616	-1.9189289024906573	-0.5492347607799479	-1.4483789553761732	-1.031684145536151
BS_ZVM8CAB0	-0.2560104843578477	-0.6068953102641258	-0.3482696493934075	0.3262015966331911	-0.193332071894507	-0.084888359270709	-0.1408734222202835	-0.7509113703018075	-0.4079036002759198	-0.1585278138871224	0.4161426857639196	0.2986851452795377	0.0763326593248738	-0.3758411871729064	-0.0356953991506892	0.6222590672008557	-0.1420139649526557	5.335364080114961	-0.3435184110474687	-0.6778638900370056	0.015919832126743	-0.2121957694256109	0.8343807248023004	0.8169866195477427	1.278942623400796	0.8955538819764501	1.2292533484998158	1.027709238542722	2.069510611498179	1.0011328266369317	3.0467299897861086	1.905456014587164	1.403288773563586	1.421960949154211	1.7570650765873517	1.550993116658601	2.0608573978260525	1.9087019289899625	1.461469761645776	1.9532655565126016	2.2423171458306794	1.3258070851579355	1.9130134831043453	0.9073300442957476	0.6813358128917799	-0.7308789044262786
BS_ZZWMD6FA	-0.4471393430061919	0.9470712164380988	-0.2626684894791981	0.4611058690335008	-0.193332071894507	0.6861254080033977	-0.1408734222202835	-0.5033074465594328	-0.1311285683171533	-0.1585278138871224	0.9542813531047292	-0.4015396087585033	-0.7699377685359877	-0.3758411871729064	-0.4962526112405002	0.7873530700483473	-0.1420139649526557	-0.121331314162526	-0.5227995527336293	-0.6778638900370056	-0.3746095994758047	-0.1816930769068296	1.0001986622564594	1.0190018356410206	0.2738418149839065	0.9478203815228672	0.0893962071244225	0.7801356182806638	0.3613574484174658	0.9265785301232998	0.2874780366248399	0.1340543338274337	0.2544272711647339	-0.4471531495385156	0.7423348531473625	1.08557392808617	0.8321586051809825	0.521858643867545	0.4693179052287018	0.4048921777817075	0.3066995396815959	0.7234689819329976	-0.5230053591649243	-0.287304462028352	-0.5726825229235238	0.8196206250541819
