Kids_First_Biospecimen_ID	B cell	Macrophage M1	Macrophage M2	Monocyte	Neutrophil	NK cell	T cell CD4+ (non-regulatory)	T cell CD8+	T cell regulatory (Tregs)	Myeloid dendritic cell	Chemokine_T_Cell_Recruitment	DAM_KerenShaul2017	Dendritic_Cell_Activation	Glioma_Inflammatory_Wang2017	IFN_Alpha_Response	IFN_Gamma_Response	M1_Macrophage	M2_Macrophage	MAPK_Activity	MDM_Klemm2020	MHC_Class_I	MHC_Class_II	MgTAM_Antunes2021	Microglia_Core_Homeostatic	Microglia_Klemm2020	MoTAM_Antunes2021	NK_Cell_Activity	Neutrophil_Activation	TGFb_Immunosuppression
BS_00FD2KMP	0.8575647538564198	-0.4280160340477612	-0.704462945186564	0.7982330968940466	-0.13094102753256143	-0.20217763852927975	-0.5535692450135093	-0.21095384007525453	-0.6630999704832219	-0.7712104221092442	-0.46092642822145835	-0.862803215555819	-0.3069887323079455	-1.05916263716441	-1.0388862674464447	-0.8009776444328947	-0.37254827693495585	0.3464442304231237	-1.493792724703737	-0.7889966118389541	-1.2271413022363342	-0.9698427822166752	-0.08143577678166024	0.021904455145746512	-0.1529179607048202	-1.3133912368925138	-0.39609651930503564	-0.39744098962366836	0.08518080954238903
BS_028YFYJ6	-0.26538977591021956	-0.4280160340477612	0.29763034140513905	2.2041107998549156	-0.13094102753256143	-0.14464377640780066	-0.5535692450135093	-0.21095384007525453	-0.6630999704832219	-0.9813776759291155	-1.324525743988239	1.0652154742707565	-0.17801602200233935	-0.3469207384201265	-0.3189062729146491	-0.3409596184994422	-0.5928176283086786	0.31356615437769586	0.05422236658792444	0.7127002895621135	-0.7675899830620967	0.8358576125793653	-0.4954901286853254	-0.48941219289808435	-0.31754815658088775	0.20138544776896902	-0.4155748468335737	0.7390063093382881	-0.19134745475260845
BS_052PZFMK	-0.30535375479154814	-0.4280160340477612	-0.704462945186564	-0.46888847165751063	-0.13094102753256143	-0.7961064701199806	0.06518995019150817	-0.21095384007525453	0.2267805635215055	-0.6183688086321126	-0.8742422676202773	-1.845907223009737	-0.28376048477369503	-1.0500862441910788	-1.3146361712899006	-1.0182662315202806	-1.120672751359556	-1.4770502412799646	-2.0668430581420005	-0.8800333390350379	0.306997034323159	-1.0369907968631442	-1.2277093451216297	-1.4140892413798458	-1.6516240313436517	-1.175527524479519	-1.5036220450601052	-0.25991275656106627	-0.1488286755565688
BS_056Q8577	1.7992934602273967	-0.4280160340477612	0.07233994068960041	0.6592387022660081	-0.13094102753256143	1.2289298108261921	-0.5535692450135093	-0.21095384007525453	0.28972550340634956	0.37063120555053125	0.35093654584230194	-0.6998479302598112	0.9062613013206323	-0.2918158657357339	0.9134771436574316	1.047737763758364	1.5917222002712028	-0.35895074344118155	-0.4411592733500067	-0.40634986821613245	-0.3683324579094706	-0.4569349641863214	0.4474357599285436	0.26117419314083	0.1556841162065976	-0.3863372448672126	-0.6426405371098209	-0.5068030703255827	1.3093788865650915
BS_08ST21QE	-0.5814629243274261	0.11039758767361364	0.758307752201518	-0.9726412122273604	0.641349493738245	-0.9905268765034877	-0.5535692450135093	-0.21095384007525453	-0.6630999704832219	-0.42770054857916895	0.03166467468128915	1.1384991992688425	8.242034939153758e-06	-0.038404797847318636	0.6680828803033193	0.28306097454180734	-0.6006166076426218	0.9389644080380977	-0.9867764861189788	1.0779868920585896	0.039286075185198076	1.082965541363298	0.015070889647936401	0.15876245055638075	0.16399790319757146	1.0453495379080444	0.22866196241471032	-0.35007720573781437	-1.0124753244577696
BS_0C7VZC0A	-0.22658993800930644	-0.40848935244547196	-0.31727193051676783	-0.9726412122273604	-0.13094102753256143	-0.774189262443703	-0.5535692450135093	-0.21095384007525453	-0.6630999704832219	0.3314675344101021	-0.8730706555921282	0.5714239922866416	-0.9290907675071274	-1.0224296226971064	-0.7391832420990443	-0.9197606183336321	-1.3496274511299298	0.43601216631218687	0.6870399240357079	-0.4066049041433702	0.0675734389451699	0.5013522108643703	0.4093386166607886	0.5787552970947623	0.6241085964129893	-0.4301781220352306	-0.19103026313588964	0.03257750287717829	-0.21627290448657482
BS_0S8E7590	0.25267443312688725	0.8954509187854588	-0.5722748184861314	0.20357393598883836	-0.05627177413583665	1.2037585424438229	3.0821056950815597	-0.21095384007525453	2.203601248376561	0.6047657331398032	1.1472177914537418	0.4901889242554932	1.1687661418493898	1.4054394377837403	0.6330861864187654	1.7337296479288034	1.6232367474412008	0.7892597362428042	1.2493096362976934	0.7959496526825021	0.4852718461541229	0.848948063651389	-0.48231183404688727	-0.5136935574308394	-0.6403854508997973	0.869074393581457	0.4586205203613461	1.6056573520636765	1.8535291839796337
BS_0VXZCRJS	-0.2059308400766576	-0.4280160340477612	-0.4591331044547477	-0.9726412122273604	-0.13094102753256143	-0.5512191460510059	0.8959303096713731	-0.21095384007525453	-0.28376147934241025	6.265216831066298	0.025754945826041188	0.2660545553163935	-0.4485622701906437	0.11678589139748366	-1.117068311532686	-0.2531525326993054	0.17285959610778398	-0.9063566884292339	0.973096711133756	-0.4856525047078524	0.3587494162535786	0.6691552797694729	0.22953514870934105	0.17242124438709042	0.22120211893463712	-0.1623494970586009	-0.34038377068419545	-0.1799017411277878	-0.004362982495678925
BS_0XEBS3PG	0.6979477875079596	-0.4280160340477612	-0.704462945186564	2.224352430966464	-0.13094102753256143	1.290925557911306	-0.5535692450135093	-0.21095384007525453	0.9288712833473737	-0.3417377719994584	-0.7605580975966295	-2.086747257442757	-0.5865224828690332	-0.5445215948319511	-0.84391722890058	-1.4481188387574768	-1.720380529544842	-0.5314047563002134	-0.9275466336730311	-1.1201731482187276	-1.6770253751806379	-2.237441323686062	0.37045812970384545	0.4855406211543493	0.586941250528445	-1.3696261755940031	-0.5893310423204988	-0.8121382652890405	-1.2480540451873543
BS_0ZA67BBC	-0.16651973826173333	-0.33648918326111	-0.540131561470471	1.863748450493159	-0.13094102753256143	0.6392013176498994	-0.5535692450135093	-0.21095384007525453	-0.3679072458590335	-0.48277460383377474	-1.0122350210532085	-0.5164721542325035	-0.1477389723510442	-1.090304833762844	-0.5234673934709946	-1.4429682091368166	-0.666890299579212	-0.5389070617573803	-0.9594953576098195	-0.6922971729983218	-0.8315816936160666	-1.1333880646071994	0.9308693777729584	0.9831499345837811	1.0219246243576259	-0.20705868566562805	-0.4366178002149343	0.3082348902291862	-0.6030830456940672
BS_12G04QJM	-0.5329651007302529	-0.4280160340477612	-0.5886456032750381	-0.9726412122273604	-0.13094102753256143	-0.4433160447103065	0.8480853977587515	-0.21095384007525453	0.8190827130960946	0.7967079350690344	-1.0695310843156733	-1.6096230950004229	-3.2543162549675833	-1.7275174325338214	1.0355492523592955	0.2627038212657604	-1.5174229171158111	-1.4859915885645358	1.5149823867726513	-1.046593094302339	0.12712399943328237	-0.9079489592911197	-0.7582477867370245	-0.8792453180139725	-0.931128450080996	-1.4941676343816173	-2.070064253698405	-2.1488542222833398	-2.420300026104201
BS_17ZSMXFH	1.0261327163252678	-0.4280160340477612	-0.704462945186564	0.8692666869560205	-0.13094102753256143	1.1036490082100208	-0.5535692450135093	-0.21095384007525453	-0.6630999704832219	-0.03468837015369479	-0.1533474860417595	-1.5109352098769309	0.3192767447991909	-0.08378851312136026	-0.40082116660640676	-0.3333658663104851	-1.0361643322668512	-0.8527449587618878	0.9937268321085662	-1.06639884145618	-0.15194115571151498	-1.7667907718578915	-0.4298908301489235	-0.46213368389259757	-0.5654375163255299	-1.0409198208869161	-0.7809848315552406	-0.49164899851016836	0.18893978798004898
BS_1A6MQ9ZA	-0.4790756551874293	-0.34871319981267457	-0.5561164564425827	-0.8455196483211203	-0.13094102753256143	-0.7360421171082739	-0.5508976139911387	-0.21095384007525453	0.08938102279749562	-0.22465105067401342	-0.18677525231962316	-0.11845403074324437	-0.6899238499204572	-1.1412595708492965	1.3065059528335679	0.7185344988355338	0.3587283483137579	-0.3398982090504105	1.477517576376635	0.5163832648784491	0.47542275337756196	-0.010915643544656834	-0.3332872365155578	-0.45963458133283763	-0.5315810908297349	0.5488916684046999	-0.9760799779275057	1.07258817488527	0.0716608820025608
BS_1D93Z575	-0.3573555503042874	-0.19907830184845424	0.006678053860846981	-0.9726412122273604	-0.13094102753256143	-0.5823519887422074	1.249303445069342	-0.21095384007525453	0.27485206510106663	1.6255739200371182	-0.4380281417243234	0.6380611612549766	-0.578192290317156	0.022065669326964757	-0.8373162896557756	-0.8402603511827462	-0.22431919258733413	0.3019834793964093	0.7664312012175777	0.49814676215511355	0.6770681069736213	0.4540017149296032	-0.3870081850544604	-0.48732098583437694	-0.35457603686386063	0.7437924071686982	-0.18869741304399112	0.5075380791600481	-0.6962729360072408
BS_1EN5V3XW	-0.46434724636399133	-0.4280160340477612	-0.704462945186564	0.4634790755806316	-0.13094102753256143	-0.035084960284062355	0.805546070378329	-0.21095384007525453	0.29636655842955273	-0.7703925317412896	-0.2628766349461117	-1.8038929250406484	-0.11250213903303662	-0.8924142659581731	-1.156191936077019	-0.8686890690896144	-1.2578873093819318	-0.8993344712708298	-1.2046868977764547	-0.849000044170655	0.2126252381110731	-0.12809013331548683	-0.7348867997958693	-0.7246846221221225	-0.7847333829301705	-1.0143421477591266	-1.6032214195629508	-1.1148314916920319	-1.0497061838355386
BS_223BM91B	-0.17371635692357656	0.5964165027148424	1.1748075757494034	-0.7975524351343123	-0.13094102753256143	-0.5593671977991405	-0.5535692450135093	2.4288119609427943	-0.27148086990908094	0.8952416562876582	0.4937887549396408	0.9797166311477049	0.8245422250449365	1.0514617933295576	0.8557055813872306	1.142111988080192	1.1023153062689324	0.44418268570297276	0.41070361814164574	1.1866516336640467	0.2046538229825476	1.219993928155482	0.05989439626376641	0.1093797359485205	0.17470841577789117	1.3001114096712134	1.1850663394993417	0.43098208168394386	1.4149260638910823
BS_25HNKZ79	-0.44096019807473924	-0.2855605313353943	1.5108296817723208	-0.9726412122273604	-0.13094102753256143	-0.04554734057421261	1.5541482831647067	-0.21095384007525453	-0.4473406464799149	0.5362427989062671	0.8510786437012943	1.1417546120481874	0.8286546193990966	0.81153795983301	0.3951448528481148	0.633623929060495	0.7417788202164867	0.7906688784913092	1.4423820622881673	1.2578846788788332	0.5453397747666614	1.0525463971952602	0.559493860247872	0.5052484902899174	0.6203005465698401	0.9723511719625467	1.409829445255594	1.5751720835288567	1.1871555626321029
BS_2853394H	0.7371397026478649	-0.4280160340477612	-0.5651415735956519	-0.8638930737899084	-0.13094102753256143	-0.20093177223200243	-0.5535692450135093	-0.21095384007525453	-0.6630999704832219	-0.41639847914919703	-3.21218337202908	-2.538882612493957	-2.0673282875695684	-2.6213175354188527	-1.4309729155416542	-2.781642028943826	-1.3774711179690462	-1.827561791074435	-3.094282369703024	-1.9043411978034501	-0.7921892398984454	-1.4301221181565396	-0.5737396718527576	-0.537432102409393	-0.747579878389661	-2.2708692469411034	-2.6469150734982727	-0.6203999788484019	-1.054984002992389
BS_297H8BT4	-0.6316491914888501	1.3278088605555123	-0.3770903880863767	-0.9726412122273604	-0.13094102753256143	-0.20595550406444377	0.8644787527544523	-0.21095384007525453	0.6657563796204634	2.755572418521802	-0.03866908095631443	0.2762346956610587	0.5158760448605171	0.21984799176804215	-0.4972935114136474	0.2757673776713393	0.7594361627308153	0.2847269841796156	1.5553665868637445	0.8072538703024487	0.2838820312523007	0.2971697589852251	0.2558153833433721	0.008413160555650175	0.09140747056975558	1.0070737659776798	0.7767209137914636	-0.23878958137973702	-0.38466428231089406
BS_29X4ZX6Q	-0.4391237109639704	-0.4280160340477612	-0.704462945186564	-0.12694796633132507	-0.13094102753256143	-0.682507184358682	-0.43445188923469297	-0.21095384007525453	-0.4426544284747897	-0.7224267781901443	-0.504141632514314	-0.3537131800942137	-0.1696532293559779	-0.08791496594706559	-1.358543629073513	-0.6899305455122328	-0.812498832444895	-0.2317320841639669	0.9534983233402009	-0.25220782828776533	-0.18596311414658942	-0.8619447326376545	-0.6499829289968737	-0.7333250411104373	-0.6868445316816253	-0.7556262869430759	-0.35072694176077385	-0.8546405924247976	-0.8709654097661813
BS_2A5R9MEJ	-0.34056805617264324	-0.4280160340477612	-0.704462945186564	-0.26195269431401125	-0.13094102753256143	-0.8201046461328428	-0.3091617056271685	-0.21095384007525453	-0.5297417595896086	-0.9318376811805267	-0.9562430026453287	-0.5028640293816652	-0.9174125517348305	-0.6227297594423329	0.19341959558669133	0.019394015285058117	-0.5773398778375689	-1.308929918577437	-0.8019575124655376	-1.8340741450638185	-0.25438774419242355	-0.04654381424066087	0.3068746059949182	0.32286309674712244	0.31506049300185346	-1.7440852141455916	-0.17071124332525395	-0.4820646355455471	-1.5399189021969608
BS_2ARXK0TD	1.7080403464512979	-0.4280160340477612	0.45032147390998006	0.6561849647273449	-0.13094102753256143	2.59615734932829	4.023259864324043	-0.21095384007525453	2.164656383727977	1.4455172908793967	0.7882425725290173	0.3045621431302856	0.6975057256659936	0.9018480130264902	0.07551641269208312	0.6206071876929772	0.9610395663988177	1.3987154693847559	0.6723366824027166	0.8051606536198256	0.10591101374632896	0.44911152442181523	0.5084751478998281	0.5120283177577493	0.39449173997184145	0.7363748233240924	0.6855781268971849	1.1158769338359116	1.678064758754611
BS_2AV1H5TV	-0.4784078263565613	-0.4280160340477612	-0.6753743105516137	-0.3413981703821456	-0.13094102753256143	-0.8045233804343022	-0.5535692450135093	-0.21095384007525453	-0.16563835369362756	-0.7051685819559308	-1.77038253768545	0.3948336958259685	-2.275930439918355	-0.7644906335319167	-0.38280660527942373	-1.8910016306596038	-1.6000887774704875	-1.2417302720934869	0.37849060439933724	-0.6962482402104943	-1.3089945206970222	-0.5137595352821568	-0.2465058379134839	-0.26871740677108213	-0.19537586538174084	-0.028625578803937655	-0.6108899319800276	-0.5215752932052531	-2.6866266214195
BS_2DMBCHNF	-0.5203538251145653	1.2310334761952988	0.157203704868508	-0.9726412122273604	0.41464123775055955	-0.7864424039613465	-0.15059018429345045	-0.21095384007525453	0.6918391042991404	-0.6190698660713284	1.280112304354793	0.8424459970358431	0.22453930107126183	1.4893463378367124	0.1784120828712577	1.1960305602999513	1.5281957447196393	-0.10552170537988638	1.5828875154083397	1.3812851467222471	1.3944659573324247	0.813795399566744	0.16818915993649122	0.03235129379419546	0.15660042037318103	1.3273854757555141	2.1303831121222534	0.92557445971456	0.6906704975148836
BS_2EN3X6HB	-0.5694005170087693	-0.4280160340477612	-0.17382679432000608	-0.9726412122273604	-0.13094102753256143	-0.7118317658019627	-0.5535692450135093	-0.21095384007525453	-0.5717221489342869	1.5850724401275642	0.7632832413969081	0.38555912859414554	0.34632854837914145	0.2070662216258273	-0.32103271429887814	0.17836005736898514	0.017510676225880234	0.7082977340350833	1.1880828701538224	0.8889772551394901	0.4138970781787444	0.973916415052513	0.7390754602244326	0.6737048740252085	0.6268919539671075	0.6298886684554835	0.4141187857637553	-0.20357024468067408	0.32679422070751285
BS_2FEZWH1F	-0.1849088429984336	0.7798269070991828	0.9643511387276267	-0.34393395883967404	-0.13094102753256143	-0.5249330917418584	0.2118013222411378	-0.21095384007525453	-0.46163847976869055	0.34740379510498715	1.3154002416951185	1.567770583968143	1.2753711287498664	1.3077274392675287	0.6443519305674804	0.9003134888989099	1.118806809491083	0.6334304772792878	0.43276301824383384	1.4393752293213498	1.0821929254440896	1.5312319805826218	0.152091754415693	0.08077000030566088	0.15971085478548266	1.5154083223455905	1.875902399173337	1.3669384353451794	0.8839351297944317
BS_2HNXVFAS	-0.1266940416142552	-0.28776044646753707	-0.4597377187196909	-0.3611862984430978	-0.13094102753256143	-0.37073850805924774	-0.351794136228739	-0.21095384007525453	0.14075763166441427	-0.4266309257461987	-0.13122575236343267	-0.14239377417209007	-0.10737246215494158	-0.025525744576594837	0.5866355178841858	0.056096554485718146	-0.7227826985024431	0.48727198665970306	0.5514577817964055	0.28075602041461456	0.6748179191331236	0.1466145691821169	-0.06108125920848286	-0.1400874331972144	-0.08108443947056208	-0.29444870791339545	-0.008071735680893142	-0.12437762838550329	-0.24323663361448414
BS_2JH1QMT1	-0.5431837117537986	-0.4280160340477612	-0.3998132186562026	1.4941579358344714	-0.13094102753256143	0.20244602037077006	-0.5535692450135093	-0.21095384007525453	-0.6630999704832219	-0.397830699111564	-0.856777736998095	-0.009563992304460317	-0.20312481899493046	-0.39518863641671953	0.7220971785360499	-0.5029871202495821	-0.4821916462910436	-0.15849326476759185	-0.09269457605516868	-1.2123583960862399	0.7182899856688504	0.42103536265150826	0.9204518580381995	0.9194092353097538	0.9575336724330108	-1.0782228250791113	-0.7210211469387355	-0.728058364334337	-0.6634169358302692
BS_2JP7RBMB	-0.17807975073234608	-0.4280160340477612	0.48327884532640075	-0.08932040996802053	-0.13094102753256143	1.1526238448850594	-0.5535692450135093	-0.21095384007525453	-0.26700750711218674	0.6051267376698264	-0.1255360908016336	0.31128743448049295	-0.25905036984483654	0.37119194610342443	-1.0802438903985687	-0.32979177358613404	0.08143844909539076	0.17993876872034084	-0.8402464168958925	-0.3601053436368536	-1.1955152144728214	-0.1571791484917489	0.7239330817545211	0.74136426640343	0.8214668883285827	-0.13420860659301603	1.2315868378424997	-0.09630666456036206	0.32769806221918524
BS_2K01T8K6	1.2075389719490974	0.7725333331263046	0.08100484756109352	1.4799168553714308	-0.13094102753256143	1.916151665005876	1.9822243031741176	-0.21095384007525453	1.8463550648392042	0.5199897477417992	0.625171722007181	0.8139831244225273	0.2949493962746228	0.6265949457253981	0.3603910858659505	0.5461259456110757	0.5965699873911527	0.7588678666875439	0.9453999062818705	0.998938312318692	0.5491443631265241	-0.21785288374229028	0.12004853916685745	0.10504310178174019	0.09958864541634961	0.9361199910999459	0.5195871799224066	1.1424020960577597	1.2754650693299148
BS_2PDS3MSS	-0.2150293282396789	-0.4280160340477612	0.6862503348104764	0.7536516037662273	-0.13094102753256143	-0.4609936178292208	-0.5535692450135093	7.086185266718374	-0.27696234541994874	-0.5551452138385048	0.4502476209901595	0.98088739325931	0.4725277728470872	1.3480965944907572	0.9753137711120341	0.9001804776097747	0.6733879230174958	0.034859459044079395	-0.7984293233021049	0.7364133068993969	0.7494682147564303	1.0846508618540622	-0.13414205213005928	-0.062032743107032516	-0.005753875704749855	0.861243184601317	0.24195896659707766	0.47906963068114583	0.10094304152128405
BS_2T5PJAW8	-0.40430650276221425	-0.4280160340477612	-0.49725910085210334	0.5019811969525121	-0.13094102753256143	0.05675140921714477	-0.5535692450135093	-0.21095384007525453	-0.6630999704832219	-0.5033920335701647	0.33974952737402475	-0.33711684143308873	0.38529026557947627	0.3944364196475967	0.43787046252364	-0.0026373298762378317	0.21463324227442748	0.321310771449706	-0.6399501205038768	0.2510496769062091	-0.5628103111968773	0.528127878193018	0.806331121707614	0.8584210631017891	0.8890033901798335	0.5106827637626807	-0.7081774693521062	0.9436334029361946	0.37183797626848497
BS_2WANPFBJ	-0.1713827699073117	0.5338297691791568	0.18219701339377678	-0.8800298572653895	-0.13094102753256143	-0.4086791428347523	0.390759028381631	-0.21095384007525453	0.0344735799873475	1.1920107780234055	0.001506692416622566	1.3772741850932089	0.8261208234958328	0.9956671004901593	-0.665802783283497	0.35526798194406556	0.3950880035150904	0.1039805634807004	-0.012588723335151097	1.146429930042109	0.4437247829545193	0.8854007400441211	-0.4636846329331055	-0.4862459655206171	-0.42369739441608584	0.9613495433362592	1.0017073411234234	0.21069493423002925	-0.15924657379514903
BS_30F3Z9FS	0.9895120349886953	-0.4280160340477612	1.181390422360749	-0.3248706685804568	-0.13094102753256143	2.6517474204457354	-0.5535692450135093	-0.21095384007525453	1.1742176882582032	1.6093380262239965	0.563265086005969	0.6540793905208148	0.8266848811416192	0.37886842250377567	1.625360245014408	0.8837330875924807	0.6358616329067082	0.009745204479913887	0.047099849489885395	-0.29911963908400035	0.18230814086715932	0.39314782758187733	0.7731869039123423	0.6449553185443709	0.6167071789062567	-0.173797112176477	0.3769308029772568	-0.7912929021203868	-0.30595187790689365
BS_30VC3R2Q	-0.22636586988507448	-0.4280160340477612	-0.42348885354607974	-0.9726412122273604	-0.13094102753256143	-0.6762319903350738	-0.17210675267397418	-0.21095384007525453	-0.4639201621490368	0.8011736770619935	-0.13512505544312714	0.34959152758533485	-1.303735574484091	-0.29264882358560007	-1.1529844874728867	-0.8993154629447202	-0.3205468576137529	0.558875908324437	1.2200424520379352	0.38336820355986734	-0.16564160351943538	-0.4186857078269741	0.24680560624321934	0.36416745038967574	0.3942216771471005	0.6727116626435792	0.0029029279625843785	0.09911570846143092	-0.21550717348440993
BS_30YWQ3FY	1.0596131852523754	-0.4280160340477612	0.7046594519139722	-0.49568414089094676	5.925842673533884	0.6253474270638018	1.2689902707022997	-0.21095384007525453	0.9307140154661118	0.24454962923975637	0.3183349587038351	0.353395389827702	0.38264695273130694	0.17396687757953458	-1.1393029353499535	-1.2624521610212711	0.615255443225075	0.48058550831330843	0.017136219361465112	1.005592689851132	-2.0191629201103605	-0.07150771707722893	0.5958749274592183	0.4878881284583108	0.36203350593934636	1.043930551603664	-0.7805767444250883	1.3944436121416022	0.2166686610216416
BS_31MBRWC4	1.2288935598096484	-0.10535166983425111	0.47771056944513496	-0.9726412122273604	-0.13094102753256143	1.870259844545182	3.116420810002682	-0.21095384007525453	2.934380087271279	2.2024913783038698	0.8691778268398965	0.468776633990434	-0.022035935418110154	1.0361496919281483	-0.9889546097622381	0.38493847468464987	1.0148879217858178	0.9929848326976972	1.3544795652991999	0.4206274198751335	-0.5036230799749055	0.23985738718000008	0.5764743137779506	0.49843843081462613	0.38560919408117916	0.19103520283093836	-0.184613232738572	0.8344545276143519	1.0878437799482523
BS_333KCNDP	1.1883078830040072	1.1060632376635653	1.8765151584531925	1.095788846487507	0.6693601380124511	1.310358199677446	0.6853957859331984	-0.21095384007525453	1.366862397933107	-0.22724013827090556	1.122641653875678	0.9710613938386701	1.7810614244405065	1.307894333999775	0.21917066462719245	1.0074056419068482	1.7277878620010472	2.0878020909288666	0.7328049645409428	1.6709685462298458	0.5934048264126074	1.0163400159403546	0.9245418940130701	0.8512326508035575	0.7905370196995002	1.7298057488014944	0.5866825028166731	1.489507220779041	1.8531169424517102
BS_399RPKC9	-0.4344086118042827	-0.32082373640605666	-0.5140779850087671	-0.7106406557380386	-0.13094102753256143	-0.6941676817313771	-0.5535692450135093	-0.21095384007525453	-0.6630999704832219	-0.5304068272810892	-0.20989829765868903	0.34330117942957683	-0.5215975646896872	-0.23575837915031336	1.2672535069333222	0.372967135443762	-0.2503370351052095	0.6753351310799476	-0.1653962651546706	-0.2677346632435095	0.44999603992892717	-0.6250847051536425	0.5892654080241976	0.6395163926949318	0.6926703514895199	-0.2201105224022079	-0.33321340914184694	-0.2840854513978573	0.1314802287600563
BS_3AC3SRWH	-0.61219629714979	-0.4280160340477612	-0.704462945186564	-0.19132455721096453	-0.13094102753256143	-0.7747981890461277	-0.5535692450135093	-0.21095384007525453	-0.6630999704832219	-0.9813776759291155	-2.0811680751749995	-0.9798718592383803	-0.6594214733917884	-3.41996810077468	-0.4511995611022097	-1.7108759233508508	-2.3119269188941356	-1.414513303786827	-1.7393913160168162	-2.439946312267832	-2.7220655773426237	-1.625869435735534	-0.9459115000466645	-0.8102177202560344	-0.6652555294651861	-1.9916065259029267	-3.78110634053072	-1.0410525995553461	-1.1644493268311715
BS_3MS8WVNR	-0.2723575212786169	-0.4280160340477612	-0.704462945186564	0.09630097051289285	-0.13094102753256143	-0.6156077773254016	-0.5535692450135093	-0.21095384007525453	-0.6630999704832219	-0.775898743757538	-0.4866431294316875	-0.11133976272367882	-0.6577132510424034	-1.0638320290167493	0.06854716593112112	-0.11033970622991143	-0.4814788806428329	-1.0418887947010407	-1.2703832445469083	-1.9601478932626972	-0.30500237937885777	-1.1187108739966116	0.4665234163142035	0.30833622435118646	0.3563566807326331	-2.197384995810287	-1.5729343323695741	-1.863927289402578	-0.9308988971759197
BS_3ZPJAK9A	0.19683934725069555	-0.4280160340477612	-0.6406393784466142	-0.040273033205965265	-0.13094102753256143	-0.350476968228674	-0.5535692450135093	-0.21095384007525453	-0.6630999704832219	-0.6930967700630767	-1.989550183926456	-0.4114902009254658	-1.7492956143730825	-1.2888279978102948	-0.7265963862143049	-2.006609862733569	-0.5506140958954756	-0.8843217226968291	-0.6895987601676001	-0.18938631929106503	-0.19107096637703358	-1.000752822882376	0.3109099454571485	0.3499664557456311	0.13767291424237701	-0.7896213352124052	-0.8112632479887673	0.48319212084285224	-0.9785801576811353
BS_45J79YTF	0.03493526845972311	-0.4280160340477612	-0.704462945186564	-0.44721008433860454	-0.13094102753256143	-0.14267402314008412	-0.5535692450135093	-0.21095384007525453	1.1693869584686964	-0.23677006748223978	-1.1931155987440976	-0.9688746196812004	-1.2877781514582873	-0.6223838363531957	-1.6342439782766578	-1.1050491139808194	-1.0983229200156357	-0.9624570162824145	0.07536299774948291	-1.6004655743627678	-2.1918032993325167	-1.3525296714874755	-0.2983166248819858	-0.19573656925646826	-0.2360256975212102	-2.2195575566324126	-1.188434916231339	-1.7758646160676879	-1.1079122913892459
BS_49BQS7Z6	-0.5561419836246457	-0.4280160340477612	-0.5286035256429351	-0.5650849381660701	-0.13094102753256143	-0.2975280738208024	-0.5535692450135093	-0.21095384007525453	-0.6630999704832219	-0.33721986887101	-0.13746695223960922	-0.15155333344905783	-0.3294664636941194	-0.539973783912672	-0.6275375208972725	-0.36932244513780604	-0.7675730263691118	0.17481305448084553	-0.866454681161106	-0.6113875805264375	0.26494877142213846	0.5632281976249703	0.31613031999772434	0.4443033574693752	0.4586475342234921	-0.6955087866543525	-0.46617804829334714	-0.505845731157643	0.9160218776252605
BS_49CJNZ06	-0.5214274027841908	-0.12932224683889731	-0.20433376626676106	0.25650140217545825	-0.13094102753256143	-0.5047867779805028	0.6472675856744151	-0.21095384007525453	0.06922452187818294	-0.3271236171255101	-0.4190209916042049	-0.18126895897987447	-0.8430631824375302	-1.2752827987437012	-1.115984904598735	-0.9772993788630364	-0.2956199898329295	0.07211993168999174	0.8220376632590704	0.2876474939657704	-0.6812197470018937	-1.218049155044367	-0.8403009154915028	-0.8556394955313399	-0.8353931770083511	0.27065176399111557	-0.20633199200004385	-0.05383666569438359	-0.25727891883018117
BS_4B0BAVTX	-0.3030386253858912	0.3687869558557293	-0.43374208996632674	-0.36575539680264463	-0.13094102753256143	-0.7280315438460915	-0.5535692450135093	-0.21095384007525453	-0.6598197883105298	-0.68731808434292	0.49872080204502356	0.22262562355643586	0.3574711695150484	-0.13800670096690273	0.1803819532288802	-0.0012385514023087992	0.3729887321857196	1.141547750986768	1.4675370001119705	0.34652033696486556	0.4663301126999122	0.7060105575009712	1.258769554336967	1.2348689680644216	1.1650322673730256	0.13096769255738444	-0.36227467198850766	0.6772758024147235	0.6922384826514152
BS_4BM3F6XJ	-0.3987197764223347	-0.4280160340477612	-0.21342117605846253	-0.28741512372570893	-0.13094102753256143	-0.17451064671034705	-0.5535692450135093	-0.21095384007525453	-0.13684102352704913	-0.02289405657828008	0.6448080456099196	-0.3199493434440352	0.3282755616522446	0.5624526169497813	-0.3678735133330142	-0.07984429730006865	0.2937306151200338	-0.20795867615067887	-0.06828328046621053	-0.2539440763225226	-0.1394458542274035	-0.05176772471466535	0.060354741044566534	-0.15189136394122046	-0.1421605126552491	-0.3725957970214202	0.15672820527891912	-0.8233196358396296	0.1716705744789473
BS_4C6B11E4	-0.34177455725728895	1.4061667609615027	-0.4455096081936885	-0.9726412122273604	-0.002721513872211082	-0.8963565170708474	-0.5535692450135093	-0.21095384007525453	-0.4768197125833032	-0.5135335391659632	0.5230120796460822	1.6169496208219263	0.17600793811887033	0.2524057869520083	1.426232007527002	0.7859442546398003	0.06359229534675866	1.3583982363127411	1.0448769369079112	1.4608475002821697	1.269497549528987	-0.07612359575862158	0.9443526791490557	1.038010310909565	1.0476566465626465	1.332893240206519	0.2501094838156902	1.6571622227648168	1.112058738867178
BS_4GNN7J8E	1.2080896630007425	0.3556452743314128	2.7640408498795312	0.26833758858597206	-0.13094102753256143	2.759779891946324	1.4462149561450048	-0.21095384007525453	2.5496273810221415	2.8046030047732615	1.4451379240074491	1.5679930421010406	1.8698601517704436	1.3061434987102463	1.6974320722731762	1.986409557428402	2.0678452890224697	0.583208732433174	0.9613371424852223	0.9718548325824788	1.1750917547676512	1.547797309379819	1.3855602749809568	1.367129104029433	1.375393427857676	1.278487885163117	1.1877025376212123	1.004364002052484	1.7211703829376077
BS_4KNBXM3C	0.4932272179305796	0.5217091903902631	-0.2576810040294089	-0.7617250497553986	0.6140538707394937	-0.7775406374270052	-0.5535692450135093	-0.21095384007525453	-0.6630999704832219	-0.48385324411227254	0.5308365270331454	0.8610041444590814	-0.06450568148848838	0.49238042227435935	0.16891719689495494	-0.07297950295824922	0.6114739020560075	1.4286302308125232	-0.15815537833219137	1.5918231505877365	1.3475923574881112	0.6789983500748314	0.6418758635474077	0.6611463837995037	0.5934209020187202	1.3240191456779158	1.4316646915614097	1.4231445030734706	0.5383784389562546
BS_4Q3KRCZT	1.4189655376155852	3.413974945056635	1.9046295316114732	-0.9726412122273604	-0.13094102753256143	1.6040232059544122	2.1416928808744675	-0.21095384007525453	3.0958936331676	1.3304210298416803	0.654888045881954	1.4024481798546689	0.932518828813128	0.11756165896692947	-0.3890708892927988	0.28373254902412653	1.2646035718776114	1.5904024955871845	1.5692816446139226	1.2274468659971216	0.18814361512135008	0.9171759815174149	1.093489133277528	1.1269001010906425	1.0963989351043189	1.1889954240933533	0.25260551169793066	1.5609213674248679	0.9948373223390586
BS_4QW2S1Q8	-0.30524074807502666	0.029343261666077276	-0.2867632879920615	-0.9726412122273604	-0.13094102753256143	-0.8149296271322034	-0.07195170453603472	-0.21095384007525453	-0.2137665564346715	4.389337383979113e-05	1.3639328769462358	0.6147601634285519	0.09114138573733487	0.9701052230176074	1.3482256784292062	2.1872453820844573	1.1624532715641156	0.7459947310823672	1.458430128095043	0.3192192176265179	1.0657685048403143	0.6159738651575125	0.9208240548145411	0.9440628845481179	0.94753880362735	0.41463986143126874	0.44886877663461067	0.7886824480370164	1.2947192795688487
BS_4T0HQ9QF	-0.5441506418046582	-0.4280160340477612	-0.5068497542800845	-0.061466791076450714	-0.13094102753256143	-0.5091018714683069	-0.5535692450135093	-0.21095384007525453	-0.6630999704832219	-0.5438874964196332	-0.748520264006696	-0.14927827696557064	0.028706165732911675	0.185131710359878	0.9444976906050123	0.4411020182302554	-0.39163236680677455	-0.6571829981450357	0.20577628044943566	-0.6705590408540382	0.4489861764531692	0.26261673094545507	-1.4187301099790601	-1.3935848908809716	-1.2993415894430742	-0.4476969023589166	-0.4182049687380357	-0.03337099151769116	-0.28138629054434094
BS_4V42BXBT	0.0653692554023237	-0.41127431016689653	-0.40787167024891713	0.4869981956086326	-0.13094102753256143	-0.08179598484810784	-0.5535692450135093	-0.21095384007525453	0.27441780065919635	-0.15052041030303825	0.18845276110652098	-0.4452600373669012	0.32623777387631725	0.2432547323778618	-0.7164997103749114	-0.13865952143783628	-0.009535185301539108	0.5352121149860998	-0.184367153497849	0.32932863610383406	-0.6877108813962286	0.7588179477556078	1.0470809753684318	1.080682435731136	1.0221489693477352	-0.27233490022996615	-0.28216517180755607	0.2197643150491998	0.03495593217825378
BS_51RA1PGE	-0.5528735746419714	-0.33344918745623625	-0.515887900989887	-0.9726412122273604	-0.13094102753256143	-0.9750867020963481	-0.19804873487888372	-0.21095384007525453	-0.42984058495683586	-0.49287253526001923	0.3767378765240865	0.6009382723972936	-0.07855772723663572	0.4673608048315425	0.2799381767884214	0.5221765911522558	0.14298981311739123	0.19506428397089953	1.4507928816093316	0.32639125900384025	1.0027879989065869	0.9792937338690801	-0.6466156576071567	-0.7909443422798011	-0.5775617964252391	0.21620594508823543	1.205569614411152	0.11952723349930346	0.2852691834196245
BS_52C576HH	-0.6195908612203253	-0.4280160340477612	-0.661193392190375	-0.31612492416923615	-0.13094102753256143	-0.025147826873477518	-0.5535692450135093	-0.21095384007525453	-0.6630999704832219	0.42377278895934345	0.1090414118147959	-0.14813568577026479	-0.26687024726666914	-0.29904078889127494	-0.44606157295209786	-0.0507993823631687	-0.987167527859816	0.3930729611355996	1.6295337957468525	0.12331088238213977	0.7878447811682152	0.32249005645903295	-0.10638638065741396	-0.2233541262159539	-0.1687751170909212	0.2605735403630538	-0.25625281532169997	-0.6760648537267843	0.03336571615548151
BS_5965SFPZ	-0.4453299794804199	-0.4280160340477612	-0.568922487754987	-0.6623498311698701	-0.13094102753256143	-0.3111123613142904	-0.5535692450135093	-0.21095384007525453	-0.6630999704832219	-0.526663655654595	-0.6076235937358214	-0.18101368503882975	-0.42860473924675135	-0.6314666571753776	0.4465806763626783	-0.2157991904401862	-0.8020088113954934	-0.5348573246115877	-2.110565263568945	-1.230293231599418	0.5266064345809628	-0.5068463424504656	0.405215606352062	0.4118843034647263	0.3805053594403184	-1.1129538424184546	-1.4772804284160894	-0.982270602941564	-0.1069350968735703
BS_5EFYPZT0	-0.15603267957296235	-0.3468662563670763	-0.6993759813272031	1.627000363387396	-0.13094102753256143	-0.8014021955551973	-0.5535692450135093	-0.21095384007525453	-0.6630999704832219	-0.43874704098344497	-0.03749046615144157	0.3260449462242272	-0.21933295733663086	-7.86590257676888e-05	-0.871224640572775	-0.908598720185691	-1.238386879086916	-0.5232935179842706	0.011413232583047243	0.6577666261920694	0.27023732931076977	-0.9643945641249375	-1.4128123321526251	-1.4426885306928559	-1.3844145650959134	0.4642947156042361	-0.7395236604023898	-0.04734803699225848	-0.537407045115876
BS_5G5BD2MD	-0.41151198257258453	0.23469301940960305	3.984776133672899	-0.9726412122273604	-0.13094102753256143	-1.0107853475647415	-0.5535692450135093	-0.21095384007525453	-0.6630999704832219	3.3333195268709246	1.5013385795592187	1.0738353403019434	1.1157908421047458	1.2223770297343977	-0.36392714967060014	0.5764641493925168	1.453453836196354	0.5370437576092606	0.9121352998575388	1.563684538559172	0.8440135244723072	1.3300412714496153	1.2777111610055267	1.1994208563545157	1.2194757827584861	1.3127282043061541	1.7377558900365506	0.6911395515663121	0.19226271309597473
BS_5K95FX4C	0.17302359989586177	0.3342991895612056	2.06933365618361	2.3757072186193415	-0.13094102753256143	0.6498586751272292	-0.5535692450135093	-0.21095384007525453	-0.6630999704832219	-0.9813776759291155	0.8896989683935437	1.788925915381092	1.5759876138615467	1.244299786025402	0.7446324136164311	1.1350451040963612	1.4661548696423026	2.002357762815651	0.9278605265455334	1.218620337008647	1.1144084355672974	1.2718448638079602	0.8783781835743818	0.9683347566331642	0.8523368897734858	1.1467110489800862	0.5195409163116501	1.092194179414975	1.3569247318714777
BS_5KBXD2GQ	-0.5928348190606227	-0.4280160340477612	-0.3169828519896904	-0.024340858438180377	-0.13094102753256143	-0.5781082817837118	-0.5535692450135093	-0.21095384007525453	-0.6630999704832219	-0.7210822290318167	-2.291163614047032	-0.10197369149690728	0.10271069063198317	-0.269729719817095	0.13348292930862846	-0.5646048319220559	-2.152805319062724	0.32633290099202694	-0.9310777736408674	0.39445830079209726	0.4514292571174551	0.4721598453280192	-1.023555181541056	-0.8762426438202218	-0.7955033169402536	-0.29723087594050235	-0.9602241886271337	0.6032303069102499	0.4869318040476518
BS_5PXZ8F7W	-0.26676530025354933	-0.4280160340477612	-0.21742488198664894	0.3037225413583196	-0.13094102753256143	-0.31191047701513697	0.24669000848956282	0.9966920480242305	-0.48967339540875576	-0.9813776759291155	-0.7450834649885197	0.13102989905870852	-1.030373031219175	0.20965662213482825	0.879329761332826	0.16342567851220413	-1.0634814252994202	-0.44929806903202135	-2.092706657999703	-1.3335056887061747	0.26764802265414867	0.3742611492435578	-0.31731187293640095	-0.24699350956701463	-0.2325248698055907	-0.8064727015256146	-1.288724778563999	-0.2543447433135913	-1.1493941116776407
BS_5VPM0F36	0.15496818425025322	4.982133148446289	3.3904935468386608	-0.9726412122273604	-0.13094102753256143	-0.5402888293309742	-0.5535692450135093	-0.21095384007525453	-0.6630999704832219	2.375384858616456	1.4979803853920028	1.2046234999591123	1.8544170123404558	1.4078684078590957	1.7627141133927968	1.6721982431596296	1.8609210005478352	1.5002902347670222	1.519631536109108	0.9544399808681736	1.2079390439190965	1.4603105224284065	1.61696128385616	1.7557771067236425	1.6938866831423876	1.2767426576534098	1.530174852309975	1.265929987991368	0.9585858017594208
BS_62SW4CC5	1.0000568837422497	2.161067684409244	3.8130281359097973	-0.9277017080140517	3.9544135611627005	0.015070169125155127	-0.5535692450135093	2.4491872233684333	1.9877418894788559	-0.9813776759291155	1.6612953024579424	0.5682535026422033	2.2809430358532876	1.8534471015226632	2.6730637721565937	2.531205658943945	1.963829571134569	1.7926868958675535	0.11397844373814774	1.4367696603738478	1.4050793491728857	0.7451919565790472	0.11029708879099484	-0.06680208136689872	-0.14267113660109396	1.2693100728803655	0.6948862139798856	1.6930528057767666	1.9602269780680932
BS_65WPD3DA	1.4839872526631814	-0.4280160340477612	-0.5988873549506191	2.260567413601384	-0.13094102753256143	2.6686991447479786	0.9212893289537927	-0.21095384007525453	1.1887926259072996	0.43459302229548313	-0.04779785408153106	-0.36461230924512866	0.6066744616963433	-0.7772076037950977	0.0021064393118202748	-0.210354224829617	0.15120083126591666	0.2101304260812296	-0.660568652452933	-0.9599008696206833	-2.099895359899155	-0.972154520705034	0.514444705341939	0.4242528267199047	0.3192124059318619	-1.0614075037912996	-0.11180601094029038	-0.031049913725527584	0.6221076230781557
BS_68KX6A42	-0.1907746636654728	0.4280767473654322	1.6608194237825018	-0.11004084899297978	-0.13094102753256143	0.8112971416413643	-0.5535692450135093	-0.21095384007525453	-0.4052183598848564	0.6291129258156453	1.2099690976395279	0.5475349134345023	1.025146027565591	1.1804181458693526	1.7011794080190494	1.8148937865380728	1.3184615798559047	0.17687916591601605	0.2432886958809032	0.019092369539804723	1.1851479832519884	1.0738263912525134	1.233448146881877	1.2123640621095622	1.2286388712935017	0.33116755124860653	1.0251093309778159	-0.4355683929494678	0.5950572497899623
BS_6DCSD5Y6	-0.4345683024913058	-0.4280160340477612	-0.6267853088742683	-0.4542782411509787	-0.13094102753256143	-0.8605932517988801	-0.25172620983776434	-0.21095384007525453	-0.6609658512378641	-0.4897557793201247	-2.102216436185573	-0.3354045182467237	-0.7022097427868489	-1.8470637506260354	-0.5639784761852865	-0.6033141761600865	-1.3422195861062678	0.046051968710298756	-0.16661408487422194	-0.7931273302368871	-0.49673362213778866	-0.35823553976207484	-1.61243876888409	-1.5780058243053843	-1.3663133067429087	-0.798954192947905	-0.5322538469284438	-0.5159376830332776	-0.44011452720538424
BS_6H4Q24WA	1.2392547435329462	0.14480286119601482	1.6208014897261436	1.126936785064512	-0.13094102753256143	2.350917482246712	-0.5535692450135093	-0.21095384007525453	0.4131986903924562	1.154804238129053	0.9456007957182234	1.0569122135967814	1.5349389523553563	0.9726858698739939	1.8013832194340782	1.3582852728527692	1.2209944524154435	0.6665917688317208	0.1533530113204344	0.8442143193055636	0.31872789175317334	0.9670612229104958	0.9035917991030173	0.8705431332792938	0.884479820075018	0.8601702140444301	0.539167662345905	1.0771446044454356	1.3375630162465595
BS_6M2053M0	-0.20540003801248605	-0.35666071548582023	0.47150782899674953	0.6744129670888122	-0.13094102753256143	0.23571479297186165	-0.5535692450135093	-0.21095384007525453	-0.6630999704832219	0.16108715591899317	0.6499402514021865	0.39516588654017637	0.8169132746097819	0.0484830959659386	1.3057064611546576	0.6751362798959994	0.6523396704026942	-0.7709651888341242	-0.09366100446152692	-0.39297728472681753	0.4372064496220102	0.623203124309492	1.0052606301222746	0.9863297940964414	1.120049973733868	0.12781812464409498	-0.21636393179862223	-0.23372217336102177	0.0679402739067912
BS_6SY64H5J	0.6619320412097804	3.082160003783501	0.3911027297949792	1.456130853415162	-0.13094102753256143	1.666327395551352	-0.5535692450135093	-0.21095384007525453	0.46076352988335273	-0.37636384759931013	1.445250713410754	1.1035721023208422	2.0971528411175036	1.1825573762961008	0.38754187552435737	1.1725768767493168	2.1495465622632537	1.6662887146236007	0.9532641668521541	1.3833441721126043	-0.2624680166504075	0.798708658896164	0.572485785177699	0.5724148728498687	0.5432950743327227	1.5851190478564732	0.3755705614114462	1.5590569358101598	1.724107056579019
BS_6VRG1XFB	-0.42711540579836643	-0.4280160340477612	-0.5378565606097182	-0.9726412122273604	-0.13094102753256143	-0.16455541897507592	0.7492514303819573	-0.21095384007525453	1.225163345622189	2.2157675753401267	-0.2922849226652498	-0.48601919039863367	-1.351351951078986	0.406649631505389	-0.649080930576956	-0.17987642379796262	0.2591184587532528	-1.0956854639028375	1.1608664843691885	0.2410713280846761	-0.631523412214576	-0.006511779569643765	-0.5653168549026558	-0.5853167077026734	-0.6024571090732278	0.18751298781966388	-0.8248715109644581	-1.641134442468475	-1.1383262083491108
BS_6WP1FHTE	-0.4490189584348322	-0.24736774120882804	-0.49277223072754583	-0.6750777938351071	-0.13094102753256143	-0.783483883086995	-0.28397661323556095	-0.21095384007525453	-0.4050719215510645	-0.49684538508117465	0.9517829454107465	0.3041790567956016	-0.1305921694472199	0.9029699239302811	0.6418295996884343	1.4372893062234127	0.5554959602688008	0.5465401108498905	0.5734507389751359	0.29801186266585933	0.916714902624746	1.1360637581824238	0.7144373415258742	0.700299170297303	0.6995057446117817	0.039634870408667935	0.7756834695657392	-0.2890148146255336	0.764720933251312
BS_7327SDAQ	-0.4679585836242464	-0.4280160340477612	-0.6179093577038759	-0.7527592734518164	-0.13094102753256143	-0.7188273228608045	-0.19363716101181905	-0.21095384007525453	-0.31575595079354385	-0.22091515564608438	-0.09425238464962075	0.08158762201138513	-0.6047286511412835	-0.1358195873919009	-0.472714598942558	-0.26857194669549994	-0.545071350159207	-0.04725379311047247	1.2036734846226242	-0.22108457827594413	-0.36042537136394037	0.5417466308038288	0.4899456217122964	0.3951599310491017	0.3957093896851046	-0.41400639804963607	-0.12331633158082383	-0.8355613580857334	-0.7263427653034623
BS_75YRDXET	0.11434665318132205	0.015545950930150368	2.8336918679176057	-0.9726412122273604	1.461800097060848	-0.5967317881994014	0.8006439681825923	-0.21095384007525453	0.6504116804497807	-0.3227520464195051	1.6780892188672822	1.980435986513416	1.3023268611811756	1.877910291477557	2.139081340707785	1.492614532071353	2.375657673257118	0.878034787255387	-0.4498860313602803	1.2991465131657998	0.7395325142404856	0.943308515340871	1.0737466587699749	1.1495688163956768	1.0649683239126064	1.6612796830674061	1.5707371501259273	1.888322158409218	1.5890387219385544
BS_77SBTNPN	-0.4841219596338453	-0.4280160340477612	-0.704462945186564	-0.9726412122273604	-0.13094102753256143	1.4241174362170035	-0.5535692450135093	-0.21095384007525453	-0.6630999704832219	2.6035629946616923	-0.4094839516551013	-0.7067328014064231	-0.5946728578578417	-0.14052300960287845	-0.7741850397843267	-0.8998826271067772	-0.1849723178384781	0.5682588442165786	1.202700611814397	-0.09839049902335145	0.42630345492277444	0.26133219149339715	-0.6496216330270757	-0.7537542719447897	-0.657278031402532	-0.041095535594540336	-0.3423303829417669	-0.34907721505636663	-0.7312377106966519
BS_7AEF4D4G	-0.3515379077275636	-0.29457661888725595	0.4310876922169574	0.2865003598205633	-0.13094102753256143	-0.569165804776016	-0.5535692450135093	4.00076124593567	-0.47654552339381845	-0.5773004177197597	0.7041235134884343	0.5220502823609423	-0.8180594581280645	1.521839024657405	1.483406885775965	1.491458653728725	0.8859427206152872	-0.3622851147809566	0.056143637108413545	0.4240138590772763	0.6804561561466024	0.8408425220014787	-0.0684128452470811	-0.06611880725623186	-0.014485077002738466	0.7142554052424132	0.7046630802991	0.322366314884763	0.47278820154371515
BS_7APCGCVF	-0.3995361391878496	-0.2503435591198646	-0.34822549489834403	-0.6449165764445624	-0.13094102753256143	-0.97613468735513	-0.4177969009336439	-0.21095384007525453	-0.5235196079652734	-0.4098667634655645	-0.11908263934128713	0.2226112338467395	-2.1305651679687836	0.4687514022462013	0.31815667387295254	0.0442730215470925	0.20613002288528068	-0.25004953881767183	-0.12311236364451854	-0.06469307901407399	0.34500729775231576	-0.026400493365989906	-0.18522213683377747	-0.22913949049972998	-0.09659625023527332	0.31481747392819637	0.2475357884480079	0.38761920973967084	-1.1249859897055328
BS_7GJT4A6A	-0.33651755655845444	-0.2956922167225428	-0.6214217756724899	-0.19142645660323884	-0.13094102753256143	-0.583886095329752	-0.45751106570661226	-0.21095384007525453	-0.6630999704832219	-0.7239208224566503	-1.2419325293584054	0.40410834354323955	0.14026615516878305	-0.7098925613051952	-0.49719465984293887	-0.6468310147704842	-0.8242097979986027	0.17210875626699682	-1.216932365437928	0.2512823918536563	0.0705006920132449	-0.30961907442922354	-1.4214058712086155	-1.1918075144814997	-1.2038912952471121	-0.48482685183600926	-0.0730096750082064	-0.5640676802706069	-0.2875410773099208
BS_7GKWKGPH	-0.21786456239811075	-0.3653830588421686	-0.03932957117851058	-0.4108197830270134	-0.13094102753256143	-0.724327336089553	-0.5535692450135093	-0.21095384007525453	-0.6630999704832219	0.1994810941774734	1.042152775769819	-0.1794266441902824	1.1789554239138667	1.1116643296033362	0.8488011247678356	1.4086558682742394	0.5141583873750839	0.041658847978234013	-0.12823387213038284	1.3828367219303939	1.3812214785805148	1.0403894757987124	0.4713561220382031	0.47837828118035136	0.5741491010110019	1.2865254043552123	-0.1124943133267748	-0.4166037936801723	0.04921022695864634
BS_7PVJ6Q3D	-0.37074331404125616	-0.4280160340477612	-0.704462945186564	2.153558434938359	-0.13094102753256143	-0.2525810732521877	-0.5535692450135093	-0.21095384007525453	-0.6630999704832219	-0.9813776759291155	-1.2217531847950482	-0.3833468940652038	-0.7165890593287872	-0.7311244174700943	-0.8787492941889286	-1.7127099717902763	-1.7452280030709397	-0.567188673306015	-2.1091328351100023	-1.1082529827499008	-1.1780002527608835	-0.2623814024485886	0.0719563420784755	0.056285538442313994	0.14576776314075363	-0.8598682934086271	-0.8767421379517231	-1.0239295307081706	-1.1942322480923047
BS_7WKNNRHK	-0.5239079576537053	0.7690171460282994	-0.704462945186564	1.2057922267492642	-0.13094102753256143	-0.6346442766836341	-0.5535692450135093	-0.21095384007525453	-0.6630999704832219	-0.9813776759291155	-0.4980048416228725	0.2557207617871406	0.29067961146637866	-0.46042533438188304	-0.049527009595788735	-0.21245195176935133	-0.2618250341169704	0.14306345479678514	0.46947368682647816	0.6106966681715202	0.509601756763369	-1.718192425407226	-1.243577760450325	-1.3363508428917472	-1.2843057739829211	0.8389657624660717	-1.0564931678719722	0.8966143468220795	0.41074330662630043
BS_84VZX732	-0.3965877560216513	-0.3203381137294759	-0.38328259840215734	0.3813616867144961	-0.13094102753256143	-0.5568039678771314	-0.16437556354177607	-0.21095384007525453	-0.6630999704832219	-0.2968838637521108	-0.8340561540398665	0.8544567234660683	-1.6166726609617652	0.8205124847378653	1.3868122837722379	0.30111623761872214	-0.310751877994588	0.3033080527290942	-0.9815698182279006	-0.3829390703066727	0.6601098563032655	0.40878751012079184	-0.35818751718874414	-0.35467696198409165	-0.3755338677572648	0.10434666785674096	-0.04112903327227814	0.4385290916527901	0.6086405449696843
BS_84XCR9GG	-0.412326293491986	-0.4280160340477612	-0.3449107594218119	-0.35940435523660297	-0.13094102753256143	-0.8619906940542573	-0.5535692450135093	-0.21095384007525453	-0.6630999704832219	-0.4728762942122463	0.05202713927859785	0.1839025035280144	-0.0405345367594214	-0.37159478090336967	-0.34135111776285315	0.24785065244936416	0.24608011602268304	-0.05167354337486914	1.4951970816214306	0.5342715979423502	0.18576179589751604	-0.507974173807414	-0.4641104827383473	-0.5179607722218547	-0.41416098372427446	0.544659310306313	-1.0587022488790105	-0.052130685923316385	0.08454857236165257
BS_8E8JKP01	-0.23913572007511275	-0.4280160340477612	-0.704462945186564	0.01679871997831537	-0.13094102753256143	-0.3794348236031512	-0.5535692450135093	-0.21095384007525453	-0.6630999704832219	-0.6401313644055904	-1.1283350769409164	-2.381780479218574	-1.0768632576087362	-1.6526981618950798	0.616966060995381	0.14647770179274905	-1.2373880444594727	-1.6828990919097553	-1.4431065305423783	-2.427365005402323	0.7003552335834415	-0.3927318112737102	-0.3266170118733851	-0.35819698671424544	-0.4811327207305827	-2.5855141778877955	-1.3967729024844397	-1.319713755850578	-0.6699527776327415
BS_8ERBDF7D	-0.2874233724713173	-0.4280160340477612	-0.5018344905848463	0.24981964224628678	-0.13094102753256143	-0.38596275018904597	1.303134709336017	-0.21095384007525453	0.3807649946572084	-0.43391308671750495	0.0120315149493675	-0.3376179533875454	0.3496827763204337	-0.0065830936085485995	-0.3110852187051555	-0.19354781255401224	-0.5393415151845675	-1.4858218746522565	-2.7483771903857255	-1.4531675549661975	0.25963405437786513	0.0930295894413731	-0.9096950241622147	-1.0489826056822475	-0.9893043204659985	-1.4594496908003394	0.7293500762810443	-1.3954609686685941	-0.26782584300096085
BS_8JK9TXH2	-0.3108296460080736	0.49304049397605937	0.9017574590590124	-0.8361403087869328	-0.13094102753256143	-0.24305233153360936	-0.5535692450135093	-0.21095384007525453	-0.4051027056542452	0.39698280487531257	0.42015471533841015	0.5553461795685617	-0.44526174363655463	0.8128510104987762	-0.3232121315486721	-0.1931135084126558	-0.14440307777687506	-0.8324791397110856	-0.4780209016897477	0.6060782234530114	0.35861987879430196	0.6348185541674561	-0.9593981914074599	-0.9021906099459294	-0.7849004721174417	0.7213477823123589	-0.3808696298092639	-0.18762321707687996	-0.8589410567266972
BS_8VD670NP	-0.5930613492095479	-0.4280160340477612	-0.3803382017125238	-0.8272969561597528	-0.13094102753256143	-0.34801675088477824	2.3070384249934692	-0.21095384007525453	0.8708269654696169	0.6853402053604549	-0.7889435613689769	0.24323055271356028	-0.24768631847952952	-0.5409471462760692	-1.1384056141966472	-1.2573066965604	-0.7616550938773095	-0.3739681829617285	0.5507419126950424	0.3762951598119437	-0.6156412050900928	-0.6800544661018789	-0.26682716813739416	-0.3245695738336726	-0.19745568922261245	0.7314634972539267	0.879768492015594	0.7216301955122072	-0.40431329858438814
BS_8YWYN7VH	-0.49919596568277735	-0.4280160340477612	0.2984063321979643	-0.7366351640524449	-0.07981501944741334	0.42002297936359906	1.558062553594581	-0.21095384007525453	1.181547322136592	0.5129530430444886	1.2821316376326766	0.8206948528313786	0.1677354448048076	1.1971492214125679	1.5930177529393343	1.7346667903678001	1.25517569585747	-1.3429723343387057	-1.1296257123534936	-0.03303189458988151	0.7711389510072872	0.8950542972336529	-0.08625669437807107	-0.12047967514176662	-0.07222527151468694	-0.01477817619720825	0.8818790728985743	-2.615189086678731	-0.5533047229287165
BS_8ZE4Z9G5	2.277202035018564	-0.4280160340477612	-0.004776126097997635	-0.9726412122273604	-0.13094102753256143	0.3110281789126859	-0.5535692450135093	-0.21095384007525453	-0.6630999704832219	0.2657949636498803	-0.41808628334630377	-0.9896501085261474	0.1892171092899048	0.21332886433826767	0.9124087752030127	1.468420052513469	1.0832072729394866	-0.10807245840837826	0.26245561153088176	-0.5819871726295134	1.8880635326943431	-0.7601689922588054	-0.6058792704632975	-0.6039778126081671	-0.8156629073809918	-0.8261610065003192	-0.15629322993526595	-0.5068678134462842	1.1172331806294657
BS_8ZY4GST0	-0.11736488563669813	-0.4280160340477612	-0.704462945186564	3.110008414669226	-0.13094102753256143	0.8269376623720748	-0.5535692450135093	-0.21095384007525453	-0.1811991067218112	-0.81308162969773	-0.5117417088403498	-1.3439484484781008	-0.683351608507285	-1.1048625903470792	-0.7715944248397836	-1.2999858719233641	-0.2871462011909685	-0.91676228778037	-1.057041136696743	-1.1855188630120677	-1.3076311945484582	-1.040188609316144	0.5610082814330604	0.572583723817964	0.5938257589944336	-0.6352638525622051	-0.808685148883936	-0.5126540782797888	-0.36702370838551945
BS_91VYM11A	-0.5439341849723888	-0.41141495245683823	-0.5494697613809891	-0.8502761835751876	-0.13094102753256143	-0.8988935407644026	-0.30511532532983393	3.8838253705359995	-0.6630999704832219	-0.39298974856756136	0.10136930301624242	0.170709096804375	0.9612730723843548	0.5553573873545599	0.407104048629694	0.21729852766274224	-0.5418264316583582	0.09371520224739902	-0.6854235594161918	0.6709427280784243	0.29562852589862654	0.576781654854701	0.5371328205488702	0.5635200601801916	0.6261546710399751	0.44234423047293564	0.8074294598576228	0.09830721128859715	0.39025510733960433
BS_956G6QPJ	-0.352888447657262	-0.4280160340477612	-0.1946749680581927	-0.9726412122273604	-0.13094102753256143	0.20371821182977407	0.6858756404841417	-0.21095384007525453	-0.17998483700291765	1.7681087456511042	0.3848045167951972	0.32861102027887845	0.4782502801953187	0.2325920597540351	0.006884042146798691	-0.02284740069217136	-0.15666774666680253	-0.34956991378202074	0.8031375867826444	-0.15369773026351635	-0.30916118447376767	0.5923368345821157	-0.1869464303879119	-0.2895961757661027	-0.1719230885016112	-0.18052554291366768	1.2643534732369335	-1.037495651086734	-0.11432924601038069
BS_97M1E2DW	-0.2050711388843338	-0.4280160340477612	-0.6578291655411722	-0.5394775910001159	-0.13094102753256143	-0.49125315298057315	-0.5535692450135093	-0.21095384007525453	-0.48993020460604453	-0.48278762746316634	-1.1393653816688611	-0.37605770572304437	-1.215594785927988	-0.6889052358698824	-0.4262192473751736	-0.2841369172544641	-1.183399465646898	-0.5862209381178732	-0.22777266257974804	-0.9749544994775252	-0.06628803670774666	-0.22110969974120911	-1.9762454079746479	-1.664202303673925	-1.7146092472433383	-0.8106584589628478	-0.25936608106109715	-0.21691103217887694	-0.5150492782479987
BS_9A1YTHFF	1.6717663610688775	-0.4280160340477612	1.0299339871469704	3.184543608511832	-0.13094102753256143	2.128893501843445	-0.14772205432639687	-0.21095384007525453	1.8138417758933496	-0.17246972250700748	0.7281178208304765	0.3108947250916436	0.8633861711415721	1.0233252908747845	1.5840587700662607	1.3935364704100102	1.3798922566088696	0.542299850741756	-0.42250031340176697	0.35581529198902573	0.48087876932640605	0.7551958848213377	1.1710304607250808	1.1067238122294876	1.0909135396958844	0.3355895023812976	0.3013701122744282	1.0258078474041057	1.2896774762994643
BS_9B0A62MT	-0.3212362591372135	-0.1901192813890693	-0.19920530408051423	0.28699348233097377	-0.13094102753256143	0.12205977113434904	0.780057806731983	-0.21095384007525453	-0.6630999704832219	-0.6239022196313071	-0.25130896746070747	0.9742787113655927	-0.32646917661432107	-0.018222318465080725	0.14484586854365933	-0.02758521171700153	0.49664956967087326	0.18209249110621134	-0.2783196008519113	1.0749373834969065	0.21291900229693375	-0.09048813017902275	0.00033036981253065426	0.08816739197574806	0.010631122774990787	0.9341288102691027	-0.33985797475753177	1.6046558788591516	0.15428556743900762
BS_9CA93S6D	-0.3125274104257143	-0.4280160340477612	-0.704462945186564	-0.4567277068096197	-0.13094102753256143	-0.6264767978754755	-0.5535692450135093	-0.21095384007525453	-0.6630999704832219	-0.8379363146025207	-1.3378815487225937	-1.5693843396541531	-1.7298129065953856	-1.7848100596282328	-1.692245963273375	-0.8924536025941192	-1.994309448589106	-0.9411198434165013	-1.7394519740771073	-1.877632436264772	-1.231804020765833	-2.3728701990393133	-1.8437543146797826	-1.5018644935552439	-1.4684410009676925	-1.8369769702065453	-1.394113951793485	-0.4281877944834079	-1.3579974744437069
BS_9FHEFJNP	-0.3647299645938552	-0.4280160340477612	-0.5359435752139189	2.091300676948584	-0.13094102753256143	1.0089531861846177	-0.5535692450135093	-0.21095384007525453	-0.6630999704832219	-0.46134830325257375	-0.29463821557448816	-0.459219083433238	-0.028048831254681633	-0.8123350182734468	0.4660382634211014	-0.295316573334238	0.32315701514916545	-1.5080521406912488	-2.194833088734028	-0.8211749826532453	0.6606754807322911	0.3350587999977441	0.30540772498806207	-0.011945113970115483	0.10373257382020115	-0.5662343362526326	-1.2715169106418744	-1.8329589045970769	-1.7932048264345537
BS_9FX3YREK	-0.30452942688105356	-0.4280160340477612	-0.704462945186564	-0.061568720994739964	-0.13094102753256143	-0.038310803825956065	-0.30789839423359106	-0.21095384007525453	-0.46897324784049554	-0.5982540272554874	-0.8053162698532446	-1.0814917755231337	0.013324107348875677	-1.3989007468806047	-1.1260860046438363	-1.3359430234401737	-1.1044257127238482	-0.9771391645110278	-1.653555638054333	-1.1396817975439906	-1.359290460726632	-1.4477351678030257	0.4170860739079543	0.31164317117378515	0.23086337613333666	-1.0794275848444757	-0.5661040057579076	-0.14559801928970986	-0.5649565319700436
BS_9GJ3DB1H	1.898560944086952	-0.4213272310086742	0.9590307475788897	0.2891626731410683	-0.13094102753256143	1.3428818635721433	3.507032486876699	-0.21095384007525453	1.425913602935139	1.2338599208389394	0.6366357273717573	-0.19411957785940087	0.6927264012163097	0.7448006464800988	0.24888780891087017	0.4487172542790659	1.21871777870783	1.140091029367907	0.2803698316097135	0.5849254501154207	-0.6938074724764779	0.06186201942250631	0.5185870007751782	0.4056329887091092	0.2910961677323804	0.47091008015786556	0.6436173008388241	1.3036302052471294	1.0158681161308578
BS_9JPQZQNG	-0.6316491914888501	-0.4280160340477612	-0.4104800495584072	-0.6129841511700314	-0.13094102753256143	-1.0914083721199146	1.5987957080854667	-0.21095384007525453	-0.404461122160154	-0.7495234888237052	-0.571352414333527	-0.3860063196291994	-0.33548289656502145	0.005527075324362854	-0.051368399681222164	-0.10284711649984014	-0.9418684978103444	-1.4617835672272481	-1.215040626018981	-0.35241850797645785	-0.911298350804056	-0.5116992642305287	-0.7351832438814745	-0.8582720217114377	-0.8138165984373636	-0.12886839154490917	0.05529029790802675	-1.7346651292802184	-1.1184269262503113
BS_9TXEDSWB	-0.4729268269889505	0.6810688870572876	-0.704462945186564	-0.791182010214255	-0.13094102753256143	-0.8658565075287514	-0.5535692450135093	-0.21095384007525453	-0.6630999704832219	-0.5339887548471544	0.4449383450273451	0.22775906975777238	-0.08984743696569653	0.23468420781600002	1.8901565976497268	1.2703671897205164	-0.25118520998388044	0.24154941475262162	-0.4626608947366528	0.8628966688761601	1.6315020055135452	-0.4874712236386566	0.8089957441291253	1.0206945215244032	0.948365178875154	0.5408062855875335	-0.07947390959612753	0.7192167793628994	-0.36389428241100646
BS_9XVACXP0	-0.1372821513334191	-0.4280160340477612	-0.704462945186564	-0.19429518591037737	-0.13094102753256143	-0.9144909657532392	-0.5535692450135093	-0.21095384007525453	-0.6630999704832219	-0.7849215053711057	-0.6948406127477758	-0.8339414605050949	-0.7767443207637498	-1.3093995975820374	-1.2122549547160233	-0.9978626443072972	-0.9685064521811252	0.8314156185341771	1.5920596336250925	0.3153698542166125	-0.6073906783015856	-1.5739542206749737	-0.4217005654917513	-0.4758450748778163	-0.5258873806547469	-0.014383922916980783	-1.0911249011413553	0.3738839017058817	-0.10176500232925448
BS_9Y1K14Q5	-0.6316491914888501	-0.4280160340477612	-0.5705686244574932	-0.9726412122273604	-0.13094102753256143	-0.4168091210123278	1.8723998285515473	-0.21095384007525453	-0.6630999704832219	1.8884105843748034	-0.25797520792443085	-0.17280954445663285	0.14483970699785104	-0.6762991442041123	0.44115867849446405	0.025748005141881074	-0.27891008353613117	-1.5162828068698102	-1.216057145976442	-0.02118307290270259	0.9631859797803601	-2.2655303666466184	-2.428635069591418	-2.9825118993857362	-2.391621291487864	0.09931805102297005	-0.9109392946545494	-0.6114121526850962	-0.37429425465710864
BS_9ZJT0CP0	-0.369847946681317	-0.07065055828247319	-0.4454585178909534	-0.6424783394684478	-0.13094102753256143	-0.6404207726400146	-0.3622353548923457	-0.21095384007525453	-0.018199490136380676	-0.01668396068136239	0.24801381050161447	-0.2403206254424445	-1.4727769436152014	0.47680420150754976	1.2485431550232946	1.1272342535017017	-0.060609581150431496	0.12844732138813936	0.6788940173540776	0.6316913105008457	0.5657439820636806	0.19349904619615416	-0.7192698336608557	-0.640290171360392	-0.7551489670403143	0.5356795224378709	0.4422107702451076	0.4521693035480619	0.3680293577051493
BS_A4PF49V0	-0.6316491914888501	-0.4280160340477612	-0.5622202818902161	-0.9726412122273604	-0.13094102753256143	-0.1062704239868749	-0.12727322513858066	5.8230902143193575	-0.38741135291510376	4.005101971555467	-2.381885190963846	0.04994574086352756	-0.7538912904172684	-0.45084868002077283	-1.1948164457582087	-1.5266242406419679	-1.49972947265004	-1.9747319327303894	1.3857456477399819	-0.9668696495211624	-0.4093233497584412	-1.0208291823941615	-1.6678554197055064	-1.5604145673188305	-1.518091431156648	-0.8120598230464591	-0.48636726594564494	-1.3535764356891145	-3.06006979891124
BS_A6NXR7RC	-0.19324182290547737	0.06399250044512911	-0.45488751316559783	-0.40341056062263764	-0.13094102753256143	-0.32844673651838224	-0.5535692450135093	-0.21095384007525453	0.05103715938700706	-0.3924875062419003	0.08161814725196957	0.13623629572268112	0.48868520387627223	-0.058718253267284644	0.12295633441371695	0.23652181868388314	-0.06724850514070257	1.2027723047860241	0.1183315105748189	1.264793483408283	0.4818686545078379	0.012933758956247212	0.8805346962751024	0.7045852562653285	0.62864865548106	1.1593542771889944	-0.5588891736012963	0.5018448320172805	0.31594052684023666
BS_A7Q8G0Y1	-0.23844419340038878	-0.3423739240758433	-0.41935051591381245	-0.4859417222734534	-0.13094102753256143	-0.7085656259817794	-0.5535692450135093	-0.21095384007525453	-0.5481206150788825	-0.6150405906142284	-0.9254736004613195	0.7845857220208903	-1.362380474557243	0.03818081967112334	-1.428496240887614	-0.22554493606249965	-0.3970792745544675	0.8392683887180992	-0.4374112216535873	0.464246158270415	0.41875055094560165	0.9405382237705574	-0.032075777000379474	0.0228106300087542	0.11018851698009656	0.40787203064050326	0.2741290523820602	1.9244704885640807	0.35679320299324063
BS_A8XW5S0W	1.0502695445588297	-0.4280160340477612	0.013233223604635925	1.2084307782192625	-0.13094102753256143	2.054629788036371	0.23507851263232865	-0.21095384007525453	4.098196106570834	0.2430806157621651	0.4503705698436565	0.040720791978078034	-0.011047238929191667	0.6116696957458749	-0.5756256459572767	0.2669658356164063	1.0227784938310114	0.5337848439144984	0.9899877691579477	0.08258295003951478	-0.7408676819581078	-0.23022016187509556	0.2862265803457379	0.21882957114511564	0.11389474631745877	-0.1094933539642746	0.5342044640460105	0.7634966472991285	0.5079333357064651
BS_AWH9757B	-0.27343741085092227	-0.4280160340477612	-0.704462945186564	-0.0006108502734803276	-0.13094102753256143	-0.2958558633147934	-0.5535692450135093	-0.21095384007525453	-0.017312068385007005	-0.5616579773197858	-0.050269865748260305	-0.6527219752246045	-0.7294176298848604	-0.5682109358413472	-2.123562690454091	-1.3474054473725396	-0.612771273714136	-0.06363070262001279	-0.10262167154659915	-0.2858693294693542	-2.61941441248295	-1.006338773652367	0.19546114882836238	0.3601787356294674	0.36118037930434094	-0.4513792057034498	-0.980612221596416	0.4419489501508557	-0.35302963808697796
BS_AYSXRQWY	-0.22999080487496715	-0.15349045071673093	-0.1253467203941118	0.06615498111295849	-0.13094102753256143	-0.4999099021019465	-0.07802761401103406	-0.21095384007525453	-0.3353862395720321	-0.32645260420541594	-0.21393911207932154	1.1590371686486207	0.7067493022569681	1.0554343611533274	0.19452106956618784	-0.018374477852296567	0.11374758196210917	0.1921638965432443	0.4840396293103297	0.6958525813632203	0.2732942428305131	0.6117183416337407	-0.5194051639989464	-0.4559469621396786	-0.4712507182629521	0.9079065627957053	1.2019010030179849	0.4613389289411584	0.19878417427350523
BS_AZQM1JJH	1.4759885906901675	-0.3457306997084395	0.5626446362014401	2.8497422787759987	-0.13094102753256143	1.8199754800960872	2.82824046873535	-0.21095384007525453	1.3424555933777356	0.2796021004382831	0.7455333260224677	0.6400038136647022	1.3465856532933558	0.5239925967466993	-0.19725150350061912	0.006092477523698913	0.8160949316792189	0.5793031216554984	0.9136833370712123	0.17808349322522485	-0.29286100854320113	0.7342004870716974	1.1128020320909322	1.0011984434980066	0.9778191862808385	0.30507384167567486	0.33091479454171985	1.133209751657895	1.143177639008374
BS_B1C6GZ84	-0.30519719107670995	-0.4280160340477612	-0.4995600529496193	-0.752486073257674	-0.13094102753256143	-0.7138446030977568	-0.12110004540848167	-0.21095384007525453	-0.28508656451523895	-0.49594451337004203	-0.5437677038707236	-0.5410429495575921	-1.3231117852111385	-0.6027310590527994	0.20122300466453813	-0.08813423714104726	-0.41296657500438533	-1.3608079850441286	0.08395185108796996	-0.5671486210981278	0.0987986152072689	-0.49441178479441744	0.05994631936281288	-0.010887815796792731	0.012350763477652845	-0.32573478140370876	-0.35282261701193945	-0.4980399370851845	-0.5195802559957071
BS_B3MQFFYP	-0.5110800896653256	9.526898060769549	-0.704462945186564	-0.9726412122273604	-0.13094102753256143	-0.8406973358984934	-0.5535692450135093	-0.21095384007525453	-0.6630999704832219	-0.7258749516799259	1.1744174802825484	1.2267273679312998	0.6447685049950636	1.4975614892119964	0.8329805741969996	0.9442325759504485	1.4500603516371142	1.2506212944704613	0.5930274220377575	1.5080172319654246	0.5612150065966562	1.0144828296248132	1.3586941055223316	1.4767969371437895	1.3823521678315345	1.4051958634002373	0.6489791921280615	1.203968905621263	1.52830252524633
BS_B4R7X1KE	-0.14115458169913908	-0.4280160340477612	-0.704462945186564	2.348037490468102	-0.13094102753256143	-0.2447670753512136	-0.5535692450135093	-0.21095384007525453	-0.6630999704832219	-0.9813776759291155	-0.6052058909710072	-1.9481819311910962	0.21052160912753132	-0.6046301445228676	-0.015192304813956987	-0.09749361607241888	-0.4106241504335904	-0.14531771144781994	-1.4764011930317453	-1.1909814982700062	0.9870842764010092	-0.38744197201484837	-0.29915212371864547	-0.3567691121585038	-0.4242548582238496	-1.6259304954246898	-0.5294798465678608	-1.0441846171474778	-0.07905431868026451
BS_B57327NA	-0.2217620643887479	-0.09525017852866514	-0.28175020892641606	-0.9125085032904974	-0.13094102753256143	-0.673747148464905	-0.35393802953000814	-0.21095384007525453	-0.6509180324048722	-0.11968491802376172	0.293836911439867	0.4315806788232145	-0.3274835974442094	-0.21557430553449117	1.1753102785966152	0.05814297427627616	0.25334729592704663	0.6137771870632095	0.05849614515941704	0.25555065392413395	0.07182743913985162	-0.0386337166904731	0.9007227654105863	0.7422412728642713	0.6992960558484699	0.514408202243887	-1.3642296651669046	0.5628349845317709	-0.588008993735704
BS_BBAEMXRD	0.09203649724388849	-0.4280160340477612	-0.704462945186564	0.8225985153598573	-0.13094102753256143	-0.7652281017676127	-0.5535692450135093	-0.21095384007525453	-0.6630999704832219	-0.9813776759291155	-0.20059063949657768	0.006362377347686374	-0.5114762009091182	-0.47753014035273533	-1.0630765392458883	-0.4607233588622621	-0.5505159036494872	-1.505972079300798	-1.1768850738809722	-2.0868571733303667	0.3820994208427709	0.3090703138039287	0.09886578606583145	0.07407176198960444	0.094145765168222	-2.068823744211529	-0.543038989029746	-1.8461704487846142	-0.4331773404221387
BS_BBQ6BHGN	-0.24925677932632243	-0.4280160340477612	-0.581559575690285	0.7902409470273232	-0.13094102753256143	-0.41033662532027076	-0.011947191527073657	-0.21095384007525453	-0.6630999704832219	-0.6282653992666758	-1.2750948263214512	-0.6971931673660138	-1.0592411692455839	-0.44059624616489673	-0.7520528425773736	-1.6138662593244317	-1.31468004051336	-2.0703785964424464	-1.58945302257132	-1.2753557640828483	-0.6911750639397946	0.14920640932947335	0.732977379778651	0.6712079866468742	0.7418444433871344	-1.1099127756933955	-0.41334755198105577	-1.7833194186236563	-0.9658733288642647
BS_BK0HGRXM	0.755857730789416	-0.21271546746409156	0.16633867826838222	3.4468711583723546	-0.13094102753256143	2.995907773960023	-0.5535692450135093	-0.21095384007525453	-0.6630999704832219	-0.29199989674794624	0.6875269227806378	0.6835399104689992	0.5881574804539061	0.9549413334582731	0.9585272128023548	1.0263159334420322	0.7371794186401094	1.2676433543781107	-0.13347949436401987	0.8449809025910141	0.3956639680768493	0.3312118703987759	0.6189660923488051	0.717849289303582	0.6654454740738138	0.7096622477322302	0.8842809574384145	0.8181714946249808	1.0302917941401426
BS_BMMY0H73	-0.38690645489954795	0.007880919610047386	-0.023629770696161255	0.39809559402673317	-0.13094102753256143	-0.12541810716510202	0.6019027797876254	-0.21095384007525453	-0.16670937604300748	0.7234702657398735	0.3793573667152374	-0.023058878076439054	0.20305321680159644	-0.08127800778861491	0.02370999049140499	0.005952713614489249	0.047212246912068837	-0.15828435920423892	0.5367410359811918	0.2949832105316269	0.303535009858529	0.44628040954135484	0.47659127131012907	0.3788401510387871	0.44278843644079524	0.4151980703998845	0.589627251968058	-0.36260328083943605	0.38316984425492834
BS_C6ZZ3FY5	-0.32199292881321767	-0.3814032129158871	-0.4841939359607688	0.4256040345234461	-0.13094102753256143	-0.49129242341574986	-0.5535692450135093	-0.21095384007525453	-0.6630999704832219	-0.7853712950316118	0.39666626152130485	0.2942889249770007	0.0324777624844967	-0.39979041563266837	0.14271442257019173	-0.06232822302810887	-0.38977879385378084	0.3006912462685934	-0.06527368763811109	-0.15797565824661633	-0.12702695613704132	0.5710393998801838	1.021447070571761	0.9271923358080277	0.9727295836028608	-0.37831631297241874	0.2703718996035641	-0.7943454734635822	-0.1770153691247558
BS_C83TK159	-0.21666280195858412	-0.4280160340477612	-0.2769173872365414	1.1681826589045023	-0.13094102753256143	1.1348336447073488	0.3355241299230035	-0.21095384007525453	0.5063173434345152	0.7005684162566926	0.4196348674927126	0.07325813100663274	0.06156034076853024	-0.0802611244099403	-0.8078172171702981	-0.6305378357748036	0.24282357884069888	-0.7622770678464763	-0.20793635381360534	-0.7227675260196017	-0.2525717797323371	0.32315648822503973	0.7021959808784719	0.6746730437628894	0.7456348122784844	0.04562991989041958	0.24514239849042566	-0.11247279467207745	-0.14069284143396624
BS_CBDQZ8PP	-0.11878691430668595	-0.4280160340477612	-0.704462945186564	-0.32483711251855646	-0.13094102753256143	0.6544824947773322	0.9708607134913927	-0.21095384007525453	0.7651821697154467	0.04582242831243009	-0.8662053621341007	-2.3576500448541124	-1.4706218367841477	-0.9685294975252781	0.5980040648649546	-0.7411353900182899	-1.1252731775247826	-2.629821867770972	-1.4488575540387447	-2.818245107417563	-1.5450171416413618	-2.578077072114295	-1.0921416457533153	-0.9919414562725228	-1.0544857412117519	-2.721751942904331	-1.5296820282799426	-1.8565641066653513	-1.4249706020315664
BS_CF63VG3S	1.0699516015283173	-0.4280160340477612	-0.6709758629655914	0.8877098223054686	-0.13094102753256143	2.402084760763526	5.715644882283456	-0.21095384007525453	4.247841288194963	1.4422459753357957	-0.8233268382241413	0.20715038428143148	-0.5386023579813267	-0.3885370851882561	-0.17914743812340211	-1.4699731603459962	-0.2119427550703898	-0.8671963523586477	0.244538219883291	-0.33633960379152716	-1.2023249035241093	-0.37312220200259527	-0.05187265211973058	0.12154202241373792	0.06297498785512767	-0.40783683569181745	0.15664648709875642	-1.0188029432031482	-1.5439453173118467
BS_CFD3WHAY	-0.13187021919691475	-0.4280160340477612	-0.0875968622069159	-0.19366924552262982	-0.13094102753256143	0.5971212445201985	-0.5535692450135093	-0.21095384007525453	-0.6630999704832219	1.6182318617830098	0.41342013574726416	-0.04342498316786319	0.05675190585288007	0.05317762615202458	0.3014852135093243	-0.31773545841131695	0.8126412079006837	-0.5639711372285194	-0.03184551477149733	-0.44769572578696726	0.13914396404513635	0.7160253956815993	0.8856267828035953	0.9142700913740888	1.0171569364622675	-0.21228405309247791	-0.7485635547382881	-0.45186292464809097	-0.6448628625035973
BS_CG1RG607	-0.005032693447554349	0.2231711540216675	0.217143446900268	-0.36248363044159837	-0.13094102753256143	0.785437781889305	0.6247427270228905	-0.21095384007525453	-0.6578660677927183	0.15057398493912993	1.0829100104602485	1.6402913812001871	1.614543974438545	0.9958821336224313	0.5261161304853713	1.010457609761893	1.7594749535877028	1.2955322498942448	0.3991348883819284	0.9867915359784318	0.11943908887858816	0.8812537513849056	1.1066419439532065	1.2309574132979413	1.1672901767432347	1.043020391604949	0.2174302511053546	0.9195566267198694	1.499063584305916
BS_CVEDJGHZ	1.9112959486950947	0.6870330659837484	1.4856223352516444	3.209264820470195	-0.13094102753256143	2.7218545596391817	-0.17270081551715524	-0.21095384007525453	1.2288013644406701	0.3886220299410364	1.0938932846034268	0.6969898655975961	0.859574639499213	1.2322518921386665	1.4429965974385062	1.370158556156518	1.3131948956689934	1.5067227444253526	0.47209314908396827	0.963534950888548	0.9308248909543745	1.178775261060092	1.5353694801293485	1.7073011879513171	1.5683279765864038	1.060318991637783	0.4278542248914462	1.4195986034953496	1.877022806064413
BS_CXAQDK7S	-0.01485541456556222	0.41651353924535794	2.641291078713099	-0.9726412122273604	-0.13094102753256143	-0.4425474373765975	-0.5535692450135093	-0.21095384007525453	-0.6630999704832219	1.1676704700718044	1.7101717025971488	1.3453558201904994	1.0782921570066402	1.5151303377509193	1.8858586039294731	2.0594236872220977	1.876017135698965	0.1477366015601357	0.4057007493464245	0.5841975471300751	1.5282309315751952	1.07996521514092	1.6657195548946788	1.6876747440836815	1.6107483797873419	1.173083805179677	1.295017086411363	0.3827276670740368	1.268509932129695
BS_CZPQ493E	0.19572468338264354	-0.4280160340477612	-0.5162758213911431	-0.34243378966743726	-0.13094102753256143	-0.3393425027672906	-0.5535692450135093	-0.21095384007525453	-0.6630999704832219	-0.5659215850121169	0.8173864875933871	-0.19144922726963962	1.5844640232283453	0.623482503403243	-0.6372071933946635	-0.17829051441680638	0.35804068784986004	0.7321489975904034	-0.16295780652896882	0.11467772154305955	-0.04465057814146727	0.45156887726974243	-0.05623911071283983	-0.06586304837441685	-0.1605584156520041	0.12388756679241524	0.7718581784265223	0.15420848887112673	0.91951157531182
BS_D29RPBSZ	-0.4659225246314845	-0.1495832485077215	-0.555640386951624	-0.06367614231423499	-0.13094102753256143	-0.9587804756186323	-0.3625950294805561	-0.21095384007525453	-0.48856820229697007	-0.9813776759291155	-0.0020636876840976273	0.13319596749746943	-0.33144042399784857	0.3834029637584309	0.5760913886604899	0.8164644282337767	0.17005331821050346	0.9441511140455118	0.8552539265142435	0.7745729744344874	1.0681721622152	0.4536279894044164	-0.10280726195073162	-0.00897604325355145	-0.0043546291185057795	0.5167904028836948	0.4637395704481087	-0.4177558284711008	0.4104351571400424
BS_D4VNDNQA	0.0418076466303472	-0.4280160340477612	-0.704462945186564	1.6354007859225588	-0.13094102753256143	0.2812272536993245	-0.5535692450135093	-0.21095384007525453	-0.6630999704832219	-0.9813776759291155	-0.3136748550159081	-0.44424976805270666	-0.3336110641657564	0.5495381531522094	-0.6600250309258006	-0.7034577617542006	-0.290019152435306	-0.5786972775827572	-1.7161153519125718	-0.7316705999877655	-1.4277589388981833	-0.6790530142463014	-1.355142529874267	-1.0749023943474032	-1.0208812636988969	-0.5885575678463263	0.8350447048461211	-0.013750229335095223	-1.7377874813412384
BS_D6J2BGDJ	0.1732226704500064	-0.4280160340477612	-0.4691194728707928	-0.21015860983365986	-0.13094102753256143	-0.14010012478012668	-0.3014791308616871	-0.21095384007525453	0.09748330641050985	-0.012986581850967283	-1.1343319208589677	0.08101831233777712	-0.09682451505787117	-1.6349390348802622	-1.732907795945218	-1.6100233715736183	-1.0173646018830214	-0.5840889824827518	-0.06138329689434363	-1.4837637030808133	0.0014481251489573423	0.36778171591888204	-0.25570835080531623	-0.19088856027199164	-0.34122299462362066	-1.6792878566371043	-1.5046912490346962	-1.888241542660127	-0.9283991695513873
BS_DFGS950G	-0.434589231171723	-0.4280160340477612	-0.6934410143320574	-0.7303987906596751	-0.13094102753256143	-0.9576534116399198	-0.5535692450135093	-0.21095384007525453	-0.121904225224898	-0.8017807215562112	-1.3663221736076956	-1.752228153126336	-1.7221755469253335	-1.8245231703950804	0.8268884560254441	-0.23797280933580356	-1.3715364720902365	-2.0837217023953185	0.1863502256526105	-1.319713438124158	-0.17796371893104407	-2.2421995743292435	-1.3776500862269379	-1.2289569708082844	-1.4144852761613524	-1.5311071826538172	-1.972650686390266	-0.6698660717265581	-2.192985991536721
BS_DNZVP92S	-0.31179892471311094	-0.39483971439348026	-0.32482210303723924	-0.5942164278318124	-0.13094102753256143	0.10989978725221046	0.3203833319678002	-0.21095384007525453	1.638903624429501	0.09457159677933277	-3.3381499943329502	-2.568144712912063	-2.886178460701282	-3.7016706143660163	-1.2911538214718388	-2.202242706722397	-0.16224984411640003	-3.491295755953327	1.5027169501983508	-3.7507132243748713	0.1468126512563541	-0.7645553091512932	-2.7129203157477684	-2.9792171281147457	-3.5041613404724004	-2.215870278850026	-3.271983321719138	-1.649928856532558	-1.791341513935285
BS_DR079H0D	1.6069458474186344	-0.4280160340477612	-0.704462945186564	2.558274882014415	-0.13094102753256143	2.2400676697063187	2.222930981861813	-0.21095384007525453	1.8075497700921803	0.8006751993017384	-0.3856277895786525	-0.9144969199179834	-1.504037865638388	-0.855247930462394	-1.624667408938974	-1.3847876140787438	-0.12796279774014693	-0.7757612348802522	0.059520955515856316	-0.7954350561881198	-1.6078208659598547	-1.6980887122081658	0.1642973128405751	0.08401880433389994	-0.09594889563925078	-0.7280466760685103	-0.7440954795956715	-0.544440358415514	-0.6099854125298941
BS_DS438CXE	-0.4848070383381942	-0.4280160340477612	-0.704462945186564	-0.33708003723783364	-0.13094102753256143	-0.8664701716682656	0.025045289552071297	-0.21095384007525453	-0.6630999704832219	-0.7566166248360382	-2.0838393290920703	-2.752400542749867	-0.814454588529078	-2.585245157246697	-2.3315081787695044	-2.254339569802527	-3.1037740993882506	-1.2482396151754993	0.9722245483287707	-1.6470993935425429	-1.3323961831028066	-3.4470528390154866	-1.9095509871959404	-1.8240226143346638	-1.8776719597991363	-1.8995231318041272	-2.0026528227143854	-1.8034868984602737	-0.4523603229756333
BS_DSPVSM7D	0.2984290974829044	-0.4280160340477612	-0.2578101286979736	-0.3649122618551635	-0.13094102753256143	0.09037304306667113	-0.5535692450135093	-0.21095384007525453	-0.6630999704832219	0.018275068641290325	-0.37596974500362235	-0.6643066131498521	-0.3178787724125168	-0.8971024047691408	-1.135949872325159	-0.8115263071594899	-0.4898249085178381	-0.02955940205379202	-0.177960473382212	0.28883672773794133	-0.21075870918981351	-0.6413630226719442	-0.4172056524697853	-0.5449769342690671	-0.7018407886058752	0.37498491566381215	0.13479299817807538	-0.016141123607617904	-0.5992529977643621
BS_DZNXFPH1	-0.5777484819311518	2.6778284473842286	0.6286571363534909	-0.9726412122273604	-0.13094102753256143	-0.9630831848441692	-0.45897642853411963	-0.21095384007525453	-0.16698482064238743	0.0590228936570066	1.500796813743287	0.972175299505844	1.6866656244968952	1.0424664020112773	-0.034527046012828556	0.6673880948517951	0.7460232271343686	1.080043904659022	1.312961757272936	1.2046475251023443	0.8016769566536881	0.7709760282995173	0.8282326048484064	0.7227970688381979	0.7973979674476518	1.3221109607155583	1.4672115755391657	0.2606780312835218	0.042769737151584206
BS_E7NVYA6G	0.7971459595964958	0.32403137564466394	0.7726042424904231	-0.8722633378739102	1.0944015154245132	-0.6477903330012742	-0.5535692450135093	-0.21095384007525453	-0.6630999704832219	-0.21019520909161823	1.0683219420586236	0.6384563984145608	1.9099893260684158	0.7943780011789742	-0.5834368765623624	0.4226434597661745	1.1031637333126807	2.0387693324302583	0.003648116746561131	1.6611392575763717	0.76401804267731	0.6610659690391115	0.35093746495921446	0.3542263195569634	0.25751889921875576	1.285931817603976	1.6107733887058129	1.3999577873766196	1.6258255728577622
BS_E9CYN4NP	0.07232138368475584	-0.4280160340477612	-0.704462945186564	0.6171548990149548	-0.13094102753256143	0.14637088159710407	-0.5535692450135093	-0.21095384007525453	-0.5513654868462021	-0.6303428547661765	-1.0158082847946903	-2.2310763168662042	-1.6254427152082227	-0.8990970023622231	-0.2091744818444775	-1.1869855709767798	-0.48813837397251997	-1.280289031666362	-0.8268265053396915	-1.8144575319026848	-1.961402665630236	-1.329719157948249	0.21005840016578406	0.2392374198644748	0.25553022873603976	-1.3016611254680683	-1.2901527829646722	-0.8654976404454582	-1.1373923155469472
BS_EB0XRBT9	0.5805744676632603	1.6319418220920465	2.265840070983248	-0.9726412122273604	-0.13094102753256143	1.6726720782907705	-0.5535692450135093	-0.21095384007525453	-0.6630999704832219	2.610725332868483	1.0635346795877847	1.0603110580910093	1.1704486543567947	0.4180208961566415	-0.4213506894016352	0.04605611726268528	1.209845692101012	1.3030315337286382	1.4107573588256968	0.8827490158405231	0.1369909854549652	0.9133602177824737	1.2001696683961327	1.2248585994189816	1.1678975848414748	1.0066142606691462	0.17427393851777664	0.5788701677022063	1.4607145363780827
BS_EDJ5TV0P	-0.37035851340233095	-0.4280160340477612	-0.704462945186564	1.1824721599819235	-0.13094102753256143	-0.13673756329419104	-0.5535692450135093	1.4491661854745441	0.4066311156935243	-0.9813776759291155	-0.3131460541506629	-1.615655683560989	-1.6662264299371161	-1.586363077505592	-0.8845029820059447	-0.9457574775481309	-0.35091821372571363	-1.94919528709849	-0.6949711339811582	-1.518498846559093	-2.0616138543973843	-1.221750748037352	-2.9090361841029346	-2.7738136399654394	-2.670971770917882	-0.7360931511659585	-2.9336045310963903	-0.3268433883641299	-1.2261746505410596
BS_EMQM7HTA	0.14919636066490385	-0.4280160340477612	-0.704462945186564	0.21244106075294134	-0.13094102753256143	0.6774847882929864	0.686071945119051	-0.21095384007525453	0.507251626070836	0.33670630756981973	0.3341829621234888	-0.35344941242626965	0.5399494012783008	0.5746365192521101	-0.03264478457538837	0.3009420998867247	0.6900869156613781	-0.6601044943216584	1.0040050768282007	-1.0715545001770825	0.22185188929937324	0.0053626714574528615	-0.5552379249293037	-0.6679441682974679	-0.5661821038642436	-0.911387582536641	0.09581833869847353	-1.3161631365845576	-0.6484016760936399
BS_ENEYB4TG	0.9901604284893823	-0.1755470307513956	1.2971803508011497	0.6244570861635397	-0.13094102753256143	1.613006142222566	-0.3319118151309578	-0.21095384007525453	0.7548428464806617	1.5048839326092252	0.9186905404183952	0.7735385967287779	0.8726033923279601	0.6813623876599058	0.25987565444744265	0.07598369663494794	1.419886416996469	1.1332391168568139	-0.26220219186691873	0.6220274642782663	-0.3337170313143656	0.4680540852872714	1.4248883969431003	1.4830676337811979	1.4242989716810044	0.987214703731474	0.36185708085242857	1.8127568326774464	0.25758403979637723
BS_EXPJQZTH	-0.1500239948633114	0.3420162802645012	-0.10185211204356988	-0.798214991258696	-0.13094102753256143	-0.9373761992393657	-0.5535692450135093	-0.21095384007525453	-0.6564930371571648	-0.4492158633316551	0.8000007631602535	0.5611889356381465	0.6614042778492263	0.8298261526754308	1.789640627401871	1.5977505647738584	0.865182482849635	0.7863710328070652	-0.6007623453306157	1.1835208892307116	1.2905857640074887	1.3292466060911772	1.1044172694653962	1.0411005090463854	1.0417287529686337	1.0869194933894013	0.4873105025238957	0.27081794018743816	0.9716932671909326
BS_EZ3147MX	-0.12233006511590745	-0.00980256017047205	0.4633000206769365	-0.3608104246434997	-0.13094102753256143	0.8168101163427136	0.9596123928090795	-0.21095384007525453	0.7074549815350206	1.3269565194883957	-0.13374173573185963	0.3904471308305604	0.06480037415192942	0.42187496222563664	1.8833258849907266	0.9198199168572281	0.25090955566319295	-0.42759388003652127	-1.0279731796420075	-0.9265597544120223	0.926373701914913	0.16104890132797392	0.8931766339830538	0.8466253871214064	0.880398649666494	-0.6395080645305673	0.6177845289198493	0.13721861436682642	-0.7083670547510056
BS_F0JB4EAK	-0.3319840441171758	-0.09615656364421751	-0.22415830893540387	0.14269007449072243	-0.13094102753256143	0.38235062955142646	-0.5535692450135093	-0.21095384007525453	-0.6630999704832219	-0.11839769596899205	-0.6079147311231891	-0.38037705630569757	-0.46622223976047217	-1.154100302870392	-0.8025910404058697	-1.4187029552655048	-0.14615810280287028	-0.26002271801975907	-0.6107729596764901	-0.982433180237522	-1.3558121030227812	-1.461851718952193	1.0716832748767724	1.1605972913261824	1.157578004098115	-0.3121191490958349	-0.9968012827171093	-0.17191273796617323	-0.4084169709938354
BS_F21R36MM	0.4971884074859178	-0.4100139114182407	-0.4507497133305853	-0.27560639772123724	-0.13094102753256143	-0.5735380050332608	-0.5535692450135093	-0.21095384007525453	-0.6630999704832219	-0.5081803437946815	-0.43615003326889284	-0.6273067304413386	0.09607544675948462	0.19904374445698303	-0.686028551364037	-0.12266242073918411	0.2666317644393984	0.5700902394248724	0.1270662650330223	0.4912341307602439	0.3823890128748102	-0.9754240439066557	-1.1442919006801815	-1.1112548699704965	-1.3008042743635604	0.09502253048321777	-0.733650102448567	-0.2487165811428779	0.9445166997941452
BS_F65GWS21	-0.18195811647813354	-0.4280160340477612	-0.704462945186564	0.6783076374000271	-0.13094102753256143	-0.5303604633414768	-0.31392813310720075	-0.21095384007525453	0.7823864073183306	-0.9568730696936217	-0.9446391424156719	-0.48791467885692447	-1.8214918238342324	-0.058163396100020776	0.0310517893040335	-0.49693597047656207	-1.9676597391905004	-1.449092956617166	0.844786273319467	-0.2065044555270497	-0.33821206359629624	-0.9951063428565912	-1.5769904724602848	-1.7980366873007836	-1.6068803499335251	0.06784653944388701	-0.41825318115231475	-1.7892834823321164	-1.4349701259007959
BS_F6V1Y4QS	-0.44916162096392465	-0.15196815313380452	-0.5644454191487799	-0.09454072446065197	-0.13094102753256143	-0.5910491716069393	-0.5535692450135093	-0.21095384007525453	-0.16085576604850746	-0.43888483468060696	-0.003074326360757204	-0.17529634091103707	-0.034138509560516526	-0.751779480087949	-0.5231140962147256	-0.30478146659787864	-0.33177859727507075	0.031252444794585284	1.596902213874294	0.8040903112449589	0.5613468593983885	-1.375812926976401	-0.20135186713350142	-0.3300319234712124	-0.1757865970601906	0.9883287999438344	-0.18331887767317898	-0.12870709538669534	0.09191729818044647
BS_F9Y4Z92G	-0.02319713504677868	-0.4280160340477612	-0.704462945186564	0.5464891099904259	-0.13094102753256143	-0.25219328628401727	-0.5535692450135093	-0.21095384007525453	-0.6630999704832219	-0.9813776759291155	-0.3533759838250722	-1.4911394759930603	0.2334500062718529	-1.002815846480463	-0.6974089764455291	-0.8646747861335069	-1.3039289268051364	-0.6453290054342096	-0.7743292404643158	-0.8477702673932523	-1.6806554383962518	-0.7427946556928993	-0.11356532585262162	0.033268269016480376	0.08357055731679258	-1.1742950962844925	-1.16336253093719	-0.5145013077182212	-0.7205393132719886
BS_FCDAH728	-0.1585224700004458	-0.24976005881598315	-0.5382844473874736	0.5361792072929403	-0.13094102753256143	0.11032424999499084	0.6217311773911475	-0.21095384007525453	0.13447136313585134	-0.06546548775615794	0.4006364394372025	-0.5036748046930318	-0.3339738124920059	0.0724390909348911	1.0514877200175337	0.6073829797531967	0.7485194764224471	-1.3453932002835425	-0.23468524182278	-0.9981134742633548	-0.017847138852801245	-0.20586849751538316	0.5474639554759266	0.45108202311863305	0.5318878832716865	-0.4531498972438498	-0.3921276362178753	-0.32250949156146275	-0.8959417424865205
BS_FEV5A0HN	0.2190277885500245	-0.4280160340477612	-0.704462945186564	-0.22248971361633593	-0.13094102753256143	0.15238111386659128	-0.5535692450135093	9.475338027918106	0.346532653309197	-0.2099229346499486	-1.7006748399342517	-2.7766658343158084	-1.5571056954755929	-0.6086536117030587	-0.8289537548699275	-0.9745805815335902	-1.8088974915566556	-1.6971832343766304	-1.8519093031120093	-1.9798317471452687	-2.910988442785261	-1.9576052076354415	-0.9248382636420267	-0.7701536007139748	-0.771104829864526	-2.2899705475243377	-0.672078758778124	-0.7552466168596554	-1.60593126624632
BS_FGJH1X0S	-0.05493799520309424	-0.3683780886795562	-0.38288239518673756	-0.7746574151654851	-0.016738323793608848	-1.0559798697616767	-0.5535692450135093	-0.21095384007525453	-0.6101564984709648	-0.6395360043145789	-0.535630395245125	-0.26627990591425066	-0.48416355858343735	-0.7576902407702099	-0.46766664071100367	-0.5892743886278083	-0.7029851394279365	0.4169953490013094	0.9284512693410193	0.3201454060977275	-0.11986488193420404	-1.9064082478600146	-1.4516692695251756	-1.4732122246603123	-1.4693048843512893	0.4042830007390541	-1.101018639544639	0.26845784271402356	0.7351873677553876
BS_FKASA3MN	0.28822538671632686	-0.4280160340477612	-0.5848868106118511	-0.4534636013240624	-0.13094102753256143	-0.9246825108276796	-0.5535692450135093	-0.21095384007525453	-0.6630999704832219	-0.7411406808708275	-1.63865150171407	-2.515624561443928	-1.1070964029805153	-1.6526195404582926	-2.476206931093239	-1.853895530067908	-1.7441222129902774	-2.0176662898632327	-1.1359895405207767	-3.0569117763953084	-2.31750115782545	-2.0101390091475215	-0.9776884740439581	-1.080795998595045	-1.2347707822670344	-3.7080283622460506	-1.2025446732001333	-3.552261545369608	-0.9142066456127762
BS_FN07P04C	0.2669612154094669	-0.4280160340477612	-0.704462945186564	1.986611504979959	-0.13094102753256143	0.3157699904807045	-0.5535692450135093	-0.21095384007525453	-0.6397995869711222	-0.9813776759291155	-2.1259403858363672	-1.0015246205327957	-0.49060772374424155	-0.8768808638066041	-1.107778230601551	-0.9921088127637299	-1.2341836983284833	-1.4499580533182925	1.1919779903123262	-1.4821815381614278	0.4817648936568949	-2.252786198231645	-1.72287832084871	-2.021402060281468	-2.0220692612446256	-1.5355640281573886	-0.969358801086544	-0.7790702232786677	-1.4057309301033505
BS_FX2P2WEG	-0.01921508643978717	0.02244034028276533	-0.5670167753167247	-0.33112449136015487	-0.13094102753256143	-0.6693795439756801	-0.5535692450135093	4.771849703380996	0.530594270923483	-0.6033106526719978	1.1036063016920084	0.41002530976137314	0.23857202293012214	1.7872682058832257	-0.48432022704869965	1.3806223978869914	0.34755871969401914	0.8784831881035275	0.59644944519374	0.4289038645006258	1.9008415308468918	1.2138564864036705	0.4841224690802946	0.6161440867332548	0.570259925037206	0.07531400643203327	1.587542588632879	0.49925282298580825	-0.06686944500111619
BS_FXJY0MNH	0.693078118930392	-0.4280160340477612	-0.10295850227224822	0.740598276293855	-0.13094102753256143	0.7948177741093546	-0.5535692450135093	-0.21095384007525453	-0.6630999704832219	1.9932671215741142	0.6719529138784659	0.36824630124468893	0.32997739920602687	0.842819233842356	0.9776626931441356	0.8939737329953034	0.6177340855438501	-0.3762597864601392	-0.978119058724825	0.3634499391702782	0.5122417921726512	0.6421231130928468	1.1095157020988022	1.1659686845700217	1.1649281087401357	0.5460916645963727	0.2193987792951038	1.0010621738048258	1.107659150271907
BS_FYP2B298	-0.24401474813410576	-0.4280160340477612	-0.704462945186564	0.3218683197469855	-0.13094102753256143	-0.2922476112775582	-0.5535692450135093	-0.21095384007525453	-0.6630999704832219	-0.8436679926472533	-0.3185091017501687	-3.386551168165572	0.0476236164459737	-1.38686514325269	1.249850167651258	0.42613462709720673	-0.39368058872713113	-1.9579571483796392	-1.161143692249614	-1.6879707526768617	1.0772197101411465	-0.23247660503231637	0.425541677835894	0.2613733018435232	0.22019180788959347	-1.2915304340793923	-1.895676426108651	-1.6963077267317654	-0.4640009148934285
BS_G19QZG4S	-0.4317841666245512	-0.07950128852475555	1.142490782680657	-0.6959000286351578	-0.13094102753256143	-0.32996191712938483	-0.5535692450135093	-0.21095384007525453	-0.6630999704832219	-0.08631087877357103	-0.38024451022608996	0.2730499112195221	-0.15549918221086406	-0.6068188799745333	-0.23328221774966762	-0.36318729007254597	-0.12183430364386126	0.3142862160524036	-1.3137237278742813	-0.3143364747324211	-0.7836807574028258	0.8666693562576363	1.354623711383933	1.3561050382356326	1.3289487319995192	0.012972997447321888	-1.1647372193301584	-0.24917626612647809	0.34458497634342733
BS_G1E5DATJ	0.6241687338860139	-0.4280160340477612	-0.28038380713189576	0.5004898672926206	-0.13094102753256143	1.7988184281108366	1.6703528296270138	-0.21095384007525453	0.5151167231016351	0.6808949581685233	0.2524432054717168	-0.05508652038104713	1.01379337829347	-0.3931874182066271	1.628828235850702	0.1980763077837873	0.27413744786768984	0.559810283056084	0.6000226819735204	-0.17584429413150288	0.1486674820351127	-0.9498343913155887	0.4850934432991633	0.5318484877043435	0.47762055972901823	-0.09900448984788145	0.46056002607652013	1.1058956556225155	0.9489816143712382
BS_G257VSS9	0.04756501189797581	-0.4280160340477612	-0.6334042937688954	0.4324086472271207	-0.13094102753256143	0.5774235164119851	-0.398288319877412	-0.21095384007525453	-0.5861825631642671	1.0135042571385702	-1.0424166951547504	-0.41470377215519194	0.3339522981891637	-0.5583499771950856	-0.8479485539469085	-1.0451037201365627	-0.793619178323668	-0.5282446464476029	-1.252632117816075	-0.7373686004225238	0.3349271574681797	-0.8437533480335896	-0.02745646020294118	-0.029036133697018376	0.05796531338712231	-0.8229567142898072	-0.20508701460133794	-0.4051162361529744	-0.12803338526634528
BS_G3NN392N	-0.5823245094813753	-0.4280160340477612	-0.6798791066983799	0.17708102246007873	-0.13094102753256143	-0.9477163816087327	-0.28703040658678547	-0.21095384007525453	-0.3057153768960309	-0.9813776759291155	0.6866905877641655	0.11745045228156092	-0.15461665444077705	0.4375767397951704	1.3578271097203163	0.6133018991316198	0.8631414872260355	-0.3902810789903233	-1.245947257527806	-0.4585949113753151	0.2778388564806522	0.5613050575569297	-0.012343894134293478	-0.01801118056261064	0.128304200047192	-0.1651512992902861	0.5621473935530564	-0.16543491228075138	-0.0891786511471529
BS_G3RJTBZD	-0.38063358448226187	-0.4280160340477612	-0.6374038524933026	0.09185537255492839	-0.13094102753256143	-0.5046493047469802	-0.5535692450135093	-0.21095384007525453	-0.6441904272038868	-0.7919422095545879	-1.5150580824446511	-0.5473760744170887	-0.8779199677257807	-0.9859674188216034	0.7382148874322868	-0.1284516819882821	-1.3310043444013822	0.10223641622815027	-0.07581385981136177	-0.574076531977244	0.48296475853864773	-0.41514733953242045	-0.6030711774041583	-0.5300674055160078	-0.5811040559540694	-0.6418039550204196	-1.4850323219931187	0.007982420622750801	-0.18845650325864713
BS_G5NHSFD4	0.07138666194442939	-0.1634024931594399	-0.39058947277678474	-0.5584540872451392	-0.13094102753256143	-0.5243946629539284	-0.5535692450135093	-0.21095384007525453	-0.6630999704832219	-0.45937461334954055	-0.5034572807605358	-0.12368184782592916	-0.16135086335870263	-0.8248639324716698	-0.7953128615097004	-0.5961615210804068	-0.9717347529327891	-1.0077980003893323	-0.7265731677478448	-0.9858342657678582	-1.283177406957398	-0.3383241940776117	0.5961440058676356	0.6645400663595049	0.6902336582603417	-1.1970759359650849	-1.0654832983575342	-0.9614126310573164	-0.360226512398056
BS_G8TXTX0H	0.30058403910485026	0.30124921754218775	0.5512308535835925	-0.9726412122273604	-0.13094102753256143	0.4500166583818871	-0.5535692450135093	2.106394575435899	2.444733898559421	0.36693467323250883	-0.8540911521043094	0.4631234805260442	-0.8312217310991186	-0.41821597567140584	-0.4591498995715116	-0.4005001454828287	-0.21777610400684674	-0.4240862495449706	0.8410740130420218	-1.0378658152968665	-1.1130936967463902	0.34054173603074384	0.39048357920562815	0.45208983004832726	0.45025910210447023	-1.2435476927098545	0.2323844445163725	-0.8931863128659916	-0.00391772403554326
BS_GG9W3J9Y	-0.3374320801223969	-0.4280160340477612	-0.704462945186564	-0.3126040903335733	-0.13094102753256143	-0.6825482135051174	-0.5535692450135093	-0.21095384007525453	-0.6630999704832219	-0.7324701829843019	-0.6235175143688013	-0.6479109544725588	-0.17506540690709832	-1.0456986573778282	-1.3327926869644533	-1.4233152908004698	-1.245717136055269	-0.2902894130657966	0.8102762277384142	-0.466937623730381	-0.3338465879701351	-0.3757945859726443	-0.434336650565912	-0.38930422406684645	-0.4099176244208011	-0.6890530613104444	-1.1118737787476674	-0.3461828853487965	-0.7553019828903742
BS_GW0GKWMS	-0.266896955153571	-0.4280160340477612	-0.704462945186564	1.246558039905328	-0.13094102753256143	-0.18446586212033583	-0.5535692450135093	-0.21095384007525453	-0.5988736320198822	-0.828674598808551	-0.7242263831769028	-0.025545036982840972	0.4510095499590484	-0.8184262806044554	-1.850714191763459	-1.120599273878514	-0.746341958326579	0.14651812735762043	0.7122786538538963	-0.784124793831882	0.5449359744993639	0.7895355335666441	0.7014963109172336	0.6920819769496739	0.6543948261189542	-1.1218033346485428	0.36272102464163913	-0.05556415737518507	-0.33997777244189503
BS_GWHYM3R4	-0.6316491914888501	-0.4280160340477612	-0.5913933660607468	-0.39807855518339735	-0.13094102753256143	-0.5681725489690084	1.1360367499240847	-0.21095384007525453	0.4432580928779592	-0.2837700680566344	-1.9832610190489792	0.07642009722818074	-0.7560848543329015	-1.8684467915420109	-1.040211954803351	-1.9811781871553322	-1.0703840776818139	-1.2187297333804006	0.38352157220419764	-0.10091692684828761	-0.5307346934231842	-0.6032380385170243	-1.0158794840442065	-0.9650978288555497	-0.8369976946506988	-0.021957373463577658	-0.9994592202309753	0.1419306001915523	-0.3804906048728088
BS_GWSJ4Z9H	-0.04972175060235078	0.6337153437195889	0.20572598774375758	0.1834396608226704	-0.13094102753256143	0.9091009251307457	-0.42638939585800295	-0.21095384007525453	0.3893739025759192	0.9854414056461137	1.267748106946511	0.7240605543474772	0.40326124658936696	1.0513363839422871	1.5104697106968263	1.4778448903773886	1.6631523948471936	0.3504248556397897	0.35873558525384136	0.4074227470042232	0.6477330765732091	0.7674994180650462	0.9570241294651746	0.9998387670146117	1.017209044193333	0.9806014153295659	0.4678248206292132	1.0016751743338166	0.5576548759546087
BS_H5VQJR7X	-0.4276846208977345	0.02192502380589238	0.4253822541037658	-0.7649144552877194	-0.13094102753256143	-0.4385159822499406	-0.5535692450135093	-0.21095384007525453	-0.6630999704832219	-0.33253021137960087	0.0401469413272966	0.8668391783143667	0.9245513304937603	0.6336730054179438	0.37979262343302206	0.2457337475686176	-0.06791792939909876	0.5145049438614094	-1.1611370833919237	0.3878893237973642	0.45477549835781184	1.044864984754963	-0.6524493292062264	-0.4881184074529879	-0.4624133254137477	0.0983139836604603	0.12170160502904238	-1.4278255892574556	0.2780624041282872
BS_H97S5SQN	-0.052299468370542446	-0.4280160340477612	0.2311213822672493	3.6181656513655693	-0.13094102753256143	0.9146962100695764	-0.5535692450135093	-0.21095384007525453	0.7386544646065899	-0.522357601956413	0.566862500277133	0.09104802571697478	0.11646856739868362	0.21625191040377226	0.4639434016548875	0.4913581711659035	0.5151508233456956	-0.35610989928742864	-0.612291392269121	-0.5895384902450236	-0.3948794233352173	0.5236659828413028	1.1945555784370756	1.300352395457193	1.2867912307794342	-0.2714542695694179	-0.03612143914700913	0.1887578253350277	0.3227388122715075
BS_H9JYKFTV	-0.45214745584581717	0.21948087057314358	-0.4746745218113135	-0.29875996090328505	-0.13094102753256143	-0.4705889459876341	-0.5535692450135093	-0.21095384007525453	-0.6630999704832219	-0.31086529090556175	0.1486795323964735	0.22044797346877762	0.7969941558377963	-0.3204039400469363	-1.289660889120099	-0.33952572334391107	0.45593194701036843	0.7270166665861159	1.8343472272239782	1.0922034029077992	0.14405568609151667	-0.8408367562112374	-0.008328804453186654	-0.25232001533889653	-0.2793627366841036	0.9608850383758908	-0.6556680376390132	0.8562858333141012	0.3784333606277808
BS_HDHXX8Q7	-0.5714103863612034	-0.4280160340477612	-0.326546774673352	-0.9726412122273604	-0.13094102753256143	-0.28358134151915926	0.5817520996645831	-0.21095384007525453	-0.13918777903898755	0.8478842732276626	0.3815625445803942	-0.31502725502172574	0.5868615104039575	0.9726765885240223	0.4627200998158695	0.48618707233981845	0.31017261946025737	-0.31119618240900765	-0.2114532217902498	-0.5626735219229251	0.49206243168639174	0.10087482274915409	-0.5655185724133952	-0.6553637752026586	-0.6356404146662772	-0.026298368039093956	1.243082092454103	-1.1705731882562584	-0.3501186113348861
BS_HDPCQETG	-0.3847782161303497	0.5118520851218546	1.1950775430459002	-0.9726412122273604	-0.13094102753256143	-0.6642729234428252	-0.03447817579161559	-0.21095384007525453	-0.6630999704832219	-0.49656639207801795	1.476174579021621	0.9136568844988247	1.4530679649586962	1.3111105608662008	1.136333352747168	1.2705387851647791	0.7840721463061029	-0.06565500163386041	0.18388657463931035	1.2729548180911219	0.9714032892429292	0.9565082907081079	0.4386022242522403	0.34259497307629555	0.41084368889690637	0.7574510682226178	1.3190157095106998	0.2610431795019301	-0.4257841218303376
BS_HJRTC9JQ	-0.4335884657739552	0.8271149873476642	0.7858258590613492	-0.9726412122273604	-0.08148802947342433	-1.086928424275682	-0.5282415940956586	-0.21095384007525453	-0.6630999704832219	-0.5538496391714971	1.1424527620358231	1.8467320010576047	-0.0038736137490540923	0.9138509699494003	1.411249266128534	1.375327295111851	0.012060088230240093	1.741498472257212	0.28172960592978097	1.5789800190766694	1.6356339169711958	1.0398270005773735	0.7797055733585004	0.974073539317036	0.943234873220924	0.8209451364107835	1.2203835828944667	1.1069955878396511	0.7940805300174322
BS_HJV0J603	0.23668055688259662	1.10369358323959	-0.442028844934343	-0.9726412122273604	15.955046384090698	0.5117956007960823	0.5533828385509141	1.2528558491316035	3.735219325063926	-0.2812071020755355	0.6279036352578822	-0.9647708798619113	0.5735154564522639	1.50620329172679	0.13375314563389046	0.4174692148270524	1.6719851087668682	0.4974007498262267	0.22200306773578016	0.3789805009200227	1.5087275406882699	-0.4802734519752266	-2.1560580218334247	-2.7357175851781936	-2.4404279698039404	0.5902360199605171	1.6157335196160807	2.520010481316651	0.8357454159159945
BS_HRJ9145M	-0.19756518081148935	1.0543360351268258	-0.14643845923884227	-0.9726412122273604	0.9653439531172366	-1.0120069327614096	-0.5535692450135093	-0.21095384007525453	-0.6630999704832219	-0.8472520372895264	1.2069973631793651	0.91589892609908	0.976866333806371	1.0233852669224317	-0.1921521424574424	0.6090075298714324	1.0889741939698128	2.5221676069059984	0.44788226369807516	1.9185599712315091	1.4662907596339005	0.7176970011117046	0.5382377009899172	0.6497442181001281	0.5316175411633198	1.6109918204816283	1.3325965837991502	1.5164638022999872	1.946353108248268
BS_HWGWYCY7	-0.2847139430984946	4.517038286360789	2.3428150852663294	-0.9726412122273604	-0.13094102753256143	-0.9304193734793959	-0.5535692450135093	1.8888312027251095	-0.4261537595763498	-0.9813776759291155	1.2747051342222873	1.2409905953298193	1.2292908231801463	1.4575747297546195	0.8301183121820447	1.3812777530936633	0.8702074208089338	1.5612661919853832	-0.9026474262974229	1.477953187628667	1.4711605884174763	1.023859746840839	0.4442774832681656	0.37633121447375956	0.5236930748196971	0.9465550540070383	1.6717487135266327	1.1579520505442984	1.144797429539607
BS_HZ9AYDCQ	0.4658544953960154	-0.4280160340477612	-0.5622989110217611	1.7774325831772657	-0.13094102753256143	2.532866097054935	-0.5535692450135093	-0.21095384007525453	-0.6630999704832219	0.29026064425950404	0.2603270941338568	-0.5275660520048594	0.9218736677057613	-0.1884125420077098	1.7744112979503692	0.8978615717351902	0.8491995201072476	-0.42863081156199956	0.09836946566673051	-0.2975904991960994	0.8014518529783379	-0.242669535121692	0.8470840593275458	0.7783805709679152	0.7477533327201887	-0.18900805625221892	0.07152498664897032	-0.09713636179767866	1.1844608800508467
BS_J4JY2F3H	-0.5879914650070195	-0.4280160340477612	0.6604994284250609	-0.9726412122273604	-0.13094102753256143	-0.8673742348064842	-0.07311011590224294	1.144973339543241	-0.5156093227601392	0.05188528647074115	1.4723755722568463	1.268317637184159	0.8718527908780692	1.742681108292878	0.9235162982503198	1.2768532806680384	0.8599720045180682	0.6931348275696886	-0.8912805091419725	0.08219682307210367	0.5443918119422007	1.2899183520316433	0.24066186130884476	0.1984662753965026	0.2880566452408385	0.12597359203774033	1.3032528149201352	-1.8888247041795536	0.31995928060475715
BS_J6212Y48	-0.4417525097306371	-0.4280160340477612	-0.273927128916205	1.3320258032646974	-0.13094102753256143	-0.1879849708894838	-0.5535692450135093	-0.21095384007525453	-0.6630999704832219	-0.9813776759291155	-0.4397077149218423	0.5788269551212711	-0.027181682917218213	0.7317816319640716	0.9471933295046631	0.9457398004886977	0.1632333163475155	0.07261155543898298	-0.9369518083990083	-0.31791156260956865	0.27855747399415504	0.5134731330355143	-0.8310152542257758	-0.7675675917830319	-0.6965441426210006	-0.30409237753185764	0.7224753634043216	0.1310379313856986	-0.15228211168135625
BS_J6W1RB7A	-0.45162313705247226	-0.272021727086904	-0.24273686654712254	-0.8738392405840647	-0.13094102753256143	-0.9085519429864924	-0.08819040729789834	-0.21095384007525453	-0.47451557745108564	-0.38753358672621385	0.2760015239449563	0.5256009168499894	-0.20188877077890963	0.1960228060193688	-0.49865436074487396	-0.30129169706267733	0.22237590344825353	0.6759420997183907	1.4451079559324744	0.9685875066282308	-0.6044037934303111	-0.4842056908644454	-0.0877037587634372	-0.18443035731143276	-0.056214146417756225	1.1317876923163392	0.8017257624743535	0.9974788175037934	0.5333113173578958
BS_J9CBGP57	-0.18862898833625347	-0.3220087591929886	-0.4596579474897172	0.321011983002022	-0.13094102753256143	-0.4083892800658883	-0.5535692450135093	-0.21095384007525453	-0.6630999704832219	-0.5895385520534148	0.4351296654606951	-0.06573412920383102	-0.11660102345637073	-0.1051938562674426	0.0579067355454018	0.15508227764230786	-0.7203260084079601	0.24599026289528284	-0.5206583143159381	-0.4350819956649466	0.3989404190885996	0.6261405994134766	0.7020110852879738	0.7761684334684097	0.8181259400131881	-0.4501644412062209	0.10585193348897017	-0.4592701469052317	0.14900307774280436
BS_JB43XBCQ	0.345937612858309	0.03690450278623664	0.3731850116960433	0.36814696313880896	-0.13094102753256143	-0.33965569692482417	0.3818939329669476	0.8766458227280317	-0.142695962294546	-0.09979835926673936	1.4030878040069161	1.075290906626173	1.5807181095989407	1.4359263835052742	1.0667198320702653	1.4748546849287616	1.4890753051781442	0.09101586904597814	0.13724274643865708	0.9291783114237193	0.683454322260394	1.1232184333866495	1.3838931782860089	1.4213285954391812	1.4387715745415952	1.573200203856559	1.4333372629793548	1.5300115597297452	0.8982192905434571
BS_JDSNFYQ0	-0.4410922127031021	-0.4280160340477612	-0.18432437520962702	0.08817640490569824	-0.13094102753256143	-0.5580052210345412	0.16264122556965158	0.943854970043377	-0.20011051465250584	-0.6388426887760247	-0.38050914757106696	0.00746063337318276	0.40500305034187595	0.7878575073480568	0.45728533204823485	-0.09614948701022641	0.6075877080664204	-0.039641848914404476	-1.2015857609742135	0.9113526569845145	-0.5995606202783684	0.7809324562558972	-0.1411584711112646	-0.16303456447976522	-0.16002624421737227	0.9315545045255612	-0.2890706632944132	0.19964335876431857	-0.4479739831099273
BS_JJVH7WR0	0.16095889608627156	-0.4280160340477612	-0.704462945186564	0.3747689683875793	-0.13094102753256143	-0.6468696505989361	-0.5535692450135093	-0.21095384007525453	-0.6630999704832219	-0.9813776759291155	-0.8895061320646944	-1.3610315032146696	-1.031229294366415	-0.9688205977565144	0.9368430290466635	0.08492666167629706	-0.9120813708557914	-1.4533979446590561	-0.06579597992213386	-2.0951385699118372	0.09935494542978443	-1.5422604274800333	-0.5106663844812984	-0.6026281770502523	-0.6200471916986499	-2.152509792585258	-1.2323027964453401	-2.851805131331322	-0.5887677651290867
BS_JMD386Z2	-0.07261266597798341	-0.07674949816268552	0.18875040175440297	0.17865643911351012	-0.13094102753256143	-0.5835970936265259	-0.5535692450135093	-0.21095384007525453	-0.6630999704832219	-0.8640931690254535	-0.2712804698537576	0.5670003544865766	-1.118174236898374	0.22686698473545328	1.364242258012693	0.8474275073397165	0.1271447096172811	0.9042404145303922	0.21659634017982018	0.7131408802935981	0.7054741765001419	0.3557793364768939	0.3179244639561807	0.16721370098421942	0.27950509488452735	0.1652502178836031	-0.747299015897758	-0.17290304122271036	-0.028945594815179398
BS_JP95KMRD	0.8900193772859596	-0.4280160340477612	0.629067746381589	0.4352956082925626	-0.13094102753256143	1.8602044805709699	4.4625362371694495	-0.21095384007525453	1.961672269396157	1.1780310676495318	0.6617667210180823	0.36496544586986823	1.2514828011697454	0.5718546600881451	1.2792587373061353	0.8063659296272176	0.7334199056161936	0.5728716505199453	0.06426224637557171	0.8086646033517697	0.1686270316338079	0.6114880546177504	0.7919944489565655	0.7357051642465781	0.7240771132050906	0.7689532260837084	0.31652872450627656	0.41808968811208463	-0.042966487898981914
BS_JQGJQ2QZ	1.0885485650170645	-0.4280160340477612	-0.4639982772190708	0.8012176294103067	-0.13094102753256143	3.1962812875390525	3.401720938098194	-0.21095384007525453	2.7382162896232196	1.3390990574131687	0.36018975666358305	-0.2663744042060172	1.1396817656808302	-0.20310566315157705	-1.0414219795799902	-0.39314081448820726	0.4038501105144788	0.2504063708398702	0.6637703780928956	-0.006065287834519911	-0.6104061474183845	-0.05361676424264583	0.37072930321341263	0.27551627380330657	0.17345774948447532	-0.31369619680114025	0.494146934814728	0.5708657613785199	-0.27872657727050487
BS_JQVAWTTM	-0.45083286642093523	-0.4280160340477612	0.5403925884255878	0.17002763222143732	-0.13094102753256143	-0.005817567851399953	-0.5535692450135093	-0.21095384007525453	-0.6630999704832219	-0.12093765111535038	0.6044309740016235	0.30730336880542614	0.5390792562599908	0.425939761251632	0.8665428123706567	0.34341941597328196	0.29816675792108904	0.11267544581183503	-0.8709776942175164	-0.30206874928146504	-0.47745297568401657	0.6461795888066552	1.2786728953930577	1.2815135019228676	1.3220154378331632	0.051128844240948504	0.4040174262592406	-0.012589225229383215	0.8897806120038299
BS_JQXHHK0K	0.3779449766504174	-0.4280160340477612	-0.704462945186564	0.21190529471873418	-0.13094102753256143	-0.5161875047424422	-0.5535692450135093	-0.21095384007525453	-0.6630999704832219	-0.7481191060375034	-0.5398003300512099	-1.7441337672232622	-1.3803970680572126	-0.29784389329728994	1.2298137525460628	0.6504670274022881	-1.0930494276676384	-0.39640670577956644	-2.2027413712221375	-0.4809967557256014	0.6071626726340111	-1.1503904884925444	-0.5457424388974201	-0.4750879930453523	-0.5069966365779763	-0.9316856792199041	-0.6529255553803018	-0.6361220452020052	-0.8102268385019026
BS_JRYJGYC4	-0.44276005040218724	-0.14659991250420448	-0.5478603999919185	-0.44216970449300297	-0.13094102753256143	-1.0562745990742954	-0.5535692450135093	-0.21095384007525453	-0.5722311063256514	-0.9813776759291155	0.15322176224105127	0.4272151349606127	0.2717610545828529	0.28200908861348717	-1.1273626544156745	-0.529089980048781	-0.019827437218422565	0.6056454908314949	1.0946454453450518	1.3345127620922559	0.39104019079738656	0.7917054038394555	-1.0026376172375302	-1.0167670375460982	-0.7886247213255675	0.9438290838276653	0.24918182998929106	0.5603794903841683	0.23540778449039795
BS_JS95PE0J	-0.5066017271280885	0.0012252023182355168	-0.23215061575287732	-0.7140290539526227	-0.13094102753256143	-0.7084471452177646	-0.5535692450135093	-0.21095384007525453	-0.2984700194947223	0.5297233877096964	0.1128231892508937	0.45580883070012435	-1.3292652822964777	-0.16907846310565086	0.732733775753808	0.526780053116788	0.28839210353586336	0.35380946085009174	1.1399673928404435	0.9499237871584649	-0.197664288517037	-0.5367055272699406	-0.14657195108685994	-0.217820401919628	-0.0683205997133013	0.9127581115382543	-0.5335539065908761	0.6217769126085245	0.8535327416685428
BS_JTWNJ8T7	0.7116519574163858	-0.4280160340477612	-0.6154852535217273	0.3356308592876979	-0.13094102753256143	-0.12187147267724906	-0.5535692450135093	1.2653923531926352	-0.5673548965044232	-0.5603908832661184	-0.8361606161098556	-1.3648892501649894	-0.48275037703783197	-0.9131496954275433	-0.4817638887127248	-1.0995907865701486	-1.8608608711571613	-0.13060762068283707	-2.2520781558066707	-1.1760991370288276	-2.9502373802487414	-2.0931148776167166	-1.4899994062686763	-1.1457526078059859	-1.2464127799877995	-1.8183830803064795	-1.5171794625351542	-1.0309647836071978	-1.2137681713327941
BS_JVW2JJ39	-0.31047866856415823	-0.4280160340477612	-0.704462945186564	-0.7253087943039832	-0.13094102753256143	-0.6991769158676194	0.14282061860566111	-0.21095384007525453	0.05432073068386365	-0.5036652073781756	-1.3732626779812078	-1.4522874511006068	-1.373195067145892	-0.9243796955160533	-2.4691757739859015	-1.5009061844312992	-2.022057783908635	-1.1867407409736852	0.7485151507552336	-0.6799745759551796	-1.2191302280286263	-1.6110117538855435	-2.1919933824080866	-2.2002473943195375	-2.312627878180777	-0.9139803867758803	-1.2070745250813444	-0.15008809941539303	-1.032832549085495
BS_K0X3PZGN	1.771983054574532	2.507142227283813	9.328120968809484	0.5782280621997629	-0.13094102753256143	-0.5829931295759697	5.293453339053818	4.062897231458267	4.650594657754429	-0.9813776759291155	1.8519327774519028	1.5599078904395802	2.2987612194981146	1.908374522813063	2.573754642975418	2.6658249706683637	2.0096864098056635	2.280860433988128	0.19903320722832407	1.7775279743683867	1.8612604410378164	1.0149245510697453	0.970069636222793	0.8969519802715012	0.8846086399948736	1.5240574667263211	2.2348270816513964	0.9031557788854945	2.3606844939150107
BS_K17VQECG	-0.39814347187939614	-0.2446290730405782	-0.2577219515434913	-0.8547775577322264	-0.13094102753256143	-0.9085364641686314	-0.4625130885782475	-0.21095384007525453	-0.6188687242581754	-0.6368993020844224	1.0715996463525306	0.7995849034990976	0.35090785001508606	1.038705104552574	1.9081888841260586	1.651447624938926	0.12234903917723393	0.6391263740159197	0.6119356947620744	0.05924046645624977	1.6653383369382253	1.018932437568269	0.7178174458773681	0.8304039649807695	0.7857162947811094	-0.40098045492861295	1.3620102433485874	-1.1984385965001974	0.2998295188294013
BS_K2PCC777	0.7548051800955919	-0.4280160340477612	0.3096855486601477	0.0367092740059276	0.15984196622721672	0.10266240677871827	3.789194976547522	-0.21095384007525453	1.5357049699434127	-0.03469577959439267	1.1289700197232466	1.1640782811904586	1.7277071495099092	1.6521961055861139	1.3273940014807553	1.6883474342306866	1.3774948364621633	1.2687826256716104	0.18060946210288217	1.020209444377303	0.8668891980212683	1.1273703124345282	1.214675339729566	1.1847907196170169	1.2040972854481578	1.2039077412760908	1.4491945415072454	1.8562437801504477	1.5900578768157365
BS_K74N1BXQ	1.4262384719849739	-0.4280160340477612	0.33469576525291417	0.22786537084534314	-0.13094102753256143	1.4870617562445618	0.8222143683497168	-0.21095384007525453	-0.44941412090792004	0.5336652363096223	-0.101595799836585	0.03686056904560683	-0.43888375610281194	-1.368157663533314	0.2320216320366975	-0.8789584240598791	-0.23676619147073924	0.4608006947360518	-0.9086946371641982	0.10095119895284337	-1.1206629678959683	-0.7444300706587071	0.9446368330030283	1.006142264768025	0.9361597280036706	0.20863906596582937	-0.5009636564565052	1.1433610077192282	-0.3434321449152014
BS_K81PZXP2	-0.5597411791202868	0.5577895734712305	0.19374911155799815	-0.8505088228957877	-0.13094102753256143	-0.4960771088478741	0.6869763488779782	-0.21095384007525453	0.06463760224559502	0.19317988673891373	0.7667918930074755	0.5333215083379341	0.2936248522347419	0.49710506628502443	0.5108148942684924	0.8542224233165815	0.702351648520673	0.1794060802934157	0.5606499243938238	0.9845645304769408	0.9422010822053223	0.32385397846696884	0.18864089273900486	0.06277120792946746	0.1618962586127411	1.2077668691934575	0.45224584896730907	-0.37965810733291355	0.3309255604098293
BS_K88T8SW7	15.278949119097014	-0.4280160340477612	-0.32182264557827583	2.3465482945320284	3.8268103105320614	-0.010670634941142964	-0.5535692450135093	-0.21095384007525453	4.059963666537921	-0.5351034854086075	1.9216818252038639	-0.013829288290740224	2.56926631302959	2.6568721346534816	1.8383410614954878	2.737486446950854	2.40141349771132	1.3581697520456157	0.7281397829607285	1.4373764016995505	2.5074995425405597	1.7973339030399542	-0.875889443567948	-0.6432661860477136	-0.9228290005088847	1.2289215603084835	1.1946248857372568	1.1389827795833685	1.730793760060806
BS_KABQQA0T	0.6113358993845027	-0.4280160340477612	-0.5964427754773329	1.2276479479034341	-0.13094102753256143	-0.0051913787734439	1.1623140320976075	-0.21095384007525453	0.05905836274972581	0.05193222090976716	-1.2188404171072367	-0.6667602416085938	-0.9073369538069297	-0.8736380844687459	-1.6559137283657277	-1.8022668138164404	-0.9159426007830521	-0.8898623169733486	-1.8318157955291405	-1.7799036540300928	-1.6560415341992358	-1.1141733243442482	0.644108710748475	0.6519460864012506	0.5942768835560714	-1.7547554751579906	-0.21602561426628547	-1.1161024012612768	-0.3855946427916785
BS_KBEX4RT2	0.7572450080882963	-0.4280160340477612	-0.704462945186564	-0.9726412122273604	-0.13094102753256143	1.3464442879966012	3.5806239560049034	-0.21095384007525453	3.1212890238714692	3.241196098333291	-0.17495604848041815	-0.35257998339060764	-0.3595724631095665	-0.16730282085659615	-1.3447644034926263	-0.02842970389420893	0.5316937700903449	-0.924129889743831	1.067845591638406	-0.4938525787134003	-0.9283683293702939	-0.414305095013302	-0.45372794562772234	-0.546774950825615	-0.5806212627546478	-0.5648968206502362	-0.28903977944828435	-0.0287053805890047	-0.25064184930976674
BS_KFD5128N	0.25618600566841404	-0.42357630530151613	-0.49637676336878755	0.11881202138241052	-0.13094102753256143	-0.36739216824754733	-0.3773148870386685	-0.21095384007525453	-0.6630999704832219	-0.6727418386782558	-0.5719199586980631	0.4275378834994498	-1.2431146470345316	-0.18276907080595775	-0.2682193752361876	0.02795737785275495	-0.6601679070178444	-0.31415012602558423	0.6566811881869866	-0.3753488959882847	-0.2579433103063441	-0.21058988965106762	0.30565435393824364	0.17829931259541357	0.034319727865926346	-0.2047491452230383	-0.29894072458235366	0.2864438297727993	-0.17785454758378375
BS_KKDTW11T	1.0775832624915551	-0.4280160340477612	-0.11241152963892001	0.013237540246583088	0.7364361272802741	-0.5854519073940346	-0.5535692450135093	-0.21095384007525453	-0.33038911574454033	-0.6375716196781229	-0.8864375842695608	-1.8452301273193519	1.3737716531020037	-0.14147965888505	0.6915670611097667	-0.7686243365133006	-0.5854730535414935	-0.09778908800364111	-1.6054834168336867	-0.5966971068797771	-0.5080404709192071	-1.4288592223210304	-2.0927803948945023	-2.101408955201375	-2.390052765065151	-0.8356895881784329	1.9240271277457985	0.8213485071792997	0.47072481647472697
BS_KP735TJ6	-0.06308356651671841	-0.39072607004671095	-0.704462945186564	-0.4147216146959032	-0.13094102753256143	-0.9858894119803925	-0.5535692450135093	-0.21095384007525453	-0.6630999704832219	-0.8606373698851352	-0.6105537168955827	-0.6566493027622345	-0.8954566144121365	-0.9904840528294995	-2.1497348354551975	-1.1679229701682163	-0.9221601530550869	-0.19040580864961976	1.7923415882049392	-0.4100604189487927	-1.6526728528960863	-1.6923660697669036	-1.636380417630731	-1.637293221791227	-1.575945751144523	-0.4612818059990185	-2.8090688194824875	0.15628709345230854	-0.5350494382580685
BS_KQ6ZW085	-0.2167142711004582	-0.4280160340477612	-0.704462945186564	0.08472097423275131	-0.13094102753256143	-0.2673097526057285	-0.5535692450135093	-0.21095384007525453	-0.6630999704832219	-0.490949051184484	0.02131430670674594	0.40270510608016746	-0.3832513829641937	0.06997439869358262	-0.5378096595658064	-0.6288473696835453	-0.604771244707927	-0.6826925713397617	0.46069656038784274	-0.3094535079702514	-0.6047878857704793	0.8200079609550175	0.7624416677639716	0.8471070122213282	0.9005407990542134	-0.4911713504900937	0.06577520338157555	-0.0802932803526139	0.09670481980922799
BS_KRS4EV4X	0.7053580090124532	-0.4280160340477612	-0.1378588525872102	-0.9726412122273604	-0.13094102753256143	0.13957638779379702	-0.5535692450135093	-0.21095384007525453	-0.6630999704832219	-0.4220020757865078	0.21020765995024004	-0.7946728302962253	1.1816227456851027	0.30836773283806124	-0.6823993256990925	-0.0794853765758122	-0.565734321076611	0.9222851944397518	-1.116778265721811	-0.5683477706199567	0.8980474904458855	-0.44628156731418717	-0.3274014302324886	-0.2364762181562537	-0.41147587563634064	-1.0940450937739572	-0.09179129015048387	-1.2318306757039976	0.6393247938301694
BS_KS8HMGA6	1.3792619367906505	1.5761949943470313	2.427671944166463	-0.9726412122273604	-0.13094102753256143	2.151455025103153	0.6584865746813473	-0.21095384007525453	0.5368075563863335	1.8999753649049855	0.6600846909475294	1.1158200478251579	0.9773488187791232	0.5783022245850761	0.4357746291623819	0.45032371131955196	0.760496607632008	1.751617282364315	0.5480277087318524	1.3384276087946412	0.6255469839056649	1.0111514929443397	1.3869144480595479	1.3988414598946775	1.3664663539197501	1.1709690038106886	0.3836132371670533	1.263900847085489	1.6265990980660545
BS_KVPWHDR4	-0.43866505900163233	-0.4280160340477612	0.0534700678285043	-0.2418793362853576	-0.13094102753256143	0.6894705858964633	-0.3092374192383278	-0.21095384007525453	1.172255718441626	1.0888629285276878	-0.37477696114462195	0.14600799134725825	0.18630392503614857	0.12655309010366256	-0.173273141428137	-0.08517545688231307	0.23187181610772853	-1.1136229364059433	0.6060644070771438	-0.661806856801863	0.28150797009313183	0.043612877894736175	0.1784425311667919	0.10444247226611124	0.1693973354357871	-0.7418197650689453	0.02017588214059795	-1.2784335778802858	-0.8022656170775445
BS_M0FA190Y	0.6842436077114242	-0.4280160340477612	-0.532256287411315	1.814000843936965	-0.13094102753256143	1.4280783404183832	0.09028594925247475	-0.21095384007525453	-0.040781885044825564	0.07669207253074707	0.31197799133751125	-0.25516888261872117	0.4671564990165142	-0.362726889395851	-0.3921118291405429	-0.802303031293231	0.13089957030845495	-1.2735890410243056	-0.19741470068607103	-0.3104832824598272	-0.15532925286966373	-0.3092429626358441	0.5566039303650295	0.5876233758571184	0.5784953831957763	0.10227661327684616	-0.17278746371864073	0.9404935122994013	0.4895607169916913
BS_M0XGZ53Z	-0.04617597084396223	-0.4280160340477612	-0.5174863069059248	-0.899989057794606	-0.13094102753256143	-0.4010844541280739	-0.3808004027136382	-0.21095384007525453	-0.1644209370450736	-0.2541664330303792	-3.2704767738460077	-2.529428380027815	-1.7654634232980833	-3.3348351234972213	-1.7270761914104504	-2.287077002288733	-2.1693070726629005	-1.9411504817756362	-0.8492337548511599	-2.1416029184685845	-0.688610627112864	-2.1411767032168427	-0.3724246313876908	-0.4408258524881871	-0.5555497051229094	-2.656155805451858	-1.4324425783597787	-2.7045135668647164	-3.7284778408022956
BS_M1PVEHCM	-0.07616553833376251	-0.4280160340477612	-0.704462945186564	0.7859478159947753	-0.13094102753256143	-0.16299722333493136	-0.5535692450135093	-0.21095384007525453	-0.6630999704832219	-0.9813776759291155	-1.59269551204949	-1.318468949623951	-0.9199819560435712	-1.736858915635378	-0.8022427889438835	-1.0327610886683325	-1.3400496698715307	-0.8734255057543908	-1.0573547179572	-1.693883984656416	-2.421448977469369	-1.8933914690428093	-1.1251057860492457	-0.8062994645426286	-0.7477141971836043	-1.6930022195661687	-1.8203870606893202	-0.1738145783376073	-0.9326555278431758
BS_M54TWTH4	0.5223382323282219	-0.33451826056156225	0.5896447413846413	-0.10357181465006407	-0.13094102753256143	-0.036093458524604174	0.10091237247502387	-0.21095384007525453	0.38289154789454727	-0.35474038241684214	-0.36072519052292135	-0.19574591142840186	1.4795982159571628	-0.6401467901917345	0.25939361318562293	-0.2072325489682561	0.5403857252360545	0.23363184006739057	-0.9268552981708923	-0.6284737913729046	-1.7200047219952	0.21267599447175572	0.8873690147789662	0.8068529448828801	0.7928636401799017	-0.2606993728242191	-0.2563074139357244	-0.17324010433526826	0.7725620984643548
BS_M7XB258E	-0.43774014538601214	2.98249621076299	0.5239851103974484	-0.33159792798866833	-0.13094102753256143	-0.5658308944953977	0.3923718247527974	-0.21095384007525453	-0.26582327612046813	-0.5704205877893943	1.5952368850575516	1.1061516434820253	-0.0185467476978459	1.644537297333623	0.41224936970524667	1.1383045968596395	1.6965620655037446	1.1646802454964724	0.34035322192614115	1.6985569074998348	1.0174742270770394	1.270161580680134	1.1313893467440612	1.121952054016205	1.140011828829638	1.6522311398241587	2.024833351689179	1.686921917019279	1.6270255340270934
BS_M85CXHDV	-0.38666057680552957	0.003386792370010857	-0.061066344923466	-0.7043890409915422	-0.13094102753256143	-0.935071022435052	-0.5535692450135093	-0.21095384007525453	-0.6630999704832219	-0.5904465540768128	1.243953737922384	1.461212169455147	1.026997879347822	1.2310628249129068	-0.08106661007465164	1.025273059302347	0.6161104800347207	0.9456747629132545	0.30622162286920024	1.2824895484641108	1.2718456348038047	1.3509064852529258	0.7473916178721378	0.9683355007232145	0.8456899982748206	0.9432765003996477	1.0433285944513093	0.5900623670776171	0.3299203933926254
BS_MB7WN0ZB	-0.2340409256721858	-0.37793931855264	-0.5628332861119543	-0.5135291146406767	-0.13094102753256143	-0.631277847243131	-0.5535692450135093	-0.21095384007525453	0.6956952256912659	-0.5907445648592314	0.4681388091581268	0.316996578075195	-0.6125937266159833	0.5361641483089218	-1.1455985671473201	-0.15362568923848807	0.027575557022774585	-0.3486801758710526	0.882483214992215	0.8193205359033431	-0.4125633136904238	0.7821320441498578	-0.19328748806970825	-0.21907492637726828	-0.2461236688139439	0.5464013557991018	0.5818188709311528	0.1381682849817625	-0.9101261873007662
BS_MD0937XT	-0.27916702971044444	-0.4280160340477612	-0.704462945186564	-0.006368857750890429	-0.13094102753256143	-0.6213368173455578	-0.1807509238860048	-0.21095384007525453	-0.44900759379134075	-0.8176403748095462	-1.3825792417249025	-1.2785600128050576	-1.598487050681968	-1.8911990833135301	-0.26348200628661256	-0.6007700682816962	-1.4242047235507793	0.5095958464844832	-0.1789390911479007	-0.33189506013012704	-0.6728000288404433	-1.777484084485515	-0.9195875631088273	-0.9630821286725397	-0.9755616256394889	-0.5084680990259346	-1.5960089690410473	-0.7914817006229354	-1.4204178173807165
BS_MDBT7S5Z	-0.3981338762508399	-0.4280160340477612	-0.6849594202292708	-0.6593868903263402	-0.13094102753256143	-0.5124514179543438	-0.31515463082734646	-0.21095384007525453	-0.46258221087770834	-0.5768138257969252	-0.8581821647578776	-0.8353764297121323	-1.3121417524716559	-0.6397094197580121	-2.243508385170716	-1.4896141724392977	-1.0552032465656382	-0.9439354735058704	-0.9337215975817451	-0.988522656041454	-1.659845429952073	-1.0949168705776482	-1.2557775301845986	-1.0887263578874156	-1.2044744784655967	-1.4272659264681011	-1.9120500798403397	-0.8740663991088832	-0.8472685887056615
BS_ME6VQGG4	-0.2597564343739778	-0.3885604591681541	-0.39679681469245637	-0.8407903657716483	-0.13094102753256143	-1.0398890143385515	-0.307955628470954	-0.21095384007525453	-0.6630999704832219	-0.7887888786901923	-0.04322637122045767	0.1948402080699116	0.4577076833430763	-0.015060874959037273	0.9461115526958598	0.4952974230879572	-0.8472236507488646	0.6323572279431038	-1.1247149414262507	0.23486547798137597	1.5272213183171095	0.3381891135613528	0.04882974056874658	-0.1877085239429595	-0.16051215278067593	0.11725810893199894	-0.3308880392057071	0.3091605248656073	0.28039178259264236
BS_MFGZH8FK	-0.26480819054753685	-0.4280160340477612	-0.704462945186564	0.5053935638399989	-0.13094102753256143	0.29636162522169035	-0.5535692450135093	-0.21095384007525453	-0.6630999704832219	-0.0051854822996302875	-0.13310061422985509	-0.37575611577433166	-0.4992774945345177	0.4646440736316342	-0.3092245979752173	-0.11524024524308328	0.10704244187774305	-0.6333254026584516	-0.2962547022014872	0.2343909227418664	0.19510041090558897	-0.3889429795728967	-0.8297697927596381	-0.8626078976593274	-0.81451525238745	0.41316090074989975	1.0534622686939028	0.611241004522147	-0.23333864118257058
BS_MG78HQDM	0.41799782282141146	-0.4280160340477612	-0.5584011244216124	-0.9726412122273604	-0.13094102753256143	-0.3302275944689501	-0.5535692450135093	-0.21095384007525453	1.0616930339833577	-0.24082466293597893	-2.8859954959136886	-3.4389580423359316	-2.5314860583097256	-2.282661950993452	-2.81829778291981	-2.9183509112858594	-1.88471169763044	-3.3334646950604734	-1.3864151186198268	-2.2821640933146443	-4.614438162410727	-3.765774437739386	-1.1131972802286796	-1.1439408368038733	-1.3885462547690821	-2.5919348158301307	-1.947263724910593	-1.0287430536987643	-4.071422270213078
BS_MWWZBQ60	-0.4540484431159611	-0.4280160340477612	-0.5553358729708797	-0.18361662798434294	-0.13094102753256143	-0.7200220653358798	-0.19228319027954802	-0.21095384007525453	-0.5714864054667236	-0.7179921104078689	-0.6799949962888896	0.5418030363025013	-1.0060563688065445	-1.108919739985319	-1.5469614863831311	-1.7353422019243634	-0.7906510275940738	0.4256461312652895	0.15311458430668606	0.4647180211701121	0.41227885123514957	0.5949778790070515	0.35021976969154195	0.39227156286798887	0.495170556127807	0.6600969626924726	0.05852208458366879	0.5356463175968764	0.1699567150258906
BS_N6TQBQ8M	-0.38151430140079096	-0.4280160340477612	-0.6386572316712218	-0.9227439806437706	-0.13094102753256143	0.8257803681863431	0.9761901374870312	-0.21095384007525453	1.6712653303454514	0.5214699798768069	0.2780332767573458	-0.4669472117784313	-2.040322441192753	0.5333795534082374	0.4961348077538461	-0.13098152738738672	0.07035637214938374	-2.049954500599131	0.27890042083221794	-1.084083545225649	0.6235630596359886	-0.7656118334403725	-0.7820991951938363	-0.9293993588265554	-0.890187011721122	-0.8749889378693408	0.6699851441177976	-2.263530286007411	-2.6421408964544586
BS_N7SW36FD	-0.4716478139521539	-0.0014380650135548188	1.3733932729381284	-0.2172662773909695	0.6186604235770062	-0.6590456166064101	-0.5535692450135093	-0.21095384007525453	-0.6630999704832219	-0.21104292951212883	0.8709687775590405	0.9933975197731489	0.917036774548149	0.2827131355238634	1.5920876958960606	0.9903330109631897	0.4598831446935278	0.5772336592195856	-1.7176072423455768	0.19674179848298695	0.34597178386488486	0.9458862215418149	1.2202237261137348	1.2832993079320312	1.2014193263048243	-0.08804205665404974	-0.5346813669583828	-1.2980509013822548	0.9001264065527521
BS_N7VQ1GQB	-0.24733420526600053	0.32944927139340596	0.9573646174801604	-0.9320864335911672	-0.13094102753256143	-0.07143826868378308	0.13621534272602875	-0.21095384007525453	0.3966990272099962	0.7261180237179504	0.8791064132464416	0.7720819103733522	-0.6238725415958538	0.5479608644596211	0.282730513694914	0.1599930304294052	-0.31075114258972525	1.1123811010153044	0.23992740779639216	0.7148465446193764	0.3575952405616276	1.0859465385340634	1.1046032919653097	0.991974064717108	1.0038807404321544	0.47298015098555773	-0.006949228208182304	-0.7837695218714946	0.5298883648720979
BS_NB9XXBW6	-0.191294778790081	-0.24094077387635365	0.09720777951100498	0.563178668791062	-0.13094102753256143	0.8168064146817274	-0.4965456696407137	-0.21095384007525453	-0.24189677180241154	0.2528679594255134	0.17034258573987426	0.25456747549460096	-0.12936989877117042	-0.611229123795951	-0.4731014070897993	-0.9008302061204583	-0.20942952772525097	0.03949042928359205	-0.8654089926469217	-0.13952666780286707	-0.2551857464759416	-0.219363904333404	0.967975725183969	0.9782605099444625	0.9935103497884431	0.5357517787053453	0.025268390594445304	1.1850665778110918	0.3798165146512213
BS_NEFAASTR	-0.08639436976529143	-0.34121785386843884	0.28471520060056216	-0.965791413013339	4.081799429917373	-0.6077822100660761	0.6725065127756132	-0.21095384007525453	0.20999527759715408	-0.8689696135744899	0.26477239593436686	0.13770450392260772	0.41928869051702533	0.8254848610157238	-0.1363958007042972	0.08464193976051045	0.8867429928097409	-0.06149245479136961	0.641701061390271	0.6341810262294036	-0.4293538078827237	0.7651776745311608	-0.05762874001304465	-0.1541708766631567	-0.2954777600928306	0.5738647613345725	0.1588336608376754	0.9344501067652552	1.0693788292823798
BS_NEVYM2FP	-0.16457777501006562	0.09891820491867256	0.5750284516745384	0.4340240225270757	-0.13094102753256143	1.0054547545431347	-0.5535692450135093	-0.21095384007525453	-0.49007138038993076	0.5321793129539096	0.2623718864749312	0.7669605379808035	0.6614647434703838	-0.29930446273287814	-0.7558795587402716	-0.8790842181890882	0.1612751721602026	-0.0645964580260491	-0.46563510497916305	-0.30161952575085205	-0.5462997178507927	0.02123469352939815	1.131096798026554	1.1605002242190519	1.1819035524271038	0.2135470983280201	-0.40361660434315505	0.8156450950154019	-0.10463264060612558
BS_NFKKDYSV	-0.18006928042901096	0.9278552494653058	0.19097556671262905	-0.9726412122273604	-0.13094102753256143	-0.13175806218075653	0.0998884087470631	-0.14844098636987813	0.920319187788124	0.8108842874062617	1.091797596634893	0.8511698076353795	1.2522423501614204	0.8820148538272246	0.6998799044688386	0.7607193741558547	0.6430349494729684	0.8619145688821643	0.764100722830738	1.162802997434222	0.5306135717175146	1.0093136547452246	0.4354824380854046	0.28620053333074347	0.37906206441270407	1.0580902338755465	1.5951079008345879	1.233818180531399	0.4907586847467561
BS_NGSG2KB6	-0.10630050438673588	0.15813023449314825	-0.049901309153272635	0.6835112047854746	-0.13094102753256143	-0.10736386799471648	-0.5535692450135093	-0.21095384007525453	-0.6630999704832219	-0.38369466992432727	1.2044687593161405	0.48756735783702015	1.2383196112578896	1.1620175887274062	1.351492497992053	1.3909339439278565	1.6280781879297224	0.08484050726149056	0.005486142709787722	0.3259477213952514	0.23178587018507474	0.620800906394197	1.2407378106457805	1.2925632434654606	1.329648903363771	0.9692598481587692	1.4728656819082937	0.6979149058027815	0.9893924623018626
BS_NNYXMSTX	0.25886517853571145	-0.1318369052305274	2.463067509738392	-0.8698326102804649	0.14561905378533913	-0.7157348613581338	2.5778450079326523	-0.21095384007525453	0.8077216526930473	0.5044505557997868	1.0788306164146857	1.382987373351013	1.3555712455406563	0.6950880870825236	0.04107475900675145	0.14270404516350393	0.48932350837205824	-0.5860422734052317	-0.3842220934132693	0.005988174885339176	-0.1780456372996727	1.2453989247574684	1.2299461159743652	1.2727846810511037	1.1496758585232147	0.21635713137349144	1.3274225697961162	-0.20041235553411937	-0.3162555091278038
BS_NPA6CZQF	-0.32307134814850136	-0.4280160340477612	-0.17635102191685828	0.637985721963902	-0.13094102753256143	1.1550382131689492	-0.5535692450135093	-0.21095384007525453	-0.6630999704832219	0.04764862879708735	-1.1656911982948983	-1.20504215136377	-0.05522148253229974	-1.7023686749787668	-0.31299678803718145	-0.8587318293210917	-0.5575585837218024	-0.31021695282594547	-0.25244579703291037	-1.3207105409479942	-0.6327257184669418	-0.4485143650641503	1.0608784067474177	1.0593155133222658	1.0917197890939707	-1.3218982145417701	-1.1046540702730832	-0.7983410852050513	0.1577054774020214
BS_NQ54ST98	-0.29269868366971163	-0.4280160340477612	0.24991745142919755	0.7429093905714339	-0.13094102753256143	-0.06359875636122908	0.12521330185353902	0.7445074529640406	-0.5368528088984796	-0.6379131273096389	0.9119390906099444	1.060895351824999	0.7585792618627252	0.6211595473784083	-0.4856728221587025	-0.551518773400066	-0.08841721707463127	0.07625219067787689	-0.7165890000639396	0.34937633027543996	0.23945461535815507	0.7274152176401052	0.6201640676475492	0.5775041742143614	0.639366797768911	0.6627977613143639	1.7036377334500858	0.7387799683757298	0.05413296257735963
BS_NR3P3GN2	-0.4084716164350992	-0.4043571196584559	-0.20846446242302444	-0.9073825086765718	0.2671567246631289	-0.9993482555496055	-0.4360069448754433	-0.21095384007525453	-0.49510434136711734	-0.6848284716201182	0.8581975342761745	0.24340342346769245	0.3514145535377282	0.5392996774192755	-0.3693556665948224	0.3976507763971697	0.4879201967013128	0.9500891208698634	0.7375231231973457	1.06985966981365	0.42167681832253073	0.7291137013146974	-0.2956217977088499	-0.20255155355103843	-0.09468490311552853	0.7596244266206172	0.4344534621022427	0.783103436209043	0.7461039387682946
BS_NX1R0BC3	0.5028154551894745	-0.1566492955471187	-0.015498397668754235	3.0871781199575175	-0.13094102753256143	1.985106330395337	-0.5535692450135093	-0.21095384007525453	-0.6630999704832219	-0.37175031993769103	0.6413639305514023	0.45428637572407016	0.9889305520152236	-0.04488920674402441	-0.5363055555632458	0.0726719626438061	0.5898308687093305	0.9960991348390953	1.2534932745264054	1.299236965018852	0.0768955982875938	-0.3911737824812623	0.13533941474476263	0.13327098889622566	0.1080958268714728	1.2238074090097897	0.36917328356953527	1.5430993467074097	1.569813228898384
BS_P0QF87WC	-0.5111274697694689	0.2414328574733033	-0.5406906254038791	-0.35527783670218843	0.151416594328403	-1.0618106283781625	-0.5535692450135093	-0.21095384007525453	-0.4583311612867446	-0.9697710057007147	0.06486928520993852	1.2855514293383434	-0.046661986309266754	0.6400095381296014	-0.2956244756207503	0.44546903799015425	0.37498837969425064	0.7937434856210135	1.8558656348095635	1.1755050243903298	0.7749071045726061	-0.3344186056595538	-1.239117819313603	-1.2642720499281774	-1.0537646385656705	1.272185547532271	-0.27723495602713094	1.6058492248585368	0.589226306194032
BS_P4PMWFMV	-0.3930473908473093	-0.4280160340477612	-0.1755345049617818	-0.8118067128111414	-0.13094102753256143	0.533370687855702	-0.5535692450135093	-0.21095384007525453	-0.6630999704832219	0.4185731016477728	-0.0479893849711547	-0.01960657902913961	-0.7152906174184074	-0.12896154413234207	-0.227103383731512	-0.75604623466597	-0.7133027507413026	0.23755772835823072	0.23960979020051595	-0.17939107849777736	0.1251967176805029	-0.028421807159048545	-0.0771164465621426	-0.03690608821142805	0.08407870526868852	-0.012246929602836031	0.7872095524231957	-0.0770839298654305	-0.8048642765605631
BS_P7W3AYKV	1.8668846177180933	-0.4280160340477612	0.910219741303405	1.366298751888449	-0.13094102753256143	2.1961201814826556	0.3943254917242968	-0.004207383976620613	3.5229902222880276	0.4424896038687271	0.8455884552320557	-0.40235439299338865	0.7652355554952291	1.0126791660958712	-0.9096696098020498	0.36858905120891194	0.14451470289866072	1.1267311078441429	-0.7300283024699182	0.6361532249283768	-1.4543857890530005	-0.1934945802810064	-0.6592028560115233	-0.5387558211310213	-0.723309854752452	0.04550787874219337	0.6492949783088	0.5794108412744059	0.9114332659839229
BS_PENM28KT	-0.07468568156806435	-0.42648825293890436	-0.12420252892160936	-0.9726412122273604	-0.13094102753256143	-0.37128851578800254	-0.4824030867361085	-0.21095384007525453	0.9054587433392608	0.3553056096113232	-0.73413833510893	0.3372163276361842	-1.0279236386959807	-0.24696271113113888	0.42979698134565825	0.4838796598263628	-0.38796195680091444	0.5554030084267342	0.5346680124394007	-0.21223968120514636	0.6142718835867931	0.45540495877152354	0.7758782919900393	0.6338371892915566	0.5770011630447889	-0.47206452600612037	-0.8240977730899433	-0.17431604382279534	0.14526046476270613
BS_PJC6FH4Y	-0.11360978392206977	1.5720474068810082	-0.15098590193401296	-0.9726412122273604	-0.13094102753256143	-0.8302017197182008	-0.5535692450135093	-0.21095384007525453	-0.589757094623416	-0.2880532464128901	1.2382643747908324	1.0716804589192446	0.9968297402494712	1.04819011729647	0.8451005904951423	1.2365942117541646	1.306376088415493	1.7401790308301823	0.9341017887808236	1.728274629959043	1.1798974262738808	1.113690999912713	1.4445672526763889	1.5154410502735016	1.4782782666341285	1.3735547866576805	1.1386410735496744	0.6162416901373038	1.3262348783678937
BS_PS0P3QJ3	-0.6316491914888501	-0.4280160340477612	-0.1423512695567577	-0.9726412122273604	-0.13094102753256143	-0.8385293909056182	-0.5535692450135093	-0.21095384007525453	-0.6630999704832219	3.748592957604098	-0.1562515838761717	-0.013828635552695371	0.4621934204617263	-1.273235246605099	-0.2953608137075541	-0.37265223629626704	-0.513954283484362	-0.49961178492445596	1.2835424191695268	0.2090183064081164	-0.21684299260524914	-0.20058333232751852	-0.5663420514154031	-0.6557973964950675	-0.6021103634792464	0.4345443889907104	-0.3952611581520418	0.006326858004093647	-1.0197901879039426
BS_PXCPK5XS	-0.2990231002362862	-0.4280160340477612	0.12415034215629998	-0.8413230499532615	-0.13094102753256143	0.9378405637638726	1.289072022318579	-0.21095384007525453	2.586218120833017	1.420693386343495	0.6872735583804727	0.04967274760233518	0.43492569280783955	0.5396620082629311	-0.5051170987930714	0.3666348313431368	0.08022372815729432	0.015349023092627397	0.8780911651798756	0.14397933468883858	0.5268423980373043	-0.16813624021979068	-0.13354012475732185	-0.14105181193831276	-0.11431145468096122	-0.004505059538613348	0.23758782133979361	-0.30803177961743916	0.06125012706105375
BS_PZVHMSYN	-0.5356454592960375	-0.34713413740364335	-0.6272449306731613	-0.48952646365999675	-0.13094102753256143	-0.8064275324607137	-0.513993597049086	-0.21095384007525453	-0.6274261235315478	-0.8118014865389167	-0.5790826942465342	-0.10852759145918742	-0.9356548593333707	0.19280914970014182	-0.7044418071348781	-0.1959725645971726	-0.3526103255250235	-0.1796764850382528	0.17942438231874366	0.24454314613114347	-0.1507984918633905	0.13919011858960836	-1.761604764197684	-1.6534484071861406	-1.6403800928666454	0.25688519814846256	0.8347556857719997	-0.5564257868025949	0.06399096078194247
BS_Q06J3RYW	-0.6316491914888501	-0.4280160340477612	-0.2886930752582194	-0.9726412122273604	-0.13094102753256143	1.1662921260794537	1.2904346325064449	-0.21095384007525453	4.195672704938665	0.6527055219252261	0.8046978605517502	0.7966516044370168	0.9173240892017297	0.17237259079933812	0.616866691339296	0.48055091899607166	0.5966908882777818	0.9978938253335278	-0.010603040009334774	0.7334045163953856	0.4088798739126891	0.898182565503723	0.9609071090931431	1.0125463926427747	0.9913941411447493	0.7685755801324406	-0.09786772396591557	0.9456760163144451	0.8039785758454772
BS_Q35GFYDR	-0.2892989187904607	-0.4280160340477612	-0.704462945186564	0.09863157035224969	-0.13094102753256143	-0.49388727219118855	0.16944250413491327	-0.21095384007525453	-0.340357703520133	-0.9813776759291155	-0.3107518999326147	-0.6853364299418823	-0.46688472923311114	0.3636309949513617	0.36990181034113084	0.5506760919692334	0.18824577956620822	-1.428991441636724	0.6188395431842333	-0.9152468459797556	0.08533429339160993	-0.17167588402740994	-2.273928605051028	-2.089891522475541	-1.913102731244814	-0.5229990802095221	0.3977529207065161	-1.9886112315301472	-1.8830813995899487
BS_Q9N5PRD5	-0.42985506752420666	-0.4280160340477612	-0.6210552269250468	-0.3572488337248649	-0.13094102753256143	-0.8685631476154869	-0.5535692450135093	-0.1419050543172413	-0.13886746485830143	-0.47919805837977364	-0.31941787980192016	0.37085338105495835	-1.1927849040246892	0.1358082253739412	0.11648346814927289	-0.12123093026183333	-0.20282645123564264	-0.8453800034124596	-0.5142520402553354	0.3522221358227802	-0.619556760989008	-0.48562589160385716	-1.015190015057567	-0.9193214566434128	-0.8221797151215241	0.7371824489929162	0.08432580241650368	0.348814554340988	-0.05760541474141479
BS_QB84TBA3	-0.24431860049147677	-0.4280160340477612	-0.704462945186564	-0.16410556508517227	-0.13094102753256143	-0.745487171771472	-0.28111765928087834	-0.21095384007525453	-0.538132801319607	-0.8137719815241933	-1.5271731466572984	-1.3694018226202933	-0.7598773125739006	-0.8106574815121919	-1.0299150741452074	-0.4816988672994284	-1.0399371199707843	-0.7030355596138483	-1.514219266897153	-1.405702983320701	-1.620541087898045	-0.25692558293980094	-2.2643769461057204	-2.1770088815379474	-2.1994864472480984	-1.4506372411370934	-0.499347431257819	-1.1994610357691908	-0.944783387174252
BS_QGKEP3KB	-0.35500867161179106	0.753095835587742	1.1535403169375433	-0.9726412122273604	-0.13094102753256143	-0.3937780020924476	-0.20519427293412368	-0.21095384007525453	-0.5852259907681399	0.34224526812217426	1.6464227376438636	0.9192097659328619	1.0395661912862995	1.6127384696612879	2.1151058214306766	1.8981786950765667	1.0083101975629472	0.2994947053069205	-1.2438842660561826	0.9420303017851225	1.2562353932417025	1.0650095088380243	0.7434183357836636	0.7725903301724074	0.719029307004648	0.5475204150245088	1.497557386145767	-0.38687484923873244	0.37079549391823735
BS_QH0VYVJK	-0.6055329957910065	-0.4280160340477612	0.39494705352985954	-0.9726412122273604	-0.13094102753256143	-0.7581581996883568	-0.5535692450135093	-0.21095384007525453	-0.6630999704832219	1.705626184064147	0.6971740098923157	0.2192396285602829	-0.39939140427821446	0.6892754227410751	0.6963492066533162	0.6542918654939965	0.5899794699583379	0.2869982926869825	1.1202006658313954	0.0346568086417235	0.8343244729372419	0.4697592978139108	0.39115143232150573	0.31522747947908125	0.34974333372037775	0.1067788289348186	0.032987719117705316	-0.13836997658682718	-0.24875577542192795
BS_QHY302E8	-0.4834664630643812	0.8812682627424279	0.4631443778860764	-0.9726412122273604	-0.06055778574822756	-0.751651555472339	0.43775284647465856	-0.21095384007525453	0.2218644360313431	-0.5303692793833047	0.02310903647622631	1.241392269472017	-0.19367665864698497	0.07212932836975693	-0.3061115685943743	-0.13068251159230415	0.5519114404387898	0.11738397650639124	1.2658162767346242	1.1669983570171443	-0.20784227440814274	0.031254645217191124	0.2331196810521684	0.1623165003185246	0.2165411185642258	1.2323777288666438	0.7743623721823234	0.9188116760927478	-1.7092794736068897
BS_QMBS32Y2	-0.6316491914888501	-0.4280160340477612	-0.704462945186564	0.37907589833701616	-0.13094102753256143	0.5596572394047866	-0.5535692450135093	-0.21095384007525453	-0.6630999704832219	2.654204340937378	-0.6448969453991594	0.15133510799592673	-1.2555374916204944	-0.4051860909662085	-1.0720086928614982	-0.6716354441532262	-0.150240233615126	-0.8880750484236292	1.5035014743677337	0.02806909975519374	-1.7181589104231403	-0.4794047209092094	-0.3872359471507727	-0.5667564479512681	-0.5974838527593843	0.09089054316660482	-0.6527290879668703	0.24049062580432376	-0.6137125635165127
BS_QNNX91SM	-0.3234883011526225	-0.4280160340477612	-0.4393843636497738	0.7881851057435959	-0.13094102753256143	0.39277088713262026	0.3929712694146895	-0.21095384007525453	0.061669007084861886	-0.13623448130361146	0.5533922819394338	-0.4555957949270526	0.3182755604276392	0.12811926715117192	0.9970731685326858	0.6452467652498589	0.8195278098268775	-1.3801339867995808	-0.39161094335841495	-0.65397861585157	-0.48529314916868266	-0.15115114437401134	0.5040860994233192	0.46602789607217465	0.5645761101885015	-0.23269730417148843	0.24061924181943284	-0.34523342672892515	-0.5481883708107347
BS_QY2G1JZJ	1.203939137986605	-0.4280160340477612	0.352246142655578	2.457234472774829	-0.13094102753256143	2.7222994577967863	1.2592962775722438	-0.21095384007525453	1.1504271410238525	0.800872585935563	-0.09599210920935168	0.3817869535112791	-0.9304922494177397	-0.8500008405856448	-0.5005487407099758	-1.1272770113561323	0.1442466541174518	-0.7378053107060117	-0.5950144462491204	-0.3138852822247527	-0.4232160075402677	0.626127018614115	1.1106035835203407	1.1207995184291315	1.1169802177174317	-0.3443525856440448	-0.2355704668954819	0.49623226266278114	-1.0103645397176777
BS_QYA4TQXX	-0.4365966466390295	-0.4280160340477612	-0.704462945186564	0.6396363831798527	-0.13094102753256143	-0.7063928191965659	-0.5535692450135093	-0.21095384007525453	-0.6630999704832219	-0.9813776759291155	-3.055669959072952	-1.3010977409309197	-3.2436383778969224	-2.9660453949714016	-0.2534259760233863	-1.6352437845700674	-1.955036519994481	-2.696995550944262	-1.3187026885085202	-1.9225472335027853	-0.898344884572342	-1.4163225214909732	-3.2516482439385155	-3.111290263089193	-3.4466113436972146	-1.3056421286712467	-2.4828353680216027	-0.6777893753616178	-3.778417551910725
BS_R5JQE0VJ	-0.2705172101841797	-0.4280160340477612	-0.704462945186564	0.5607209644389598	-0.13094102753256143	-0.46043029036935934	0.8750485738524965	-0.21095384007525453	0.5784032643453763	-0.2942324595738551	0.7321189038214158	-0.2839653781776781	-0.9964404908934302	0.158523350256602	-1.6517061069553203	-1.1196052827946692	-0.25064488839563764	-0.6906868974987213	-0.19646628209305314	0.8521203637011974	-1.8045252072658835	-0.8622307851088943	-1.118745792611798	-1.1485116117186427	-1.3439536578975744	0.6944955529547943	0.7413254578721997	0.7536842620182241	0.28687640105395434
BS_R5SNFB5B	-0.4050087078429427	-0.33179829004604694	-0.6554269899258264	-0.9726412122273604	0.2374409664367002	-1.0524420006604522	-0.506003413517114	-0.21095384007525453	-0.6546634102824695	-0.8939280827195561	-1.0619148279133073	-1.6407398625922205	-1.1910296593177685	-0.9206445631870793	-0.07073978522224532	-0.4646644801458689	-1.8707562979867374	-0.25144996064227787	1.1852347551387485	-0.6141614318200891	-1.925718006539119	-2.0358059782710645	-2.141757322575883	-2.0867478828170873	-2.00938614992065	-1.1186385132689332	-1.3793992065319516	-1.1477110757602127	0.45543759062159594
BS_R9B92M75	0.01287108446794737	-0.2269105721470879	-0.25929515162537803	0.8418105509427152	-0.13094102753256143	0.9233602513325668	-0.504976297206608	-0.21095384007525453	0.8763119911446229	0.9017781427029329	0.3686015703141719	0.4205028114071858	0.3512611612479067	0.276718361362148	-0.5052058850365914	-0.5136287641713296	0.5900437210505725	-0.7088696585459989	-0.0855212538245135	-0.04957553218956733	-1.2641442982893576	-0.40392594902824763	0.8878023910292755	0.9391147862410992	0.9634973348264971	0.5539322670251049	0.7223265333179228	1.243660653145077	-0.1904484427588418
BS_RHAWQJ48	0.8827853897520471	1.3621103053583807	-0.24387499238464194	2.51592321566061	-0.13094102753256143	4.659333589432036	0.9256946587950748	-0.21095384007525453	0.23631990100548142	1.0293377676402782	0.8561031467836292	0.94743284013677	0.8299240477743902	0.7380539470261704	-0.4005728933052373	0.3142976157051216	0.6305977605028154	1.7405025862728676	0.730211481791985	1.0300786275266314	-0.1888413043760368	1.0164088211802405	0.46206075849737316	0.6477177329909234	0.5763273585530999	1.0401250528023946	0.2022779149089836	1.1408271017657725	1.306888486164851
BS_RHM60031	-0.3513695439504245	-0.23090201464305474	-0.050539019328473614	-0.9726412122273604	-0.13094102753256143	-0.4573062446450287	-0.5535692450135093	-0.21095384007525453	0.7829211155521884	0.7598140737799641	0.35126605508449527	0.794873240583469	0.5581990088818392	0.26002964191856087	-0.32858085693203476	-0.01000803370488672	0.2100436062332148	-0.0489807100351023	0.4403301441326142	0.7837454850868049	0.532063687246809	0.957280167543338	-1.1075903141948666	-1.1640804178419275	-0.8835901819861923	0.7158134567429065	0.9665920137904394	0.529046294373315	-0.17181354798131787
BS_RJC3WDD6	-0.12085990957338194	-0.4280160340477612	-0.704462945186564	0.08462390736537141	-0.13094102753256143	-0.5543481142382916	-0.5535692450135093	-0.21095384007525453	-0.6630999704832219	-0.9813776759291155	-2.1434579840034673	-2.6571985653565906	-1.0648071910616443	-1.9980211450268757	-1.2696995366691568	-2.2370136812581953	-2.8795613183369677	-1.4150785977784803	-1.4983455119212477	-2.2141547309244825	-1.7698476782039634	-1.903130826279355	-1.3108790553970748	-1.246353883235042	-1.3122800304132634	-2.3636998493567547	-1.248198933037992	-0.713539175260819	-0.7575068992405332
BS_RN0VAY51	0.7985537241046224	-0.4280160340477612	0.18511700588727364	1.823497235651996	-0.13094102753256143	1.8397261886629923	0.8455783756317481	-0.21095384007525453	1.930871063079554	-0.05803600770419026	0.13641134393864437	0.41321073303714173	-0.020984564610210553	-0.28234201499333994	-0.5342699634191771	-0.30280897998074935	0.2711848719078873	-0.14912458132783243	-0.006550906407507533	-0.7485544956351138	0.11274581413486634	-0.32633334681700804	0.7696328508925095	0.7151944662896099	0.6958293099085188	-0.24018077779728608	0.6492970940507232	-1.1223717507954805	0.2259376680107636
BS_RX1YTZ7F	-0.23377125229667545	0.1439486465810139	-0.04152194847163425	-0.9726412122273604	-0.13094102753256143	-0.2467245041227837	1.5881553239214372	-0.21095384007525453	0.7185217496243669	0.36863401556255615	-0.027809321569475416	0.41672487595072166	0.031041829314487956	-0.04481303434674078	-0.9666854805966439	-0.6767873991760415	-0.5164218310353434	-0.0559821043483	0.590951523315315	0.14361539519630226	0.7226156127227115	0.8540548352210103	0.16749165131943117	0.1421665154816821	0.25429735405190196	0.13043710525918822	0.7366154632494146	-0.11735572582753238	-0.04731645795005056
BS_RZBFH1QF	-0.5053136690226601	-0.4003928840017875	-0.6677650570821791	-0.6768284533867168	-0.13094102753256143	-1.12133434604004	-0.44937336550355894	-0.21095384007525453	-0.5918053978565387	-0.9263128476798357	-1.6873272530055874	-2.7246412532743176	-2.287908480650475	-2.0384969880045967	-1.4096938893489768	-1.6860591356375332	-1.9219663235437545	-0.9821951952534066	0.5731087327360246	-0.5377365291109046	-1.2747094498467408	-1.727528188194704	-2.8978541450152075	-2.9201166101041287	-3.0570964875704827	-0.6859457737961725	-0.9613440882497201	-1.1983584274950818	-1.4045311748713707
BS_S2TA8R29	-0.6065587368716052	-0.23315176911117885	-0.37484504043455835	-0.7509759005260108	-0.13094102753256143	-0.39200048101682644	-0.5535692450135093	-0.21095384007525453	-0.6630999704832219	0.345498542158518	0.563389192866276	0.324087767753829	0.09967474939120115	0.15945982010050486	0.25682467960113814	0.12645135313509814	0.41064475689489094	0.9745121586506263	0.7610826415454046	0.42069359460201666	0.4908636764525691	1.1885574629636568	0.8276877027022747	0.9384304482813094	0.8796055410808916	0.3235669150380395	-0.15672685087265448	-0.6456671806963353	0.5972929466263247
BS_S3C2PZAH	-0.4392801664175212	-0.1693907065224461	-0.35157992690656636	1.2115604313057853	0.12155112840645606	-0.33055096464342343	-0.5535692450135093	-0.21095384007525453	-0.6630999704832219	-0.9813776759291155	0.13065407287051645	0.8989696305793407	1.2239943078096607	0.173500396194095	0.2274313826697199	0.10804768939354768	0.4330470237026144	0.020001856065949238	-0.5313790859975437	0.7785456060742939	0.31251564606359744	0.6230705496304434	-1.197034303834096	-0.99960990975252	-0.9904032127635359	0.9123153206543315	-0.8124144796608422	0.19295768945654748	0.45070044712078133
BS_S3MET0JZ	-0.14428932419652934	-0.4280160340477612	-0.39904036281105826	-0.5368604003349026	-0.13094102753256143	-0.649674128685574	-0.5160680382826025	-0.21095384007525453	-0.34881641639299843	-0.4822578110760176	0.004134535642722117	0.7007389515887437	0.4242695276834222	0.32319835273209524	-0.05022888565892651	-0.2521283433007816	-0.6952435869193555	-0.17071909034774368	-2.069073206939362	-0.20835672809687564	0.43493337925135306	1.1295456837462405	0.492915000259243	0.5339953302550533	0.6460850875286732	-0.2721747258235336	0.6961159805334315	0.2497485070669407	-1.2064915437921806
BS_S4V9E1XJ	-0.3719063684995263	-0.056524194106084676	-0.042320598616063694	-0.9726412122273604	-0.13094102753256143	-0.735794157460709	-0.5535692450135093	-0.21095384007525453	-0.6630999704832219	0.30003282372529405	1.056557403313127	0.9571421095395228	0.3894923289777311	0.7800432005393676	-0.3839894108330384	0.43034753750903576	0.9505055725407947	1.2555121012016681	1.4890027645894146	0.9669143260239379	0.46255282758010857	1.2080707156690849	1.2479548451492968	1.2748065903490147	1.2365170604028417	0.8762715683229819	0.7447273610269952	0.21294986268318444	0.7066153883112648
BS_S5P8VTN5	-0.27173219095462653	0.040222343890965365	-0.4775626123629707	-0.41516620239381524	-0.13094102753256143	-0.33256581602622654	-0.5535692450135093	-0.21095384007525453	-0.407747330346041	-0.2222907714226397	0.8394815156328568	0.08846348775065443	-0.494141464537617	0.34698352663436205	-0.9622893716703839	-0.1732391427149081	0.19632868729762795	0.41689142762912307	1.1065911560800563	0.46134538430068567	0.6110617869132825	1.1904229039600793	0.29848972879787977	0.27677855796479306	0.2933561517159442	0.25021938743966676	0.36999168512571196	-0.46788253818216674	0.3564885500015626
BS_S6B9DVNS	0.21758712318377627	-0.4280160340477612	-0.704462945186564	0.23882185842644346	-0.13094102753256143	-0.6515618160230167	-0.5535692450135093	-0.21095384007525453	-0.13174530890115893	-0.90849075759601	-1.9016413914033405	-1.8533711382981337	-2.321466390683617	-1.458987475493631	-1.8533470119038584	-1.7496717857283657	-1.7132262008019752	-1.3928811175743656	-0.9783739426242404	-0.6779130811143704	-3.3786242730141898	-2.770288615772585	-2.3180829154024463	-2.231460029307772	-2.40798810829569	-0.5622355696737047	-1.8450147808923167	-0.3286887749566681	-0.052129086562126656
BS_S6S7SK3P	-0.39508446019529336	-0.4017476765721231	-0.6680914547079384	-0.5354666918298961	-0.13094102753256143	-1.020677976639797	-0.5535692450135093	-0.21095384007525453	-0.6630999704832219	-0.9452226870337809	-1.179498484355345	-1.4471030456687881	-0.728609312332459	-1.635436294116365	-1.193149294475755	-0.989033586651742	-0.8724188395351425	-0.14446764389094865	-0.8189169779997273	-1.0475958406860544	-1.3740384354310262	-1.8471363946257697	-1.0115200433844727	-0.9915212696038154	-0.9317908224252833	-0.7919144792598094	-1.2409940167372666	-0.05406222162278202	-0.6030901741738611
BS_S8K878T3	-0.05447770836008815	3.3882104888531552	2.880184029299996	0.48959130540069357	0.23319927938765064	0.28514005521683544	-0.5535692450135093	-0.21095384007525453	-0.13968864926330363	-0.9654740061938698	1.323121091195178	1.3782752906583926	1.8252286401327866	1.4417252970334107	2.310709755346668	2.1011895404753282	1.657485137525058	1.9452472546885964	0.7446665180830073	1.3654708224274712	1.9666149150318124	0.38262984012699697	0.5043279327786946	0.47466266322783024	0.4707536147766067	1.2439802542647425	0.4936637420420197	1.6931593842745765	1.5531758324133025
BS_SBMAM00V	0.6126253995034812	-0.4280160340477612	0.138172358429154	0.11955970407468643	-0.13094102753256143	0.4689784002176509	-0.5535692450135093	-0.21095384007525453	1.5955162239631566	-0.3909281681918199	0.31065032826678335	0.44451611391645096	0.12326008037834356	0.022299603132553247	-0.7413057107719214	-0.9011529419771205	0.054905949961906404	-0.35101212070210663	0.6286501361273269	-0.3415234742556538	-0.48713220846895705	0.27307873066262706	0.1554357918316897	0.0690767189471398	0.03842243695442732	-0.6009932656043746	-0.8171195757346096	0.3198160733211526	-0.981185310718237
BS_SBMCD7XZ	-0.2861413088122355	-0.0421280660077589	0.5411561078645445	-0.7155119635512589	-0.13094102753256143	0.7243893397580207	-0.5535692450135093	-0.21095384007525453	-0.6630999704832219	1.631747439397401	0.577113457957291	-0.29420152832254237	0.056042869817780214	-0.3726030475676743	0.1957175356978671	0.29906135355133795	0.6491728272532543	-0.9630954379651511	0.09774243735155254	-0.355453639688651	-0.1189029632840611	0.6121213243803758	1.061117548152002	1.0815169918676726	1.1391997061621948	-0.08673681566435146	-0.43690636788206255	-1.5077884504182821	-0.26128182352088664
BS_SD0EMK7Y	0.20313465608644535	0.22824211891194415	-0.28200361750950154	1.537835977429215	-0.13094102753256143	2.026856873846148	-0.5535692450135093	-0.21095384007525453	-0.6630999704832219	-0.04066711861726486	0.3637349151399499	-0.1200661129411157	1.6103627397485036	-0.8727853802227777	-0.7082714560481255	-0.9409005123797244	0.16815308085580394	0.9766457682776071	-0.029446327395006897	0.356719631738167	-0.7169106683233593	-0.7169410255148104	0.8395083295887004	0.8907962514356692	0.7596843276261651	0.5550850376144324	0.11153074158507692	0.5835238305586817	1.0827660954643359
BS_SD8YBRBR	-0.43163471200168235	-0.4280160340477612	-0.704462945186564	0.2715235093023848	-0.13094102753256143	-0.9367340099238229	-0.5535692450135093	-0.21095384007525453	-0.6630999704832219	-0.9813776759291155	-2.194965411459557	-1.403960234880603	-1.3949608610870585	-2.2678599620579463	-3.005367377125216	-2.614860913075909	-1.7455200889745617	-1.530678482497067	1.2446504413926642	-1.202504704471671	-2.1020084383044946	-2.3844105579975268	-2.1654573499740306	-2.1054203331971273	-2.082617459157539	-1.4264404215379016	-2.4568684402715832	-0.6511254209135947	-1.392717084911767
BS_SERDGASJ	0.45740425615157515	-0.10011176676838159	-0.13698837375996342	0.6222801089315766	-0.13094102753256143	2.476649289243733	-0.5535692450135093	-0.21095384007525453	-0.6630999704832219	0.8017865780997251	0.7691184628027139	-0.3606825505919644	1.5635575000820126	-0.0033449396823928158	1.4910239684952313	0.538065092888296	0.7336563071884626	1.1615119754060386	-0.2963516829918585	0.1558369414901009	0.051067198872994914	-0.2003523513152317	0.5530443756720284	0.6272927003284483	0.5429164702996885	0.07684969676570402	0.19235012062773627	0.9400748564115112	1.361345115731683
BS_SJVTZ5TH	-0.4983469323315766	-0.33404656618243866	-0.38423789572969763	-0.9726412122273604	-0.13094102753256143	0.38855065061720456	-0.5535692450135093	-0.21095384007525453	-0.6630999704832219	-0.11961603305497127	-1.85693366847543	-0.36500243524787407	-0.5694596829634317	0.35147002595251714	-0.5122826080018607	-0.531815086251862	-0.4813273141493471	-0.4846448125069973	-1.1679741445059906	-0.5145503414611204	-0.15225223625218764	0.10938449256416394	-1.9705022163941242	-1.7946171932879207	-1.681055813777902	-0.19805506561901287	-0.6365059349520937	-1.2724050807030187	-0.129391999934788
BS_SMWQR2F1	-0.22313661247697367	-0.4280160340477612	-0.10077987156576375	0.2246341745074081	-0.13094102753256143	-0.5798922566148645	0.5125461386512328	-0.14758317082487274	0.08436346172909757	0.12207905793938353	0.27855493962707945	0.6191932981228655	0.14278622568018237	0.7574501843070816	1.219414836375331	0.6725628364137773	0.43139951029150353	-0.4197949699592012	-1.0270856238952852	0.14647331589845244	0.6789031044325258	0.5914938130210883	-0.8118508996195747	-0.7579010890589319	-0.7237908750107431	0.21870548436890436	1.4755595589293582	0.037299286469302	-0.19434226776167282
BS_SNVM7CZT	-0.32485857756911296	-0.4001896998201809	0.6453002507393869	-0.9726412122273604	-0.13094102753256143	1.8782385105480321	-0.5535692450135093	-0.21095384007525453	-0.6630999704832219	1.8197723867284674	1.1573868994040146	0.26578928610716596	0.986649846215422	0.9880028945733362	0.39149992017200197	1.2576780986698004	0.9839765858596669	-0.23246569750044274	0.5486011006495307	0.06912857208254684	0.23448237005543374	1.1940144194641655	0.41229892054528544	0.3735303875072489	0.5091456234255585	0.27749073013707415	0.7426133000159612	0.14526666227495563	-0.18469114286536142
BS_SR2RGDXJ	-0.4423972608464291	-0.28431692033322337	-0.15159748637845197	-0.593527673003874	-0.13094102753256143	-0.31226361055259844	0.9301872118439402	-0.21095384007525453	0.377738179964989	-0.02488163891502097	0.8696727808657875	-1.669017374655691	-0.574931878284564	0.16850915036742273	0.4929309535949597	-0.27592364958726406	-0.30308213501314396	-0.44486297511542505	-0.9364495165374156	0.5089402574871019	0.31890642690038057	-0.1320375715535231	0.4601006389399382	0.29632475065872155	0.4208144871821571	0.8214548230887758	0.3437207454721546	-1.0621727332425106	-1.1217063099213815
BS_SW9Z10F9	-0.497556846927725	0.6403127688654506	1.2052274186470628	-0.9726412122273604	-0.13094102753256143	-0.6779853111704299	-0.2894457793636098	-0.21095384007525453	-0.5512376212928183	1.6332940560548306	0.12222761124336073	0.6076288665876389	-0.302359149617081	0.2959545800393925	1.1107809044333905	0.7341516205971144	0.7107913122600484	0.3770272727867123	-0.21355138280124902	0.1353101506416391	0.36197333438488627	0.4813796840654579	0.8936675370166793	0.9426248745210858	0.9165891507970256	0.16298350924949143	-0.7722916408633086	0.22445808899029074	0.6882915921903159
BS_SY3J3XR9	-0.2714653402965017	-0.4280160340477612	-0.704462945186564	0.38264206992056493	-0.13094102753256143	-0.33354692392253615	-0.5535692450135093	-0.21095384007525453	-0.6630999704832219	-0.9321396735310127	-1.4311152993452534	-0.6672401964959201	-0.27196816800006063	-1.7334802993223768	-0.5228370223133679	-1.1253083997869533	-1.687487725917622	-0.9403293279372575	-2.3596541294948503	-1.0579396468512672	0.46086848054402846	-0.8118196814937241	0.07963429877302344	0.019291194113415025	0.07164998434995337	-0.9683583648069484	-1.2854994577880088	-0.7010777512716754	-0.11300820168120429
BS_T1YHK6B7	-0.4486867133140063	-0.03829178108125622	-0.704462945186564	-0.47092314792456147	-0.13094102753256143	-0.866017775542192	-0.3974576089633197	-0.21095384007525453	-0.6464866938416974	-0.8298305318383078	-0.2041308750101486	0.2696084018322393	-0.5212489336365399	0.5718145708958702	0.8399589811153019	0.9918683883763452	-0.42333448863775647	0.5137455488939164	0.24536452855058674	0.2330720429519127	0.6483539408241411	0.7254513971260312	-0.9973565285559018	-0.9150335255460069	-0.8712648696011451	-0.25180755070644295	0.702430829361042	-0.539685594920697	0.3040120042833291
BS_T2F48Z4E	-0.5297023867498561	1.1435925403868272	-0.4205162366137407	-0.7035955204835707	-0.06815393903904504	-1.080230849203557	-0.5535692450135093	0.11396154540317109	-0.10170793069673711	-0.6679548593833313	1.0163487116415288	0.31628750176724285	1.2704903631506264	1.212465162270002	0.8864820627442083	1.465137154627708	0.7752628736763517	1.3206188565082442	-0.3264033863492594	1.4381070720574434	1.1029528235639017	-0.9980845268158172	-0.25415072305121145	-0.437476249309864	-0.4093217384024491	1.2232950656377737	1.5943658219245342	1.2241165610659046	1.3956827534649126
BS_T9A8JJW5	0.03344920697728521	-0.2805830748626396	-0.31142678145823066	-0.3995403928381573	-0.13094102753256143	-0.6897989696187623	-0.5535692450135093	-0.21095384007525453	-0.6630999704832219	-0.4806240568576472	-0.33901027735321654	0.21969060379885544	-0.2723465752525643	-0.3948234712576155	-0.6829656777425165	-0.4623940879658323	-0.4006155419749616	-0.24205620711137515	-0.34885123148447067	0.0660855694288347	0.45985606153064124	0.006159818064920408	0.2175079316509032	0.13741925360632345	0.18743061217657656	0.23071308693275838	-0.4022417245459777	-0.21648389890872025	0.20988345047275755
BS_TASG32Z2	-0.5260831818395885	-0.4280160340477612	-0.54577148870588	-0.5466572838428292	-0.13094102753256143	-0.8999027252662811	-0.4007830885787418	0.36551365743950426	-0.24454614431115124	-0.47268960396123966	-0.24297894958139987	-0.357763985956693	-0.7750418712470895	0.30554467255266277	-0.21656795185605834	-0.16713411079647605	-0.4414501403748159	0.24370076829736684	-0.9285368557597634	-0.2958713063937344	0.7915830981906175	0.6145649050873002	-1.66930038884963	-1.6504983222939504	-1.5147867328950966	-0.239776427818722	0.5196317855285457	-0.8774159192479872	-0.9845955436580471
BS_TGS109T3	-0.1413949227308243	-0.4280160340477612	-0.6453368176604831	-0.5250622440530918	-0.13094102753256143	-0.44861357689451764	0.41347583869883187	-0.21095384007525453	0.20655910706596953	-0.059581366440739074	-0.718732983769865	-0.9049811563269404	-1.2810484234602109	-0.5188842965365656	0.8170472445440827	0.21638702535683876	-0.20802537904211563	-0.5436036744614611	0.8698623371425753	-1.4658934145010378	0.5636333032078246	0.12985086695542905	0.020431395541768593	-0.03224015201380494	0.06741778387741404	-2.1138222097448964	-0.0024345619408292028	-1.773397287518094	-0.6226808615214838
BS_TM9MH0RP	-0.48205233263793806	-0.2979118263079187	-0.595057528024467	-0.133019697730154	-0.13094102753256143	-0.5458646331722801	-0.5535692450135093	-0.21095384007525453	-0.6630999704832219	-0.6356855360122896	0.46404678248125236	0.16327638505474362	-0.0299026030647877	0.2163708402689924	-0.5251187397347126	-0.11414986977058691	-0.19702680536703665	0.5587339100124366	-0.30673883120491835	0.4866381430846934	-0.2957841043467214	0.6121663222657429	0.7974544960232423	0.8214685774740244	0.7944047471587408	0.29933098057474805	0.33112287062691714	1.0156061520064	0.699817242318513
BS_TR2P8KRF	-0.1308541992030526	-0.36135456207439004	-0.39812569021066363	-0.7920538555251253	-0.13094102753256143	-0.7328178015522461	-0.5535692450135093	-0.21095384007525453	0.1715337383546929	-0.5199987143292774	0.49005963416801473	-0.26594994812402956	0.22643461895900088	0.43275016191510357	-0.44657728911674366	0.089657748203649	0.1978993081118851	0.012866782314970543	0.5110877482742197	0.09490531769203124	0.6515090933280904	0.30189105318258497	-0.3980303562476533	-0.4063718637026471	-0.472044554677416	0.12963065010144667	0.7184253091704336	0.013324748410366424	0.11975525477840528
BS_TRKH2SPE	-0.5354305928739127	-0.4246544740339145	-0.604561605985771	-0.6504668029084242	-0.13094102753256143	-0.8911817804851511	-0.3516865207487672	-0.21095384007525453	-0.6630999704832219	-0.7652352265495896	-0.6336505932313404	0.139904967000994	-0.583396182525702	-0.5068660912538312	-1.0363853401521335	-1.0915326212577097	-1.3737988366623346	0.20918497398983912	-0.5893874151530764	-0.24575652315277274	-0.4336903632472676	0.7174562683812902	0.1776075416803057	0.15708726836382886	0.28350246112005095	-0.45197691741663576	0.029923404432916353	-0.047470387665738745	-0.6222089920218508
BS_TRPXB3AV	-0.24380829866257667	-0.4280160340477612	-0.704462945186564	0.5678681901273438	-0.13094102753256143	-0.39907255653319207	-0.5535692450135093	-0.21095384007525453	-0.6630999704832219	-0.9813776759291155	-0.1333812528258763	-0.6836302307496623	-0.32904125006286183	-0.590759260120167	0.38481400023306117	0.008918809756315706	0.08102274398760041	-1.2257788912915648	0.520258055790145	-0.37807398747093507	0.7617749047041722	-1.233638731979877	-0.6219714336854775	-0.7803815939354327	-0.8289192073471583	-0.011282557871385131	-0.8465351135551819	-0.9240978752740291	-0.05442284699973075
BS_TTDNZTZ0	-0.07389302545345924	1.4776786864802305	0.46969887107468894	-0.9726412122273604	-0.13094102753256143	-0.4158086745769364	-0.5535692450135093	-0.21095384007525453	0.4843789835558459	1.0916699780613683	1.1983432440836717	0.8903596672559102	1.1889463317447968	1.2005151659773174	1.2545860500796628	1.8957722860416792	1.3945538377217734	-0.3224544209538819	1.0392717655187296	0.9137871953403416	0.8583970602352223	1.4155782919217543	1.2402567785469114	1.1312756574979899	1.1383672532885016	0.7303177906349192	0.7366179849654277	-0.33476980040190313	-0.23468999056210718
BS_TTE04ZP8	0.902662931659914	-0.4280160340477612	0.8633761411432853	1.621219320177994	-0.13094102753256143	2.8095882713434936	2.6603751724001676	-0.21095384007525453	1.490526854854529	1.0620320583505594	0.24324693476570797	1.0983457220960138	0.8662135625084467	0.1753925246700526	0.08709859978646885	-0.3432979871270437	0.8172201861631264	1.1286578355413173	-0.010453159091984153	0.7515425903507527	-0.027715994274249204	0.3970755882115266	0.9486304018104852	0.9892456633124691	0.9505311275077322	0.9722242916005946	0.33563440431661706	1.5260371102723669	0.8457863820587556
BS_TV5B86ZD	0.03597183462437653	-0.4280160340477612	-0.704462945186564	0.43596952367615843	-0.13094102753256143	-0.805895415097469	-0.5535692450135093	-0.1787108635571608	0.05802600072414004	-0.868565679539363	-0.665374038479787	-2.515889365815363	-1.3759500741225286	-0.6771522759579922	-1.4949464893540332	-0.764967716535687	-1.0006288583290182	-1.6699411668679662	-2.239240347273819	-1.304115843518107	-1.1124281564150524	-1.6670529756168764	-2.1019807422279255	-2.055374248180626	-2.2922725061554767	-1.3126029657044904	0.18878911404896204	-1.3868229403235373	-0.514129340116644
BS_TVH33J9Q	0.05747378600291391	-0.4280160340477612	-0.39325137089649637	-0.9726412122273604	-0.13094102753256143	-0.4865041520476436	-0.5535692450135093	-0.21095384007525453	2.027552497876443	0.2730476205900696	0.22655968926122683	-0.7012857357525376	0.31114331550955243	0.6222108578091863	-1.055960739194411	0.3875712740566948	0.11136761418903157	-0.6108356004953178	1.0928971784654706	-0.8314700539414958	-1.5732876097375166	0.01355766809498085	-0.349296257507461	-0.48290414806563364	-0.7056595074956566	-1.2775951304603692	0.43416229867372313	-1.1336691648301205	-1.1468285290858682
BS_TXZ7KHTQ	-0.5731202317718298	-0.4280160340477612	-0.704462945186564	-0.5245016602492053	-0.13094102753256143	-0.6188543061842984	-0.30032264156774446	-0.21095384007525453	-0.4881895705873866	-0.4279998131592447	0.10434263062174805	-0.18784506763055625	0.012719531634208891	-0.13341748106025775	0.6843411724620951	0.4102907971721133	-0.21844906153971355	-0.17450549190842574	-0.07581951144778194	-0.41488945406867184	0.38411680604192183	-0.46343700508700736	0.09237558155050862	-0.02925017177858148	-0.03815405953502729	-0.8628558580719704	0.7830887238429923	-0.8099608681363666	-1.137592302847594
BS_V0DQFC75	-0.39337772238416713	-0.4280160340477612	-0.6817286519750737	-0.17252232266365375	-0.13094102753256143	-0.8274906851897209	-0.5535692450135093	-0.21095384007525453	0.024619168193574896	-0.3422246048744659	-1.266549478917566	-0.1872169109405662	-1.609857331942896	-0.6740701000518492	-0.5476520697545304	-0.2948820879022265	-1.833762561681298	0.251248595369633	0.3776501567893688	-0.5363597296213091	-0.06341123330327945	-1.3331694534707372	-1.9850059689884285	-1.7226926405515792	-1.723737119355821	-0.4820852738277479	0.5191309116814876	0.03848685831653239	-0.1919631241192806
BS_V3Z3DB4N	-0.3342772488171027	-0.4280160340477612	-0.6920378509020795	0.010652550964437082	-0.13094102753256143	-0.6812463941777093	-0.5535692450135093	-0.21095384007525453	-0.6630999704832219	-0.845717512517268	-0.7309422793594064	-0.06505916909516193	-0.4112009012624054	-1.913521359391989	-0.175909647721341	-0.7173118401594902	-0.8567121056421999	-0.31566303206792873	-0.13543766800146148	-1.0791497920997497	-1.1709245305465328	-0.5346315638497176	0.864319178851877	0.9152160559554837	0.9048725200059331	-1.0659939622203216	-1.6810313770084053	-0.422579025761074	-0.300848407211561
BS_V558NW3Q	0.8585124020988216	1.2927427946466092	0.48858020236975497	3.7744745886824878	-0.13094102753256143	1.2606751548815025	-0.5535692450135093	-0.21095384007525453	0.9595711671490977	-0.9813776759291155	1.1799569729256585	1.1262155993211487	1.659522115371727	0.9689650304306668	-0.8936095572914459	0.5939464561852166	1.4802618331283495	1.9059491773673027	1.0198455649815221	1.7076205099726736	0.912109887551933	1.683262013982885	0.1224424062891927	0.11500576630785121	0.05477777184854443	1.5679641811970726	1.1456123334055897	1.470635958033979	1.7821188322508312
BS_V6RSB5HQ	-0.2999561707132438	-0.4280160340477612	-0.5713058205378512	0.04834979193736528	-0.13094102753256143	-0.49577253039749797	-0.5535692450135093	-0.21095384007525453	-0.504191971808242	-0.6046474898026664	-1.17029211094429	-0.7549364481333948	-0.6768133744519387	-0.7436209197610073	-0.7455444540760459	-1.3622858145443517	-1.2930650230951235	0.22403957042826184	-0.580935271916296	0.012575231826563435	-1.644298884657217	-0.28705749840256156	-0.029468147595836942	0.012460565462356318	0.11378571528815462	-0.03647102390553079	-0.4174763852768239	-0.10128709659481619	-1.2563130024568763
BS_V8QWBVS3	-0.20421042830867434	3.8393170496345923	2.8647687746247446	-0.9726412122273604	-0.009309733242823252	-1.140138146562943	-0.34496189303115615	7.180521891550071	-0.48605074173190554	-0.6210939262987095	1.9939203616726826	1.899787076549235	1.3163389830315702	2.447602402274864	0.8945168143297484	1.99339211580509	2.2935217571570905	2.214543027126554	0.08968409115635292	2.0888569439697204	1.2954070754371334	1.394819721541064	0.23358825295753888	0.3608406362976282	0.3369484882582751	1.818852024052616	2.30525628819866	2.3578803921650615	2.068763353659894
BS_VBMRQK4F	0.8726469216137942	-0.045370845682709084	-0.704462945186564	1.1495457185124347	-0.13094102753256143	2.229858599580063	0.929329877340333	-0.21095384007525453	0.12846971705517987	0.8887018719489561	0.37557935492558997	0.03844034925873507	0.6628537553792117	-0.3294470156364536	-1.034748252858102	-0.34788928545758013	0.28324473826484653	0.7458174941592401	1.2383365043220438	0.2824157180622612	-0.4733448832883291	0.9863594998124412	-0.0961319308160602	-0.14865741988793013	-0.2645832290438415	0.144679805127691	-0.03336556050695731	1.205665433449944	0.9888570771369015
BS_VDFXXMEX	-0.5898837645313798	-0.4280160340477612	-0.704462945186564	0.053103964603313465	-0.13094102753256143	-0.5817346308989767	1.723730261687233	-0.21095384007525453	-0.16717903963167724	-0.6256270503259528	-0.2789514553589858	-0.9343546525608414	-0.9840516311479826	0.11864955590771276	-0.5828927538658191	-0.6967122995159202	-1.6205778429795334	-2.08542963353303	-1.2573657749679445	-0.42675382783254373	-1.3352788917843192	-1.3266282568756542	-1.8147697075981368	-1.6675206024027511	-1.6256485447967985	-0.11372510067791716	-0.8257101273258722	-0.7122073202544816	-1.9349055087653744
BS_VF3NVT4G	0.2135320101219386	-0.4280160340477612	0.33910456619939994	1.135161790304395	-0.13094102753256143	1.8769099534546287	2.784026585909337	-0.21095384007525453	0.7818056473390279	0.4434014670795442	0.5762371090341628	0.6282425873389673	0.8508238305113911	0.277735635312448	0.001561845110028835	-0.10838903070302519	0.6623349945936713	0.8211066281924594	1.0798274790481128	0.3074922997821033	0.36727037296840354	0.14346787650656628	0.8920648844532804	0.91039421244603	0.886490254340934	0.7001028760796286	0.2975207990188417	0.9246958025780357	0.8735213533865733
BS_VKH87DD2	-0.41935676996854554	1.135117600610683	1.6027044196194067	-0.9726412122273604	-0.13094102753256143	-0.721198285233685	-0.16580444278896894	-0.21095384007525453	-0.6559626921521037	0.06443575812291451	0.5519062858179203	1.1797699045192618	-1.028400771487261	0.96864506692835	1.0665336964197445	0.6233664428546518	0.45211681428777784	-0.27242911344246495	0.21795496149601584	1.1766842788405447	0.14096785966817604	1.1228141061032864	-0.09324728738905744	0.026539277124134814	0.010834304460489486	0.8546350659910474	0.7442667510476362	0.34012877198418295	-0.3721103990924807
BS_VKHJG2B8	0.8869025757843291	-0.4280160340477612	-0.09666493382679156	-0.9726412122273604	-0.13094102753256143	2.601918097221175	0.49807198517629997	-0.21095384007525453	3.025856917234623	1.7181829547207272	0.35837619076047644	-0.28954351189169586	0.07325128969480593	0.23763372553505288	-0.2321535709976842	-0.0029033857945473494	0.2309588649035256	0.9031753987037766	1.221002906843474	0.6540678621146866	-0.052810270893133095	-1.2004604328863397	-0.1427212930663708	-0.2642883373430842	-0.4099611978895454	0.5776740857941361	0.46712864805571774	1.2876215103886133	0.4073314948384227
BS_VKYEM67A	-0.19451599593110697	2.073882500726992	0.027608029915514337	-0.9726412122273604	-0.13094102753256143	-0.7480607135979412	-0.5535692450135093	-0.21095384007525453	-0.1710527492655706	-0.5049689849886633	0.7791649338434383	1.2096508066582934	0.3080683556608847	0.2641653864827433	0.5762972373315656	0.7175344538855045	0.7759225803393448	1.8063739343945702	1.1301543112998196	1.7296664170552358	0.8464414525015943	0.7791969804475618	0.9148659011799289	1.07680229930829	1.0505554050064032	1.4391124893403615	0.5319531083761317	1.3393210344662152	1.229199513444706
BS_VMQMGSJY	-0.5008414567006958	0.16810746761183878	-0.08084109559253601	-0.3721351653252916	-0.13094102753256143	-0.6797768386435822	-0.5535692450135093	-0.21095384007525453	-0.6630999704832219	-0.8082982616753692	0.47517418198696304	1.3514865629113442	0.762852364687184	0.3105809725229334	-0.5296839005039551	-0.22255779053898872	0.0133063299223692	1.9575342753340434	1.6831703292435245	1.7863202392988924	0.5668502802503803	0.398104432082588	0.1723209546969163	0.02236860912841306	0.22007345185668686	1.8802356211476885	1.1535168002851173	1.5928564121029485	1.4125817940202963
BS_VVTHDRBD	-0.40039900158870967	-0.37902008967855594	-0.38609649723238276	-0.6829457630382864	-0.13094102753256143	-0.5065512066004273	-0.5535692450135093	-0.21095384007525453	-0.6630999704832219	-0.17058699868265267	-0.02280831719291364	-0.6720341497808096	-0.3445128864433999	-0.751132116850086	-0.49747310467695693	-0.4701165278238226	-0.30001869895301864	0.2501330272474876	0.7864161181103273	-0.5271105366500146	0.03916060583095737	-0.36004459202795003	-0.03956971970286113	-0.038237804629262066	-0.044284292822088296	-0.12802652381063978	-0.8432258095211196	-0.088742890270873	0.5609886131920553
BS_W1385R8Y	-0.531700271995279	-0.4280160340477612	-0.704462945186564	2.411825734801585	-0.13094102753256143	-0.1918380987428716	0.5791732049392793	2.8340160163744175	-0.19866197896111176	-0.9813776759291155	0.4990441876840427	-0.7124434875055132	0.3237119369997966	0.2873917724379657	1.3101164122739464	0.5959345137126665	-0.28661395065938644	-0.6267528929610457	-1.125515329001436	-0.19106351967753915	0.9381007274883689	-1.638758428076928	-1.7464638629406137	-1.9197845763549066	-1.7498242627097136	-0.3018961426109411	-0.9514254054635545	-0.2690304454240251	-0.7725878801460349
BS_W4DB5RP1	-0.2601063261626857	-0.4280160340477612	-0.6412485604618022	-0.6105016722400705	-0.13094102753256143	-0.4304591730182972	-0.5535692450135093	-0.21095384007525453	-0.6630999704832219	-0.1688589703807015	-1.6724217208458463	-1.3209120516805188	-1.3664071126549346	-0.6803442372340922	-0.2822528173031384	-0.442431658882148	-0.9830919842885241	-1.3153556202718386	-0.5375346450594317	-1.8607084020591984	-0.5047400927372852	-0.21137953707263607	-2.0953130406192355	-1.7584197980223577	-1.7497795118767605	-1.686303765386685	-0.9701483466903523	-1.4906078969294876	-0.39257588239956237
BS_W7MFJZ5A	-0.39867556519517994	-0.3409297641448521	1.1474150834684433	-0.9726412122273604	-0.13094102753256143	-0.03792615379313419	0.4057078310224555	-0.21095384007525453	0.3701179885924384	4.462183075101412	1.2007372547039876	0.646656159475517	1.3164900223339857	1.0400456953227555	0.742731774743571	0.9625890483634647	1.604511473833986	0.3393979097802465	1.8558933916010716	0.6607573119147522	0.5759486677820144	1.262653191496704	1.1895384215865759	1.1844789220107805	1.2264822204898773	1.1591343784109096	1.0577287253979446	0.7600805027330865	0.9201180301312729
BS_WBVSK3MP	0.2628780701642614	-0.4280160340477612	-0.704462945186564	0.20662015876499726	-0.13094102753256143	-0.6225453499274624	-0.5535692450135093	-0.21095384007525453	-0.6630999704832219	-0.41436725554677084	-2.4761411599218075	-4.053647146645177	-2.3810461104769507	-2.1768733693957865	-1.5725718303288014	-1.38146186210613	-1.9747501012758473	-1.1747050665073884	-2.0174854604876344	-2.239941013334698	-1.525858446435951	-2.5545017131331686	-2.357755118194832	-2.4654090182841264	-2.6175622097763465	-2.924567991039076	-1.5280625561427907	-1.4654463039338468	-1.2139839521050864
BS_WEKK6SHP	-0.2601048112407629	-0.4280160340477612	-0.704462945186564	0.7763004475971667	-0.13094102753256143	-0.13051187184027635	-0.5535692450135093	-0.21095384007525453	-0.6630999704832219	-0.9813776759291155	-1.0047950786110857	-0.042434242297529234	1.2575220590524567	0.0924899083037764	-0.7714134807329949	-0.4805615772590935	-0.06600159395027899	0.8590427430202012	-1.0213411935015722	0.5733017881420495	0.42868018562842636	0.418531335215727	-2.885437307688998	-2.6184098809655274	-2.734740476404454	0.7780959999985614	0.7465190723596529	0.46349577184126567	0.22580954538501818
BS_WHBEXD5H	-0.5863707276694243	-0.4280160340477612	-0.4772607097759608	0.07846397999111261	-0.13094102753256143	-0.3224089787848319	-0.5535692450135093	-0.21095384007525453	-0.6630999704832219	-0.6102918632652997	1.004434954723374	0.8104918066915536	0.8638582627066853	1.1772558305672411	1.0256499158463508	1.469712988834669	0.5153710712453923	0.16149996774309608	1.3287352890153847	0.8251997899178695	1.2007633069293706	1.1926552429125017	0.5009336407270039	0.5342565504019272	0.4823060139406178	0.5598161340948896	1.138059778418954	-0.6404104644963152	0.29796053665905814
BS_WQ1YRTAT	0.32176774447654755	-0.4280160340477612	-0.704462945186564	-0.1657014560103484	-0.13094102753256143	-0.10669143002135593	-0.5535692450135093	-0.21095384007525453	0.2426737742427894	-0.7448794885883956	-1.0215769660188538	-2.6623132749242053	-0.4600197206694208	-1.9499208172659928	-1.1130839742059306	-1.4660062721297107	-1.9965437141381095	-1.688301769839126	-2.2943930076658865	-2.2579931444812504	-3.9626790945801282	-2.4054310271755845	-1.972755888241361	-1.6926532316679472	-1.7272345243190417	-2.2808532975435227	-0.8039098114455603	-1.222214184691859	-2.2020230262309384
BS_WTJEDTZC	-0.451962037152257	-0.4280160340477612	-0.704462945186564	0.10057586731619832	-0.13094102753256143	-0.49147436801153993	0.919355022764851	-0.21095384007525453	0.5169318341424527	-0.5285243745598707	0.5294022485841732	0.49305820671009715	0.12521332933990134	0.7824399744283718	-0.5022876406600991	-0.6268857974442472	-0.03322797123163384	-0.1555535973846657	-0.7847508806376782	0.6744578107647513	1.2029456159169425	-0.2966057230153344	-0.7800739543125378	-0.9420849074893234	-0.8796091170971483	0.8779802932601477	1.9699347767889877	1.316544694915885	-0.744505273395565
BS_WVRX4C9Z	0.7284932213652089	0.21489590616500356	2.7558641846474785	2.430026012031801	-0.13094102753256143	1.0380616795616542	0.02965149282265853	-0.21095384007525453	-0.5229061736636506	-0.5134578210592867	1.021877349675903	0.870080309739238	1.4042894706519298	0.954918892685103	1.4456350918471745	1.0704074830558696	1.2304300444374865	1.7306055714029904	0.10539945303955135	0.834015180008686	0.5210718199264466	1.041207056734539	1.5900217545471313	1.639526042839392	1.5249088969367264	0.7038218755131275	0.793463432890638	1.1326000149831015	1.6396608828722092
BS_X0XXN9BK	-0.43926149068548287	0.386521804781617	0.6200645494022666	0.8038876039992615	-0.13094102753256143	0.2488980243467368	-0.5535692450135093	-0.21095384007525453	-0.6630999704832219	-0.9813776759291155	1.0729109521163278	0.684441569286031	0.8034483486718303	1.1463145989977475	0.47670624139275175	1.0125682184874953	0.7902165589814983	1.425331877516402	0.24782280807000767	1.27717746025506	0.8868166818371627	0.89926255181792	-0.7227802627857941	-0.7589514016546042	-0.5743650179382453	0.9063149106128078	1.2775424986195176	1.1785475211758736	1.155714512271951
BS_X1G0TKP4	-0.6316491914888501	0.06518496712208359	1.4751107267360415	-0.9700310620637949	-0.13094102753256143	0.9641042919196415	-0.5535692450135093	-0.21095384007525453	-0.6630999704832219	0.9465024945704981	0.8060713071047585	1.0227467408356814	0.782870128414498	-0.1272180384566698	-0.04846674727274696	-0.10281323652433762	-0.33284712674018546	-0.016611011452435882	-1.0624818249437282	-0.2026974500699444	0.04208206898524259	0.6707790411278749	1.2609803214879933	1.342697376507825	1.3153758650298686	0.08690977041547525	0.213617352117708	-0.8687535376645174	-0.2415978918258037
BS_X20JCR4H	0.9785821046501583	-0.3962910870739318	1.0087844796676173	0.6374870390165343	-0.13094102753256143	1.3322391136883138	0.9875624557460055	-0.21095384007525453	0.35146143491446724	0.7462410778895439	0.8793195394498653	0.3431078278928154	1.3637289796154615	0.7122047897452032	-0.11073404459784436	0.13165651436344278	1.014285964219856	1.3573818006554792	1.0784566336841268	1.0860919648320642	-0.3259743285836752	0.40868422682917205	0.43960702212401653	0.4029216594083035	0.3672773002311473	1.0238151282997026	0.5295422782149091	1.712618791839219	1.351788242641704
BS_X23724NJ	-0.5193849244006031	0.38012112594758735	-0.704462945186564	-0.34401484718867564	-0.13094102753256143	-0.9297225228820638	-0.5535692450135093	-0.21095384007525453	-0.6630999704832219	-0.9459960964682869	0.042122898669921464	0.7267163887989851	-0.029385181328673883	-0.09904472299075687	0.4365138854136772	0.1188723982811002	-0.41113968186449834	0.688717865964914	1.8763200980823396	1.112613630873309	0.7201908698879601	-0.535116546125946	-0.5597476057190931	-0.7136723645661576	-0.5949722374176271	0.761827473553532	0.1287747663764021	0.9935685379195806	0.20991424766865707
BS_X3HR4Z21	-0.43853882911641917	-0.4280160340477612	0.017553358949872373	-0.4378700615159642	-0.13094102753256143	-0.47890684804450223	-0.5535692450135093	-0.21095384007525453	-0.31516874629131014	-0.43962447767735013	0.768617882509593	-0.09857462239690712	0.6081215218131153	0.6878504844431907	0.3886720757868301	0.44278320949119676	0.4842956890653838	0.1564592160516032	-1.2406671231663597	-1.0101512374707342	-0.9852648875241744	0.6856894667692921	0.5928313387001548	0.5058563085371814	0.5775330479618052	-1.110056110251416	0.514467969991523	-1.7423917828174478	0.28744660803452177
BS_X4DD4KSZ	-0.008013675828731906	5.955570660714479	1.2943146219832673	-0.9726412122273604	-0.13094102753256143	0.5744718762144099	-0.3716596962930748	-0.21095384007525453	0.46903964752952637	0.609143039480733	1.816229952211125	0.8417378381072503	1.2459920042238013	1.6831156345373546	0.7300796620419245	1.8598290084194065	1.8573948589315856	1.3685917377090295	0.07768446206440577	1.4109969255410055	0.725338628633654	1.1623208257341107	1.3373100638165492	1.4197881317238408	1.3657063530447362	1.294013452554186	1.2594949951677252	0.7926542084638178	1.1160630494446961
BS_X4X1SFSE	-0.25595298631260216	-0.4280160340477612	-0.704462945186564	0.005066018237801754	-0.13094102753256143	-0.5163941810431195	-0.5535692450135093	-0.21095384007525453	-0.6630999704832219	-0.7101887207026583	-0.7523502146285694	-0.7446767427335812	-0.46411416985462517	-0.8320744700884993	0.08659136066489306	-0.4517075203562106	-1.018560698174642	-0.576497008179005	-0.4313491288933457	-1.0668725312534322	0.0584870637129252	0.03486243405114897	0.9065212606991528	0.8986764311447325	0.8823804013514981	-1.111260510479769	-0.8664554720660196	-1.0836782039458386	-0.2456906658038638
BS_XG0DBWVT	-0.33974551031858846	-0.4280160340477612	-0.6444010906221264	-0.4458904330357228	-0.13094102753256143	-1.034947502528336	-0.3529390004857631	-0.21095384007525453	-0.4979050541888132	-0.8616122073782047	-1.308321561028596	-0.1833741859271653	-0.23184623112312625	-0.7584295508426956	-1.9982443024714738	-1.3994978668292977	-0.8421693576555446	0.4057585632481486	0.3816845079135712	0.1884985286416022	-0.7171609098370587	-0.15430735224312786	-1.0123954454375785	-0.9961568697623335	-0.9777205221111821	-0.14967772430744317	-0.22777961512994918	0.009430018709982885	-0.269407046913477
BS_XGDPK33A	-0.24124157894988055	0.24331334203725574	-0.06831864373830608	0.5638752442933407	-0.13094102753256143	1.4394908411967537	-0.5535692450135093	-0.21095384007525453	-0.1684796508656906	0.36272921316364803	0.4168346645951502	0.02110942405976462	0.11019075595442787	-0.08410209994158636	0.9476972387296864	0.24098656297927815	0.4835153995030117	-0.10287922965508807	-0.48503081547070864	-0.815548375878381	-0.23213771349894352	0.27697963018978167	0.6491290984728916	0.6448211081178173	0.6954503766549768	-0.6480829747300918	0.03878418489441359	-0.8950625374459368	-0.5590002204203948
BS_XM1AHBDJ	-0.6102726034303008	-0.4280160340477612	-0.704462945186564	-0.12014824139860047	-0.13094102753256143	-0.9082488842830403	-0.4040110511346703	-0.21095384007525453	-0.6630999704832219	-0.9813776759291155	-1.9751297858643262	-0.6350246919223831	-0.8447100838122347	-1.3813815901349866	-0.5932601557893	-1.7637404644485177	-1.698320554004229	-1.3647109947477989	-1.7289676788176367	-1.1217214129805773	-0.4361960723085305	-0.4555996886369422	-0.7336066339871119	-0.6875947753022369	-0.49900117956995826	-0.7624050654234272	-1.6194415776102662	-2.667813610172461	-1.5692375659112734
BS_XQ5SFW35	-0.24760476887612612	-0.3023078247339805	-0.3095914565968351	-0.5501548308290503	-0.13094102753256143	-0.6988489755712892	-0.464735936105208	-0.21095384007525453	-0.31736008891415407	-0.28021884039938316	0.27429906914157276	1.3145640381082575	0.18446328772269974	0.32461062022534903	-0.05096839285339941	0.09028647785488603	-0.4961891452637006	0.05128528962288314	0.5115966176460637	0.768071684850107	0.8574579904966232	0.9456218551225641	1.0608473739817619	1.0565988438078981	1.1213851377608732	0.8067923730261387	0.6033677801716087	1.1013526652095846	0.32904841586181616
BS_XQXXBWPD	-0.5013265624501101	0.33964225493672384	0.7954563870595048	-0.06055169776717863	-0.13094102753256143	-0.8077697096567573	-0.34831648533909904	-0.21095384007525453	-0.6630999704832219	-0.03457811613822298	1.045340430833503	0.9225769850021055	0.9340014955493467	0.750854373783345	0.27363378773003305	0.47994738496547995	0.4888331313491444	0.5035907561543687	0.8175330686487708	0.47168404123764646	0.8108318725026871	1.1556423847365336	1.1324295227893568	1.0969660624914819	1.0682138467888238	0.4592101648960624	0.8800808277019604	-0.4591923913322392	0.6983403137785966
BS_XYVCMF4A	-0.4006062576099464	-0.4033267507028851	-0.6636543108119948	0.5483108853957361	-0.13094102753256143	-0.8246914219073453	-0.5535692450135093	-0.21095384007525453	-0.49369332058831966	-0.9813776759291155	-1.676983571234534	-0.7271333811488291	-0.9822165841506731	-1.2501790081577164	-0.6329983312088738	-1.150347627190626	-0.9926066753337593	-1.1100417489625625	-0.4360529489309882	-1.0402798519655965	-1.134780361627825	0.12924499007126403	-0.7464300562798508	-0.7540266962310376	-0.6790549248844423	-0.9380091161336854	-0.44977750026806274	0.3654145785058932	-0.6579070066815861
BS_XZM79E42	-0.454942408567187	2.396332998420823	1.4219476920174665	-0.9726412122273604	-0.13094102753256143	-0.5953368995825877	0.1226179511276354	-0.21095384007525453	-0.6630999704832219	1.8516749657869087	0.7718822952953402	1.3651593212410957	0.7199992529609546	0.602001370172161	-0.7808704229783028	-0.01222896918720606	0.5751369668100785	1.677875949461603	1.2471758393294732	1.3138887222366162	0.04568956076806074	1.1245024742220238	1.413534962725625	1.4454722801788333	1.4309350306384871	1.1468720238492027	0.8377316664109129	1.8078377561895094	1.1940187893669802
BS_YA0KMBRT	-0.3065710570876561	-0.4280160340477612	-0.3225317067525898	-0.9726412122273604	-0.13094102753256143	-0.6872618456840862	-0.5535692450135093	-0.21095384007525453	-0.6630999704832219	-0.3457088549947772	-0.4615330626272869	-0.7649502955298596	-0.8775073804646655	-0.3520833672458556	1.0286980323644637	0.3771089730426352	-0.40249653211272246	0.4108388723763472	1.1985971841414067	-0.24832795026069882	0.709257741589008	-1.0644249673013038	-1.0623725652039107	-0.9043202305410306	-0.8980595171571817	-0.37458608189543535	-0.03412258395510425	-0.25347510086948377	-0.25509076263392605
BS_YDEVMD24	-0.17596919334416847	-0.07113432942245254	0.4799218898180931	0.8778632846942899	-0.13094102753256143	0.620051194477592	0.7323674125494494	-0.21095384007525453	-0.6630999704832219	-0.09041878133718001	-0.6304391400449756	0.5375246524440174	0.21296196262743705	-1.1446648257304932	-0.8631983081265168	-1.3537764251101692	-0.134058970326486	0.3781436413817299	-0.8887822242820497	-0.35557517196260546	-0.7280189261984868	0.0882017767375515	1.1088523881417258	1.2230420968473321	1.214539197013117	0.12381064690458049	-0.9864948697489773	0.27870218092476046	0.24512043442421072
BS_YMKQT5V0	0.8618248239695125	-0.4280160340477612	0.751196823629169	1.9213216933262618	-0.13094102753256143	0.8820521069211954	-0.5535692450135093	-0.21095384007525453	0.23677848806385762	-0.018481295505500366	1.127260088055331	1.0788155681059333	1.2596867616469396	1.1594298134686527	1.5013886769163727	1.197271291978741	1.3170373361511036	1.6004609055747854	-0.03884489710055996	1.2119342075667017	0.5632588309652581	0.8867817917132834	0.8825672809717788	1.0066575031902565	0.9537848467508572	1.110823155332485	0.6973441861041904	0.7154511481438519	1.2609684907193315
BS_YR12D1ZY	0.15165213562882676	-0.4280160340477612	0.5395331100159069	-0.45154271121009837	-0.13094102753256143	0.7394036523786403	3.126717257637933	-0.21095384007525453	1.306241148612145	0.3654444897056004	0.6957350997929322	0.3638844445323255	1.3183373277392303	0.36305529506638407	0.5945604688886063	0.03613554314824806	1.170482644677795	0.004028122472660306	0.01979121659192729	0.7367364158324419	-0.1220359684680535	0.43657518775477966	0.5358142059616512	0.5749438864807678	0.5866244675796084	1.104796645577287	0.5819853910562478	0.954889302057344	0.2678565464243872
BS_YSZRQ95C	-0.20478992924053527	-0.4280160340477612	-0.234345181017931	-0.9726412122273604	-0.13094102753256143	-0.4814500777504301	-0.5535692450135093	-0.21095384007525453	-0.6630999704832219	1.1967612698415377	0.01365301139211155	0.1721554153027258	-1.480602915951736	-1.1634816127962626	-0.184193135460798	-0.5027804607878007	-0.25083151659144765	-1.304203711251158	1.5341573994530553	0.24343494439046426	-0.23761575987869438	-1.6123401528365227	-0.8461243328960408	-0.8663656408394212	-0.8004954971147691	0.6533362891143737	-0.7165878522077458	-1.3544500867952833	-0.25342976991725036
BS_YTWEM5SG	1.0941503719963313	-0.06013295976601128	2.429664470945999	0.06332910555787334	-0.13094102753256143	1.9993088060164466	1.2449746159579298	-0.21095384007525453	1.262531022942334	1.3087930893365227	1.1633991662323526	1.0390084354607727	1.5317021061288412	1.1209462842629616	1.3883329969700466	1.4134821212594655	1.60276335511724	1.3871155151250352	0.5420053158260087	1.1003419227215518	0.5266078550032751	0.7020664891633492	1.311169532552113	1.3150821019052061	1.2880894250830237	1.5377125627481574	0.42365086256471324	1.1381005389805492	1.5614177010538972
BS_YZ2QFDAN	-0.3477063754241593	-0.4280160340477612	-0.4931215945217143	0.23098047190275556	-0.13094102753256143	-0.7630218768715589	1.1018194466127684	-0.21095384007525453	0.3566875788845199	-0.7187115662699274	0.031133172958505775	-0.4118273747887707	1.0124396410842462	0.5657706320377248	1.1902099094186522	0.8333581701657871	0.44689553581470487	-1.3493177264616758	-0.4220622200881774	-0.11163986510781067	1.2064134758480318	-0.046758143150945286	-0.7880635067390006	-0.9075034231347853	-0.873055017489739	0.10180265244528734	1.1657796191791172	-0.1492143151051841	-1.599961336464596
BS_Z0ZPD9S9	-0.31852628062574845	0.043769162255036236	1.5181725786076115	-0.9726412122273604	-0.13094102753256143	-0.663511852066355	0.5465137610716834	-0.21095384007525453	-0.08990309886326521	0.2850670745833092	0.758940863305906	1.0021346909419317	-0.10462171994351237	0.5220970466349607	0.5600841873630845	0.3106966750251874	0.46214322963607457	-0.5214360524740831	-0.3930628384407552	0.6392790463839227	-0.21488622143745972	0.9219100705788428	0.9874522761506431	0.9907894838109341	0.9985391652922743	0.8756304556779836	-0.4106247245231744	-0.36446264581872473	-0.6632495223416462
BS_Z3RCA1T9	-0.03430567405585139	0.25717442736913526	0.011769820605326019	1.0300269876714092	-0.13094102753256143	1.2262098794847998	-0.023266710877884615	-0.21095384007525453	1.5411180482094415	0.04807315248102982	1.0222512873421798	0.6476942689150276	0.1821177821816896	0.7168811432948432	1.271636893909666	1.336887183957098	0.9942684780714015	-0.18769262849541565	-0.3600310931341387	-0.061084778221776846	0.46786457956343586	0.25688772174314795	0.7056917713409115	0.7371670018673533	0.738791212755372	0.3053758288758422	1.0376958159750747	0.6566490795937344	0.142404878586208
BS_Z8F3GM85	-0.08079265518327038	0.19805324173001432	0.11430339235270975	-0.5228506943550092	-0.13094102753256143	-0.7766483050875335	-0.5535692450135093	-0.21095384007525453	-0.6630999704832219	-0.4411945746413024	0.3524952752105425	0.959623232763338	-0.07534197133917886	0.300364161485997	0.9744432666039686	1.0109310023936815	0.13048153987075903	1.1969615339852313	0.8802027410938233	0.5709851831579467	1.4536879513893783	0.7467723800594733	1.3662439798811037	1.4870168705389533	1.432230711658881	0.1236126766077652	0.26213347284473293	0.4632991097851392	0.8053383163851695
BS_ZD5HN296	-0.3161091388634218	3.6690788559039347	2.6023045336185273	-0.9726412122273604	-0.13094102753256143	0.48908888381615073	-0.5535692450135093	-0.21095384007525453	-0.6630999704832219	1.4235950983283816	1.80652406556691	1.6206485599016185	1.9698068051454938	1.4346207116431302	0.21705615038659087	1.0782480557379956	1.8527958195301397	1.643326765756655	0.916972459429832	1.125035000893374	0.8546392361414133	1.2902975967301076	1.4426349065794886	1.531237718236972	1.4675008923048634	1.3171555726025976	1.6299857098007269	0.759031935731503	1.7813018964921556
BS_ZF6BSFNF	-0.17552213485814264	-0.4280160340477612	0.6501222931419088	1.0924233365046587	-0.13094102753256143	0.08159607329909525	-0.5389098993466367	-0.21095384007525453	-0.5584501723921804	-0.23231353557473422	0.08134875769420845	0.3129252296212115	0.5903970064664749	0.005683528116402561	0.3776637789687518	-0.04761543610361227	0.013869014184256585	-0.29349876794170504	-0.9547463928097751	-0.3805801639697137	-0.6210095116490495	0.5654363346372503	1.322586721005175	1.3759479063010123	1.4115190244423972	-0.010032728706037863	-0.034531107151883525	-0.04735682243142211	0.17486402951892713
BS_ZM97KKXE	-0.17991575366470383	0.048365865191093226	0.12653808877170253	0.9892993969579033	-0.13094102753256143	0.40888358617192916	0.6647151802931448	0.9808031285193461	1.2009587229060161	-0.06646561440723982	1.0802628862747368	0.5789991609956544	0.7288862149199694	1.0256220147228674	1.1671125770388169	1.0809069901815005	0.7792334352260587	0.05471684024232604	-0.348762891735937	0.12574893768614656	0.9892296423511316	0.8588117246904196	0.8971550688458526	0.7281702116367142	0.7502751730484941	0.1733915620182357	1.1093202898956975	-0.1586124951427244	-0.2089299746335664
BS_ZV1P6W9C	-0.4587860756935054	-0.2829498696737471	-0.43468460365457623	-0.9051046921635156	-0.13094102753256143	-0.3425813567138621	-0.5535692450135093	-0.21095384007525453	-0.6630999704832219	-0.3425426527641875	-1.567640734261143	-0.6097070792996223	-1.8676654231604508	-1.0771616220716493	-0.26418666410389824	-0.7411293441976722	-0.9790539290772574	0.12585255702718498	-1.3013831545780106	0.21030918095605938	-0.047506068479942834	0.26856017212317085	-0.07442284074873672	0.04013277860741364	0.09157269928293837	-0.1481085560921012	-0.8461103772503412	-0.21570394899896814	0.07122154789885611
BS_ZVM8CAB0	-0.40417809266628996	2.0876640085691416	2.1417896483042846	-0.5869421858258582	-0.13094102753256143	-0.8759120716701198	-0.3267466868544646	-0.21095384007525453	-0.6630999704832219	0.10821497895421398	1.725252395236804	1.1770391697546574	1.037713122664605	1.785990572692113	1.5350606096677217	2.585553543887582	1.7945894788947316	1.216150083812262	1.7084621538953593	0.8551233580795103	2.077202883629427	1.3358952104798028	1.1552089838342838	1.1084097887318565	1.0987924331778596	0.6323102489937321	2.156922626196923	0.11963128808917821	0.8379870350231072
BS_ZZWMD6FA	-0.3314555260678823	-0.3925181870000699	-0.2069658376529959	-0.9057119698901707	-0.13094102753256143	-0.4010358488564634	-0.5535692450135093	-0.21095384007525453	-0.6630999704832219	0.5214116435059635	0.9886068263930009	0.9706510994838362	0.06390448678113494	0.7070407020141299	-0.015491457905393158	0.5043608241375223	0.6564310155471736	0.812379187698691	1.298154392005989	0.45650202975368026	0.5595091901169068	1.2667606750891502	1.2000447608566607	1.2496536729689631	1.2712547647882488	0.22592848340766555	0.8153570461929701	0.09897242902603404	0.871910116901298
