Kids_First_Biospecimen_ID	Cell_Cycle_Proliferation	Chemokine_T_Cell_Recruitment	DAM_KerenShaul2017	Dendritic_Cell_Activation	Glioma_Inflammatory_Wang2017	IFN_Alpha_Response	IFN_Gamma_Response	M1_Macrophage	M2_Macrophage	MAPK_Activity	MDM_Klemm2020	MHC_Class_I	MHC_Class_II	MgTAM_Antunes2021	Microglia_Core_Homeostatic	Microglia_Klemm2020	MoTAM_Antunes2021	NK_Cell_Activity	Neutrophil_Activation	Stemness_Brain_Tumor	TGFb_Immunosuppression	T_Cell_Cytotoxicity	T_Cell_Exhaustion	Tregs_Friebel2020
BS_00FD2KMP	0.3768332243089001	0.19909810776466802	0.4863948099755069	0.04813970313558503	0.114584763810152	0.3720772307722861	0.29476517339141994	0.17626238065026845	0.32419501356786595	0.38515794595848496	0.35857204798909625	0.4970675368097405	0.41890304242423904	0.46686093719803445	0.4663720281563713	0.4651619930506514	0.36470825596016154	0.08042305528213925	0.12840252393107626	0.451888236167364	0.3787931444455644	0.05112575192902527	0.2451885011489043	0.07089899709950666
BS_028YFYJ6	0.36511418147261926	0.1086389619449817	0.55196207034836	0.06256098621461788	0.189844551699683	0.40741527767866803	0.3255068361223227	0.15866628615902875	0.3220442798706616	0.46362678333933294	0.46037262536245377	0.5085595519136519	0.5286227270730178	0.44181143643086496	0.4365289438148341	0.4555250458664231	0.452976587528802	0.07857520884421265	0.2616310738432439	0.41326062031161376	0.3667322104437821	-0.049933699437879446	0.23748431050922342	0.00765707183582965
BS_052PZFMK	0.5301325864577572	0.15580465314611353	0.45296181642079997	0.05073700555969879	0.11554383040140316	0.358542878275746	0.2802444109800767	0.11649887355731244	0.2049103266677307	0.3561100421760433	0.35240063524788623	0.5354317851529091	0.4148229308990741	0.3975135665026076	0.38256000841619753	0.3774323322155194	0.37274178327925506	-0.024644337936342575	0.14452530153778909	0.42421060638161623	0.368586690639603	0.0052032561162926845	0.21819825986098154	0.07810089791859412
BS_056Q8577	0.48010473393959907	0.28413804447563096	0.4919365257672231	0.18380113212428256	0.1956672659168874	0.4679031013852032	0.41830943113809443	0.33317703404037846	0.2780512934173212	0.4385159032423485	0.3845118094645944	0.5185437981076327	0.45006883504984246	0.49885665926603645	0.4803370476774112	0.48322661297236547	0.4187290961135126	0.057034215330392254	0.11558173458114157	0.45719888116209995	0.4321872242504716	0.16283357926516662	0.2713261497007437	0.20282787077070935
BS_08ST21QE	0.3336387544327614	0.2506953816316534	0.5544542728894434	0.0824670446399597	0.22244421241745965	0.4558586639635719	0.3672083119927207	0.15804326903731192	0.3629549796470628	0.41085858350314874	0.48513553657722613	0.5287371283049552	0.5436377340467791	0.47269940696329754	0.47435976866018364	0.4837132765865742	0.5021556532582628	0.13969188795367352	0.13395509838941624	0.39122157286074005	0.330918261845121	-0.012781856279784466	0.2333979620851506	-0.11245334039040948
BS_0C7VZC0A	0.22769135822468226	0.15592737559547576	0.5351694143227788	-0.021421598107069326	0.11846619634343362	0.38678725000635983	0.28682725375355267	0.09820895484530082	0.33005413919430104	0.49570428586915793	0.38449452048662586	0.5294445113501471	0.5082971917321298	0.49655185455833317	0.49887272357772583	0.510646746633306	0.41617442180322545	0.09987703306570002	0.17881466380208844	0.46063183300678673	0.3656450730946488	0.08531573600640353	0.2315392011129228	0.07244815174977055
BS_0S8E7590	0.42543581903231675	0.3675458471396375	0.5324068058039351	0.2131535168722755	0.375009529216	0.4541409567780203	0.4641522676150173	0.3356945560941437	0.35316198318905284	0.5242057202956452	0.4660161298697301	0.5398899092942776	0.5294181415103586	0.4426086981916406	0.43511175778646816	0.4366271399391741	0.49188383362683885	0.16150731854184172	0.3632307360604329	0.4996277729857074	0.45592064202929833	0.2716564858558956	0.31405140755285155	0.27472913064258325
BS_0VXZCRJS	0.4141273229363605	0.2500763572594571	0.5247845370965415	0.03230943903189405	0.23884259950418632	0.36823990089904	0.33137472751978225	0.21983198491193062	0.24224249455971517	0.5102044956117873	0.3791358549863275	0.5367259586869476	0.5184934013892943	0.48567408672982976	0.47515696651762285	0.4870618360828424	0.4317812014113321	0.08570834499375785	0.1539051923368719	0.4364676086886199	0.3748876421679081	0.12178301793746196	0.23126570644685757	0.04038344145638128
BS_0XEBS3PG	0.24021693234843802	0.16771269050303098	0.44477142836636824	0.016883204474488225	0.16896484978020512	0.3816466980932586	0.2515186151835513	0.06859155160685347	0.26677013888256207	0.41386094290249714	0.33612147052268815	0.48581727085342646	0.34188001433381066	0.49419965904733787	0.49343223294124583	0.5084710840984881	0.3614313609133154	0.06209151606166859	0.07978652850402082	0.36188981599229936	0.3206433649546073	0.04190247733956248	0.1377507028656404	-0.026269131749816894
BS_0ZA67BBC	0.3095604131947096	0.1413503728138436	0.49817269314272605	0.06594646134950989	0.11129409091581038	0.39737501193747465	0.2518628167359336	0.1527490320573293	0.26627937229600285	0.4122414630684668	0.36512733800565794	0.5069593090821597	0.4089655484405205	0.5281034736646608	0.5224752863341328	0.5339336778669174	0.42917592927842235	0.07657893137160969	0.21113066650897166	0.47093669056491116	0.34877413371267385	0.05151808128378457	0.2155333996057138	0.013004738303750478
BS_12G04QJM	0.5221472534304346	0.135348801428911	0.4609972690981559	-0.2814202823077207	0.04396235276815274	0.4738946427280605	0.3658479028241807	0.08480470747145853	0.20432542453182825	0.5376726638485968	0.3411094890534999	0.5309336941944168	0.4226638937552077	0.42591509787848797	0.41377626623927194	0.4196079357015592	0.35417414148973814	-0.07838089288388718	-0.07692001543996509	0.4037298587838534	0.2695152047076319	-0.32713803255016755	0.13329070236544152	-0.04820468361639865
BS_17ZSMXFH	0.3962771719416781	0.2313159753263094	0.46435340578587664	0.11816654607458311	0.21764869450257	0.40339473213907556	0.3260143044289858	0.12324978156329076	0.24574952925972787	0.5112502358096873	0.33976685027353665	0.5239551025897576	0.3704781307628617	0.44578006922377833	0.43812105869721973	0.4410143623634427	0.3805855780331071	0.04390993598331303	0.11735828419772004	0.48259951269021195	0.3833186499819314	0.14378575724460602	0.093417099116429	0.014606539293865989
BS_1A6MQ9ZA	0.4582826442311203	0.22781452838332425	0.5117083284940006	0.005321220691452628	0.10590990513306685	0.487193735291299	0.39630973727906793	0.2346800066924828	0.2792976232717433	0.535773573761551	0.44706422308608845	0.5396436127040481	0.4771702851847047	0.45162440290051586	0.43826691924909966	0.44299621376447823	0.47322630130895216	0.025401885394648552	0.30073770752913015	0.4691489568893125	0.3782034652885984	-0.033674256502284894	0.11026708981803321	0.008780765177999628
BS_1D93Z575	0.44329449699557816	0.20149662684573763	0.5374355835416309	0.017814657838605443	0.22883388780884148	0.38197068529072337	0.2921400246929305	0.18810357852125761	0.3212865941304255	0.4997286272684681	0.4458279639549853	0.5446861647596563	0.5054200358667944	0.44837438769006976	0.4366509974757438	0.4533575472205516	0.4845834625370035	0.10009834306914953	0.23449547619120084	0.42510787405704975	0.34470960483145435	0.14716134155291175	0.10986811261711561	-0.04508708531749866
BS_1EN5V3XW	0.4512195769926178	0.21984316256308042	0.4543906212497457	0.06988652236616665	0.13220440549373091	0.366319635766959	0.2902402164060888	0.10553756498906351	0.24270185596063165	0.39981271143630953	0.3545043935575986	0.5330718265102024	0.4700504174017721	0.4273283931563032	0.42279722790956703	0.4281774543287866	0.3821342992985727	-0.0340930110385457	0.04430104698741951	0.4420835328243547	0.32929441721235003	-0.04952945112863737	0.2687961324832832	0.07007462948091334
BS_223BM91B	0.4117669556465015	0.2991013365689404	0.5490544611336738	0.17466358721934572	0.33760610983527317	0.46506755846336556	0.4246161852456213	0.2940810368087118	0.33058861728703204	0.4816968070198836	0.49250195880613357	0.5328724850672898	0.5519639832020092	0.4754111438601523	0.47147753800586295	0.484340237172409	0.5170010133668153	0.23042290265829615	0.2255206257602682	0.4483799613666904	0.43679072307562306	0.2048714050934134	0.2813400801623301	0.16077432830678204
BS_25HNKZ79	0.4321967884514988	0.3365262598607024	0.5545649816177616	0.175123420954509	0.3122543061146159	0.4424623239402361	0.39063541159798987	0.2652797803626678	0.35325416284438993	0.5339925556327161	0.49733087276617577	0.5413920299804207	0.5417893770795759	0.5056359612031156	0.49458248612203864	0.5104238350646351	0.49790192791743076	0.2517454573663688	0.35965687203322555	0.4140743106085062	0.42685638601882653	0.2451958715407229	0.2756601669181598	0.10153062839254888
BS_2853394H	0.43334898099478747	-0.08908687400126077	0.4293953966376089	-0.14869538687293418	-0.05048197334824639	0.35283284000172743	0.16240315047244316	0.09598467902286727	0.1819814606245753	0.30402917506362936	0.2829624341479144	0.5079443974808101	0.3909351116782442	0.43707748789828366	0.43372625351499444	0.4303523066337393	0.3089145621989336	-0.13310487937710677	0.10226448580873986	0.4879335117418213	0.32906422219526416	-0.1262995691822269	0.09106487195009852	0.06459816611983335
BS_297H8BT4	0.425954819536375	0.2433281554874095	0.5251307390893608	0.14014960088211526	0.24973276452678994	0.3986596780099898	0.36672090219039366	0.26669032733803505	0.3201577529626174	0.5397197377095238	0.4667824468804338	0.5348537475032847	0.49589046340911547	0.48726399094071393	0.46558460642099636	0.4794640551020711	0.49992526605861426	0.19168448226607288	0.14700162402235983	0.4243978582017259	0.3583005895222871	0.06823762386192254	0.06199840305483731	0.11157844119189335
BS_29X4ZX6Q	0.4556735111196783	0.19457145935795406	0.5037077328659684	0.06349608480872093	0.21721266853309773	0.3563878131149337	0.30218612707108733	0.14111717548238414	0.28637335755035054	0.5092110539371224	0.3949611542342178	0.5231043143450343	0.4254592463261414	0.43246491585419755	0.4222929283652416	0.43390756771647376	0.3972100643376159	0.08472712153898646	0.07480387473964327	0.46749053241903	0.3370902954563845	0.12314706873745232	0.19809125549501203	0.08592592621447721
BS_2A5R9MEJ	0.41664050067526553	0.14721534985287682	0.49863547261161256	-0.020115780348325986	0.16070090196951883	0.4325612479972276	0.34958821826203235	0.15990271763759334	0.2159079909690602	0.4202270515950239	0.28772586312785353	0.5213932173485569	0.4750054123937122	0.49035297679752377	0.4839375311748735	0.49255601768707385	0.3396110656127362	0.10180463328313312	0.11848188296096644	0.46387763397698784	0.30791351693416336	0.09723819221942445	0.18529556259930682	-0.03148410312410828
BS_2ARXK0TD	0.45222648672649823	0.3299443911385597	0.5260940871801826	0.1604588045597269	0.3217970126861003	0.4267743258060758	0.389765540744204	0.28279530298977207	0.3930297960261445	0.4949589790028613	0.46664054696264096	0.5304032203566927	0.5051228934604831	0.5025494261426179	0.49497819192140513	0.49720567948060906	0.48415122869232946	0.18303805849798788	0.3058125566556662	0.4737055810641978	0.4482676635618168	0.2381864888188566	0.30213058672804266	0.236364334163101
BS_2AV1H5TV	0.4521465477321945	0.061936950978305996	0.5291640047235607	-0.17202055917325315	0.14572159039879215	0.40427892255826187	0.22192205015689004	0.0782009912443537	0.2203038851793405	0.48006393034373757	0.3648594937269191	0.49502063065670354	0.44661600641951954	0.4568745124594765	0.44940983306677385	0.4626766374161814	0.4395734966550354	0.06004629336969741	0.11384995006721338	0.44017783941178795	0.25789922217070577	-0.0035667668033078927	0.08997730877496352	-0.24166548514277214
BS_2DMBCHNF	0.5163712295146882	0.3814661037930122	0.5443862183122473	0.10757333227805935	0.3838756398893374	0.43182464949127747	0.4282194061384292	0.32810225850938646	0.29462946457476374	0.541114772731265	0.5056962352190659	0.5626261566340156	0.5272821619043025	0.48196277108790214	0.46698175969568423	0.48328025061041274	0.518590314504555	0.3201020719013559	0.28350292320848053	0.3494007744855365	0.40520191384935117	0.3323768916792589	0.27349405046724873	0.13565370116695638
BS_2EN3X6HB	0.4852884477320448	0.32732998451129575	0.5288485990857714	0.12119138533166667	0.24838216536735858	0.40731090771568257	0.36021145512648844	0.2074220229435217	0.34786581847124254	0.521102137402348	0.47232250476665166	0.5381050381005987	0.5370115873258023	0.5165003064411268	0.5044144720096793	0.5108096758553793	0.477946119173158	0.1572855817609383	0.15113047466204235	0.4108316925324606	0.38933124771481764	0.1565919313493208	0.2147437833976758	0.0908921795260289
BS_2FEZWH1F	0.43137040020662504	0.3851623974459434	0.5690527561923858	0.22507371836362572	0.36468468832197604	0.4546939018573089	0.4084574969081674	0.2953984513613483	0.34296834418778815	0.4828149973328045	0.5096341829785221	0.5548171345525355	0.5708757257377155	0.48098890867083355	0.46980772585121205	0.48346232590949045	0.5295466905389546	0.2959603031455571	0.33524512235000464	0.43282235462389235	0.41363125824474256	0.2483346032472264	0.29259962755945196	0.19273740194675634
BS_2HNXVFAS	0.4545800027966835	0.23363315309157345	0.5108941956233283	0.07046010512012822	0.22380509110078553	0.45186106578663904	0.3520409418899487	0.1482840988895433	0.3334073227194476	0.4888316312477836	0.43109096675924113	0.5446298942375825	0.4867422857850529	0.46809234679733097	0.4569173436571303	0.46936690726160707	0.4240835803284643	0.11723372155708536	0.1604144224899737	0.4785587913512184	0.3644690350564296	0.11874219559252848	0.18865714195173294	0.1272132734882329
BS_2JH1QMT1	0.3971713196078428	0.1576340044359784	0.5154114157825206	0.05975340724425964	0.18474427358981385	0.45850979291029326	0.3146790108391149	0.16750358113732916	0.29116430689305556	0.4561795680340009	0.32987219914877564	0.5457170016494913	0.5034169030179578	0.5274732335346197	0.5187550494286833	0.5301644288568097	0.3784118754828339	0.04959849835404131	0.08964342489612429	0.4488013223096314	0.34614263754768426	0.07491744980087144	0.21507746174549225	0.004627078468857206
BS_2JP7RBMB	0.41429956711055094	0.2342291261493178	0.5263227981005534	0.05350000527847739	0.26572468233129576	0.37004731656506007	0.3262531506195846	0.21252885748500938	0.313302986103791	0.4182861882067158	0.38764674255138093	0.4978584114369943	0.46828288299734866	0.5155842213441947	0.5083634241139482	0.5221994962697812	0.43342101371858854	0.23483615307869435	0.16370525155743376	0.44838028795696117	0.38937066926490094	0.2044990060881598	0.22254434827717526	0.06307326375131506
BS_2K01T8K6	0.5333804591652768	0.3128632638414664	0.5434182647392638	0.1154463459733076	0.29271210838947664	0.4407565400891336	0.3847881766089304	0.2536798536028979	0.35117388577473874	0.5088005454254372	0.4797768046982714	0.5414871714479161	0.464596167794019	0.47905035509382626	0.4712244296048501	0.4799429560077161	0.4957906821358665	0.16729102992759254	0.3089221675476361	0.49901780012123803	0.4307080542550833	0.23796508886473514	0.2916374969109887	0.24919715862546865
BS_2PDS3MSS	0.47934495497267565	0.2945405481185773	0.5490942759262437	0.1353025468021374	0.36895033748518336	0.4709381657732689	0.40844860815172856	0.259816411619132	0.3038125597279668	0.42040589539523726	0.4619801394047	0.5464966766599592	0.5437401390932152	0.46367230778572593	0.4614730191050656	0.473776527626244	0.49142749721907536	0.14095333207804628	0.231158049006889	0.45101884803324466	0.3794806229574008	0.2815525233061899	0.25896665434118804	0.17262902140383626
BS_2T5PJAW8	0.2904528116767773	0.282966241630916	0.5042721342713966	0.12554795000073393	0.26818083402866494	0.4445593816505678	0.3481159277336724	0.2231690493769035	0.3225508973772852	0.428439201312329	0.42907716296302534	0.5136804839703323	0.5099241602945926	0.5205691460419515	0.5151954642401282	0.52615287613357	0.47099981056746704	0.0508169368387397	0.2856200181415779	0.40419645885903926	0.3912958561587261	0.12079482549716414	0.17028381211231056	-0.04895969359916746
BS_2WANPFBJ	0.47677821754786065	0.24753643365022202	0.5625744336268265	0.17484010064667896	0.33171050504726807	0.3903889085459446	0.37203369565864064	0.23758457750363499	0.30833414694902	0.4602401312453688	0.4897753149355675	0.5388509405047397	0.5316331137006185	0.44373560843046467	0.43671374122174766	0.44931139476055937	0.4972608463552352	0.21302822277552289	0.19969581430937192	0.4271886543063909	0.3681323082153935	0.15206872643193836	0.19708067597370513	0.1563748695831965
BS_30F3Z9FS	0.47061411705197403	0.3063787503512401	0.5379803248423907	0.1749031716247448	0.2665358252683344	0.5028437367065677	0.4073494770563997	0.25681864482780586	0.3021696998022008	0.46326574316662894	0.3917809855728649	0.5323136858523541	0.5017223740904071	0.5185639839049694	0.5027364992460723	0.5102134903328974	0.431114131540818	0.15375767714874675	0.08223028239378673	0.5001517940606172	0.3617336748058424	0.19843233279839323	0.24390040316911485	0.18058443748571287
BS_30VC3R2Q	0.3521023747981207	0.23322471410900195	0.5276254278204847	-0.06331308664524239	0.19557925055130393	0.36647706370951777	0.2881935438465799	0.18041648507899571	0.33809132451333423	0.5227221676253944	0.43804708385582797	0.5236124950363251	0.4523929727406203	0.4867189165625685	0.4863482668983106	0.49718987083041216	0.4804414799006051	0.11827485268558346	0.18661510351613841	0.4801125995392136	0.36567847087806804	0.1301245324129267	0.19854576924296308	0.06124012025266801
BS_30YWQ3FY	0.48694287487718607	0.28072313703989116	0.52775478799079	0.1252523838863244	0.24488468843347075	0.36714858143826623	0.2639261776388524	0.2551725308383601	0.33296992381948315	0.46174688767670924	0.4802279073636832	0.4772614259022845	0.4734885319883444	0.5078369465733481	0.4935692456098779	0.49530567392330566	0.5020729667772292	0.04394864990003461	0.33846962279363485	0.48207273623302443	0.3845280601973793	0.21410122205883403	0.19824408642722285	0.12948751350431603
BS_31MBRWC4	0.43393958835804614	0.33842208888333003	0.5316786255127396	0.08000214084332266	0.33598814056718496	0.37452797561903056	0.37401648813517435	0.2870969488777644	0.3664887493084067	0.5295367807630781	0.44057289963785035	0.5151605810275746	0.4924079945681796	0.5066632463452062	0.49418501582634317	0.49668572246328135	0.4523734630806521	0.10048579615094834	0.27282070641506256	0.4796675184433551	0.42252484739798063	0.27026616131698805	0.3078078523908211	0.2054214115805482
BS_333KCNDP	0.4419318461262174	0.36497157875814296	0.5487601174111649	0.2816182609044019	0.36470232342905257	0.43382516156781853	0.4156141530896635	0.34404656366798975	0.4381066981903673	0.49802411436523336	0.5253339778939271	0.54259399432355	0.5395893705087126	0.5277206729319337	0.5147759113166734	0.5203889565397674	0.5420399532868574	0.1736561479404228	0.3496141666187223	0.4674731836985006	0.45590266188584444	0.2853971410846728	0.3289990993158358	0.29769591277622653
BS_399RPKC9	0.35872999058981475	0.22539246656375855	0.5274115082679717	0.024142884617123	0.20159063908192734	0.48526714735142834	0.3732164784559149	0.18602515765813002	0.34570955540934	0.4524943216489016	0.39390858446344656	0.5390077660362166	0.4398515605751408	0.5074370832187016	0.5024190554009068	0.5146601416791815	0.4284153789845672	0.08638857418773059	0.14169147626184656	0.4591483742600518	0.38081251935803057	0.059163019124344615	0.20396661936788538	6.252484760426614e-05
BS_3AC3SRWH	0.12027209687792328	0.029383203260876203	0.4824135880701727	0.00873189109964099	-0.13487222370069518	0.4009220605630846	0.23395932572237416	0.02133619765939736	0.20900120773390424	0.37270856091623	0.2466535692593166	0.45968391580394014	0.37904092700757097	0.4145618001558416	0.41780507388648014	0.4351713217502516	0.32518762390166717	-0.24070196591560702	0.05295033043635306	0.36370405873842904	0.32428983123139926	-0.409540175528067	0.1751377053873289	0.006604430199106052
BS_3MS8WVNR	0.5058476360393351	0.19640436914965775	0.5119502675716986	0.008922898623667104	0.11409136761849334	0.4264322613448248	0.3409184921060947	0.16756052002427738	0.23337660266235782	0.39648256563847684	0.2791792780304915	0.5201274954851388	0.4098573778547272	0.5000114261730325	0.48308966776227147	0.49497336997140867	0.313196600805395	-0.0312197722502844	-0.04351732080265209	0.4373782179825022	0.33447626307894057	-0.001643542374950149	0.2157849909428424	0.03815481613782881
BS_3ZPJAK9A	0.3222570844411837	0.03897987156854574	0.5017428758921227	-0.11313407163283176	0.0903169323918439	0.3874050378713519	0.21419628925410336	0.16203769184745268	0.24368392146230963	0.42592251329431857	0.39921984710450537	0.5229765821146356	0.4170248571371916	0.49059710715985466	0.4855194233968966	0.4821722924017678	0.39522912138892	0.041037519762219234	0.2316413388055211	0.4620294313697196	0.33239661839039003	-0.04408737115797924	0.12706395535573145	-0.18014676790455766
BS_45J79YTF	0.5142605613712316	0.12240373604079183	0.4827875776342952	-0.06152878270899342	0.16073745429585692	0.3428558928584795	0.27444496410404623	0.11828427739011188	0.23857266712299607	0.46469840128290263	0.3035622728284688	0.47294420220432837	0.39564985771484706	0.453740058390951	0.45366937223413134	0.46029712080751073	0.31190457210559325	0.0052564537221423185	-0.03319351407574718	0.4687541458088527	0.3267557254677803	0.06320796756221056	0.1612554535537076	-0.02360650416913993
BS_49BQS7Z6	0.3056304334237974	0.23297940823631313	0.5105827011283929	0.04562632083535756	0.16944539899494532	0.39226704355991643	0.32361143115674035	0.14470604848661497	0.3129676852692199	0.41695769209693606	0.37061222861240833	0.5343802828457891	0.5120569592850809	0.4909129298905127	0.4910254129347527	0.5009611630811437	0.40071320212835154	0.07377464547817798	0.11569396583835449	0.47470663248189804	0.4150307395921777	0.06543961771976059	0.2570928339687577	0.10715825541586184
BS_49CJNZ06	0.36314083082959714	0.20348756237908258	0.5095721444535006	-0.011802290627568263	0.0917482000699608	0.368293076661341	0.2829821062366486	0.18240775403269516	0.3062499698118962	0.5025473171196229	0.43155814224971883	0.5107194152758456	0.4038212907488468	0.42095103965223324	0.41515402413938274	0.42521198522211784	0.45701284068000564	0.09842540714277007	0.16868411539815387	0.4657054190137309	0.36385657297899054	-0.022159838476211564	0.23146137069287556	0.0449496101344687
BS_4B0BAVTX	0.4690744307226145	0.29961795204112757	0.5233076239880508	0.12243731474776225	0.21191967276963866	0.43192133463756743	0.3482094040186365	0.2358191895180891	0.37620705746238264	0.5352676586575673	0.43554915362047364	0.5394162327365839	0.520732836824983	0.54794081068728	0.5371669111331145	0.5423107607590315	0.4488732382838111	0.08363162542227973	0.25439425262832116	0.45718692485390167	0.4052703023929082	0.1319724158948071	0.2270311855746661	0.10494482867343631
BS_4BM3F6XJ	0.3725764022081744	0.3149201031970714	0.5048559594264836	0.11917276269906711	0.28593444188754197	0.40501186834518293	0.34295641132515114	0.22948769896623597	0.2879285054136537	0.45741697585683255	0.3948434533504797	0.5242675730090383	0.47468799217743873	0.47543899384382426	0.4562284052036246	0.4657917010950301	0.41952983109112857	0.13286776320809146	0.07847570856028363	0.41437792023278314	0.3825654436330958	0.19213258081416143	0.24725538285153625	0.06972898837128258
BS_4C6B11E4	0.3682571984819812	0.30216238229083153	0.5707252164912889	0.10214672286829103	0.2531730181316622	0.4930701276477616	0.4008145346150033	0.21110322742931756	0.3903924266245343	0.5138430330492569	0.5110897960115445	0.5595010675088893	0.473208057578105	0.5289191877529482	0.5256772216592632	0.5354399515952184	0.518911260280712	0.1417265454962726	0.3692687804494638	0.4479914156325575	0.42358099629517065	0.13440996704534697	0.22392280842779103	0.11816586780995357
BS_4GNN7J8E	0.34251812550514316	0.39875198663196426	0.5690603214563528	0.29154742794174227	0.3645173195802875	0.5063811650124128	0.4810381288613229	0.37121186188582717	0.3396830668247304	0.5096084034385638	0.47794080578806936	0.557140258663332	0.5718822840000772	0.5556114081328553	0.5448862967774651	0.5546246584763715	0.5157409778445562	0.23067299031608043	0.29273961767157886	0.4157458256342156	0.45014773932803986	0.29749893642806574	0.327625745388526	0.2684279660765899
BS_4KNBXM3C	0.40735597132158063	0.30298196703832103	0.5450173360968196	0.07525332050044316	0.278530189880571	0.4313586216452961	0.3434151655053705	0.2548704445275845	0.3949866832040205	0.45286136197929794	0.5199686828298616	0.5614539869656672	0.5190914953881616	0.5106199157138336	0.5036814935618976	0.5088503830408947	0.5183941533525728	0.2538168971267043	0.3418342997861648	0.4768267469042232	0.3985596110382659	0.1642807721295002	0.24037279209742823	0.1131371165711067
BS_4Q3KRCZT	0.3460917462914657	0.3159759495807162	0.5634305404051783	0.18673715817217673	0.23892457179875506	0.403971459067636	0.36725319135628964	0.3070453445467623	0.40556908652479856	0.5404250915590348	0.4952674823959556	0.5324596137508707	0.5335638711419616	0.5379416595732016	0.530865289592557	0.5382931758036626	0.5105261166002634	0.14196333565314853	0.3579862250586772	0.4853843950418467	0.418468319036137	0.22560494481490803	0.27143161635385865	0.21067495434114722
BS_4QW2S1Q8	0.45050062404239016	0.39024602899710603	0.5366431728666234	0.09265723805452192	0.3290094824311679	0.48924142221484856	0.49445940115457937	0.2988851246822423	0.35033178398944936	0.5348060315950377	0.43369840084273953	0.5544064085209124	0.5152619416979654	0.5274957507316776	0.520193963918094	0.5295793598645699	0.46540324519011034	0.16058220190220107	0.2674547314207774	0.4635513717262427	0.43154783734033236	0.19782028098809745	0.2651336090941325	0.0700756043127552
BS_4T0HQ9QF	0.40652873321832106	0.16897361339190342	0.5106600703061933	0.08567594736401882	0.24606443220921906	0.46942565138856557	0.3777697339127673	0.17473785875664338	0.2585423002846768	0.4713090465731539	0.366600973864693	0.5389825123467328	0.493790919458685	0.38595717354636405	0.3837567483691159	0.3980538668523519	0.41515357594129243	0.07832569761767884	0.17108335740086367	0.4347881965952549	0.36280511655755676	0.026751587417917208	0.23731637901204872	0.022749506812336617
BS_4V42BXBT	0.4484306503141645	0.2671184103601289	0.5005944452931935	0.11894490430714834	0.2522060623439867	0.3879006027580444	0.33902596146893776	0.20526147935420494	0.3365433471418445	0.4515326879020826	0.4343837219864001	0.5105570912624248	0.523941569692607	0.5351340542870789	0.528167787583441	0.5339468103351698	0.4253721853938917	0.09123135667931757	0.2007590404319057	0.47830581443985853	0.37660255849341656	0.1336597558345116	0.22733789813561533	0.09930420300373739
BS_51RA1PGE	0.38189168046679184	0.28684064774531187	0.5361731237260867	0.0736820692714555	0.27588646573973713	0.4368077516556641	0.3831877111143404	0.21744585392886878	0.3142924282868435	0.534418899805499	0.4341845961278705	0.5528314529169487	0.5373383290856812	0.43266862936879336	0.41892996791582876	0.4403046441592826	0.4538402003534749	0.23236798256600946	0.18900799748031571	0.4717614754171013	0.3875201101248587	0.1841658240222921	0.15325567366462783	0.03054333325596516
BS_52C576HH	0.4235159650787493	0.2588003365796511	0.5106989270739195	0.05262561358990726	0.19490383682746873	0.40117424321764733	0.3448973982619698	0.12716386400253216	0.3272452523428668	0.5434792712473938	0.4204177037716303	0.5474563607310069	0.49742899940437024	0.46535147311909525	0.4520574687594405	0.4642337637074759	0.45642556732556827	0.09368957880134117	0.0957387537595167	0.44458126882366605	0.3765332003373954	0.07438631766952167	0.17120815284591281	0.06724619297324941
BS_5965SFPZ	0.36781088799825357	0.18373206932030445	0.5095808257038678	0.034541021221788676	0.15977770849920947	0.4449868962308982	0.3338709424176044	0.14195516497320163	0.2665442876192791	0.3538937649272755	0.3286563901472159	0.540923564720115	0.44703607241695487	0.4963024202765374	0.48913326925698486	0.49638695962327334	0.3763880465017914	-0.022145393280362347	0.05984149043730466	0.48304584873665096	0.3704139023674251	-0.0022613581647937813	0.1921924731647304	-0.035785075377027936
BS_5EFYPZT0	0.521961755616276	0.24345161145425978	0.5268246654424327	0.057941069187193724	0.2264939841079766	0.3803063961377974	0.2875731708458327	0.1070953460055825	0.26730073907790347	0.46145678965287557	0.45664865240686825	0.5345125339885848	0.4192340922333026	0.38631518784936963	0.3808908059633898	0.393073955549879	0.4682967087458367	0.04784322426562637	0.16944479351643724	0.38057156193328157	0.35163862899489773	0.11703316312109073	0.19882803348400133	0.08832896890279726
BS_5G5BD2MD	0.37853391932166686	0.4046388177154345	0.5522552111791145	0.20723000179684703	0.3556660477041285	0.4052055637051529	0.38681559026651036	0.32213154276237393	0.33666316484362924	0.5071143635485726	0.5180611561190319	0.548860974360619	0.5586507845326542	0.549086741864175	0.5350979759800071	0.5454977173164323	0.5177362130985297	0.28285478705612904	0.25601953450236786	0.40089747280424276	0.383463581208467	0.25811189710451654	0.32400103983147616	0.18353186014125084
BS_5K95FX4C	0.34594530230307907	0.34057160996596264	0.5765737150265047	0.25868761559620146	0.35798253876050096	0.45961586696841306	0.4241439260041524	0.3231461577474252	0.43251732016672123	0.5079114748058845	0.49466912879584424	0.5556227488843175	0.5551145990654879	0.5249278562528366	0.5216105959181124	0.5240065315582865	0.5080621420220537	0.16728664104727328	0.30303616831604907	0.47900023194912955	0.434260962729832	0.30940968372845973	0.3313900537675999	0.28877126913538587
BS_5KBXD2GQ	0.2844627000343423	0.0073868714835143255	0.5122687850394165	0.09395087777503348	0.19800102170977818	0.429619437474112	0.3105612789162376	0.03404753806499123	0.32287942217367144	0.41368194952609927	0.4387988855678208	0.5390436065460585	0.5065233774548382	0.4098645051021426	0.41395151783641254	0.42754701539454076	0.423921459183887	0.026906073253502468	0.24571371460196506	0.40834593446128825	0.39631573745149756	0.011491369880843046	0.19809750247928937	0.010785797985347453
BS_5PXZ8F7W	0.49508464776792677	0.16933360661776897	0.5201926745589439	-0.03274663107269204	0.24865588275635248	0.46622708009644254	0.359213434153334	0.12106757079620346	0.2721411836733073	0.3547990170944829	0.32165958026115454	0.5344477831110114	0.500574763779574	0.45259088201223646	0.4506777520734562	0.4605020485342681	0.39424716675218663	-0.004257723745098591	0.1451780536113172	0.43141959342238223	0.3249464728112837	0.14673690867954975	0.23274341319029027	0.042581128407827386
BS_5VPM0F36	0.19812012166784856	0.4042870580853411	0.5567030006964968	0.2898206294211784	0.37526618888876506	0.5095853371404588	0.4600403033307172	0.3546818303139152	0.3996743536453744	0.5379083290855147	0.47676024667675093	0.5579616719142596	0.5665663286495064	0.5696107290497667	0.5675698044785072	0.573268277670157	0.5156392807943907	0.26316224001469685	0.3234036502622802	0.4098948501786054	0.41688718880957604	0.29184902166063653	0.29470784064701994	0.1745660447759766
BS_62SW4CC5	0.5404862903503391	0.42139375053828815	0.5350615936252289	0.3375132964286221	0.4223487292901887	0.5542671049491936	0.5174452630728946	0.3629026241770173	0.41880160887497014	0.46665581705276127	0.5094575505149442	0.5628915660763244	0.5231136142581241	0.47846041089314795	0.4611946558550384	0.46576181073396405	0.5152061728228974	0.18392108685524694	0.3734763229677592	0.4184378314704976	0.4605743256443079	0.3303450991440821	0.3587267601425366	0.30180884405018943
BS_65WPD3DA	0.415120096270351	0.24237194697240436	0.503337079799872	0.15030236629438523	0.144377838386601	0.4231712186330842	0.33423481358556967	0.2181017865418704	0.31527798655000905	0.4273940485617881	0.3469863863941946	0.4752425470987255	0.418762574371696	0.5029105730138881	0.4898551602497712	0.49279905794713724	0.3793917297213466	0.10739278368661712	0.17135546313666483	0.5039522003064529	0.4022115059586348	0.12402616716154677	0.2904734602534796	0.11427389073076853
BS_68KX6A42	0.49852599356745003	0.37411883701237236	0.5343570044320288	0.19709441166294905	0.35123241819520445	0.5065650916872751	0.46957623023019396	0.3113477615266356	0.313102840850698	0.47321054975798305	0.41335269300251715	0.5573917351030865	0.5430824123162179	0.5464089136970518	0.5358534084160044	0.5460340964404833	0.4605391872556233	0.2152482944695365	0.12393275339120835	0.47436013586715814	0.40103168888718915	0.2435503604948045	0.2861854573720358	0.1617988924867341
BS_6DCSD5Y6	0.32470936320422833	0.027178457699874564	0.504330366248501	0.003947454578566623	0.03133036557608131	0.3953866476050505	0.30797444636182786	0.09880072801810845	0.30454472263379384	0.45243259040476175	0.3582920250913437	0.5153328659285605	0.4560661033419987	0.37423816811256083	0.3729929887857237	0.394133547745513	0.39468528163391076	0.06750624646075051	0.11451086116169919	0.4161983745423528	0.355882096259907	-0.04403813947095453	0.18204921434380048	0.054242052909292245
BS_6H4Q24WA	0.46494311010416095	0.3464271397900689	0.5516796965013496	0.25409769602179333	0.32928216919021963	0.5114832936024343	0.4390624152567716	0.3035616543195453	0.345137604551019	0.46865171267285993	0.4692880091180499	0.5357251390943357	0.5365950456214329	0.5264532320365323	0.5159029709565344	0.5258880802013761	0.49136497359969455	0.16914856747264795	0.3012718691252132	0.4684344087395182	0.43341649073739835	0.26507910497089354	0.30419096804137613	0.2543357428622861
BS_6M2053M0	0.42023991296010355	0.3154576846236235	0.5291753017276649	0.17381054432708906	0.23162531292570368	0.4871544946531352	0.39340956090651413	0.25813498367840526	0.2510991886099355	0.4561305798077973	0.38541834174745093	0.5386879363265684	0.51570121281774	0.5326040029411372	0.5226608793829678	0.53967763513029	0.44868970819143295	0.09747370920078108	0.1475956888969593	0.4809459754969284	0.37804118889777816	0.1632684300646503	0.20927384009601582	0.039881693352879284
BS_6SY64H5J	0.2665099595052876	0.3987638009454939	0.5532664866549316	0.3169625115443247	0.35145846222385224	0.44208915472534727	0.42665206488468616	0.3777385226084089	0.41053321667066056	0.5091991845519429	0.5058358172967603	0.5211911537067906	0.5263654470198597	0.5064219479509917	0.49850266362324286	0.5059161706905715	0.5336088400924779	0.15362863539562804	0.3577676530926346	0.4614780351188987	0.450275823981752	0.3047984966553724	0.3646393831649318	0.27955791451850326
BS_6VRG1XFB	0.5281429451159569	0.21676274258297565	0.4992083249129762	-0.06863738544027953	0.2694713558801425	0.3912096502607052	0.3362715561201551	0.2267227261264962	0.22985747006196497	0.5197225396437455	0.4284007270788485	0.511962173170679	0.4774378769557245	0.43758705230373734	0.4309314602691737	0.4388473488444904	0.4521682182774944	0.039746547514773606	-0.01739875995522318	0.4366976798648313	0.32542920556890553	0.07261553775283844	0.0908112849535229	0.09224952349982875
BS_6WP1FHTE	0.41485936533523576	0.3470746993356882	0.5260810593389152	0.06786375763637938	0.3219155605794482	0.45457010085228916	0.44434202434020487	0.25039867781573905	0.3372843729364312	0.48994645357095734	0.43226074656141117	0.5506790201390628	0.5468641383946969	0.5150097471210674	0.5059666526978854	0.5150602646466125	0.4435511364121915	0.19158606326093788	0.14111359472223312	0.4829250902879986	0.4084316647773341	0.1762424224252529	0.2654291967200757	0.1331748517244686
BS_7327SDAQ	0.4736049524363153	0.23750598995052694	0.5185112620966611	0.014847453610476064	0.21215077642141084	0.39986605981005086	0.33034429306318175	0.16248047100446222	0.29844108549231446	0.5218924251704079	0.3970710106359875	0.5187415308835335	0.5107516758924594	0.5014284250510562	0.48815714837676666	0.49727695696353474	0.4171167726521996	0.10630083649742232	0.07704058094392548	0.4487239094416244	0.34339809250734815	0.08879125263583493	0.21585366138729684	0.06838930828336359
BS_75YRDXET	0.36147242352930936	0.4231528572277223	0.583086510137991	0.22808781527663508	0.42493365793641485	0.5280581875444913	0.4480392477915625	0.3958012828142841	0.35896924190516466	0.43807354414712885	0.5001280274716147	0.546248214267114	0.535151761014748	0.5367472774152818	0.5321883530706396	0.5364533241384762	0.538046835652714	0.26701025506750414	0.39636823596475607	0.44936460374404386	0.4443847434660495	0.42040532652521473	0.33133615663177335	0.22821858854768584
BS_77SBTNPN	0.5214455090525743	0.20448653548118392	0.4917023879232875	0.015971857689301157	0.21165378437618412	0.3850692923161402	0.2881556419201334	0.19124678170271683	0.3387051133607733	0.5218431102776717	0.4053884867502107	0.5384152847759502	0.4937128670508742	0.4324867735731927	0.42110057278449775	0.435638300041099	0.4388468533868988	0.08552367613443676	0.13407232978988387	0.3570418888753721	0.34318459674234886	0.13702100627279	0.22333558855829547	0.07606622968457527
BS_7AEF4D4G	0.46356862867648285	0.3211332004752014	0.5334903336627447	-0.009006460521784814	0.3873090137506584	0.4958763841337386	0.4479620038137968	0.27679623327734953	0.2778331740605335	0.46372417248294334	0.4408024675790882	0.5447708898178688	0.5289256248800811	0.4676487997865241	0.4612345352663406	0.4732654298576006	0.482862296700499	0.18484858679463217	0.21278732864964042	0.42057287668699733	0.39569885636419777	0.27381659169174866	0.2714349203160157	0.08688569880181653
BS_7APCGCVF	0.3972815329428204	0.23490510364957023	0.5233071346287684	-0.15576631646037253	0.2760334046753031	0.43868359133582474	0.3512508096746961	0.22248977443048887	0.2851751132578225	0.4546376913163506	0.4076728470693513	0.5363823090731025	0.47622938001343335	0.4605820598144389	0.4517198049753103	0.4684588933928524	0.4595864434877105	0.1414823872742429	0.2204370881827321	0.402031076551035	0.3260110466224403	0.12722417142282744	0.19618178131637998	0.06140203878010956
BS_7GJT4A6A	0.46790840680193757	0.11729032549925114	0.5294794130984658	0.09815020012754071	0.1514907530136352	0.3986645298412476	0.3050663429827018	0.14018165151964695	0.31279078242101865	0.3991919890570601	0.4290929387936816	0.5295177132648576	0.45902018324386484	0.3857952950812197	0.3955335197399306	0.40364123458274076	0.41298995755136236	0.1110732676014538	0.10886846160206885	0.4940740173513007	0.3625366721106068	0.05084640478894955	0.16657420901931247	0.03105170165114805
BS_7GKWKGPH	0.2725956923942896	0.3565406374309417	0.5096347971311616	0.2142928472056131	0.34396747402679917	0.4647286740308364	0.4424285352101353	0.24709644882137372	0.3042573447233199	0.4543780822086729	0.5058014170649365	0.5622949515139131	0.5410506866601833	0.500303795677626	0.49301420173349125	0.5077222708651906	0.5162093362608304	0.10732748664757626	0.12615602064048725	0.4290536834946348	0.3772242674859008	0.1559115044951655	0.2951473549074051	0.21175380133431046
BS_7PVJ6Q3D	0.33775934815106895	0.11940404448799496	0.5026999618054475	0.0023396090595964214	0.14924726664434337	0.37993707120590836	0.23383676161536432	0.06660662501898704	0.26442931833041045	0.3539663746818165	0.33692954286137405	0.4982964086663346	0.46189048359280127	0.47614086864036526	0.46837868601212124	0.4826461400509359	0.3911357247446891	0.034825747555382494	0.05495771048348691	0.3828143970385819	0.3229908325607693	0.03315620904105499	0.20955551212235465	-0.035417069425706105
BS_7WKNNRHK	0.44796039861970166	0.1952142677205579	0.5244331097299153	0.11496891338109226	0.17785096941867812	0.42063694649595085	0.3340946286135743	0.18510744525345124	0.3108907713458228	0.484675859994518	0.4534577628878442	0.5404983281770711	0.373431109707977	0.3965535575566265	0.38709722345023156	0.3989340174145876	0.49012935809174396	0.017773344064111136	0.28010785697929236	0.38516974230969403	0.392992733774327	-0.15838175948813663	0.2315661334131821	0.09149070385705864
BS_84VZX732	0.3278740332860717	0.16001401441114557	0.5447946741178228	-0.09830463097526919	0.313202608709478	0.4911353293788342	0.3684148925542149	0.18119895157214921	0.32137324167321624	0.4111225093384584	0.3860988359422614	0.5442620892218255	0.5026726873545134	0.4501179832796183	0.4443927888027213	0.4521307400219028	0.4473219908565387	0.1140976817963706	0.22640538055289297	0.41308360908296393	0.40162413185900264	0.20893032035179243	-0.03443985948478032	-0.07097069492650164
BS_84XCR9GG	0.5156984392998856	0.25282828183273875	0.5219907441742035	0.07793369112340055	0.18723734309971146	0.4063136401525197	0.3648553088811232	0.22568116537705257	0.2981519655993581	0.536669747338819	0.4482768796697526	0.5324000515184213	0.4469675420554519	0.44370984532720525	0.4348627010592935	0.4498696270196844	0.4729796753925854	0.01756377563663878	0.16888411165956113	0.44472510780173974	0.3787655690693916	0.060849792707005065	0.20713849599996195	0.12246140563707608
BS_8E8JKP01	0.5090021094593903	0.129189279476368	0.43473806086174266	-0.0379450076407546	0.05186820953991614	0.4533497490324235	0.3580808503089869	0.10717513735365704	0.191444634241916	0.3877272275820789	0.24750646061297474	0.545268506708337	0.4539700080857074	0.45202793880473496	0.4441873419523045	0.44594930675928895	0.29057972553791034	-0.01450790259739056	0.020282188408145833	0.4218591145063557	0.34585757317342697	-0.17784002910893376	0.18262924047283144	0.020280609796179155
BS_8ERBDF7D	0.47037659865764975	0.24863887368095614	0.5042550926637778	0.1215664435167537	0.2258066861999141	0.40779915053987464	0.3353579370910992	0.16293819568111007	0.20433652644148742	0.3215630979676976	0.31354765896500053	0.5342473775401193	0.4834863042855696	0.4167528280638462	0.40386952017268607	0.4162024985196778	0.35619720864309773	0.18719056289712396	0.011402153818903997	0.43951892066935394	0.3633965630170075	0.07272722352682882	0.2188100645682792	0.053622698409365566
BS_8JK9TXH2	0.3220289078212548	0.2913884166951374	0.5346226467326746	0.03267849251331348	0.3123930509915573	0.40720393759208645	0.3353869603699351	0.19448763285658696	0.24707522665983678	0.4366473884351893	0.4531446768459988	0.5367227193394005	0.5164070006132949	0.41374588097992765	0.4124370603186623	0.4281676734397813	0.4832755802538828	0.08186758143430707	0.15299998446245583	0.39729256681957503	0.3376147442999524	0.23679750128800078	0.2896803842843345	0.10300341920860766
BS_8VD670NP	0.5386658469967704	0.16473940791738842	0.5240083478773668	0.054770694258149386	0.16934254763905335	0.3671926237411725	0.26427003401867355	0.145178799228691	0.2770689210553271	0.4887953438650463	0.43756759965588465	0.5123593400518143	0.4365114356829709	0.455645110631689	0.44615001170425167	0.4625548909018174	0.48386503828393934	0.20146027539201963	0.25959402870241594	0.4594358018736539	0.35744358675232163	0.106731096528892	0.18604434612822243	-0.05293181463719762
BS_8YWYN7VH	0.5264042419533244	0.38167762221377477	0.5436465144167473	0.10122172123369082	0.3530003248555204	0.5012563030129947	0.4642148941104291	0.30629220392021805	0.2136810914810598	0.4036175606174977	0.4098191702399592	0.5470385974812403	0.5322196923233108	0.46656928085273935	0.4580617538374674	0.4698854958062702	0.44038040577704135	0.2016604994287526	-0.13158961412143033	0.43002421694131165	0.3509452429377035	0.20574667545327502	0.23233649268222295	0.017024448150046396
BS_8ZE4Z9G5	0.5105437368308523	0.20358546994924465	0.48208105342181856	0.10362372677280313	0.2490439140836264	0.467850663741321	0.4464224013016691	0.2925546022053056	0.29446260595189166	0.47418212012295646	0.37260529292260747	0.5749695675973568	0.4316434406539743	0.43513310331121247	0.4298423016631876	0.4263669347459135	0.3930998994030591	0.1031724239543616	0.1155741445837033	0.44240135627178745	0.42380668244971303	0.14608146489624477	0.2974517866889145	0.18935304924952737
BS_8ZY4GST0	0.32036814353208026	0.19377537673020534	0.4700322223457106	0.006056106030052658	0.10975583028468411	0.3851964448386018	0.26141790923078295	0.1830846779202575	0.24156180773566943	0.40729687052578484	0.3316916608263171	0.4950547233989875	0.41462862237761605	0.505727580804421	0.4985125186391147	0.5088740821276349	0.4042237656798132	0.04128209575266321	0.11489580633266452	0.48334878222013744	0.35906999296251024	-0.004308266883686343	0.17301957058758294	-0.0048843630493329545
BS_91VYM11A	0.3990474957890937	0.2579967087908349	0.5215420682674717	0.18995235838997115	0.28518471700431713	0.44304930500179585	0.36281359950680697	0.16273968951217205	0.3076626338626724	0.4261341540920328	0.4575418651306274	0.5351474924850991	0.5128805073429051	0.5042831608315712	0.4979835163478336	0.5107665175721081	0.46701762073287645	0.1945977035053769	0.18652032137706068	0.4338263401401287	0.39209912957064025	0.14431845448436662	0.23866543798155176	0.10195221380156416
BS_956G6QPJ	0.458448727682148	0.2876856013890181	0.5269119314251564	0.13594241781202115	0.2510793798483072	0.4234057128612083	0.34676534765688	0.19350787661113103	0.2786649444846104	0.5015892728241523	0.40163918949327587	0.5200234961079837	0.5138256859668151	0.4604777433339852	0.44819124011375805	0.4640494911075385	0.4307220556914464	0.2379446186493515	0.05336732037246214	0.468970517201582	0.37009140244154676	0.19204063409671268	0.23605098057993135	0.12727043108152417
BS_97M1E2DW	0.44634829648223734	0.12803389187287642	0.5029478495009657	-0.05345748804950218	0.1537084007866951	0.4021481439333541	0.3293041314861019	0.1114879849119267	0.2631843144193415	0.4493324639813077	0.3459658953686344	0.5260970329819	0.46439827404299017	0.3522285584004509	0.3679621164024751	0.3737453706846625	0.39400325632692274	0.09339423326931665	0.14956650088631565	0.48555616706035554	0.35261377542815	0.021086618100883605	0.15172066844352117	0.028714904037385476
BS_9A1YTHFF	0.43888440655987626	0.3236465240814956	0.5263094430024491	0.17900698313030167	0.3346330367677763	0.5008165783548005	0.4414181499564416	0.3162551169352053	0.3370069944704019	0.4394617253484189	0.436179261991368	0.5397800514761182	0.5237214824599346	0.5426327624017422	0.5296876970136996	0.5379720775655515	0.46079686104524065	0.1465894768523954	0.29525353311961317	0.4820095292414407	0.4313279362874073	0.266381460783223	0.3319675438135318	0.2539809031879183
BS_9B0A62MT	0.37218447661503007	0.22105483712181573	0.5488695306119306	0.0459614671259525	0.22457681528745368	0.4301771530811172	0.3464487335670027	0.24569776666776597	0.31344387279385505	0.4467702412344554	0.48492880928625637	0.5330791726809564	0.4723352260766693	0.47180763354942606	0.4702394758917444	0.4747356552280953	0.4956746530131782	0.08575822556634491	0.3631133308600891	0.4540173193441697	0.38180718688468057	0.1475355066286081	0.24887034241353984	0.06369791693623884
BS_9CA93S6D	0.365049352430424	0.10723998597783244	0.462365692009609	-0.11095558252965261	0.037908467184671384	0.3400090403319587	0.288652101956725	0.046708892429236086	0.23996844760061242	0.3727054861610189	0.28477303077565463	0.49695093605258767	0.3336509562138029	0.3602440175494107	0.3774369906858115	0.3881553054792391	0.3341981223010203	-0.014255656476377138	0.12479799934851345	0.47077978844847584	0.31584812115712013	-0.14481498015812017	0.11890966495569247	0.017882243937983534
BS_9FHEFJNP	0.5170871022033418	0.21651624300551336	0.5001197318410794	0.07932979959548454	0.14066606326159203	0.44594191321661697	0.32855702768304	0.23183841054830762	0.20288232388408056	0.34962223146063515	0.3563906645656021	0.544276233810711	0.4981927133524167	0.49026423328658697	0.46439639221743984	0.4801855288780855	0.40824622014147394	-0.0026252685254385543	-0.03988681985066995	0.4554577323456935	0.29686631051713275	-0.022675727841924884	0.2351604146745246	0.00010726029440238165
BS_9FX3YREK	0.35483393102459226	0.16302442135220505	0.47895774008214864	0.08395597871507936	0.07868597981512206	0.36779729462585264	0.2590149976873696	0.11779675919257582	0.23761222798723286	0.3770595687929639	0.33479897211223447	0.4937628784136585	0.38986489080523273	0.4970205609862797	0.48328267828386773	0.48762737647390897	0.37834167230667826	0.0642949904982131	0.1579267031638605	0.46811452645104945	0.3504370428077562	-0.06499786915079761	0.16859025673832526	0.033776458892529226
BS_9GJ3DB1H	0.4430625644324389	0.31406408013904663	0.5091351259336739	0.15992439700442224	0.3052024378432991	0.4352837379818802	0.3782786379231128	0.30337978350803635	0.3761117653817633	0.475090191387945	0.4517107226726863	0.5104046336067651	0.48159247075504913	0.5031611740090369	0.48876841019321077	0.4911532195205611	0.46868219605745165	0.17905736955789286	0.32782334071422337	0.4983868271311593	0.41938558880085586	0.2600384008853802	0.289893835915939	0.23334399902615105
BS_9JPQZQNG	0.49660341314567724	0.1875313542973785	0.5026095211632915	0.044953584088555196	0.22708631991256728	0.42054656741638446	0.3414192000207367	0.1307825517960946	0.20590900281544827	0.39928788127004133	0.38816783592759574	0.5049658319878412	0.44674119456852096	0.42731045885295477	0.4150003762948924	0.42647501201376115	0.4337321961372825	0.12324467439148709	-0.028363595533256302	0.4118991951690497	0.3262971238219939	0.1271505030602929	0.3124671795578924	0.04315350637721152
BS_9TXEDSWB	0.3986178713400945	0.2939844191826821	0.5234822000984739	0.0724196929168212	0.25130044886945657	0.5158404671728786	0.4331871062314027	0.18595740168020067	0.31733327340968653	0.4374259867153685	0.47055449236856683	0.5685537249647162	0.4482133618123556	0.520730350630395	0.5246665826256259	0.5296277333392844	0.4727551538067548	0.11046002640609393	0.259311097910816	0.44568372836133385	0.35920648461640425	0.13265437784572395	0.2179842151220886	0.053209625029279756
BS_9XVACXP0	0.4581552363512521	0.17459637769026226	0.48737632857707114	-0.004386744537154454	0.08814321270742313	0.3635679515570847	0.2816079231931673	0.12865459364286827	0.3559196286319967	0.5415797071216576	0.43343745110162823	0.5125656612492795	0.3821954486775746	0.44627556465781953	0.43732079099778703	0.4433295061106768	0.4404033795127831	0.014487942642079662	0.21882686378111652	0.43326917213867444	0.3706393989156385	0.02292763594380888	0.08948040732114795	0.09110371561918265
BS_9Y1K14Q5	0.49318041291511006	0.220356570683703	0.5098598287158856	0.09866159889901206	0.1550404366954987	0.4447207738157638	0.3500128368686134	0.18374261559334576	0.20234391126297058	0.3992363539046525	0.4106224061578221	0.551841123909164	0.34017324119215314	0.32485984430862225	0.29101874950135886	0.3341151602074643	0.44702896573771456	0.03158157301791501	0.10331815107565862	0.48304193869672374	0.35875288404432387	0.0900944390099373	0.19797394130088278	-0.034769663661797456
BS_9ZJT0CP0	0.3634986140548757	0.27335723148242275	0.5075639398594101	-0.08221470878321696	0.2768843121624848	0.4843488061496545	0.4236219496443451	0.201181429679408	0.3099346505983261	0.4952913701099278	0.4548809973027773	0.5419022786700818	0.48959112496553286	0.42827318990431784	0.42772292458241257	0.42990923537836645	0.4724564095534595	0.15995057819772693	0.22800445659712457	0.48304798389106623	0.3911297411424276	0.12700541896226558	0.21373998772553662	0.12478069599716242
BS_A4PF49V0	0.46791131002698905	-0.002115910889609042	0.5174351981192444	-0.001831397603222426	0.17886289665460625	0.36442386818283673	0.24627232818775402	0.08621813843111564	0.1723542615620615	0.531121657520665	0.3465139702782695	0.5175187375135349	0.4158049582874838	0.3708855661392141	0.3740197055334216	0.3852489214416147	0.3939215967193825	0.07185935917504623	0.01631238203423916	0.4426078348709487	0.24161129034345918	0.006983529806294029	0.09956932068497215	-0.1277945613004118
BS_A6NXR7RC	0.3134851242844391	0.255927841149594	0.5203697315384599	0.13710921494262773	0.22029776982695015	0.4291027713070156	0.36409823596849944	0.20065108293291595	0.38021208837630904	0.46687647387686865	0.4977992231299552	0.5398048055677321	0.47861944526076294	0.5250583211695866	0.5062168108445607	0.5109125077788811	0.5087988820781573	0.06497943847668045	0.2338280426359314	0.4492805117721019	0.3888578578219526	0.05790723441423043	0.19654832092455568	0.10603930940377196
BS_A7Q8G0Y1	0.40137891192691544	0.15043834203007247	0.5424185300646341	-0.06987055685031536	0.23053671208644652	0.3529544001086207	0.3332196626674807	0.17430273556398979	0.35643332102164954	0.4387058918675989	0.44352982972726734	0.5382264090553016	0.5349834299237454	0.46984712330308076	0.46642491720852397	0.480563440007482	0.4650088734399449	0.14400520490123803	0.4006059948231542	0.47864804509936065	0.390639670007169	0.12969489131370876	0.2341084258396024	0.046593193610933364
BS_A8XW5S0W	0.4753524385134815	0.2945534266006045	0.5171214798816101	0.081230858936947	0.29113501618296994	0.3948149813992459	0.36613272081029324	0.28772728283222176	0.33644998158163053	0.5110607028236852	0.4176567424725599	0.5092277973850176	0.46384469547856416	0.4891038105178755	0.47786559651214366	0.4807803913157565	0.43486120892090907	0.16867772477397444	0.2645021372144728	0.5055980633718898	0.39723173093201597	0.24990126286417552	0.2993177544976428	0.24111806589636386
BS_AWH9757B	0.44907999992387143	0.24211301200135232	0.4935391657107138	0.0009051626015038407	0.1664616906951342	0.31883915942918295	0.25824899733359563	0.15707230030575672	0.2973697828075233	0.4556763638687681	0.3926792288654283	0.4622509168934402	0.4166854382841453	0.4836126745450891	0.48611546487346236	0.4952557345043597	0.4149390025484994	0.024971925979131934	0.22680629909000266	0.4640265672930182	0.3596803521195292	0.09213409138715851	0.14984219620848516	0.07469918116223609
BS_AYSXRQWY	0.4617935684000981	0.2249692047405579	0.5551527196384086	0.16149238937286522	0.33802587538447887	0.43261531052597735	0.3470642600420757	0.21510985457474166	0.3141026981771197	0.4854142071711663	0.45923051311565816	0.5345889783265172	0.5150033635305189	0.4403646222803043	0.43848214777925204	0.4465277689019609	0.4941466429388919	0.2320199531735953	0.22907943464095987	0.4497655101290843	0.3837480183637716	0.2186276314082584	0.28440084509170993	0.14614863069750333
BS_AZQM1JJH	0.45421284985158145	0.32547074012118415	0.5375016484594839	0.2330366805697146	0.2818705234803068	0.4133863351810834	0.34869931529604026	0.2712164815485766	0.3394275795907418	0.5071928335073363	0.42413075891802504	0.5204311151489367	0.522445740134793	0.5391100532186697	0.5235286906694441	0.5313518806758163	0.4590186672794698	0.14939228606726773	0.307844526098001	0.4927089637825239	0.42493826442748217	0.2303760219819284	0.3115751114016106	0.23937085269805833
BS_B1C6GZ84	0.5187440744886473	0.1904207606465869	0.49733709972075923	-0.065479667615989	0.1628140856393312	0.43294425480035686	0.3424024188285882	0.17303358741340047	0.21251436460413675	0.4651337699945496	0.37361120371051015	0.5302253603701677	0.4477916328347853	0.47541428510888795	0.4644581016076608	0.47483631772527096	0.42226049344292715	0.08452831155172016	0.11660905853656983	0.4689322611954901	0.3524161543143807	0.0085380858950592	0.149854523308945	-0.027458859846334917
BS_B3MQFFYP	0.36847717643045863	0.3703949237578033	0.5574546998756733	0.15456191066415179	0.38474370248306333	0.4639521700134983	0.4113924813771953	0.3218604561378093	0.3833421509246562	0.49093879503347854	0.5142874492233355	0.5417890224301349	0.5394765223875833	0.5539860559795193	0.5512870787698105	0.5550320017905187	0.5231244436376844	0.17956603498128976	0.3161397981129569	0.4038756889285104	0.4417357004769295	0.3040183400057313	0.2822108631711695	0.150396064573617
BS_B4R7X1KE	0.4136507811738428	0.1839853156151522	0.44948370054139014	0.10600592237284602	0.16261341677961738	0.42232216194264693	0.34177695883733	0.1732207106960054	0.2920261914651635	0.38603952216420184	0.33132134680174974	0.5524387494066073	0.4542914343295061	0.45368951230043497	0.44427068009699267	0.4492787625375097	0.34649612001980656	0.06776940697479363	0.05258315620620595	0.42757276890250845	0.3716299380105269	-0.011194154339118056	0.2999856308341005	0.09780203107672696
BS_B57327NA	0.35738445495763344	0.27815704835814964	0.5304136808884292	0.04584803809190008	0.20372341040828656	0.48075439124658736	0.35217769815483535	0.22626169999743678	0.3416827156287979	0.4638434210437163	0.4293822858268612	0.5295508912743244	0.4754860532637308	0.5262796609549842	0.5084146107472782	0.5150479901089652	0.47121689751000284	-0.011420630085533368	0.24097807025784537	0.45079944347138035	0.34943159687027464	-0.1075508785586445	0.2616119806886852	-0.007044463151403886
BS_BBAEMXRD	0.4519163071013567	0.22636741268929902	0.5159530331596169	0.02527462056249927	0.17604357214041141	0.37088992422763306	0.3175033747228387	0.16204553588035123	0.20301839200797306	0.40122198503475054	0.27058960999733744	0.5373098730273472	0.4966135762386949	0.4777688388203821	0.4694167820167593	0.47962434647680857	0.3206880596441179	0.06648309463289338	-0.04143564211089607	0.45793464546240825	0.3561846655186556	0.06166697460569369	0.19453086076425574	0.04334298701046931
BS_BBQ6BHGN	0.45935560295184363	0.11381668558091426	0.49202680784322383	-0.03597456657514798	0.179946230840232	0.38615558447561776	0.2404421985773822	0.10100070928411956	0.1660974933014594	0.3803089284008386	0.3256015847331281	0.510470462334485	0.4868997736409827	0.5161313841725826	0.5042687407472453	0.5175386423328917	0.3765652540656046	0.07878650516076793	-0.034067459163495975	0.46687147629429876	0.3329508337944571	0.08448477298558747	0.1312963926348365	-0.00175189308397057
BS_BK0HGRXM	0.3923544566390785	0.3193947629943736	0.5389822059923789	0.14823186139739136	0.32740717412295434	0.4701142481791003	0.41687787270877635	0.2649123597286288	0.3844556564043755	0.45411218177893664	0.4693399760768888	0.5376490821106154	0.49795896255761085	0.5092339181302395	0.5069909684202702	0.513066480781458	0.48259464645597044	0.20188835850878667	0.2709118058656685	0.5078014710708206	0.4200146855370483	0.279799135464553	0.2861878616227798	0.25069204371513554
BS_BMMY0H73	0.30765844260040703	0.2871150305995458	0.5149524873012864	0.10517083253389967	0.2179139696838968	0.42423156379645927	0.34868997528170026	0.2097947163803207	0.29117797254167854	0.48808563985490533	0.4320554331352196	0.535345210192121	0.504950866565665	0.5006205122514295	0.48720464160205784	0.5000328200945605	0.46543577287212795	0.17393550684441503	0.13248663537894115	0.4413640237569613	0.3917901018816718	0.1418986963110979	0.2285470713710374	0.09257879376287131
BS_C6ZZ3FY5	0.4315064685287394	0.28892807955715116	0.5257447198358317	0.08609767428815406	0.18425802175835412	0.4300725374829605	0.3441269594717056	0.1748859303999468	0.32120206213625413	0.45756953202475315	0.4013491872043753	0.5245781328061134	0.5125315909851347	0.5335832518020488	0.5192093114314897	0.5310539509313039	0.41919648796285136	0.1436487758716759	0.08187242184545437	0.4544138164930381	0.36735731232733143	0.14729247249155253	0.2227786546574363	0.08312085409221662
BS_C83TK159	0.34221904771804507	0.2913339643684397	0.518227996219435	0.0893495877596813	0.2180214197335532	0.3834185583081736	0.30615516860531317	0.2254210187174694	0.2516675258370806	0.4503379658627577	0.36306174172757927	0.5214386292321328	0.4974694937651274	0.5142691680847199	0.5044709794033835	0.5177605189128247	0.4439004770250911	0.14125533404797344	0.161810055823815	0.4488633833941876	0.3689415395685265	0.14730379858538006	0.21833177730097156	0.0819836166936026
BS_CBDQZ8PP	0.4547664334722438	0.15664649217034618	0.4355586786707054	-0.08197373217969721	0.12416160965006835	0.4524190566329334	0.29876425668503154	0.11613137107456369	0.12950126748648122	0.38743570837787444	0.22100855678712084	0.489118405134577	0.3211819810358404	0.40571515446736856	0.40719873669494316	0.4123869778870433	0.28264094463613176	-0.02711656493297003	-0.04265411653465384	0.45593939814151463	0.31292705095914425	-0.07548682949419798	0.19303196018660304	0.011492376782866156
BS_CF63VG3S	0.4315306302802365	0.16113787443071773	0.522781348465811	0.022241467354679738	0.18544711673267456	0.4142749186366728	0.2500581546241554	0.1890922633412514	0.24480418503894166	0.47327388809124504	0.3892578306715615	0.4976881213166853	0.455161545813402	0.46864945001161606	0.47218739195283693	0.47779970469065797	0.41747628239469015	0.13286001086652588	0.055558713116794965	0.5046681801283537	0.3077379026001703	0.20911934173550617	0.28725630711292277	0.2486993470938082
BS_CFD3WHAY	0.3036510264340915	0.2906829919615283	0.5142598852417958	0.0888119251726008	0.23212136538578604	0.4378653229772561	0.3270588389926209	0.270940582747519	0.26463979485751254	0.4592640050795478	0.38170895879028016	0.5312342778487432	0.5213413679468423	0.5253663827195149	0.5184551024066137	0.5336545920273242	0.4288714392045576	0.0469856384937808	0.12202250481946346	0.4266944186918325	0.34695188377221664	0.09030643913333578	0.22598357603322844	0.06906549032504493
BS_CG1RG607	0.27017521978261716	0.36080982172597004	0.5715190134022617	0.26299885468748374	0.3317332267489154	0.44889065415452756	0.4158181071983638	0.3465778693364091	0.3862800206792645	0.48111038846406656	0.4789533703264552	0.5307415173808991	0.5313811304318312	0.5387373796027003	0.5369386125646067	0.5424429318545689	0.5020199303756523	0.13862637153783108	0.28279743764462856	0.4685668709880703	0.4404604278104503	0.2761648898700085	0.3199802830462856	0.0918565694946057
BS_CVEDJGHZ	0.30632321200707685	0.3619602830326852	0.5394396064909183	0.17858079082458905	0.3567094854059737	0.49389296698935226	0.43985587214379607	0.3109270353927888	0.4000951390727409	0.48480864045580974	0.47737679799173577	0.5510318690859257	0.5494594153521141	0.564674580110255	0.5647404991195079	0.5659184557425264	0.5030279459985708	0.15858861880188932	0.3414186051390318	0.44975967902049313	0.45694532941939114	0.29895659963324206	0.3393555006035846	0.27191041417065914
BS_CXAQDK7S	0.38334533856983893	0.4265133903140656	0.5614889671044869	0.2030370283250956	0.3866001333064027	0.5156295131118724	0.4859174501621644	0.3558877766651219	0.31119646728137673	0.48144321175447674	0.4516613778654147	0.5659712217882936	0.5434554253714797	0.5725605117103518	0.56359499833852	0.5684016161555095	0.5095989224677632	0.24085357724938083	0.21986364044188994	0.4346168024898101	0.4304047020789177	0.31524305390245766	0.31773698457197563	0.159158530286162
BS_CZPQ493E	0.4053205692653879	0.332997118965496	0.5092259381095774	0.259635418419626	0.292383228904295	0.3917924368446224	0.33637753781776	0.23462507331920515	0.34942605928881504	0.45261792704166326	0.41983245866847035	0.5266381216270175	0.5052722094712246	0.4683852875716489	0.4612494626775843	0.46471474423097003	0.4484606686325231	0.19122317016371082	0.19307376750462044	0.48880796098632334	0.41518294469711	0.22518074940272104	0.23067755873824128	0.16061144306045963
BS_D29RPBSZ	0.36154681942114664	0.24716244825182462	0.5202663373164986	0.045405599410961665	0.26701497233003263	0.4513435389998896	0.40285410878432154	0.2196078069646072	0.3632942702847578	0.5042310484827291	0.4645669971013652	0.5544665168607306	0.5053973272010119	0.46556800299343815	0.4645696825418394	0.47385843523364	0.47135571194916526	0.16199294639949702	0.1260209647300337	0.4878802619431103	0.3929792936631473	0.1543876445193501	0.2156311349235828	0.1476782576757978
BS_D4VNDNQA	0.2440380523340463	0.21452221856419104	0.5006288021132389	0.045162885923356856	0.28456982151372534	0.39067249209740496	0.30128214267057446	0.18285517380972732	0.26367647795764715	0.3738884188210095	0.36245819911554406	0.49205068490564474	0.4365722868530219	0.38980410120041287	0.40235670723728023	0.414354081025211	0.4069454116276196	0.19721747319606023	0.17338354826422042	0.400599995918232	0.2992833688363917	0.20957555109388137	0.20334961590886552	0.007335152775475802
BS_D6J2BGDJ	0.36468851042605027	0.12856113009211417	0.5184919012492797	0.07163954013881607	0.05374474633815112	0.33801327689246	0.24069900755548365	0.12475158755754567	0.2633237772279032	0.4577667358119371	0.3114735349919387	0.5277909134315024	0.5001810542898186	0.45631777793251405	0.4539523271145675	0.4541391933950774	0.34338690577138575	-0.02474576988695385	-0.046367741325151694	0.48207960075501805	0.33458529008917687	-0.08037024058289458	0.19590803426535072	0.019901023847079983
BS_DFGS950G	0.5277465184434765	0.10426092544974466	0.4561476153961637	-0.11010159934578971	0.0337121396476144	0.46365315676404595	0.33238914415061377	0.09645876490455857	0.16522464820071328	0.4703243404527946	0.32259456192837205	0.5233043554869125	0.34159088898303025	0.3884424368499932	0.3933652853148558	0.39131370827089274	0.3520216180663828	-0.06913958029725273	0.09646545242637623	0.450520992027009	0.27942963271587523	-0.2155744886680788	0.10184717923515206	-0.03519693161269662
BS_DNZVP92S	0.5182015207887852	-0.10228145723837434	0.4284002632567478	-0.24025638545989028	-0.16463861550972786	0.35969543860470676	0.20112271698095538	0.19306195386441274	0.0731475770206697	0.5370509292457701	0.1577962050802373	0.5314260489645717	0.4313769150954706	0.307661127620951	0.2912110493947858	0.26899047493724926	0.31211943536641384	-0.19240309860274038	-0.018429751039592157	0.32184593432752406	0.2969475799278227	-0.3264230862110979	0.1266960899067697	-0.07783559461353878
BS_DR079H0D	0.4311514209767211	0.2069853888320061	0.48463683190639584	-0.08571019712908257	0.13613162534835468	0.3433259298859352	0.25575085618206006	0.19580095547357643	0.2507854531641479	0.4638953686491744	0.35813558351246333	0.4875478703143378	0.37465267064844493	0.4817273217408137	0.4699973428585886	0.4684967875471911	0.3988171700330368	0.047409510447087654	0.11116942147218507	0.48178655368935625	0.34847308314529246	0.044519622761003644	0.15298017293526323	0.0005169150040167156
BS_DS438CXE	0.4162243489495212	0.029103398329128262	0.42213416737607035	-0.008603376452086689	-0.046670347642578575	0.30863278220221674	0.19764123559574753	-0.041920073463659904	0.21987807366002274	0.5101602857060189	0.3004009493195792	0.49443542450756844	0.2683804490726163	0.3562634440061234	0.3586341764091537	0.3642001791707061	0.33055346273757125	-0.07198578671079041	-0.03643174310034873	0.4647026773557802	0.3553479890685108	-0.14077621993262435	0.09172343327737764	-0.10994363401865838
BS_DSPVSM7D	0.39700141051030513	0.2079970367647861	0.49314520014638713	0.04692201645816381	0.1317090283850096	0.3673131564255578	0.29406023703344786	0.16689380223444766	0.2995985718076491	0.45185744232015845	0.43163876083828084	0.5224842500761313	0.43886244196506125	0.44654749834641483	0.4332858981023702	0.43302973278970913	0.46309249144219367	0.1307868404878481	0.17310325776838092	0.4758377193920306	0.34894118338270164	0.050561325507958096	0.1282399807766661	-0.13054200395458493
BS_DZNXFPH1	0.502221393046018	0.4045820695545122	0.5487979986533416	0.2710632485360265	0.3366556023689325	0.4213731744754982	0.39289177230263883	0.26561884244606954	0.3721837565057819	0.5274322443507723	0.49372190681099243	0.5478022624028477	0.5246803305452139	0.5218941441157915	0.5072797464260711	0.5207905753966899	0.5182829605248397	0.2571891159602489	0.20555545738005238	0.42330027486494226	0.3769433619419407	0.24551821290948173	0.30800712097303484	0.2539395579023259
BS_E7NVYA6G	0.41320029319184914	0.35928177025270264	0.5374490246031145	0.2960345336318345	0.3104410810701854	0.39443159070003825	0.3765362022970225	0.29414881293070794	0.4348991988882752	0.46106317616987763	0.5246676468525835	0.546860524690091	0.5180018709975864	0.4930186959581972	0.48576805108287435	0.48918770911383086	0.5161747470618393	0.2708083645684061	0.3391160633027495	0.4308431199385522	0.44598922242302386	0.23128785753944048	0.2743875583402025	0.22163076941476162
BS_E9CYN4NP	0.4377283388173613	0.1409760853637014	0.43986314554290795	-0.09928526815507993	0.13149826713655596	0.41280113174323924	0.2689693897040567	0.16702853010755883	0.21778154708932576	0.41896644311087844	0.28905568044588226	0.47870583850474224	0.39703589183180993	0.48449578048732633	0.47905670412205853	0.4890712984377287	0.3653917873183046	-0.004393193940948873	0.07353107593459478	0.41249017869948473	0.32546993782273265	-0.1288986353599779	0.1591586610805612	-0.14474742799377038
BS_EB0XRBT9	0.3972564088622739	0.3587803204877243	0.5517952829959701	0.2133416496105564	0.27067291249622727	0.40238710242017595	0.35136996875980897	0.30267104180931875	0.3867705896050509	0.5323895003865663	0.47190029016657975	0.5311804382416214	0.5333320140770251	0.5443956290436572	0.5365826542407981	0.542478487663337	0.4998984899883579	0.13453227062633522	0.24285791475509963	0.43717554124584035	0.43878781276233586	0.23448890420424584	0.319452342354734	0.19984820225460043
BS_EDJ5TV0P	0.337251983128203	0.21457760868980308	0.46079211532710584	-0.10384556229580351	0.05887757586558271	0.3796546687898598	0.28508995948902205	0.17799028620638713	0.1740247523839151	0.42565018783089337	0.30911882702261667	0.4761998539784388	0.403596371035112	0.2957964905938782	0.3031994594032161	0.3177628391655667	0.3983482897425938	-0.16030218839851176	0.1366788567198267	0.40161325284167426	0.3215976469174319	-0.2581861431625026	0.13631110406718897	-0.008928277792829899
BS_EMQM7HTA	0.4200893369888548	0.2823831625009077	0.503716702967479	0.14284140046313268	0.28722186671407446	0.42146555960212884	0.36840325543757163	0.261150401348696	0.2583511893369244	0.511771239718501	0.33941734629970666	0.533302557682958	0.478159403641893	0.4381968083972042	0.42610889428214543	0.44097077649059335	0.38813361774041577	0.1270894395901957	0.020698436356056994	0.41477880095542097	0.3467975364498446	0.16583157608885904	0.23244283733973192	0.10214261565197263
BS_ENEYB4TG	0.37347323955398665	0.34360838036799735	0.5420428440071174	0.18003762097311346	0.2984991676322847	0.4358230432458049	0.3533699415859771	0.3194500281695149	0.37566354453369594	0.4475872322003437	0.4542258816638038	0.5194094272303477	0.5062738993585756	0.5579906847102725	0.5516530690604579	0.5574874391487348	0.49876804842466177	0.15232768149363468	0.3875095244520618	0.49674692908616724	0.38631260719230626	0.27403687170353797	0.3097596465636107	0.1904809289989051
BS_EXPJQZTH	0.44010356899626774	0.33117602236089605	0.5348213447590635	0.1564220653356315	0.31418674720889866	0.5109069438827362	0.4550651821593456	0.275137813242484	0.3529730173927608	0.43042562843095744	0.49228972450597314	0.560028421188859	0.5586024983204008	0.5386027910274737	0.5258575816064349	0.535092950869287	0.5045779975225212	0.1642290451000163	0.20674418417868545	0.46809293237851607	0.41745887820235167	0.15593832730167015	0.29698931502336967	0.12087944676768966
BS_EZ3147MX	0.4175035598921294	0.23336961223153657	0.5290148282395806	0.08971187710365801	0.27108015643312033	0.5155052022402679	0.4097610545854181	0.22606696247376246	0.2735609726712589	0.40877032437513866	0.34924659268172614	0.5509205580537568	0.48761935840226195	0.5258231343562079	0.5145070075773249	0.5256491809917415	0.4039764490204901	0.17660669736838838	0.19108200216234264	0.42356857859790964	0.3441821131179033	0.17215548388252483	0.2360032212727796	0.060928138174458406
BS_F0JB4EAK	0.3075259743570738	0.18370157365073103	0.5028009588168718	0.030334762220573817	0.10455307570480976	0.3836750694349342	0.25348439286673397	0.19434743365956156	0.2845227133865968	0.4299181906975608	0.34545891288858244	0.4938498618203024	0.38900712749916116	0.5366224466142575	0.5328320319118601	0.541874411029291	0.42305389695859896	0.02343612169196097	0.1548417630933318	0.4684978352318753	0.3572646027984699	0.0701433293623727	0.17208254969317222	0.03151233923879997
BS_F21R36MM	0.43004434863833524	0.20169335243772601	0.4944034768198007	0.09320894771900085	0.24753446189591116	0.38939618771123236	0.34009500104266394	0.22732292236791826	0.3388249148778065	0.467319238311788	0.44535935416661165	0.5373171148649121	0.4185639084935317	0.4025601632330232	0.4002349887284187	0.39796824575926576	0.4467786592502289	0.04840042986384959	0.14583785709306207	0.46469988117054417	0.41627355710469355	-0.015194455394693353	0.08023906855948919	0.11626606725168749
BS_F65GWS21	0.5075910506507794	0.14843081548076906	0.4991438639272325	-0.12120680245631615	0.220356399391977	0.4245919138517224	0.3150833915263258	0.048837789626315145	0.20673916464850353	0.5037004434641342	0.39805940244303395	0.519297019808758	0.41736795392644316	0.37638272262425826	0.36015084952185594	0.38005149021556167	0.44519507309389583	0.07832112386062198	-0.034766641219881475	0.4433682822967087	0.3124909161656775	0.03308447977522891	0.0922287175610453	-0.06729395124691484
BS_F6V1Y4QS	0.47765244862996437	0.24705658722373686	0.5097752587729278	0.07864887279708979	0.14706472777067506	0.3973923524679182	0.3279245164767576	0.17951924380984505	0.30357660531621944	0.5418251773655951	0.46656798806500527	0.5417923196775277	0.39423509840194876	0.45960624180972637	0.44583120072565413	0.4638233331556105	0.49883296849827247	0.10060858746316416	0.15990686828047515	0.4290575207226904	0.3790869601431189	0.06698242660314124	0.10424415422776254	0.09989342056877096
BS_F9Y4Z92G	0.29412934953143843	0.2103636578351733	0.46502661089777947	0.10856969656184495	0.1205387065964527	0.3888376138641828	0.29050847922577433	0.10185955601661388	0.25931773439263256	0.421627527853281	0.3545877605711838	0.4857264937420106	0.43269915661576225	0.46491716058899374	0.4670352791126687	0.4790053062151838	0.3728135987367114	0.007634990472191179	0.11467925102063008	0.45512140765855197	0.3436512132945218	-0.0030666577960814624	0.1622708573084965	0.0001656582217565382
BS_FCDAH728	0.4650558115095209	0.28934394244225015	0.49860790010091816	0.04512232465821097	0.23415664828132468	0.47467693435005054	0.3888818055046052	0.26581825393056696	0.2135227294784663	0.4489820655520191	0.3443959400718146	0.5273083961236626	0.4653243744673492	0.5049081748450485	0.49142105092437777	0.505248428681333	0.41483582167069977	0.08079957048676405	0.13718693024599526	0.4647292218791654	0.3360009388175087	0.12935354015825493	0.212537802397391	-0.004369062873816446
BS_FEV5A0HN	0.46209098659664616	0.06923859964859412	0.4213089633993027	-0.0916440585999228	0.16218827289648508	0.38238113509316646	0.28316379553103205	0.061520423381689227	0.1905102308268035	0.3670050276099584	0.27784490243957893	0.45495951543219876	0.35888368254748526	0.4158366908774528	0.420143423132759	0.42897522806277366	0.30780150048472454	0.05424150569097539	0.08645607827485763	0.447588356518294	0.3050343509721205	0.01305844604483808	0.07941998941526877	-0.14745128477309682
BS_FGJH1X0S	0.38966826182873265	0.19127311656455012	0.506681127410149	0.028328625907364038	0.14644016103850582	0.4001138236175496	0.3089126844064241	0.14986561587317426	0.32881014578825224	0.5079414195400241	0.43376118749498455	0.5247572350336127	0.3619945609067773	0.38396441704343925	0.3791092853010546	0.38810473639319293	0.4647997352319445	0.013549355423053803	0.20646750406837888	0.40911386671927213	0.40714354189704993	0.020037139374935394	0.19310940113620736	0.12359028858451497
BS_FKASA3MN	0.5168154039498061	0.07573533730673085	0.4301863467964476	-0.041325573550727766	0.05187651715656522	0.30153068028862634	0.22440174261531964	0.0666949604438905	0.1695456918475251	0.40329497836336636	0.2048292567705581	0.469800871681579	0.3556915737392253	0.4126393536681671	0.4020127260089926	0.4018336440377409	0.22516912394974353	0.003917906348575621	-0.24144495448613507	0.45193374393109653	0.33520430491205117	-0.1849992709184354	0.1363474343400002	0.0790897371651012
BS_FN07P04C	0.46821237410514693	0.024693453159343362	0.4816772299398945	0.027608061613012238	0.13384575873788987	0.3686958765069762	0.28199243497042614	0.10743111476019082	0.20668257397014747	0.5212995809234195	0.3115807905254242	0.5398022108166859	0.3409476144733639	0.3675567852724953	0.3471140910076484	0.3557476036260422	0.3517619109289262	0.02603950187717506	0.08366317750437548	0.45976958454263994	0.3137661999478878	-0.07004112573210532	0.18366719948858587	0.049762246389510885
BS_FX2P2WEG	0.4403381107030575	0.3629776891527734	0.5296806348328239	0.109142422776479	0.41535586681275155	0.3992964325516441	0.440555140162033	0.233787727129306	0.358998574242392	0.49111225728203856	0.44113396281956674	0.5752891074216157	0.5515910541294456	0.5010761353923386	0.5010549267328124	0.5074946104214294	0.4456302137048928	0.26860453309971033	0.23352417495554031	0.4756336925747662	0.37216138805104604	0.29110743104956627	0.3008329408300425	0.18716522128426966
BS_FXJY0MNH	0.19328238240306675	0.31776343754452907	0.5282598316300399	0.11936305629729783	0.3155596747695747	0.4710534555279569	0.4080338295151572	0.2553705357999181	0.2769190148120952	0.411297428231569	0.43669681749166117	0.5405643476302474	0.5168508471695132	0.538911236504679	0.5331455342048536	0.5423046636318393	0.47306314084639056	0.1388131194913223	0.2923525361149626	0.46556557128102827	0.4233891057923396	0.25405146827198255	0.2599297366328101	0.15460793881344498
BS_FYP2B298	0.3844165892875254	0.2140158473544425	0.40056823578441175	0.08779123137425847	0.07995773450654965	0.4844129569231551	0.3767695068254917	0.17457423768896033	0.17345159140327987	0.4020199151856448	0.29763026506630175	0.5546927691922551	0.4637075873335188	0.49753210894153244	0.4803486686911809	0.4870026955701988	0.3659821180486162	-0.06183727919029047	-0.02386686161115054	0.4439001392410541	0.35484027817964325	-0.16202089685543647	0.22201311572678276	-0.05525194522524523
BS_G19QZG4S	0.443929793089488	0.20754926937597015	0.5250224322602769	0.06507874148167131	0.162382141750545	0.4116178762240657	0.32402142567257547	0.1962905268121885	0.32209138301945045	0.3942856378711995	0.3907494307675247	0.5081571693852118	0.5304949395450325	0.5537398048759535	0.5442428752762688	0.5519059283030227	0.4419975086949026	0.007504578194931551	0.14578396707648375	0.4396258388726701	0.39010720141384964	-0.010002697334440008	0.22976657578234247	0.0533680144144596
BS_G1E5DATJ	0.42282186823447965	0.2738211958211829	0.5138633045183624	0.19582499762596176	0.1849557344127137	0.5030139525789178	0.3615290346264221	0.22792250970951564	0.33815244704429964	0.4912933845445395	0.4001378658996176	0.5314724327794697	0.4201188113005839	0.5011348774858069	0.4961349995584002	0.5020717858544982	0.43547241091852307	0.16169131322628635	0.304642426528334	0.49050843894726504	0.4164682968365441	0.15527186056166065	0.2869653089200937	0.21922586437554456
BS_G257VSS9	0.47550163044296867	0.13818894319157773	0.5016335900938792	0.11980751577489233	0.1675036592417944	0.3814488326599632	0.27845093990486813	0.14262536613990048	0.2669768588480943	0.39738236970666996	0.3620719296003104	0.5361302346701762	0.42656460853785433	0.47012658318347866	0.4633988719036692	0.47750645369863043	0.39328661836311724	0.0985435141541717	0.12750273564678727	0.4153919966137898	0.3694936887881565	0.05864892128243563	0.19163038134649582	0.1085078835961732
BS_G3NN392N	0.33909598792641893	0.3193071596929027	0.5197308703620994	0.06517742268924906	0.27273930124256657	0.4897126795163161	0.38927734962028127	0.27497476944349386	0.2760018058403366	0.3977212250691433	0.38097009904783946	0.5347026256310287	0.5119401036193187	0.47104086468683687	0.4640423451946531	0.4816238765816767	0.4316179361519177	0.171328580843582	0.15560117474703616	0.44807911476573853	0.3711883596206775	0.15922107360251403	0.2271928783155031	0.04894978581521595
BS_G3RJTBZD	0.3122971536789885	0.0886813354472218	0.4971217254358379	-0.01569985598597478	0.12231901339125577	0.45930088204794217	0.3397081216015383	0.09969665135719538	0.30822005279509923	0.4570352510213691	0.37314155812036	0.5398322158776409	0.45260797443999884	0.4353029876003542	0.43415609531924626	0.4400972911411409	0.4038426640044837	-0.02288079055266476	0.1759313209962048	0.45983692852715635	0.3668583009006109	-0.0060472864241167155	0.14571035071001778	-0.005232863042848649
BS_G5NHSFD4	0.46984592910679035	0.19464314291994486	0.5115305430577646	0.06442442670359727	0.13934218239091198	0.38403229689844604	0.30845243743542505	0.12839670263479952	0.23560666685435455	0.42404828171092585	0.34522835206744645	0.49566624007758014	0.457275975464599	0.5078532253052757	0.5038795664297653	0.514517505124394	0.3714861247065787	0.016920479229083497	0.06228672247823197	0.45178870763628315	0.3593664564448634	-0.010805527016900959	0.22922256254872314	0.08970605109129914
BS_G8TXTX0H	0.49713553941042377	0.15791541523636576	0.5314863754131512	-0.010478220431530811	0.18231106561507468	0.4005318421738466	0.3215279163927548	0.18862626950939906	0.2737904258510951	0.5035122691048112	0.3417011144612813	0.49991952906864734	0.49852587272604476	0.4954111606541958	0.4914798717496294	0.5004701299698768	0.3687781450588452	0.1400450278873626	0.07028506384151294	0.5018645621290804	0.3749070623632184	0.10068065425841362	0.2177409851819555	0.037005984905852614
BS_GG9W3J9Y	0.4819329007161597	0.18206723418445364	0.49370277691011405	0.06289091380507411	0.11600744936778848	0.3576517204554776	0.25317616393781334	0.10650977250906202	0.28254280431744755	0.501951130314709	0.3804045435527105	0.5194061874027532	0.45499916387711886	0.44551110554441103	0.4423717626796611	0.45011802027022796	0.4010893870214399	0.012519563194736209	0.13441163927679056	0.44450015380507624	0.34213502013046304	-0.07498433898851363	0.26260724363467697	0.1261141776374236
BS_GW0GKWMS	0.42876891204251544	0.17151831632112832	0.5148679390397968	0.13289645342865697	0.1400224236332306	0.33223110520308685	0.2734057922802541	0.14640208053599665	0.31111676025950286	0.4969836363076282	0.35890231029803166	0.541381932133723	0.5258080608547465	0.5142268393828231	0.5054870547910655	0.512419609713087	0.37587237318684724	0.15240964106902033	0.1684815972419413	0.48254028359482654	0.3602496164967053	0.06568416201819278	0.19686169580527763	0.07162674218019768
BS_GWHYM3R4	0.45688549206389667	0.03963864059759551	0.5183355270559525	-0.002076674345134244	0.029070904111364444	0.3720121634060296	0.21589581394494883	0.12051615625394742	0.22180847545998034	0.4803189499470791	0.4052172192920235	0.5144826000094831	0.4411790285099681	0.41032887020168063	0.40876546963841826	0.42511806167611715	0.4399620630793214	0.023183971687807222	0.19163440000710705	0.4024429128022153	0.3584826267843869	-0.11003990766742174	0.11554256921875651	-0.10376500786933249
BS_GWSJ4Z9H	0.4901627404094526	0.3801709953834993	0.5403602152521827	0.12755740303725194	0.3375928583207218	0.4972046812860706	0.44705223572243585	0.3388831953626327	0.3244554079041281	0.47906254903065876	0.43967775007669	0.5439525826799856	0.5244690814478153	0.5296857863962312	0.5234493329170095	0.5336576422542252	0.49838268209355197	0.1623805009769695	0.2924243996951281	0.4768248433952992	0.39940036355598557	0.2372147518068168	0.24114215043475168	0.07648165778062169
BS_H5VQJR7X	0.3800510148362682	0.25158387075085953	0.5452157715093457	0.1858462600246302	0.29346001899691154	0.4417088060545886	0.36471384230327497	0.20059760634876111	0.33518877850315304	0.4020202501884379	0.4383535722358214	0.5391272861119112	0.5413226317916889	0.432315703332575	0.43660445582545526	0.4470450827986058	0.4469704572118251	0.1295449020225207	0.007607968665355709	0.4309462049635804	0.3872057824389716	0.23800760672218882	0.31415975092340154	0.09160909927671061
BS_H97S5SQN	0.43032542091642084	0.3067555674887573	0.5188329875842146	0.0954892360443829	0.24935278081453488	0.4458390932439523	0.3811282060086496	0.24717572901630996	0.2782371284777895	0.4298412213961275	0.37209338636378636	0.5178799372613971	0.5096530423658726	0.5440559872790198	0.5409888626657544	0.5494381573663785	0.425423501076211	0.11457273618455682	0.19712407234648816	0.4474600147344883	0.3891543688210032	0.1542014020981051	0.22376008162851685	0.07442527129378054
BS_H9JYKFTV	0.4412330465511692	0.26295229740714743	0.5232335673665813	0.17158325725360654	0.19264647703515425	0.35976871468720145	0.32560265915267755	0.24244506205260016	0.3490903256156866	0.5538612577915831	0.4860992790017686	0.531357105445114	0.4267418292639061	0.47128376997592447	0.45036686964550454	0.457760303334196	0.4972337789476944	0.055798338152914614	0.2753800448056096	0.4334140485292397	0.39158351751470594	0.03642144590843523	0.17329555393971072	0.07462111349051728
BS_HDHXX8Q7	0.454260278596217	0.28734601562051637	0.5050233477691728	0.14808695050183857	0.329281188466632	0.4457790511620942	0.38078263655898054	0.2308011593282501	0.2811751788741584	0.4501596959331545	0.3739145723060061	0.5400597216922519	0.48396300381280377	0.43757484877800024	0.4268431510946596	0.43690489981989555	0.43970910675090064	0.23592667100206274	0.03776630894045569	0.4832204084848623	0.3598073181699035	0.2392156828400329	0.24870809798673774	0.1025508852032362
BS_HDPCQETG	0.5245965756372922	0.4020029726510876	0.5468079286537001	0.24494316493991186	0.36504216941704987	0.47884132637756965	0.4331985734543729	0.268658359168936	0.29723736240383897	0.47019945805868013	0.498352482966927	0.552046614439856	0.5359538183188843	0.4983222471588263	0.4850891855396612	0.4981628724628046	0.4853793734028751	0.24313024962509075	0.2055982646159761	0.41882254817369985	0.35650712485829594	0.272454523411819	0.29387062743471365	0.1497089631303806
BS_HJRTC9JQ	0.42698083267235676	0.3670467262127434	0.5785395604255595	0.08203298893158312	0.32306531772917346	0.4923347449672059	0.44020128389018687	0.20698660575630995	0.4154530957985536	0.4751591183064203	0.5190980422885588	0.568657051811791	0.5410165090058582	0.5189583510080845	0.521945540959131	0.5293274209672698	0.48907926891897713	0.23377333622655058	0.30477137432417506	0.47626822125783935	0.40971219991473823	0.2342527555369247	0.2869168756983047	0.1834941180237079
BS_HJV0J603	0.4663934388508554	0.3131494226359445	0.48292713591692676	0.1465946408374967	0.3856568476173123	0.4296327002275906	0.37619042260179686	0.3395887917961601	0.33406990018362603	0.4721315819217747	0.4377496399031488	0.565483499844523	0.4486507196594057	0.3413502372619494	0.3054229422106801	0.3312581668189384	0.4756354992907886	0.27127891627366724	0.4704226327980084	0.32904266280588623	0.41152943707961	0.39309239591956036	0.3877709019367667	0.3287166429961858
BS_HRJ9145M	0.39373990676606785	0.3738075577466743	0.5468841750750374	0.19169594303326049	0.3346393741998093	0.41363662194058365	0.38899036944994825	0.2930152894808629	0.4665209080372203	0.48358139142000944	0.5421182903569453	0.5644222818510364	0.5214429396257193	0.5043500039967943	0.5030160041945076	0.5052326036827285	0.5351164857380719	0.24441862359565236	0.3527743538706127	0.4395043249825161	0.4599692090980017	0.24906734020183258	0.31057258621313794	0.303332169181011
BS_HWGWYCY7	0.5192128980203697	0.38089972076959133	0.5579397578004386	0.21992117772603953	0.38051845956986546	0.4638116845137469	0.44059893563872454	0.2755392276135393	0.40366312250543845	0.4151230829587923	0.5122493967582843	0.5645440618211927	0.5400462915491148	0.4986655895350619	0.48705820708676456	0.5047687297062061	0.4963987490555318	0.2765928979995485	0.31074512747664823	0.35207361873316934	0.4250089124921338	0.2871039830587333	0.3287693141466644	0.27748031726431144
BS_HZ9AYDCQ	0.38163979104387474	0.27464700684383464	0.49779541646609005	0.18554685301857113	0.2065934866637486	0.5101594581711923	0.4082936424367296	0.2738610231629243	0.2734931413428546	0.46586459843424943	0.3918846465202423	0.5477966332277607	0.4630882348217309	0.5230346212566943	0.5105238871134539	0.5178845306076221	0.43022776679230745	0.12478480722459852	0.16360798408194696	0.5100758868566106	0.42673885593975436	0.19661960711433688	0.2932482055851735	0.17123479022140356
BS_J4JY2F3H	0.47905227929438665	0.4016050393727366	0.5588690845118122	0.17995369131107286	0.41064452434163956	0.46839584301496834	0.4336205527685163	0.27472157708209666	0.34687393032554864	0.41569927163990417	0.4176305667854521	0.5413683242425801	0.556212797545214	0.4863472316793174	0.4766770892440497	0.4909752951880267	0.44858222448288665	0.24163487438931078	-0.04643610680384023	0.429918343798608	0.3890331380018896	0.3231771077619416	0.29112526950019885	0.18331613190803675
BS_J6212Y48	0.48812974732754505	0.20132069715934794	0.5354211712140734	0.07942676112801682	0.3038267700080673	0.4695579586951602	0.4114932047962843	0.21906299491307507	0.3062821295940514	0.4133841948848177	0.3905070742642153	0.5347205961230598	0.5090336947323524	0.4215128044976698	0.42029435598998033	0.43333978221495684	0.4235216290943053	0.1865383809434933	0.19035742528861113	0.4246340657384396	0.36843606710284943	0.20995017524959672	0.21478012443834998	-0.03421498467615107
BS_J6W1RB7A	0.4700871606782537	0.27628885104870615	0.5336110821685868	0.059891617887273436	0.24721525126474356	0.398592884824256	0.328157727594609	0.22378756755375662	0.34574926052779165	0.5341307310977331	0.47771931257708977	0.5126403543784734	0.4484117852203746	0.4664817362097119	0.45432926124410167	0.47082273800596575	0.5071925354275958	0.1940566120344976	0.29193245032282666	0.43065102599462146	0.3983386057123452	0.11397808691439366	0.10788091470959862	0.02634168429187507
BS_J9CBGP57	0.34080943865880525	0.2929569927373168	0.5135012050513211	0.06942819926481386	0.21538687644929766	0.425910007905937	0.3586558690121624	0.14848035020988642	0.3176237734295597	0.43448609930013765	0.382564048128252	0.537731016429903	0.5158797024736107	0.5142579822531624	0.5103947753268039	0.5220039273931887	0.4150097887155331	0.12804129453595806	0.12115413768875938	0.48583859767183996	0.3815767881594239	0.09542558759541053	0.20629444618129528	0.08366905431210242
BS_JB43XBCQ	0.3851454991254698	0.39434737691607286	0.552304711475286	0.2592165632935203	0.3782309643386002	0.4754245566371847	0.44685240901518614	0.32497714397839095	0.30748605580292654	0.467835083841344	0.475047748946709	0.5448458650574691	0.546083618553274	0.5555105519535951	0.5480496594404991	0.5583346209712652	0.5329143110013238	0.25397556861080883	0.3543625912473719	0.46064224056216213	0.41425426985805475	0.3033867893160735	0.31998554186933503	0.1887250874676736
BS_JDSNFYQ0	0.23577264144650253	0.20752154949738577	0.5159903821952667	0.1277521655178072	0.30975208624481076	0.44551230197495484	0.34186678306152835	0.2545599980845111	0.2989390241448409	0.39996990796546467	0.4738393413697366	0.512761467770364	0.5252853124894781	0.46324782778245	0.45557803038250605	0.4647458959160009	0.495524644318675	0.09057625485769423	0.1984002105670018	0.38571570864066496	0.3555393017206353	0.14542168759542248	0.22236183086456196	0.05313752074454137
BS_JJVH7WR0	0.47252042813530915	0.15420581429302402	0.46945126890174943	-0.032842375460843835	0.12413085023855933	0.46904994540887746	0.35396757385170746	0.13316207984775524	0.20645755197643106	0.4575430570449349	0.27002821112073	0.5302392725385222	0.3841212570811693	0.44089330182014014	0.42992107337527496	0.4378176793095345	0.3158115468615275	0.0010948486729373118	-0.1593287028973127	0.4492512256229297	0.3493985026340621	-0.005998507514506393	0.14221097873955402	0.0545117729542943
BS_JMD386Z2	0.5006915934216837	0.21896288890667956	0.5350189770822258	-0.042564258683833844	0.25047443378670964	0.4900275477251402	0.40492328103698183	0.2161800766581201	0.36068349445324127	0.4718575150682034	0.4604024931678735	0.5453965162838954	0.49945175429564176	0.4910214721875738	0.47485302734885404	0.4904747136349981	0.4508709329560005	0.047105601236406905	0.15472566737383628	0.4520852123778332	0.3738154578632303	0.10193605148767634	0.25121629169350385	0.11502794415691274
BS_JP95KMRD	0.4591030888255368	0.3166964678417025	0.5281482576604816	0.2224026080682672	0.2869279186453247	0.48585638788207985	0.4021792555812946	0.26461203312396364	0.33900686209879616	0.4641357045370732	0.4668780809852965	0.5319715618992982	0.5149893706118454	0.5197018046085746	0.5080331296406303	0.5164985972691174	0.48604962156164216	0.14802752575959713	0.22400921832233012	0.4535507198608512	0.3732039288155182	0.2326289009026182	0.2893888260418819	0.19371149162707296
BS_JQGJQ2QZ	0.468211254200191	0.28510728742395286	0.5066779137514155	0.2099014023675093	0.20504092259433312	0.3719527729887409	0.3220197190148426	0.23828453354264834	0.31791265505857574	0.4945247533007841	0.411647246288418	0.5124902533129082	0.47457563907916295	0.49421606452890016	0.48117412568862183	0.4842670270000551	0.42296200000034695	0.16487759549728384	0.2419195382475514	0.5023152564810671	0.36292112143084226	0.2284290565733154	0.24616696034473354	0.26072925261508695
BS_JQVAWTTM	0.3623930396734291	0.3106907397159948	0.5261873096466094	0.1427441038520967	0.27150966768912665	0.4655994712661326	0.371241890558874	0.22984207776390883	0.30890292647240086	0.41672842070417543	0.39158106432340406	0.5158150176948922	0.5170973306046319	0.5491449249654213	0.5398893273957862	0.5515000745084722	0.44422090767520495	0.15632729819417487	0.17351965566980568	0.441091528201475	0.4138862122014959	0.20036140780925846	0.2451391999839061	0.10842936788571196
BS_JQXHHK0K	0.4560009526821661	0.19083632981194912	0.4564228859165511	-0.07188511011795831	0.19503030805681937	0.48342952990823707	0.39176098672630394	0.11870554739011634	0.275601095289819	0.34922136086446837	0.3794514698977363	0.5429380372410152	0.40793243099072585	0.4387712672419108	0.4373649782095004	0.44443531238132994	0.3869508169048913	0.056058508645756566	0.10042134877649321	0.4557321855733297	0.339739442013785	0.061723051434731634	0.1722582230407733	0.027437617547157102
BS_JRYJGYC4	0.305754469577473	0.2634280808223906	0.5302652192824195	0.11285350568269134	0.2563010820770727	0.36773463412158464	0.31293463286472856	0.20443928854042326	0.3411507771699655	0.5163657972117063	0.5025255183080705	0.5375334551585957	0.5259399085758567	0.4111299779577217	0.40574978736264705	0.42794966730349127	0.49623990264465445	0.14163854195406758	0.24069020655760892	0.40834121802412865	0.3853453774867498	0.13216857292570697	0.23429324950774566	0.1155122358091405
BS_JS95PE0J	0.3072435536423135	0.25919646514333095	0.531237621834048	-0.06616773040991965	0.20863644240641663	0.4590318582096907	0.3834953470484346	0.22906123494075173	0.32467681333148557	0.5186631653367365	0.47645409226786234	0.5228117026888643	0.4452217402322225	0.4629203225402559	0.4523804455323069	0.4701140633282941	0.49442935003186805	0.06738291397171634	0.24788797942289503	0.3890871955019693	0.4123052411823719	0.04953458908490424	0.1764152210305938	0.12693154003573304
BS_JTWNJ8T7	0.2735320940033672	0.15979357903355138	0.46932007624263317	0.028486642987589385	0.13001337457233406	0.3994219027101365	0.2748097282021339	0.0573693577348698	0.29298845847414146	0.3467204807708335	0.33233022746576213	0.45397801594928294	0.35064971510745213	0.38164551667360225	0.39822152231038704	0.4011521571661686	0.33528161642623955	-0.025930486634276162	0.05413295024791868	0.43323814077641887	0.32213876240632006	-0.010642151238635196	0.16409723261684647	0.039300475281770615
BS_JVW2JJ39	0.49492362576537363	0.10353393078251491	0.46634787445480713	-0.07107980724705247	0.12882674482456052	0.30187578343253635	0.24799099086084925	0.044492232112165346	0.22390104936283511	0.4988204632213956	0.3659626913266648	0.49726787000856354	0.3799437236021173	0.3391762162955113	0.33667575224397295	0.33873919256004303	0.387982531110552	0.0034881738342841632	0.15740031987738465	0.4563123376749186	0.3300303701740095	0.07319618547455224	0.14735597346868998	0.09451550355652005
BS_K0X3PZGN	0.5052664962242679	0.4413623897374333	0.5687853649702262	0.3395056641914408	0.42815269291957153	0.5493928158135372	0.5264414789705234	0.36656587220173714	0.4507356939798498	0.47096724039890464	0.5325576801596489	0.5742993017939602	0.5395033626861069	0.5304750147427771	0.5174443278655385	0.5258956209247369	0.5300506892812867	0.3300103361901958	0.2808747253672535	0.40504176696917643	0.47804050285936056	0.3499807768527	0.40396269619981	0.35842423139982516
BS_K17VQECG	0.510895239601298	0.3596250988372246	0.5429286160106629	0.12170342702668689	0.3362581609246275	0.5167255275775698	0.45865360004772265	0.21579697719518692	0.34334094375931856	0.49189725479650265	0.4160743470478324	0.5693998712286245	0.539746893697117	0.5152142370054427	0.513560241476642	0.5201067660753692	0.41787581408585994	0.24720900310565808	0.03449957766621045	0.47583695466578046	0.3881551672495575	0.21905082395650266	0.2704186880423828	0.1396771856392172
BS_K2PCC777	0.39777178350684345	0.3656344539579655	0.555324155704015	0.2756523701324124	0.40108333154618503	0.4882189621704946	0.46111950666036056	0.31606360036163955	0.38453018233338065	0.47003334132496977	0.4812187824521918	0.5494330270889393	0.5463358989765081	0.5452731945698365	0.5342440855263014	0.5445975072087799	0.5113950799074434	0.25547989774789936	0.39260760771313924	0.48801135486209096	0.44442919447268575	0.33331744758806453	0.3554929286085715	0.27282579094864867
BS_K74N1BXQ	0.449531770484916	0.23673679172041684	0.5169902030203192	0.03339165705394148	0.08193447998882213	0.43445591255056604	0.2895539453706893	0.1871092569457918	0.3316756916024058	0.4148165500258887	0.41890193272564613	0.4997302440535747	0.4325997839762948	0.5289363785206587	0.5238172376504491	0.5289132636468792	0.45339926684685333	0.07047464643866977	0.30903458315218546	0.4986050113828835	0.36009895212059045	0.14223538582240222	0.22858856528941732	0.11096435841665601
BS_K81PZXP2	0.44892725418034946	0.3276975040563859	0.5338736408434552	0.11529824003287642	0.27902942434953876	0.4481396391162426	0.40537736544991704	0.2621301627043092	0.3132681400578023	0.4892975806734165	0.4788024008161273	0.5513163538784311	0.4975118753305358	0.4832000620236721	0.4687572232302168	0.48359025275272494	0.511619957135899	0.16090257391932905	0.130487255553053	0.41971273903228673	0.3895114383930314	0.1459729296183364	0.23208068000923837	0.07709930629065863
BS_K88T8SW7	0.5278431613847427	0.448668369682284	0.5152663633647326	0.36975260960255923	0.5072434787919641	0.5132972578323349	0.5312304063831061	0.39785877251028356	0.39037748022645713	0.49778763645437235	0.5094986817293825	0.5904598244719331	0.5870448638187592	0.41879800139226886	0.42754922897196224	0.4200937600472024	0.5128526730262882	0.2313296912720316	0.30852131255331294	0.33035262081630423	0.4505674682720343	0.42891522768710244	0.4026591326924387	0.399642750506673
BS_KABQQA0T	0.45454391342637523	0.11970914718110755	0.49306175816687653	-0.018989161782549783	0.13418841042065388	0.34179229852125753	0.22785193911362317	0.13285362764490108	0.24332148106900367	0.36802356689152016	0.2913981003540784	0.48634201446188713	0.4101330927620121	0.5107549987226679	0.503144516617623	0.5089004895770756	0.33898929334326344	0.09750580429960826	0.04415205509036045	0.4988724250644655	0.358260011332621	0.05534192005785192	0.20556884333590253	0.06355595587263811
BS_KBEX4RT2	0.4705879418048917	0.2290525505355465	0.5037462701497152	0.042259971947142504	0.20882406750860052	0.35706412485082806	0.34639229861831144	0.24849725310609816	0.24107985283695485	0.5150073134513299	0.37857996899662466	0.5045389624668067	0.4526591517024623	0.4443379690750225	0.43318095655597266	0.4401255523755941	0.40832415920131426	0.09057918470908805	0.17163031860095718	0.4499764468179326	0.36414605245645026	0.05509746776637118	0.1471236632526924	0.06865603430869822
BS_KFD5128N	0.3397457477704003	0.1874719059195331	0.5302761951809378	-0.05653466388284498	0.2071898099723792	0.4099030912030775	0.3501604828018064	0.1532860466441491	0.28098194536295673	0.49416540248242447	0.38661337661105777	0.5213043031886377	0.46503748874825457	0.4902791538689897	0.47550004098229637	0.4761223135802559	0.42931050969784784	0.0896399138106348	0.20857604616863154	0.4601612581702449	0.367320711092243	0.10091697643316072	0.20944514052673716	0.05575751154636647
BS_KKDTW11T	0.28736226286115885	0.15452723443241842	0.4529848428103589	0.2360765251856651	0.211552699025564	0.45701131416107615	0.2969272505801888	0.15925300342493695	0.2951352971160505	0.37949634820856476	0.37160810114682113	0.515050115185494	0.3910118489560427	0.3451784133389877	0.3424444747881612	0.33420697693775675	0.3925446545174867	0.30052574174076085	0.27128425496740094	0.3605074559697866	0.39560886067713563	0.19860174406467998	0.16427165694883447	0.15306928731139602
BS_KP735TJ6	0.3171569033895056	0.18342514869943394	0.4934056067838279	-0.017660743258341636	0.12184175851758407	0.3175545786148352	0.2702432877076003	0.13235694194350578	0.2890767339038163	0.5517319932412529	0.3842602698851989	0.48642625518713545	0.3750003952908178	0.3727897438999207	0.3695326696071301	0.38186230683464245	0.41436196303163075	-0.14848788500088966	0.1933174475014356	0.4193109499773572	0.3517414573288717	-0.008920513902668962	0.047345598298699325	-0.06853655049668232
BS_KQ6ZW085	0.21893838892454343	0.2496112151335995	0.5294316923805124	0.03961227690049148	0.23389621398839572	0.39667106505582295	0.30626813752284643	0.15771137816860054	0.25687358041811914	0.48423094772521336	0.3910804488546101	0.5126307493685641	0.5276596554676573	0.5179139175552148	0.5145351177093399	0.5268282406945703	0.4126202540059446	0.12423934373375523	0.16558254050794946	0.43745689413226957	0.379295770560904	0.14649108973877847	0.2302860757416241	0.06612430702218035
BS_KRS4EV4X	0.4323975965271548	0.26939716340088277	0.4887117598750021	0.21459109791488884	0.2590862958884119	0.38957431730893743	0.3429803969501271	0.160829821077612	0.3618639016083337	0.404268797292238	0.37352991292968396	0.5502122035426141	0.45071616688219823	0.45198048298595705	0.4512915956003913	0.4500268050190767	0.3774898879229073	0.109291516032264	0.03058494097787646	0.4848158220068008	0.40296244243403223	0.12163332355890365	0.2160145862006453	0.1360789222305792
BS_KS8HMGA6	0.42077771059161306	0.31652028080606304	0.5536830097084432	0.19174989283672628	0.28760920731606787	0.4444565139900903	0.37838599276085005	0.26677504038852423	0.4161150221790051	0.48865776094960567	0.5027909071853194	0.5433977743236733	0.539274100540031	0.5556933330285002	0.5467371938964539	0.554102094923606	0.5094756897890919	0.15439161824026001	0.32316576901542904	0.4468799732228307	0.4460229601550771	0.219522656100093	0.30724980084918097	0.21405590823927106
BS_KVPWHDR4	0.5441563025560833	0.20812197689276302	0.520702043312553	0.1032979845697801	0.23987466080835546	0.41456324077580986	0.3426001454820694	0.22454614324935207	0.22868408246769692	0.49159963940427764	0.3671942875946195	0.5347943792770161	0.48048359906220994	0.48258308054563065	0.47118937375958964	0.4840293428041208	0.3980145912774188	0.11991348242951545	0.025121566579154486	0.45593590489379926	0.34008667511278684	0.1469706566126676	0.1426199617963409	-0.12119059298471838
BS_M0FA190Y	0.41820313784695284	0.28005726592644464	0.507058986484478	0.13470194951126752	0.18817437816470817	0.40382220370527144	0.2946766016538978	0.21648003161377455	0.21821982990200964	0.4508713081362838	0.3910106400686258	0.5238703763315784	0.4590430369063446	0.5054611259417918	0.49939031052402394	0.5079766889058152	0.4472013656410376	0.1016076689158049	0.28525192093477836	0.46923143042299637	0.39643039895127347	0.1863660754744147	0.300761540456072	0.19196670157781037
BS_M0XGZ53Z	0.45424747972925406	-0.09519291327087394	0.42971691225620945	-0.11494190019379373	-0.1258765582903875	0.33829950361563876	0.19545348848274152	0.03272930466661339	0.17455100683601274	0.41783062032209645	0.2668783760868156	0.5105345912914012	0.34772933675250023	0.44925666494928523	0.439364693951753	0.44159316453166103	0.2864633309118823	-0.017891770304290594	-0.14206134561105344	0.4638472655159793	0.21245830194980814	-0.10366130175475294	0.14366412075777552	-0.04135560834673657
BS_M1PVEHCM	0.15559256821227704	0.08054907383298684	0.47089871858060456	-0.020403082265088354	0.04297527515023071	0.38369216230778114	0.27927576196056525	0.09897407056833789	0.24439670225026605	0.40728097510133393	0.29722940492661604	0.4672014451028172	0.36278549880050687	0.40372088667659284	0.41803376355691085	0.43034444402313987	0.3425877490728881	-0.05469481865305839	0.15461880560548172	0.39896356258502325	0.3343996466556708	-0.15553125292842698	0.07707973241279914	-0.10389580914082407
BS_M54TWTH4	0.4973269109402229	0.2095938529636288	0.5090798182558312	0.24790968598843516	0.1588605131322763	0.435799383704081	0.3344434260769833	0.24919160510334007	0.31681534180529064	0.4138959866778441	0.3694539481846666	0.48474248489995186	0.4907563729343481	0.5254717844403348	0.5121856821271676	0.5205251497731415	0.4260502051980162	0.09368439920600409	0.1546861526248849	0.4720573524456501	0.4087736615579261	0.10223469088879959	0.29608372030574	0.22225204864866863
BS_M7XB258E	0.3785898758835715	0.41447435180424214	0.5533542106214316	0.08039228976483159	0.40027405553253675	0.44330184757089114	0.4243617483970884	0.34155210830093996	0.37772027968906263	0.47813074759877905	0.5272042029063443	0.5531987119126526	0.5550123178152362	0.5402345504024875	0.5305764959717483	0.5408461409577505	0.5375195633337672	0.31008890477730455	0.3727575835949973	0.40621053705448035	0.44604155939662365	0.32657153771532776	0.30225892820762296	0.17440137040162887
BS_M85CXHDV	0.4479227915680158	0.37767861464865604	0.5654289618037949	0.19730147933415396	0.3565838413693692	0.4190889203152298	0.41680818047224294	0.25524083497782474	0.3633939404405794	0.4764006178920249	0.49899884579564696	0.5595597861553551	0.5599186164970411	0.5170034181616493	0.5216106393470565	0.5236174428982684	0.49620770277140747	0.21697669754017057	0.2441700041889659	0.44109714883839246	0.38946759747468557	0.23544626978304709	0.2947453624582862	0.20962453632084074
BS_MB7WN0ZB	0.4976295824786464	0.2964145903622729	0.5265169522892835	0.013968008031718816	0.28315664325292106	0.3668395793361935	0.3380258161333976	0.20822605034198047	0.2787231470784652	0.5056113002784602	0.46760045051618493	0.5174377156278631	0.525358202989925	0.4600941214048	0.4523072249959893	0.45970601651161846	0.47308118702180585	0.17319475078802984	0.19119333441596997	0.5093522340084532	0.33538227637013573	0.2006191746306014	0.23799350669433467	0.2102695232900543
BS_MD0937XT	0.4912058176038078	0.10255805182702848	0.47225592516029985	-0.09627117883497929	0.026666759317658568	0.4101356106722633	0.3081444616697928	0.09225139096166401	0.3348676477552095	0.4518078362157052	0.38955912789769914	0.5109299674475942	0.3698283735314101	0.41615434827298514	0.40888311632721464	0.41700695376257707	0.41161234627256	-0.033408788998121816	0.08220814907467627	0.49241053797647133	0.31312562319311904	-0.15534785450615954	0.09411237766999342	-0.08269058581286924
BS_MDBT7S5Z	0.48585079411853543	0.1574868953158159	0.48732752873912283	-0.06425303643837424	0.15890672833827463	0.3129519867045143	0.24874560308176608	0.12172886849516412	0.23978426192917285	0.41354793417182567	0.3450461051161465	0.4862468903144386	0.4113031717190828	0.39581549469141825	0.40154986922127345	0.40360709682420043	0.35807260533356094	-0.06339059518621548	0.07252653899538238	0.47982128815756875	0.33812384548278646	0.03547773235818875	0.17147225754515819	0.03503777528834479
BS_ME6VQGG4	0.43986983001294383	0.24285079454348524	0.5223627090962056	0.1336454155726896	0.22491087253416867	0.46950486294263644	0.3813914547232062	0.1383432027065208	0.34289813711394224	0.40386648744480846	0.4279800302504679	0.5659459743560115	0.4983829204421647	0.47474175323535495	0.4541379304833206	0.46471745231769257	0.4480743600825771	0.08660917457280277	0.21123918096491828	0.4755882893656787	0.38730737957586964	0.08756867390089333	0.20939461921162408	0.06843290425438282
BS_MFGZH8FK	0.3052760769985839	0.23343676756894727	0.502958105846922	0.026638637782958264	0.2755993994856759	0.40789047349763585	0.3405910033794587	0.21457421819244113	0.2601029553082971	0.4458611114984949	0.4279478599787356	0.5326335825741372	0.45420022868077325	0.4215881525475286	0.41474731214745586	0.42643411495243405	0.46531706391129746	0.21793804670245617	0.2466528286529138	0.4520110217594657	0.36490074149980456	0.1978259623275516	0.24504258994054032	0.024963836439707145
BS_MG78HQDM	0.49557289972859414	-0.05491978272243391	0.3987860045320973	-0.20059590589990914	-0.014697575524422949	0.28474018241381677	0.15326729466603303	0.05546404774189708	0.08347216476901455	0.3906009135093456	0.25734968308474837	0.41236129170853386	0.24901398417981177	0.4044413286289999	0.398327266637372	0.39283209909730016	0.29020558524085205	-0.06673120071377656	0.05439340918364534	0.41409062842523975	0.1975005899779504	-0.14478289565047658	0.077973124472277	-0.125697914860004
BS_MWWZBQ60	0.385578140320643	0.17615140646288832	0.534162077130586	-0.03002762585555052	0.10932712730926473	0.34713989076962304	0.23232431569714518	0.1428624752083045	0.3293760404864886	0.46863962681486393	0.4435618174843077	0.5380645710456662	0.5139861636198535	0.4929752767595449	0.48798856826976617	0.5030991088645846	0.4797064022292901	0.12355126362446792	0.23779067505431103	0.47605842331488735	0.3824906927001149	0.07470161429562397	0.19269779119071298	0.05007968734254633
BS_N6TQBQ8M	0.5325719820017039	0.2765016703742545	0.4998569168558939	-0.1456756863915991	0.28286240610967905	0.4474191113379928	0.3395390594134582	0.21164357193854097	0.16743354444704517	0.47501570700081364	0.3385679977935661	0.5433481622635598	0.4313127175618401	0.4244721330317473	0.41084901699799453	0.4220045220447927	0.39025462189150645	0.1815588022505854	-0.0903637762668407	0.41998418500063356	0.2598394917998979	0.22910246605776316	0.15965506476577002	-0.11122408412664006
BS_N7SW36FD	0.29419273240713606	0.338609684993356	0.549519715122844	0.18500600832915057	0.2563754759329138	0.5012106539676456	0.4144732389671481	0.24276070127954136	0.3392922048020873	0.3738127949408315	0.42539561219585786	0.5364064280093577	0.5353083900503842	0.54560886139316	0.5399935562714799	0.5444407476866977	0.4361112085035073	0.06727595542402028	0.022821778840899944	0.45617609512224216	0.41433744978319004	0.13155234043927483	0.18944606232402872	0.08997704935107324
BS_N7VQ1GQB	0.2892289586615163	0.33946207516995136	0.5419933056213893	0.012706849890315628	0.2844031556483023	0.4369448050923283	0.35898404029551473	0.1811990103195572	0.3742991083220036	0.4730401661683285	0.46051812077089205	0.5366970961770797	0.543818868231862	0.5386140450349074	0.5229903082111185	0.5328774441944566	0.4688028222197365	0.11734021023954312	0.08311226701543464	0.40253382430446594	0.3981893117364556	0.21048450433743668	0.19453776066974648	0.04160010478954742
BS_NB9XXBW6	0.25919159823234683	0.2652214299383033	0.5243938892477559	0.06800042772245218	0.16191612870760805	0.3998470744985772	0.2880923179788805	0.1892930311083839	0.30411549666780197	0.41701069801556834	0.4025998509550809	0.521373261678945	0.46450435372384846	0.5303483371075047	0.5221899142218595	0.5322703933045427	0.4724606200355985	0.12039659236761285	0.31392383110206795	0.4568958020584447	0.39164384454649614	0.11531955156041838	0.22335858619041257	0.06909476915887616
BS_NEFAASTR	0.3854467412062277	0.2751126373699865	0.5204196617542997	0.12934953646893993	0.31372802006850975	0.41637325384031054	0.3539485467166524	0.2768601625760218	0.29750965722267103	0.493406060315692	0.4550497760346414	0.5170178351818516	0.524328005459181	0.4683012176420333	0.45609536105049836	0.4568169792457073	0.47468152125612284	0.13306750102175952	0.2845434374383761	0.48988904463409694	0.4217194883078528	0.268226796923287	0.3153940886002524	0.24368692370268744
BS_NEVYM2FP	0.46488461053941954	0.2748611920164896	0.5418191401120503	0.15642882639258063	0.19487597545421048	0.38596776165236024	0.28954553891599477	0.21890656965494204	0.2973066074960437	0.4372752240896235	0.39161151734940647	0.5140933649265848	0.4791238345416653	0.5402168517615	0.5328263665734129	0.5432983540867987	0.4536852653258914	0.07970964894218348	0.270615629741364	0.44657602883887276	0.3705143252777357	0.12604585202271246	0.24561070082370853	0.03794111999435788
BS_NFKKDYSV	0.49939272570488524	0.36174076671293237	0.5446828940467936	0.22248753821353118	0.31970132109993044	0.4574193250096822	0.39912882943705674	0.25739168122768763	0.3579147307831124	0.4996104953906943	0.4908852511099945	0.5410237713315974	0.5391624280675524	0.4981335060295029	0.481797714338481	0.49630247355509877	0.5028980729082762	0.269322229995568	0.31963910302207105	0.4509771766416438	0.39648264898100166	0.22440745923046237	0.2748075644766077	0.12027468727159571
BS_NGSG2KB6	0.4017802287512237	0.3735426949319318	0.532317652659906	0.22093074562936732	0.34928810400926064	0.48940176420188064	0.441244230703603	0.3360813118719151	0.30708209181598356	0.4611563456494399	0.4341545285525835	0.5335509770729525	0.5155552469682095	0.5468499244899749	0.5405342474664887	0.5519469141891251	0.4977217917975255	0.25772550289072554	0.25681382616982185	0.47143124301821376	0.4182308384381772	0.24714523763419208	0.2948886009997776	0.14561464852392889
BS_NNYXMSTX	0.4994741040285474	0.36038251881582833	0.5627687253647827	0.23404141846445242	0.29994950806999676	0.42508386109495966	0.3578286678447822	0.24511252833997044	0.26319600184951375	0.4414020471426977	0.41246435489607713	0.523302306951547	0.5535076657662411	0.5461970474879393	0.539379868260288	0.5414118436421713	0.4538490102072908	0.24392778148760785	0.15150068187900978	0.4471284251251724	0.36128427620114306	0.23555847836729626	0.3068858039791878	0.1421976790145858
BS_NPA6CZQF	0.4425678323079272	0.12527635045115518	0.47475609011648595	0.07629144756617667	0.046619722634507914	0.4077053269236173	0.29090562969304323	0.16148293530405147	0.2812392356048102	0.4480817835545003	0.3225269679664531	0.5119321070582881	0.45058049550187596	0.5359687726430722	0.526920703472242	0.5380192729346959	0.36421254148858623	0.01320447377384434	0.0814040063203225	0.4483767825413693	0.3819563481592472	0.012227594162257901	0.1895116314382957	0.05109499166979623
BS_NQ54ST98	0.4500549946115693	0.3429011885354347	0.5518151534150656	0.1672878364692187	0.29213777131746393	0.39923004449946814	0.3114357820332482	0.198960032166551	0.3065202833374973	0.4245543788638404	0.43574276244241344	0.5337427496382352	0.5220334471406524	0.5093063933572888	0.49879970157505044	0.5115399149844148	0.47986378185539025	0.279618107006235	0.26160453932795674	0.45979526060285375	0.3774389753370382	0.2911789078051366	0.2756095953155771	0.15464285904947145
BS_NR3P3GN2	0.4942783864265919	0.33727193988711107	0.5240142267943124	0.12176008486476636	0.2834879622278125	0.4049391213218128	0.3748660141749133	0.24500042556849952	0.36368270759336785	0.4982632776824575	0.4845845892347867	0.5382995863208009	0.5221366520209827	0.45390309030941894	0.45327161450050935	0.4685707777962311	0.48550601828831247	0.15921466726293593	0.26680068995623907	0.4771130562690642	0.40761967421158246	0.15943375281437597	0.21595401382778467	0.16054900745859574
BS_NX1R0BC3	0.48299488236356863	0.3145593436403995	0.5311858468163329	0.19304492225145967	0.22175903054453774	0.39674488946510966	0.35314862806417857	0.25314150285925846	0.36669247274251293	0.5244177887888245	0.5001341592355256	0.5296776308984855	0.45406467851291327	0.47997542398335347	0.47287195510429125	0.48044094034123036	0.5125546636846497	0.15302174617193662	0.3558969051413697	0.4590349991713939	0.44354621289739177	0.22757398656716774	0.26281885516083253	0.14491785198649326
BS_P0QF87WC	0.3677836501316421	0.25417345375475375	0.5594551641713857	0.07724854087493771	0.2941295753775109	0.4085579944917535	0.3780615691040635	0.2359789302459291	0.35345528961197764	0.5549520252104713	0.49174632612236036	0.5471328278226183	0.45751329054235623	0.3968233755126804	0.3913041146318064	0.4124291890262436	0.5153737310858161	0.09169907043219089	0.36325322978649494	0.43222181378849495	0.40077736904014594	0.1657712295480026	0.2357632663436878	0.16781128058920208
BS_P4PMWFMV	0.4250626349866735	0.24235188475100478	0.515069891656189	0.0024847963500464493	0.21287543876149725	0.4119211456593537	0.29776780843441847	0.14904139923812437	0.31707215550165485	0.4730240661421593	0.3998974281015715	0.5308854985956049	0.4761065590224263	0.46712224846103656	0.4629395406512327	0.47903505163915133	0.4405279053497087	0.1926795057610803	0.165958780666167	0.44172407399925817	0.3399733331345348	0.13903422773343918	0.2371500362679708	0.12221861854449101
BS_P7W3AYKV	0.3682279005919315	0.33595118094360593	0.5020535626611669	0.16803212023672304	0.33350810281750026	0.3784194407553468	0.3729239038580344	0.21756766890000573	0.37523782028310654	0.42387314103809876	0.4551834720994486	0.49138482637933567	0.4660762501942077	0.43190712780592594	0.4336489944435264	0.43177299944593656	0.4438933655025507	0.1795959926030809	0.2429212992658163	0.4707749103829799	0.41483060474409233	0.2829809672304205	0.3067719802974462	0.2098374933233235
BS_PENM28KT	0.4103290228192248	0.17048007244019048	0.5272045771505646	-0.032472748459347285	0.20040672158169676	0.4441631191728154	0.38062843891177794	0.17503106741632263	0.337864143250456	0.48798055835531107	0.3976706094150587	0.5431158175154643	0.5055053011036325	0.5187268077647044	0.502087587714869	0.50788922183697	0.41373363760621573	0.03981994954445077	0.15456001755654744	0.44037945370567805	0.3814135520133386	0.0474039824175291	0.20182240559565764	0.15440395132831178
BS_PJC6FH4Y	0.41419181476844374	0.377082672850484	0.5521819288663249	0.1939281822011864	0.33726040475287417	0.4645470444651536	0.4309301566348015	0.3103823187719705	0.4153667839616116	0.5082278441966916	0.5292187780857603	0.5572604342503226	0.5455047035797351	0.5591812180533509	0.5535425490969473	0.5606472216645543	0.5212806701749809	0.22601868662952262	0.2472390714938115	0.44820286664204045	0.43292240770517737	0.2417345938477075	0.27946101051494854	0.2089996469204734
BS_PS0P3QJ3	0.47641003272356713	0.23101178077140233	0.5152663855627775	0.13414699520649656	0.09196455681605459	0.4085709355416809	0.32338891092712535	0.1649662405501844	0.26884988998410514	0.5259409790068651	0.42622784111884543	0.5223321001986545	0.4656455167008008	0.43752502986461916	0.42681784271314854	0.4388676462690168	0.466563112156723	0.08050230331453219	0.1757372352632597	0.43797279019135926	0.33059922000872405	5.073280674276375e-05	0.1591844740945017	0.08821684888854235
BS_PXCPK5XS	0.5260567326559078	0.3193682239191316	0.517425914277583	0.13109801206512592	0.2835262482967554	0.398275680815776	0.3727933090451599	0.21243182017921114	0.30253627604305905	0.5053886674085148	0.42181882564667217	0.540929465466106	0.46761709776933785	0.46370872324692286	0.4568610575255954	0.46742189960995356	0.4409790358435365	0.14053865555196887	0.13888418850874987	0.45711701587867665	0.37774939442326255	0.20089344103572548	0.23325648071227065	0.18604396129333664
BS_PZVHMSYN	0.3019740005109456	0.1867216332784858	0.5120459027263187	-0.022155572187002318	0.2468756768963144	0.3884924285775465	0.3351958979854236	0.17785511279744617	0.28977859729166455	0.46997326966714936	0.4286360828828965	0.5239836772225646	0.4862911542573376	0.3652139091067943	0.3685897694255341	0.37809051791874965	0.456210642038671	0.19719005488379365	0.10976433982383635	0.4551075398449128	0.37786893740995064	0.1533067324060867	0.23575235959261973	0.1163468302150139
BS_Q06J3RYW	0.4010766285693442	0.3316680276347648	0.5428288615921141	0.18503813486151716	0.24471622644727728	0.45334487177250726	0.3804059888725306	0.25368951170291015	0.36680987320466574	0.4603407854721007	0.4617761724056218	0.5379795727068566	0.5324097751349877	0.5299206992783746	0.5241910156782745	0.5321465169353168	0.486027615560111	0.10871506425196144	0.2858594787999508	0.46985165134564083	0.41014390868701517	0.20089212651200888	0.25120958375067914	0.25813236683743673
BS_Q35GFYDR	0.5081230649727466	0.21482838835297702	0.49243002685451387	0.03026068493554843	0.26492574649088735	0.44122334532007085	0.38509224961658023	0.22106110161067022	0.20805411402612403	0.49224721066074967	0.3500134988457478	0.5298886576272672	0.46740201856602137	0.3342192911647495	0.34311669173542864	0.36212617038209055	0.4107656039915899	0.15573300465156895	-0.05813433016345726	0.4160129433541543	0.2929462938060121	0.20458138668138506	0.1716358568885182	0.04257416793139901
BS_Q9N5PRD5	0.4133586261048817	0.21392065588682524	0.5283484921195023	-0.05090696582548032	0.24085261439204397	0.42878507018558315	0.34019066337539083	0.18982051419724497	0.24623131102903015	0.4348108331352963	0.4359356806321901	0.5122614236153836	0.4483254896324048	0.41037058176401625	0.4114372154968854	0.42598546079047606	0.48419829026321376	0.1259991795460381	0.21588792169403517	0.42815894719256814	0.3725654438817859	0.13684384569916797	0.18154731548906627	0.04239200435426998
BS_QB84TBA3	0.3985556254252626	0.0874123229083991	0.46916661454919134	-0.002500733928973835	0.1408433219444237	0.37251755474252574	0.31610164268271673	0.1229483945182036	0.2555428349595814	0.38412252516275436	0.3167652994847236	0.4872297753017906	0.46222199528639674	0.3347971483638785	0.3380320720500385	0.34536214522339914	0.35671072343157045	0.07062797253773571	0.03437971456186264	0.4423707813730006	0.3338706833276438	0.014893663122837778	0.1536144286855413	0.01661076410925109
BS_QGKEP3KB	0.4861635640521038	0.4198358990154034	0.5469967687436464	0.19870682457238992	0.3969139990264888	0.5268814214798032	0.4751419177131337	0.28657149104061586	0.32112378988690476	0.39782579804340923	0.4759189900326878	0.5591694203260724	0.5425466725219026	0.5167630421523988	0.5101859387108755	0.5162031141623215	0.47314639629770333	0.2600679256503133	0.12964121890878375	0.4429694147349164	0.3912503877113816	0.29379230217220964	0.3216114189842632	0.14488223085653645
BS_QH0VYVJK	0.357342037955624	0.32040526316944107	0.5231924744738342	0.037807555454229064	0.29933530679065373	0.45724603135435177	0.392016589498341	0.2531533737872961	0.32030633160015054	0.5176611905524142	0.4144078119719906	0.5486186799270318	0.5063775131038133	0.4954515644974633	0.48349187705623364	0.4945862449028334	0.44746371656610495	0.12112890029774662	0.15877406462874136	0.4450732263082716	0.36422831461775845	0.2274089578196427	0.28551304085534945	0.1827251428818805
BS_QHY302E8	0.5265845497719595	0.24979920708653452	0.5579534177681585	0.06080986790660406	0.234123916894714	0.408043267157344	0.3395590417667692	0.2501123304449349	0.3092109370632612	0.5250424413918645	0.49116965605711255	0.5225571814575943	0.47973267637531003	0.4858909441188628	0.4745672013874603	0.4867889954040332	0.5130540692025946	0.1914607349908119	0.28271010522552015	0.42481319011505514	0.3005267614446767	0.23833592656111158	0.13613482640834212	-0.016303281083416433
BS_QMBS32Y2	0.4985038044930423	0.17982781014391935	0.5208832056872659	-0.05792374346407179	0.18368788206025585	0.3704515164026369	0.30340873532532914	0.19402133491250445	0.24343839602140308	0.5370906967517944	0.4139612287982552	0.4847886431712483	0.44870350632262107	0.44836060851644177	0.4320147330303504	0.4391384680293708	0.4465378820913293	0.05607714687891832	0.2031888375104472	0.40971079734283494	0.3483105213826499	0.009747524841973096	0.2015487872840503	0.08112358637227995
BS_QNNX91SM	0.5092598517463628	0.3053446070785455	0.5002429511346187	0.11805459709559184	0.24004015255013703	0.47200616017942687	0.39141213183495216	0.2714907151080182	0.2112501457626738	0.4410275065661628	0.3677249668867017	0.5156189582161272	0.4686491623163131	0.5022838970576705	0.49229336937678264	0.5071618973173089	0.4276819281479898	0.14082623668679434	0.13452294667770798	0.469496879407892	0.35116839548011064	0.1160219090851518	0.2336912713018474	0.07852793697722019
BS_QY2G1JZJ	0.4227493473956656	0.23732375960971772	0.528720316519251	-0.021578306974512632	0.13668606460818714	0.39849990489623893	0.2729595385645961	0.2175462559723651	0.2532683565133974	0.43071698925866814	0.39078001727119555	0.5171713233589001	0.5158788772641643	0.5389770512615536	0.5305092280334497	0.5394979410198539	0.4211756057928817	0.09565164683882284	0.2331700671389027	0.4572506449931671	0.3310103248951934	0.20174218909790823	0.3023443110285	0.1266682285490526
BS_QYA4TQXX	0.46906728753782573	-0.07269261640187351	0.4714894714448673	-0.28022631896807904	-0.086908004497604	0.4106291805934178	0.23901360092669413	0.049846188463336855	0.12510707167750185	0.39403325450973775	0.2817282403874138	0.5052897597481844	0.3917736158945526	0.27506911261503336	0.2835025780954985	0.2723592753958995	0.3651598082323626	-0.11753916415556656	0.09553658378919701	0.42383615155968296	0.21028015368246036	-0.2666043830410316	0.17748371574075628	-0.07730162335116668
BS_R5JQE0VJ	0.5610138682945185	0.32406562417005075	0.5060796872006574	-0.028952411594255635	0.24325283190742358	0.34199881692995576	0.27347221780476494	0.18600056496943307	0.256350628082564	0.4509193834456029	0.46982396273389876	0.4826288783171964	0.42544186493384184	0.40410565418297956	0.39806049257122433	0.3954424130714256	0.48171086018108844	0.18832662892659222	0.2633518068266506	0.39992185822336124	0.38759020981562115	0.19083629968198187	0.22791029852107514	-0.012177604397490325
BS_R5SNFB5B	0.5336522163187284	0.13614657886564974	0.4599390629648759	-0.05071070042381902	0.12922142150296642	0.41959578137220355	0.3172400010843027	0.05657886707224037	0.2850835040528216	0.5209577665398047	0.3704241882275756	0.4795982059600026	0.35413197295149706	0.34221540236738995	0.34330017080622666	0.3564900340976238	0.3760567921218095	-0.012859715804536367	0.040446491381435704	0.36433226394162693	0.3949420998215861	-0.0036358966043093847	0.15248918383128332	0.11513395507675923
BS_R9B92M75	0.37539554520554297	0.2859883968270457	0.530036949365506	0.12174293306863511	0.2557420318282469	0.3982713230107509	0.31396786081911104	0.253158506450025	0.25516119483109995	0.4565431835173151	0.40869767104932203	0.4961422016582814	0.4532898192415988	0.5254980028792057	0.5199051673070869	0.5305135233786547	0.47352002462463005	0.18652426191070645	0.3207929606229191	0.44466653834931763	0.36677142135175667	0.21965664244923902	0.24128883171483234	0.08186341220772901
BS_RHAWQJ48	0.42745678797900954	0.33705255978787735	0.5479565673517276	0.17526536405165946	0.3044895407633151	0.4034069178853865	0.3692957655996534	0.2563981433116799	0.4153879494821407	0.49789265080443035	0.48188781795587277	0.5230323393463592	0.5395935513181338	0.4997414438629992	0.502897728041634	0.5078497793867904	0.5018512145985907	0.13718891801797892	0.3087375270404757	0.4896483558589532	0.4320786040523089	0.25254177518489784	0.3273336641499159	0.23826663792022187
BS_RHM60031	0.4692854180077926	0.28417255946892045	0.5427683837313763	0.14488200856315844	0.25397860076966045	0.4069404298962259	0.3476233650982628	0.2228024088572038	0.29832811846781637	0.4831985747114408	0.46518880492390113	0.5410600344188082	0.5360007198332182	0.4047805394097096	0.39715181651694026	0.4223906802425678	0.4829530867211266	0.20969694433625172	0.23701693787858374	0.3931346279718588	0.3675841926488061	0.18508068250108298	0.1877338894316127	0.1118690730970051
BS_RJC3WDD6	0.3664207229849982	0.02285854322127629	0.42537175675873184	-0.036596939913223006	0.01537929403284083	0.3607484574780896	0.19879907418492512	-0.024008960288281204	0.20896422878066512	0.3849271653144136	0.2619600624173906	0.4834960604383619	0.3621937067137602	0.39248195721804985	0.3923499115209058	0.39729649016569696	0.30350518240274765	-0.0004131668040840293	0.09134554562616805	0.4525094457203971	0.34203885147787877	-0.07553819642385563	0.14799725750149734	0.0029152042163347793
BS_RN0VAY51	0.4414633514791011	0.2616672456147374	0.5297889633871176	0.08011970149631525	0.19666833030052827	0.39684480036710096	0.3280563320033382	0.22768664482292458	0.29177716341010024	0.46054618799978664	0.3613136337084982	0.5305741384370465	0.45800457472940326	0.5183489704570065	0.5068360192172257	0.5148450574249174	0.42724585480597455	0.17959619331672896	0.04341708361557459	0.4614927927798762	0.38493233309094	0.22850895084520356	0.23951206146518275	0.05821624019630425
BS_RX1YTZ7F	0.38717015715793224	0.24446567903566352	0.5299084709025882	0.08593711319985715	0.22176707938085685	0.37562098867077487	0.3030644452001872	0.1647691218879742	0.29787011920240913	0.49083356779106546	0.42179415405653	0.5458251727489154	0.5297284440211223	0.4819205731432173	0.4733911440475181	0.48899912973166243	0.4488423201583623	0.18787980684838168	0.1612376176317788	0.48007460633789983	0.37301420245308137	0.16436184605205503	0.22424556735935458	0.09949656231607987
BS_RZBFH1QF	0.4919734090318467	0.07063671482802655	0.4230781937853644	-0.17335990232360465	0.011102371596062168	0.35387725683473675	0.23561775925092807	0.052487982693726835	0.23728148552904552	0.48992911728521243	0.3756050600894266	0.49587799856233394	0.37286384121097166	0.2964729826906735	0.29466046132057977	0.29516028146887646	0.401270453370933	0.026799831969418923	0.034508976078533836	0.4391102397173608	0.3138185279394155	-0.06875190147467888	0.13136776946956752	-0.05073777152514933
BS_S2TA8R29	0.23637332519364	0.30639175013061554	0.5267581065283299	0.09361140930964353	0.24335178497651616	0.4356732953457969	0.3567425478480872	0.2388273200855725	0.3652803512715017	0.4994575089431375	0.44057738564657684	0.5400297443802996	0.5500538108072643	0.5218611785723434	0.5198652258040471	0.5256027548454921	0.460096286672349	0.10313128772727076	0.09930234874737938	0.46293723820311955	0.4011292000477937	0.15502282912238668	0.2547766275469802	0.09930485157901267
BS_S3C2PZAH	0.40683709452085337	0.261064190686871	0.5463084506107836	0.2193289396680098	0.24483539718820072	0.4342306140024477	0.35551268468651287	0.24061691269620245	0.3028406431431704	0.433942663713228	0.4648363032404713	0.5355697892600189	0.5156931571890102	0.3993693481571953	0.4067511660851298	0.41613817273195597	0.49440354793644803	0.04092830610712716	0.1976164328873151	0.4182868595910447	0.3947354866738634	0.12881280394798836	0.20396019546746005	0.09058223301078897
BS_S3MET0JZ	0.22711126775941945	0.2478116914569862	0.5395671038531787	0.12990647648033438	0.26065338890759976	0.4206024970259239	0.33144317110957006	0.15048404548492159	0.2903645491756318	0.3559969960020753	0.39793383621399986	0.5386310935803028	0.5464680809569756	0.5016080668054486	0.49626030039410335	0.5119331830798491	0.42538151899914123	0.18403775086257107	0.20427416200987986	0.44896235850862115	0.3224561365624362	0.16088229105295704	0.2721968282885765	0.15266235751911147
BS_S4V9E1XJ	0.304047628157034	0.35804947408658616	0.5482867561607467	0.1260178102187497	0.30892637931299094	0.4042208681144548	0.3770510433386167	0.2819538007556214	0.3836620851820253	0.5363557575989224	0.4776058870573274	0.5393217740421196	0.5512394936256775	0.547286541350784	0.5394978773451464	0.5464952614895198	0.4923032238992633	0.18864935656414478	0.19996016519325713	0.4475546590844905	0.40589735912707375	0.25630512712609305	0.26371175795762414	0.13308114166146406
BS_S5P8VTN5	0.439021578313716	0.3353114994042274	0.5187450936884368	0.027212930920725173	0.26316667427589413	0.37583675842079795	0.3367151062529818	0.22170680019433164	0.3288033477263245	0.5169713249215696	0.4433331852082086	0.5430355425213172	0.5501671605071637	0.48984570767496977	0.4812477991213926	0.491285512057607	0.455822215153193	0.15309938530179307	0.12014448558949326	0.453583645752279	0.39062638239754455	0.17694437093263246	0.24840359291640515	0.1730381419373433
BS_S6B9DVNS	0.4862421131245402	0.04818802416489237	0.45270798668372453	-0.1771122319364501	0.07233685256163573	0.33210188116585787	0.2313667114130892	0.06916307117503562	0.21041628663837103	0.41128450817454454	0.3661024408093006	0.44326533069179236	0.3095026404227346	0.3315480393690939	0.3348540214201496	0.3331570969049721	0.40847923432622374	-0.05703117145258317	0.13646251744921048	0.4315672364376022	0.3728042969802599	-0.08831407358841446	0.12792596725611546	-0.02482728408514551
BS_S6S7SK3P	0.494201963604976	0.12383008332204438	0.46652418356561615	0.000995545878813514	0.053692202918982454	0.36450569527618215	0.2821979433605901	0.13633049907869846	0.29208179900548725	0.41936737680854747	0.3410415125126107	0.49339407532032925	0.36559609362181256	0.41059260807002657	0.40722326096232503	0.4195691624542565	0.3950954964122746	0.0002703404889496712	0.16865767291437828	0.42212464077472706	0.3487738228000641	-0.02007040014818358	0.16247164932785715	0.01353546365269849
BS_S8K878T3	0.5284241047324238	0.3859711306605565	0.5626084788098942	0.28655688643845323	0.37884371262382005	0.5364820507254688	0.4887085402977604	0.3384304696669127	0.4287814113463996	0.49862537614957414	0.5046241764417749	0.5769339046247804	0.5010832701338398	0.5022985275157086	0.4927973390509202	0.5016698159396157	0.5137301659297513	0.1648317565492236	0.37348881743074747	0.3917362372679742	0.44282056359901123	0.3027738682854393	0.34740728331732884	0.3019983032169822
BS_SBMAM00V	0.5069773644155839	0.27991819765123677	0.5308535838028925	0.0962486395723271	0.22885860666997535	0.3866830750319312	0.28807075048304914	0.2104093235646983	0.2785706018893477	0.4927445093153894	0.3889064142134304	0.5155729687991156	0.4944266214350881	0.4811912165742098	0.4691252454681721	0.4763624735982146	0.4062207646851958	0.04048194873854532	0.2124883574736291	0.47004741301564346	0.33228299319216614	0.11458694221580974	0.1969876015605426	0.07323639469240209
BS_SBMCD7XZ	0.27024921216196623	0.3078293210902843	0.505731580449771	0.08873264321170239	0.18713080354422415	0.43267403545806477	0.36827757064639954	0.25788200217667134	0.23853090448992137	0.46583281438823226	0.3879620832484651	0.5247812897652497	0.5150278499514153	0.5359832402432074	0.5282164965962722	0.5407986017854157	0.4361872668727853	0.07655155588287625	-0.001766276888323546	0.43562028688947896	0.36368198406522034	0.026159552893884015	0.242459212040367	-0.04643625018518399
BS_SD0EMK7Y	0.3109688253022571	0.28547863094138354	0.5116535054708795	0.2625313234636917	0.13427851230990978	0.3883044618090819	0.2854145363027239	0.21945600756155567	0.3654199222766629	0.4593856198138944	0.4362405675108229	0.509826891220783	0.4342700994800055	0.5225763040163789	0.5170850476904568	0.518582934488832	0.4735871983127596	0.1285800248400196	0.24340347525290243	0.48465933910056064	0.42230338136593315	0.2213920774215428	0.29678304965044044	0.23177704161837295
BS_SD8YBRBR	0.43215527561202177	0.017463312115852864	0.46799136639070593	-0.07351358316074526	-0.013133507825522679	0.2755584354972411	0.17354864592012986	0.066583291899206	0.2014022118574827	0.5239695458491652	0.33054018447569894	0.47518970527685117	0.33294972994765265	0.34078159578677475	0.34221035001966205	0.35220329766028724	0.35812070875608404	-0.11507576503279948	0.09866246563983716	0.4257810275334942	0.31433380604184447	-0.17157145486639602	0.04240907870523218	-0.09114337373617691
BS_SERDGASJ	0.39793874306690086	0.32794120447685265	0.5034707214031272	0.2572977231988525	0.22614884913369515	0.49625024566943066	0.38424949333619485	0.2646309179319389	0.3775130259180109	0.44585619554521283	0.42262265711060376	0.5290317392563599	0.4656595517887373	0.5052457796530663	0.5017056174879158	0.5058940083706479	0.4457197007064633	0.1362471000270763	0.28520284086137176	0.46381869146615057	0.43445376022970567	0.21582240718719273	0.28377839872117827	0.12729515875050038
BS_SJVTZ5TH	0.416533131895555	0.0528710089169254	0.5033238125564914	0.01879110783618781	0.2636407449359412	0.3979239834041098	0.31275252196672404	0.16757262782921914	0.26982896101851966	0.40167367977078455	0.3771768601561597	0.5239473233883436	0.4844800764629837	0.3525760105676384	0.36035042887962115	0.37570948586071046	0.4297005838546646	0.05761618535469978	0.025828302331714716	0.4271397476988259	0.36943443205397886	0.0792679024179207	0.18425070980828587	0.11342089028591072
BS_SMWQR2F1	0.5244752432952745	0.2765563128186618	0.5367939330736192	0.098431985709451	0.3065390645363338	0.48291913046629725	0.3932375851857215	0.24048530200467094	0.2740711417785261	0.4088153145486504	0.42198789353704347	0.5447320526020658	0.5137744614889922	0.42267221150113016	0.4208585430884968	0.43174484199402424	0.4539858522929515	0.2579810623606181	0.1793682102635498	0.4569260864106049	0.3666015900092233	0.2029957507004437	0.23639352026529506	0.09021652230410564
BS_SNVM7CZT	0.3882309038550159	0.36861102725515565	0.5247755159312374	0.19278990160499115	0.33090065868375207	0.4422834234112529	0.43233913129248314	0.2846276140183533	0.28632536791369123	0.48868682616828274	0.4167446653130873	0.5336184085347826	0.5503853915878321	0.4967309473129071	0.48689473633785113	0.5039171664798829	0.4574113575950538	0.18844880237882905	0.1920254948816294	0.4315410350869552	0.36702252918777034	0.20448862769146453	0.28294385435789327	0.21607655197668638
BS_SR2RGDXJ	0.4924236437016423	0.3384739336654931	0.45897741305663314	0.018179225852760376	0.24430799195848574	0.4472618598179397	0.32985300020495556	0.18181164471980385	0.2724313072779705	0.4134096560438379	0.4465596589166303	0.5357296037286925	0.4698105594054533	0.4996228603578821	0.4823886160287874	0.49874653244053974	0.48910896913363233	0.150607145545136	0.0504743645137254	0.43083874135964856	0.32615409167978543	0.09834425885636076	0.08338791346644235	-0.09821936344708995
BS_SW9Z10F9	0.4570292447839776	0.26018154695712453	0.5364006546798281	0.04865736708452854	0.2577746470675335	0.4775871615064021	0.3973533839688857	0.26280436054302886	0.326195616634892	0.450053340216019	0.4212311385171739	0.536806579314749	0.5070836020644688	0.5258528330560546	0.5201100342148761	0.5277676620280408	0.4507388484109245	0.04473463109282732	0.2013093032521511	0.4338971762106255	0.40509815657090714	0.09942161730658365	0.14122020503503116	0.0191974379885314
BS_SY3J3XR9	0.33105256571256575	0.09747406179411175	0.4930454360600263	0.052055581698381495	0.043332280189564774	0.3974059518048402	0.2730910951330263	0.07121917491030773	0.24002015951578112	0.34126745797221164	0.3403403021426124	0.5392796535198379	0.4285049923537581	0.4766053704170671	0.4662195047255527	0.47830751240235464	0.3848138439743678	-0.003951747911272376	0.09280642942555828	0.499503333712964	0.37014902052448756	-0.014033216756659705	0.15253479803501144	-0.0278254578110598
BS_T1YHK6B7	0.41499653641076806	0.22599658483578944	0.5249053948356595	0.024181867337542403	0.2869236825787403	0.4642946840734496	0.4145758437607409	0.17220535240552468	0.33513910234984595	0.4733157736521838	0.427858452639626	0.5439681086529324	0.5219141196109404	0.4114494737784364	0.41168748133485517	0.423112166260681	0.4265683451396252	0.18463682031014292	0.11172683424985491	0.4724833963571486	0.3883375886781657	0.139172628106335	0.21176108701677984	0.059591844723449326
BS_T2F48Z4E	0.5133849889826284	0.353837747841863	0.5264928383161395	0.22452796800928904	0.3546186998237599	0.46657812924320163	0.4462030148126739	0.26795463532980235	0.3879210720023008	0.4443328756260241	0.5095482141378423	0.5553362780144174	0.4171869906803952	0.4564120114490609	0.43956019411890734	0.45015290161174687	0.5125248086604102	0.2692518313502739	0.318501757986918	0.4411112403419729	0.4359514153917682	0.2657874560973238	0.28374786539754127	0.2164792603030685
BS_T9A8JJW5	0.48118008941685053	0.21186841763849318	0.5232078110528027	0.05201326950617755	0.18478285914967388	0.38954651962674064	0.31739172477061683	0.17402024281005357	0.2856980005408226	0.44319499504632276	0.41653837905997754	0.5392543359239397	0.47820784062215965	0.48494646297331784	0.4731140692894798	0.48508495556449427	0.45468555348005263	0.07984007937734632	0.14961657478437868	0.44165714517412197	0.38423211946659386	0.060622324883223756	0.20089140704358016	0.03378919221755998
BS_TASG32Z2	0.47847998962819294	0.22192737869088336	0.503569974739397	-0.0041963825113480275	0.258787994259916	0.41243824556299186	0.3371230877267882	0.17075819365308048	0.3174740051409743	0.413810748575367	0.3920011912235933	0.5475498449489651	0.5151763291262276	0.3707981482542967	0.3687619516390199	0.38544236835113765	0.42726941689161996	0.16729526151833332	0.07213386639944058	0.441394865455461	0.3321342539863471	0.1999540608152954	0.24406383471317292	-0.012307855637622912
BS_TGS109T3	0.47253685488526453	0.17209373157324184	0.48496044004998523	-0.060776287764325	0.17167384181672118	0.4631701305750056	0.3627526864666937	0.18940520074412356	0.2659721413256922	0.5049715483683154	0.3126849683334821	0.5418494968538211	0.48572367376771103	0.4730237073743006	0.46321186882206505	0.47805977235557956	0.3180659309065958	0.11776850214336973	-0.032904262999063266	0.467835181317114	0.3479193640786324	0.0707409042919478	0.19419386290795196	0.053788767117383264
BS_TM9MH0RP	0.3632174723252831	0.2959859642261663	0.5212892996874077	0.07912251723339318	0.24936534766358712	0.3972939605858133	0.3406638699914953	0.19028381567828748	0.33808203563176636	0.44532967132166584	0.44504779049585	0.520358017195079	0.5150305841557199	0.5200321270712095	0.51303872604387	0.520615361453212	0.4586840220654642	0.1494120255778744	0.2940575629362853	0.4443142080713963	0.4056008542097117	0.1547887834334057	0.24524073594505666	0.07862257276692206
BS_TR2P8KRF	0.4899172745355079	0.2987107236151075	0.5066923484778999	0.10778526017907866	0.27222929582428584	0.4011489308448661	0.3542837385630347	0.22183226836357633	0.3023738991789839	0.486785275489799	0.4184920802430931	0.5440470096564062	0.4961773431771885	0.44770756729682826	0.4413756069489396	0.44648130015084025	0.4487953267949315	0.18615416529260978	0.17655761540066123	0.4847018269772377	0.38030112809853006	0.17761575703267377	0.1903203637010275	0.0881703010782068
BS_TRKH2SPE	0.3780573104832067	0.18100582799561832	0.520494494190501	0.017232776582684017	0.1729437580937418	0.3721999812468924	0.27534823188307594	0.09627803717037312	0.3152161393887203	0.4310022232919126	0.3953984905481845	0.5169093907977993	0.5214283119946118	0.48253256526983135	0.47426199636262395	0.4907087072051495	0.41490417298172816	0.1208381985952171	0.16943045004197657	0.4623921081793566	0.3479399449292266	0.08592733107177387	0.16913694036566895	0.06437652949477105
BS_TRPXB3AV	0.5130647793142723	0.2334073716127247	0.492488050569364	0.045673866755195164	0.16407909834065434	0.4419552651926787	0.348888190834307	0.212495649113933	0.22134735171796124	0.48725011809582236	0.38642864167149027	0.5468044304642845	0.4028740220490661	0.4341595580432395	0.4195464645445331	0.425590951567661	0.4405841007510567	0.0376913910429833	0.06666122432083828	0.4005543358508222	0.37270425334340285	0.029455365125559303	0.2290465497275288	0.06348561235746884
BS_TTDNZTZ0	0.4537198871383948	0.3729010676569697	0.5460156465472095	0.2154099960172102	0.3533559909212736	0.48464540343093193	0.47498110441719166	0.3174263491790226	0.28043871628504063	0.5135589070838812	0.4740043796074992	0.5492206639172328	0.5638482663181412	0.5468208229629067	0.5311206696968528	0.5407498725451056	0.48379827622405885	0.1878800460754891	0.13574962367684842	0.40685835091448136	0.36484180164524216	0.16137670485902533	0.30940929223292285	0.07485027358438895
BS_TTE04ZP8	0.3871774677544354	0.27285791715988206	0.5530887500827619	0.17932313226898608	0.2450353309298289	0.42734280253310775	0.3253505697683154	0.27130637187649576	0.3753638580165166	0.46034838293119285	0.46300575901485985	0.527061605328316	0.5019610364171713	0.5291779818378227	0.5228310645926137	0.5297545213350395	0.4978945344065775	0.14984002030410967	0.35389665662955955	0.4500145215398004	0.41196737940087946	0.20364388025799407	0.29767128591738173	0.187201784896887
BS_TV5B86ZD	0.5127909249015927	0.1776829029918113	0.4301773414391545	-0.07138786261318882	0.15495028963317053	0.3496928900457278	0.29717161182637863	0.12608851311310224	0.1922922825652156	0.3473712288906404	0.3236519285214909	0.49993617225782094	0.3765384935908625	0.3446218098241901	0.3451312984022838	0.3399307336626899	0.36475418971613693	0.1359092787581619	0.01241481141557678	0.4442330570838972	0.3526538990412507	0.10159087805785877	0.18337553528779799	0.04895078317885258
BS_TVH33J9Q	0.49027590557136314	0.27110998389168756	0.4918876294740468	0.11725709409895789	0.2922488591377198	0.37123918181521237	0.37419243043693373	0.21491973217432597	0.2615741355345633	0.5162771776173342	0.3556927579505815	0.4884114445998114	0.4786573558212018	0.45065588757933983	0.43690878697381663	0.4328061966877419	0.36679414929573595	0.1591870455226476	0.04209265960491673	0.4891995003188295	0.3250583721225327	0.14536559277556707	0.23346519284773928	0.06549508052072123
BS_TXZ7KHTQ	0.45575411558899925	0.2583081549331901	0.5093485068765339	0.0838883771464742	0.21240459750849697	0.4566566532067287	0.3757107098904484	0.18857251067158043	0.29011686006461285	0.45703496454009274	0.3839329078436969	0.5373603218460357	0.44967375185705327	0.4773761937914428	0.4633863795341271	0.47187992014989305	0.3909616348270418	0.19228857597503587	0.08004179020027247	0.424739641523561	0.3254612152654185	0.11241698769244692	0.2287719375070173	0.003225485249596716
BS_V0DQFC75	0.5144930380420881	0.11471178219895824	0.5093698689688543	-0.09754256442006563	0.1552759709857328	0.39618798003184647	0.32858606307700156	0.05953409109934562	0.31796774954385737	0.48002132808022946	0.3756983938259732	0.5261689733001969	0.39682624169396674	0.35169856112152703	0.36454831780373453	0.3732110530220716	0.4131497134540673	0.16724774522347788	0.1795074322717041	0.39802678085690424	0.3667053576820318	0.12408097388811413	0.14791602966924422	-0.028492595079735984
BS_V3Z3DB4N	0.4556507455166398	0.17081484861221338	0.5135241588149023	0.03648705828373113	0.024308052583558473	0.4144338358148862	0.3003563150251932	0.13758522277042104	0.2808829779537483	0.4540129220174626	0.33890245870666086	0.4984733514867894	0.4453477603699462	0.5240773132070676	0.518510313792542	0.5270818063652324	0.37912446984242315	-0.04147459205417179	0.12545552928795878	0.4911731233799118	0.3619562655178384	-0.03960693743882644	0.20706424441151997	0.01297226097666954
BS_V558NW3Q	0.4341891325159094	0.3709751671225462	0.5540365373144014	0.26802815508156763	0.3288890027845792	0.3792077000031718	0.3879838818309307	0.3242730846709253	0.4262107104631281	0.5125741935759464	0.5278186278039096	0.5505638623741681	0.5801135192110366	0.4791951795016407	0.47180590223801516	0.4773198647846627	0.5326092000309158	0.2266800276853058	0.34740184144285835	0.47002593800411835	0.4528060398332409	0.25475308177736816	0.3250880070258043	0.22407273248313386
BS_V6RSB5HQ	0.17068505421180744	0.1247944202079782	0.4900630982874839	0.006787188783339772	0.14792681061187285	0.38647502909892906	0.2572545858037874	0.10272741291560106	0.31618785929940924	0.4314306621727075	0.41291089387420393	0.48663566328905034	0.4603910911829443	0.4700048799223972	0.4658208339063663	0.48077400897340883	0.439116330686914	0.07839481599304038	0.16312138309429208	0.39708012345428634	0.3202831459411723	0.04722913716028631	0.20815213805414498	0.02779297881001592
BS_V8QWBVS3	0.32583957605019886	0.45623511526085314	0.5803438354397058	0.229654602353247	0.48513077284433453	0.46697249079569947	0.481504752868457	0.3892399008888955	0.4463975118596027	0.4654243370673671	0.5536627838785808	0.5601489878839339	0.5625869143228197	0.4859192918279234	0.4861540968201068	0.4938372738571969	0.5472288146077424	0.33669172904867833	0.4514157182718999	0.3223680813537473	0.4653082000138692	0.40931005527440717	0.358740349727292	0.28214856958425655
BS_VBMRQK4F	0.3951470397735299	0.28671929647476274	0.5170439275309334	0.15658414090748762	0.1916909309602379	0.37228033274002514	0.325043746694398	0.22865004053206586	0.35032018995875147	0.5236494925731897	0.4312034782644843	0.5159177488978933	0.5377676658756282	0.46597184783074097	0.4564171549060006	0.45862545042206876	0.44967226385049575	0.11483417754911529	0.31633868629959544	0.48195812434796353	0.4182074873165239	0.1522230821557489	0.2751293803014099	0.12208418031140741
BS_VDFXXMEX	0.5150574343324261	0.21815937877908986	0.483961518366398	-0.027567132080533827	0.23903952557099645	0.3944582973217768	0.3017329222344241	0.0765642336542218	0.16511292313975456	0.39714242077118717	0.3831286176449167	0.4943633365158124	0.3972237041022968	0.3619975311497139	0.3677684433249142	0.3789528576003346	0.4346146186308573	0.03966699067120191	0.09150168230874864	0.43571994729003877	0.29068595646921397	0.10287861647722407	0.15388378466347527	0.0382918276717044
BS_VF3NVT4G	0.42175522636626744	0.30773752646564895	0.5371016775500355	0.17760230558313841	0.2558495231480641	0.4231444888689324	0.34104885006114066	0.2589334545861286	0.3552452615284761	0.5156146749557216	0.4329034288305728	0.5369390425345634	0.4865510834521282	0.5257558756241817	0.5182288860645679	0.5260057648626553	0.4820376073919527	0.14622430485406146	0.28339991604195724	0.45041071850884906	0.41317705559647183	0.2206656822202602	0.2963453066562051	0.19974343280779092
BS_VKH87DD2	0.4478695234904698	0.30518895394474915	0.5558577899254576	-0.03252609980036385	0.32885519350523296	0.47541542073007753	0.38994993371749365	0.24214029229927472	0.2837111436140959	0.4719263835409479	0.49182626820906905	0.5312798880671745	0.5460590504343583	0.4661463632715412	0.46664254034043223	0.4747475488613473	0.49104243213955406	0.18860565997323445	0.21486966577551891	0.43220681851373083	0.35884813411903704	0.2391381410412369	0.23839658217990484	0.01822060480778368
BS_VKHJG2B8	0.5185901021501381	0.2849173224488914	0.5058899883416415	0.09065682929573056	0.2516121127554252	0.4116732724464125	0.34809814799277716	0.22447321265072426	0.36061382597801805	0.5227708530499561	0.45639791184910716	0.5264340719193289	0.4048900334118686	0.4631532800266218	0.44966833646774845	0.45011546961289145	0.4749034963616642	0.16231445731853777	0.32594660150780824	0.49540633445770127	0.3928439257061716	0.23299005896233455	0.2781510501678359	0.18184558477296853
BS_VKYEM67A	0.40884516226261103	0.328993538785431	0.5568739672587292	0.11691326270757889	0.25441560856043266	0.4513536424611654	0.39624290719234	0.26800733562925905	0.4196969524751953	0.5181657405351645	0.5293131278375918	0.548921689637498	0.5251798598579369	0.5271352937690713	0.5279413227519776	0.5356096360317439	0.5251008167984856	0.1684641458848734	0.3320074655974141	0.43111363091337357	0.4286901563106909	0.1406056875215981	0.2374987740166882	0.18425878564996012
BS_VMQMGSJY	0.35232475902215177	0.29715152218354757	0.5616974588615314	0.1677656400705489	0.2593201601830088	0.39706989343585924	0.3334192848888612	0.20708616107999372	0.4295851721657339	0.5461981054811809	0.5331537109868484	0.5419299439055855	0.5020235520069175	0.4822127368123178	0.4663991185836147	0.4869957673707152	0.5508057297769078	0.22742989909729658	0.36173004995731284	0.46468581802930414	0.4366884764417536	0.1726747877401752	0.2415004243666188	0.18106988574231203
BS_VVTHDRBD	0.4334522903837757	0.2449895175518423	0.4928824052839741	0.043943881804030624	0.14713313208675777	0.3986508632162301	0.3168756566424336	0.18205636560378366	0.3178947741681538	0.5007416620912866	0.3763253999707131	0.5287339906886459	0.4559561799877717	0.46939375402290806	0.4628618147928464	0.47152107507836755	0.43378125304518045	0.03800533409904901	0.16459197167315934	0.4534506489486903	0.3995457663592131	-0.03675542211229079	0.2167330019907237	0.15066437511576508
BS_W1385R8Y	0.5024195141608958	0.2996518256074238	0.49150818127770757	0.11866247395020343	0.25686984901372845	0.4873709438054615	0.38811673791602536	0.18312719645762243	0.26053289889933573	0.4038259158232318	0.3991061490822516	0.5512138161718192	0.3782577537972123	0.3661299048351591	0.35304501298133545	0.3716839915899264	0.42364960702937987	0.02774078558201668	0.14345641214285465	0.45724331220751346	0.3413810861103959	0.11591979561403014	0.20509100723932244	0.09456891368049065
BS_W4DB5RP1	0.42125453268482765	0.07219801957033158	0.4708156345786155	-0.07032080161702632	0.15461300769424724	0.40921430201756354	0.31872575567285144	0.12748943653151257	0.21548765088762606	0.4336306386136455	0.28592031719011446	0.5151326478523209	0.4649895074406534	0.34502519308968227	0.36246309609667127	0.3716866111665558	0.34297807814284215	0.025964600218937713	0.0002478422266510522	0.479402390700249	0.3579555206854317	0.005570916825379601	0.18026351567276572	0.050278147004203064
BS_W7MFJZ5A	0.3417617670660482	0.3731518322787605	0.5377278786781895	0.2296714910464522	0.3363998158556115	0.45952257984078265	0.4126191908799479	0.3341986980380321	0.32373407542699045	0.5549534322013794	0.45685139207625647	0.5421574675848182	0.5545560859310319	0.5437524588320954	0.5342258874052428	0.5459078527111434	0.5087860682433181	0.2183427917613726	0.2641016540708727	0.45665479882022164	0.4152093955612599	0.2655907899302461	0.32826330091947337	0.14108638234023724
BS_WBVSK3MP	0.47659974650421144	-0.011988909032009911	0.37788191228275014	-0.18377423045437824	-0.0035193140008992966	0.3458828842659504	0.2559731064846678	0.04827137999895311	0.2246883682621369	0.35861197728354804	0.26021200098420577	0.48959750726199	0.32261448941892856	0.3291479465558818	0.32119954833317077	0.32088927120991206	0.27082254634318487	-0.026962930807269393	0.0031975984989844513	0.4581046790603647	0.32212935100795864	-0.0866059858112323	0.14147500046789518	-0.08262142088479593
BS_WEKK6SHP	0.49225826667200473	0.14212968195174455	0.5142935779466176	0.2230778970290674	0.2362753389464688	0.3852053259344402	0.3161776444584651	0.2007506917390982	0.35772686904067674	0.40910649954868405	0.45092275041345214	0.5384747197596564	0.5032647509215206	0.2972241777323358	0.3122696265972026	0.31403001455516943	0.48658238484453736	0.18881933046970692	0.22933228671094333	0.4679782154147726	0.3849267449513797	0.05703914690024557	0.14344232181680444	0.018288547033139094
BS_WHBEXD5H	0.3225804629331537	0.3525898215702184	0.5432995334531414	0.1790597707788173	0.3508982688292428	0.473408763647123	0.4465088044643239	0.24719332339714592	0.3120968038885357	0.5282318041898092	0.467999007277303	0.5577822280209948	0.5503028040095935	0.5020931793024561	0.496275546553024	0.5023460579862358	0.4738628864699968	0.2259635410255116	0.09991860669200046	0.45808195889148595	0.3880736505530112	0.2619522595953492	0.30524340879000517	0.1620886915135452
BS_WQ1YRTAT	0.4506834745164012	0.14037183526007485	0.4251978178359813	0.031028306485893248	0.020461865657850863	0.36843546008181327	0.25032325019163626	0.04653040936986535	0.19109121570666518	0.34457554223114206	0.2589882404691351	0.4286598523678291	0.3316724642085341	0.3524396677073188	0.3663015730836356	0.37300632565275116	0.30833277644932694	0.04173511669414146	0.031712306192225474	0.4003003212582848	0.27903547742293744	-0.09435283475688028	0.08952572075001407	0.0010033174181882677
BS_WTJEDTZC	0.5215956328659827	0.302831731158101	0.5325043831722339	0.09646704512596481	0.309179636941928	0.3984145562359016	0.3063992236733955	0.20336879434202945	0.2913566065182008	0.4210992552333268	0.4577801538602967	0.5578368010943386	0.4598109128784546	0.42459465625309867	0.410108622762622	0.4226237195818491	0.4924027938892431	0.30488085311435054	0.3293373385326841	0.41592265618868396	0.34260592461823863	0.27877308011160334	0.24382768704259133	0.024326665756785295
BS_WVRX4C9Z	0.4128938685700959	0.35441685422257113	0.5453259945632811	0.23948892215552728	0.32740480289510066	0.49402246953092827	0.4198243823477433	0.30431541133460527	0.4147405319339555	0.4662209482780271	0.4685966057675038	0.5407851604276014	0.5411003652905432	0.5679809387650103	0.5607847910869743	0.563376835870515	0.4822543191214266	0.19327279133593528	0.3077730451475995	0.45110882010127545	0.44659265716197855	0.27564124638961535	0.3306130515218685	0.24534096062474936
BS_X0XXN9BK	0.5475224945235636	0.35976245373912863	0.5390128692316596	0.17230494280774988	0.34762883111564236	0.44646551874568946	0.4159591530225306	0.269149202154377	0.3947709199832818	0.4734403837654387	0.4986387374101032	0.5499313543386721	0.5324753982905013	0.42806081561902426	0.42079724141272007	0.4404917737759055	0.49405389495561186	0.23919581917143046	0.31315958584133413	0.3638578907136001	0.4254850671255941	0.23601979478157561	0.298202737184383	0.20762973426732284
BS_X1G0TKP4	0.3514764606438951	0.3318118915769262	0.5505178112664663	0.1700039572822811	0.2130596681189201	0.4206889862748187	0.34142146412066654	0.17943388492846835	0.3004455964313656	0.40702108220582967	0.3983174807231684	0.5288070478147899	0.5185920659211858	0.5480745578950826	0.5434603347873241	0.5511114142624541	0.4463059164341772	0.13826465404426425	0.07314937898696286	0.41991785544421883	0.364540509690712	0.16150616087148675	0.3122191696778423	0.09675000373162225
BS_X20JCR4H	0.45561792757969183	0.33948439942839104	0.5274049328490604	0.23495358811722214	0.30175816242469367	0.41763278375486	0.35709039358873407	0.28704886183277006	0.3903259360422967	0.5155451868463704	0.48568498239896485	0.5196030492547302	0.5026664115569234	0.4983830355189635	0.4886101629909904	0.4956126295723962	0.5009008105961784	0.16823543816244013	0.37577009228999986	0.4838291684845186	0.4340369318960975	0.23748089699306374	0.2892987689374478	0.24513296713596788
BS_X23724NJ	0.4272710652691528	0.2517908456871832	0.5404505337692739	0.07918037354508936	0.21603663107188267	0.44449279815393167	0.3562360684041533	0.17317952775468884	0.3465849928539788	0.5559888613248561	0.48748289575510423	0.545764537124302	0.4453182914156494	0.4379239812867436	0.4234399602209257	0.4392854902950421	0.4856343931696431	0.13021591014585415	0.2914740384992149	0.414829963823885	0.3842334627034168	0.13712220337372927	0.20364480376295255	0.20127543974478426
BS_X3HR4Z21	0.46714689955219946	0.3278887703619765	0.512384379172337	0.150464171559444	0.29918473918961325	0.44214462719707176	0.37788208302044657	0.24471088379408434	0.31176706091613204	0.39798887491757706	0.3435798957397982	0.5031161483470695	0.5194980673841473	0.507652815242269	0.49461796153886073	0.5079203567501377	0.3765569017438263	0.16680538690603833	-0.029269410389236913	0.4450408176592618	0.38761507971012366	0.21426669289102485	0.23576514179945465	0.07453652516548155
BS_X4DD4KSZ	0.4983767137903442	0.4376226379617354	0.5443621355369602	0.22178864611539117	0.404350476029846	0.45890158904171696	0.4725791200256779	0.35440014645421314	0.3910592389682738	0.46481607623764815	0.5077104074769411	0.5458932672982532	0.5484595953043124	0.5526923621283343	0.5479597500100946	0.5540576068012812	0.5166456761701529	0.23748371042297645	0.26792035079683174	0.4456006109622168	0.4237556465274759	0.2846761470482451	0.316742864891811	0.22841485398596206
BS_X4X1SFSE	0.4092799646875677	0.16857243884780523	0.4904120060957162	0.030570479317551726	0.13858027336454212	0.42731790623042276	0.31810587690963216	0.12465603807126119	0.2638204095412057	0.43901317916322474	0.33973473867044873	0.5292172880628843	0.4799518962715243	0.5266304588913218	0.5175449757381426	0.5257651866626272	0.3764867195184368	0.035801610543988116	0.04795322457208442	0.45670683603211404	0.3643620010780049	0.05317329414779509	0.17827235645091977	0.0196173637686777
BS_XG0DBWVT	0.4656476812270554	0.1103362960239622	0.5095005507681669	0.05654187812504662	0.14636204106362374	0.3249900346012657	0.254767812902775	0.1387469620961128	0.3280750865428695	0.48022582921467133	0.42483679794478335	0.5098206334229374	0.4684573818121478	0.41053964791081066	0.4069527033596466	0.4168805785787099	0.4325196048011437	0.09639073994947422	0.17610102652869514	0.48013614331774185	0.36332759792918606	0.05295972270532721	0.13524840955835613	0.054048566660257265
BS_XGDPK33A	0.47214737596225775	0.29104065246138894	0.5164545446110378	0.09478727284813868	0.2176155590220306	0.46958269155991433	0.3643966018054256	0.24464855079684983	0.2948023232778556	0.4362920561211658	0.35677209427874834	0.5219496246052077	0.494663651601997	0.5110587226313192	0.5027286660313814	0.5148228758334341	0.40347677601632576	0.12167879240847126	0.07006510935675682	0.4660790933279682	0.35069683064780766	0.15262225342656338	0.2501725236046461	0.05797366783447419
BS_XM1AHBDJ	0.26536477912966355	0.04049036013339819	0.49414100758511664	-0.011986441451968123	0.0805371599029591	0.39394944466163095	0.23042654265468732	0.07035380047019381	0.21225904752053976	0.37323693476536146	0.3360165130931722	0.51684673044807	0.4501499703326498	0.42740584075288357	0.4249619832154918	0.4449033419338067	0.39681505464899786	-0.035631765391373214	-0.13775891819852437	0.430281093111436	0.3066347671145733	0.10022731692086914	0.20091538729495997	-0.06961448378537227
BS_XQ5SFW35	0.2843383530040738	0.27611052459047597	0.5604418129436981	0.10309217086174699	0.2608026176347681	0.42056620054529337	0.3543257547315273	0.16638539872553273	0.30488706260585996	0.4868110700626116	0.46412627232345305	0.5491971805690857	0.5352923263665995	0.5359668952197737	0.5267621445875361	0.5397557915410387	0.4882545659619683	0.17523902666966498	0.3041098404369838	0.4739382345718966	0.38942956568984455	0.1435072635784475	0.2362013719017253	0.11522744065257284
BS_XQXXBWPD	0.3654636658325642	0.3568745336591626	0.5471112797339239	0.18690294484646008	0.3058421112935505	0.43649831972984193	0.3803656564538663	0.24507335484453083	0.33447482214978513	0.5023189793573293	0.4440340465101569	0.5480311996875905	0.5480537935210756	0.540297479074834	0.5291181842674806	0.536643307102275	0.46800042427543836	0.20148990567648034	0.12116325316841853	0.4057940672048321	0.4055364371502451	0.23746756554352774	0.2971314295439043	0.12021292360667898
BS_XYVCMF4A	0.43133329343337906	0.07172018096858199	0.49100861346415725	-0.027361943462346133	0.09440081845432624	0.39199901615303867	0.27141779660885623	0.12672936073502622	0.22891834740764785	0.4387747426701447	0.34153746604031976	0.49937720991957224	0.48568685890027335	0.4266300480940627	0.4210846726940503	0.4343635474284026	0.38658234065897934	0.07533051284944815	0.21783398390916592	0.40917548454693775	0.34638295617112114	-0.0279835053459164	0.17414662156477437	-0.09040176584891951
BS_XZM79E42	0.3847426961171908	0.3282307067053829	0.562162436358976	0.1629739531039262	0.2901134024121324	0.384741160442074	0.34747494645878446	0.25196768868741953	0.4112912006959143	0.5240975581929338	0.5011274071691872	0.5288972604816361	0.5461616406636637	0.5573038235341174	0.5494588097639972	0.5578758937049866	0.5080715222714761	0.19747237661880387	0.3869328488525919	0.44746784054821037	0.4271557294689424	0.23418592239471253	0.29143047893719115	0.21797253554293988
BS_YA0KMBRT	0.3787632848598349	0.19903456483547133	0.4897225515163128	-0.015653721903243264	0.18929903710546753	0.47355837125471106	0.3734932653802802	0.17386998096021059	0.3284074171822638	0.5216351076550957	0.39522417257228926	0.5454911320217547	0.41315594974442044	0.40751612722041847	0.4123127646453682	0.4215436897005734	0.41941385417720156	0.11476236116344071	0.1452800039629757	0.45177562169762864	0.36395201062814336	0.0813885505316242	0.17184557267691156	0.09138525412765533
BS_YDEVMD24	0.1776625003092225	0.18134221699775704	0.5340165796258656	0.10627879427382149	0.1055500853014612	0.3807003444622318	0.2578232434764965	0.19531396612079022	0.3262686443738779	0.41582590962263904	0.38795384453155324	0.5095491066471068	0.48319295213870556	0.5388711072718856	0.5364766337549411	0.5452087447142594	0.44845618639416257	0.024413858022919593	0.20766847337498284	0.44880579722376046	0.38576900011401644	-0.01863683599127113	0.18123962840848368	0.11682683738095569
BS_YMKQT5V0	0.306815242321563	0.36545534432313176	0.552424576701795	0.22331994659771637	0.3490146640200899	0.4967589661271365	0.42830232061712054	0.3112339866112789	0.40622706180506557	0.4589092066044972	0.49421587365697567	0.5418401324140121	0.5317170304755502	0.5251812886778006	0.5238473096298174	0.5299449840890407	0.5059709001064214	0.18415426678446647	0.2588696435756472	0.46422052899326804	0.4300757779186312	0.29356719475578447	0.3194935846364285	0.2781904445868064
BS_YR12D1ZY	0.46461387487722333	0.32025454213929994	0.528111495415107	0.22987805035748268	0.26486491455821415	0.45225003810872016	0.35070700573155783	0.29952654668277295	0.3017957143869444	0.4618814694046883	0.4620020430764115	0.5247029426005418	0.504361148649593	0.5042033871570227	0.4986502699399481	0.5084525405953928	0.505619726255741	0.17321054801803068	0.2869395752554345	0.45852118736992353	0.38676064828058043	0.25328473862201806	0.27851185954190805	0.24009961548748215
BS_YSZRQ95C	0.43395088204060933	0.24880872002113075	0.5215912540674144	-0.08308978198410125	0.1035617897436893	0.41402726579834603	0.31469282128808884	0.18598565627992306	0.21621715788450127	0.5386446446517935	0.4285609574851268	0.5218126349174201	0.37986300616172175	0.4205987339752808	0.4145279908187129	0.4272547884648457	0.4793124475407465	0.05001907080128741	0.016209961737133995	0.4434618314263242	0.3640244557490222	0.08523419696660912	0.108628525169552	-0.09964960143458765
BS_YTWEM5SG	0.4872143535340922	0.36924079213778366	0.5510708322362387	0.25373576305469303	0.34494826150941604	0.49120996900038405	0.4427510596182273	0.3340590505476757	0.3922709799543665	0.4883524860383786	0.4866509922104937	0.540923600240663	0.520493183593758	0.5511109097055976	0.5418485645227854	0.5495141496828061	0.5308463924073396	0.15818985930411475	0.30841788528810266	0.4921470300672235	0.443180037282394	0.2872160440122265	0.3121257911102807	0.1993892201895829
BS_YZ2QFDAN	0.4629262061701438	0.2506397086002291	0.5017314094231498	0.19567362740614877	0.28628504343481564	0.4814856946951218	0.4039830682760348	0.24172319337559656	0.21326600488529943	0.4394839322850147	0.4044903074199008	0.5579235219828304	0.47499238913663405	0.4241113035272648	0.4121269770606803	0.42300737648889863	0.4471737472255614	0.22859323338146537	0.1575027557903315	0.43381921004767726	0.3052947327789359	0.21743347385261394	0.23942192295270764	0.10645835682784487
BS_Z0ZPD9S9	0.48202021154804475	0.3268751349001779	0.5498168452180908	0.07076768361494676	0.281670228187942	0.45055787379448975	0.36905512523850253	0.24294124690678937	0.2674222459951159	0.4409539100490803	0.4553953726691599	0.5223810332402472	0.5338515283637333	0.5315266313969825	0.5229211699422442	0.5325647647541529	0.4922658652944639	0.07904481106571605	0.13226865738719937	0.42033746012764683	0.3461499393800754	0.21781905777014884	0.1984156812486075	-0.09010005814586708
BS_Z3RCA1T9	0.5153081554248411	0.35445602294499096	0.5377631822736759	0.10282990453199245	0.3022522942314055	0.48548229268290327	0.4376324433973389	0.28544977609728944	0.28925421776802324	0.4426282882030476	0.40791745508821975	0.5394546052004118	0.49344280795312256	0.5144806567587747	0.5081184500454662	0.5173599155678351	0.459036264530988	0.21644233391846382	0.25197613049156153	0.46058007240643745	0.3812890040344947	0.21898083517845923	0.2527607753208439	0.080417080069634
BS_Z8F3GM85	0.4927704315064772	0.2843013161742542	0.5483711331708304	0.07404164399079269	0.2582405901199405	0.47089543968452774	0.41584974264698826	0.2164466374850134	0.3798319742677241	0.5054957031266684	0.45076570692171447	0.564107123006627	0.5232096454526587	0.5544428090185167	0.5518835669448848	0.5579517389015175	0.448444650365138	0.14286722275742	0.22930923152784385	0.430670091091993	0.4102032145266934	0.12841909266140714	0.2456544499203395	0.15868606781882844
BS_ZD5HN296	0.3909003035594476	0.4366059787318947	0.5708510084781723	0.302723117571806	0.3780929991506893	0.4337213770127113	0.42034834494795215	0.3540327547523169	0.40903115076165214	0.5073595590185643	0.488324944932026	0.549126691885292	0.556235841572252	0.5590643147897716	0.5544645243468295	0.5600163471968231	0.5179942025544833	0.27263097582943585	0.26397872794729943	0.4237924018817116	0.4527704087258957	0.3088846391325634	0.33839493542219357	0.267510514008589
BS_ZF6BSFNF	0.37387504040498226	0.25589962349258233	0.5263784955587759	0.14848227746225953	0.2271028516610707	0.4416043181436659	0.34511017210244266	0.20713111079895896	0.2823328629672187	0.41248218794816494	0.3862587470580452	0.5122250946313707	0.5121911322062072	0.5518016278917464	0.5454010076928811	0.5567393401994485	0.44065693018940766	0.11472360587847731	0.16944376357750282	0.4433340443644203	0.38270472795028143	0.16149907868956337	0.2539636199317731	0.08677583001252354
BS_ZM97KKXE	0.4780535285612825	0.3605325443030631	0.5354270275200641	0.16396766250043238	0.3348757225041143	0.48035203178608266	0.42052603378029724	0.26827182142844114	0.3051115389876501	0.44319947298545975	0.42058298042458503	0.5524923986441865	0.5300174866629674	0.5260638220985046	0.507593350832125	0.5180321514126731	0.4513453414089209	0.2232371179577341	0.15640098371576308	0.4380328625238879	0.3659653390629853	0.24176420426109388	0.28199025606431116	0.17304037889437127
BS_ZV1P6W9C	0.19471247534535804	0.08317347817891152	0.49500199846016096	-0.12636977487957843	0.11268288217592923	0.41010102466822246	0.29876466070958685	0.1278120143237254	0.30976491295492814	0.3949111811521526	0.426315349972446	0.5265667142852699	0.4941520604838666	0.46728520648956384	0.4674359273987537	0.4794737270846244	0.43261104260958194	0.03773168441348998	0.14970801025663974	0.43020016591134436	0.37818430348738785	-0.09105986468578947	0.16397482669754823	0.026770008859890598
BS_ZVM8CAB0	0.41985773644499547	0.428093042531994	0.5557649242295675	0.1984996208383984	0.4152208643604481	0.4984116514073289	0.521077173682669	0.34938297363922777	0.3810872016312857	0.5474801472951362	0.47002753681151455	0.579699381628999	0.5590064871432292	0.541675593141978	0.5297860993230132	0.5384332838464037	0.47808722833864403	0.3226197904516437	0.1890201960592849	0.4013144544626174	0.41162720654334617	0.3034114540161283	0.32531211769707485	0.20078718005394916
BS_ZZWMD6FA	0.28803987763849676	0.35093187795846525	0.548746164290827	0.08961170207166447	0.30121249367371355	0.42230747891526055	0.3819971353760355	0.25846181850726163	0.3546743521986735	0.5266816594606719	0.4430048524475503	0.5417463650207622	0.554805668755382	0.5443880723750908	0.5380298229845455	0.5485287002562179	0.4544067473862872	0.1953497681859643	0.18659830651074485	0.4725132989945124	0.41310678062129086	0.21203930457535297	0.2342734496450454	0.1998242705450543
